사고번호,사고일시,요일,시군구,사고내용,사망자수,중상자수,경상자수,부상신고자수,사고유형,법규위반,노면상태,기상상태,도로형태,가해운전자 차종,가해운전자 성별,가해운전자 연령,가해운전자 상해정도,피해운전자 차종,피해운전자 성별,피해운전자 연령,피해운전자 상해정도
2020010900100267,2020년 1월 9일 14시,목요일,경상북도 의성군 봉양면,경상사고,0,0,1,0,차대사람 - 보도통행중,보행자보호의무위반,건조,맑음,교차로 - 교차로안,화물,여,63세,상해없음,보행자,남,11세,경상
2020010900100268,2020년 1월 9일 14시,목요일,경상북도 청송군 진보면,중상사고,0,1,0,0,차대차 - 정면충돌,중앙선침범,건조,맑음,단일로 - 지하차도(도로)내,승용,남,24세,상해없음,화물,남,64세,중상
2020010900100269,2020년 1월 9일 14시,목요일,경상북도 구미시 봉곡동,중상사고,0,1,0,0,차대차 - 기타,교차로운행방법위반,건조,맑음,교차로 - 교차로안,승용,남,52세,상해없음,이륜,남,34세,중상
2020010900100270,2020년 1월 9일 14시,목요일,경상북도 구미시 형곡동,중상사고,0,1,0,0,차대차 - 기타,교차로운행방법위반,건조,맑음,교차로 - 교차로안,승용,남,64세,상해없음,승용,여,44세,중상
2020010900100296,2020년 1월 9일 15시,목요일,경상북도 경주시 외동읍,경상사고,0,0,1,0,차대차 - 측면충돌,중앙선침범,건조,맑음,단일로 - 기타,화물,남,57세,상해없음,특수,남,51세,경상
2020010900100297,2020년 1월 9일 15시,목요일,경상북도 포항시 북구 우현동,경상사고,0,0,1,0,차대차 - 측면충돌,안전운전불이행,건조,맑음,단일로 - 기타,승용,여,60세,상해없음,승합,남,43세,경상
2020010900100298,2020년 1월 9일 15시,목요일,경상북도 영주시 휴천동,중상사고,0,1,0,0,차대차 - 기타,안전운전불이행,건조,맑음,교차로 - 교차로안,승용,여,32세,상해없음,자전거,여,76세,중상
2020010900100299,2020년 1월 9일 15시,목요일,경상북도 칠곡군 가산면,경상사고,0,0,1,0,차대차 - 측면충돌,신호위반,건조,맑음,교차로 - 교차로안,화물,남,66세,상해없음,승용,여,57세,경상
2020010900100300,2020년 1월 9일 15시,목요일,경상북도 울진군 후포면,사망사고,1,0,0,0,차량단독 - 기타,안전운전불이행,건조,맑음,단일로 - 기타,원동기,여,70세,사망,,,,
2020010900100413,2020년 1월 9일 18시,목요일,경상북도 김천시 봉산면,경상사고,0,0,1,0,차대차 - 측면충돌,안전운전불이행,건조,맑음,교차로 - 교차로안,화물,남,70세,상해없음,승용,여,58세,경상
2020010900100414,2020년 1월 9일 18시,목요일,경상북도 성주군 가천면,중상사고,0,1,0,0,차대차 - 측면충돌,안전운전불이행,건조,맑음,단일로 - 기타,화물,남,57세,상해없음,승용,남,55세,중상
2020010900100415,2020년 1월 9일 18시,목요일,경상북도 고령군 쌍림면,중상사고,0,1,0,0,차대사람 - 차도통행중,안전운전불이행,건조,맑음,단일로 - 기타,승용,남,63세,상해없음,보행자,남,56세,중상
2020010900100416,2020년 1월 9일 18시,목요일,경상북도 구미시 송정동,부상신고사고,0,0,0,1,차대차 - 기타,안전운전불이행,건조,맑음,교차로 - 교차로부근,기타불명,기타불명,미분류,기타불명,승용,남,21세,부상신고
2020010900100460,2020년 1월 9일 19시,목요일,경상북도 문경시 마성면,경상사고,0,0,3,0,차대차 - 추돌,안전운전불이행,건조,맑음,교차로 - 교차로부근,화물,남,65세,상해없음,승용,남,43세,경상
2020010900100461,2020년 1월 9일 19시,목요일,경상북도 고령군 대가야읍,중상사고,0,1,0,0,차량단독 - 공작물충돌,안전운전불이행,건조,맑음,단일로 - 기타,승용,남,55세,상해없음,,,,
2020010900100518,2020년 1월 9일 21시,목요일,경상북도 칠곡군 왜관읍,중상사고,0,1,0,0,차대차 - 측면충돌,안전운전불이행,건조,맑음,교차로 - 교차로안,승용,남,63세,상해없음,이륜,남,28세,중상
2020010900100519,2020년 1월 9일 21시,목요일,경상북도 칠곡군 왜관읍,경상사고,0,0,1,0,차량단독 - 공작물충돌,안전운전불이행,건조,맑음,교차로 - 교차로부근,승용,남,55세,경상,,,,
2020010900100520,2020년 1월 9일 21시,목요일,경상북도 포항시 남구 상도동,중상사고,0,1,0,0,차대차 - 측면충돌,안전운전불이행,건조,맑음,교차로 - 교차로부근,승용,남,26세,상해없음,이륜,남,60세,중상
2020010900100537,2020년 1월 9일 22시,목요일,경상북도 경주시 외동읍,중상사고,0,1,6,0,차대차 - 추돌,안전운전불이행,건조,맑음,단일로 - 기타,화물,남,55세,상해없음,승합,남,42세,경상
2020010900100538,2020년 1월 9일 22시,목요일,경상북도 김천시 모암동,경상사고,0,0,1,0,차대차 - 후진중충돌,안전운전불이행,건조,맑음,교차로 - 교차로부근,승용,남,56세,상해없음,이륜,남,29세,경상
2020010900100555,2020년 1월 9일 23시,목요일,경상북도 경산시 진량읍,경상사고,0,0,3,0,차대차 - 추돌,안전운전불이행,건조,맑음,단일로 - 기타,승용,남,37세,상해없음,승용,남,57세,경상
2020011000100029,2020년 1월 10일 02시,금요일,경상북도 칠곡군 동명면,부상신고사고,0,0,0,1,차량단독 - 공작물충돌,안전운전불이행,건조,맑음,교차로 - 교차로안,승용,남,30세,부상신고,,,,
2020011000100040,2020년 1월 10일 03시,금요일,경상북도 김천시 모암동,중상사고,0,1,1,0,차량단독 - 공작물충돌,안전운전불이행,건조,맑음,교차로 - 교차로안,승용,남,17세,상해없음,,,,
2020011000100052,2020년 1월 10일 05시,금요일,경상북도 포항시 북구 신흥동,중상사고,0,1,0,0,차대차 - 기타,안전운전불이행,건조,맑음,단일로 - 기타,특수,남,56세,상해없음,승용,여,72세,중상
2020011000100069,2020년 1월 10일 06시,금요일,경상북도 구미시 진평동,사망사고,1,0,0,0,차량단독 - 전도전복 - 전도,안전운전불이행,건조,맑음,교차로 - 교차로부근,원동기,남,33세,사망,,,,
2020011000100087,2020년 1월 10일 07시,금요일,경상북도 안동시 운흥동,중상사고,0,1,1,0,차대차 - 측면충돌,안전운전불이행,건조,맑음,교차로 - 교차로안,승용,남,45세,상해없음,승용,남,51세,경상
2020011000100088,2020년 1월 10일 07시,금요일,경상북도 김천시 성내동,경상사고,0,0,2,0,차대차 - 정면충돌,안전운전불이행,건조,맑음,교차로 - 교차로안,승용,남,23세,상해없음,승용,여,63세,경상
2020011000100089,2020년 1월 10일 07시,금요일,경상북도 포항시 남구 해도동,중상사고,0,1,0,0,차대차 - 측면충돌,안전운전불이행,건조,맑음,교차로 - 교차로부근,이륜,남,39세,상해없음,이륜,남,57세,중상
2020011000100146,2020년 1월 10일 09시,금요일,경상북도 경주시 서부동,경상사고,0,0,2,0,차대차 - 측면충돌,안전운전불이행,건조,맑음,교차로 - 교차로부근,승용,남,27세,상해없음,승용,남,51세,경상
2020011000100147,2020년 1월 10일 09시,금요일,경상북도 포항시 북구 학산동,경상사고,0,0,1,0,차대차 - 측면충돌,안전운전불이행,건조,맑음,교차로 - 교차로안,승용,남,69세,상해없음,승용,남,27세,경상
2020011000100148,2020년 1월 10일 09시,금요일,경상북도 칠곡군 왜관읍,경상사고,0,0,1,0,차대차 - 추돌,안전운전불이행,건조,맑음,단일로 - 기타,승용,남,50세,경상,승용,남,36세,기타불명
2020011000100149,2020년 1월 10일 09시,금요일,경상북도 경산시 정평동,경상사고,0,0,1,0,차대사람 - 길가장자리구역통행중,안전운전불이행,건조,맑음,단일로 - 기타,승용,여,38세,상해없음,보행자,여,23세,경상
2020011000100150,2020년 1월 10일 09시,금요일,경상북도 울진군 죽변면,중상사고,0,1,0,0,차대차 - 추돌,안전운전불이행,건조,맑음,단일로 - 기타,화물,남,56세,상해없음,승용,여,30세,상해없음
2020011000100188,2020년 1월 10일 10시,금요일,경상북도 안동시 풍산읍,경상사고,0,0,1,0,차대차 - 측면충돌,안전운전불이행,건조,맑음,단일로 - 기타,승용,여,51세,상해없음,승합,남,39세,상해없음
2020011000100189,2020년 1월 10일 10시,금요일,경상북도 칠곡군 동명면,부상신고사고,0,0,0,1,차대차 - 추돌,안전운전불이행,건조,맑음,단일로 - 기타,이륜,남,81세,부상신고,승합,남,51세,상해없음
2020011000100190,2020년 1월 10일 10시,금요일,경상북도 성주군 초전면,경상사고,0,0,1,0,차대차 - 측면충돌,안전운전불이행,건조,맑음,교차로 - 교차로안,승용,남,53세,상해없음,승용,여,53세,경상
2020011000100216,2020년 1월 10일 11시,금요일,경상북도 안동시 운흥동,경상사고,0,0,1,0,차대차 - 측면충돌,안전운전불이행,건조,맑음,교차로 - 교차로부근,자전거,남,75세,경상,승용,남,81세,상해없음
2020011000100217,2020년 1월 10일 11시,금요일,경상북도 영주시 영주동,중상사고,0,1,2,0,차대차 - 측면충돌,신호위반,건조,맑음,교차로 - 교차로안,승용,남,60세,중상,화물,남,65세,경상
2020011000100218,2020년 1월 10일 11시,금요일,경상북도 구미시 광평동,중상사고,0,1,0,0,차대사람 - 차도통행중,안전운전불이행,건조,맑음,단일로 - 기타,승용,남,45세,상해없음,보행자,남,59세,중상
2020011000100250,2020년 1월 10일 12시,금요일,경상북도 칠곡군 왜관읍,경상사고,0,0,1,0,차대사람 - 길가장자리구역통행중,안전운전불이행,건조,맑음,단일로 - 기타,승용,여,33세,상해없음,보행자,여,60세,경상
2020011000100251,2020년 1월 10일 12시,금요일,경상북도 고령군 우곡면,중상사고,0,1,0,0,차대차 - 측면충돌,안전운전불이행,건조,맑음,단일로 - 기타,화물,남,64세,상해없음,이륜,남,81세,중상
2020011000100252,2020년 1월 10일 12시,금요일,경상북도 포항시 남구 이동,경상사고,0,0,1,0,차대차 - 측면충돌,안전운전불이행,건조,맑음,교차로 - 교차로안,승용,남,25세,상해없음,승합,여,60세,경상
2020011000100292,2020년 1월 10일 13시,금요일,경상북도 경주시 성건동,중상사고,0,1,3,0,차대차 - 측면충돌,안전운전불이행,건조,맑음,단일로 - 기타,화물,남,60세,상해없음,승용,여,64세,경상
2020011000100293,2020년 1월 10일 13시,금요일,경상북도 안동시 용상동,경상사고,0,0,1,0,차대차 - 측면충돌,안전운전불이행,건조,맑음,단일로 - 기타,이륜,남,36세,경상,승용,남,58세,상해없음
2020011000100294,2020년 1월 10일 13시,금요일,경상북도 칠곡군 왜관읍,중상사고,0,1,0,1,차대차 - 측면충돌,안전운전불이행,건조,맑음,교차로 - 교차로안,이륜,남,19세,부상신고,이륜,남,81세,중상
2020011000100295,2020년 1월 10일 13시,금요일,경상북도 영천시 고경면,경상사고,0,0,1,0,차대차 - 측면충돌,교차로운행방법위반,건조,맑음,교차로 - 교차로안,승용,여,29세,경상,화물,남,32세,상해없음
2020011000100296,2020년 1월 10일 13시,금요일,경상북도 경산시 압량면,중상사고,0,1,0,0,차대차 - 측면충돌,안전운전불이행,건조,맑음,교차로 - 교차로안,승합,남,60세,상해없음,이륜,남,34세,중상
2020011000100327,2020년 1월 10일 14시,금요일,경상북도 경주시 성건동,중상사고,0,1,0,0,차대차 - 측면충돌,안전운전불이행,건조,맑음,단일로 - 기타,승용,여,58세,상해없음,자전거,여,64세,중상
2020011000100352,2020년 1월 10일 15시,금요일,경상북도 안동시 도산면,사망사고,1,1,0,0,차대차 - 정면충돌,중앙선침범,건조,맑음,단일로 - 기타,승용,남,77세,사망,승용,여,30세,중상
2020011000100353,2020년 1월 10일 15시,금요일,경상북도 경산시 진량읍,경상사고,0,0,1,0,차대차 - 추돌,안전운전불이행,건조,맑음,교차로 - 교차로부근,승용,여,30세,상해없음,승용,여,60세,경상
2020011000100354,2020년 1월 10일 15시,금요일,경상북도 구미시 원평동,경상사고,0,0,1,0,차대차 - 기타,안전거리미확보,건조,맑음,단일로 - 기타,승용,남,56세,상해없음,승합,남,57세,상해없음
2020011000100393,2020년 1월 10일 16시,금요일,경상북도 포항시 북구 흥해읍,경상사고,0,0,1,0,차대차 - 측면충돌,안전운전불이행,건조,맑음,단일로 - 기타,승합,남,55세,상해없음,승용,여,42세,경상
2020011000100394,2020년 1월 10일 16시,금요일,경상북도 영주시 휴천동,중상사고,0,1,0,0,차대차 - 측면충돌,안전운전불이행,건조,맑음,교차로 - 교차로안,승용,남,74세,상해없음,승용,여,48세,중상
2020011000100395,2020년 1월 10일 16시,금요일,경상북도 영주시 휴천동,경상사고,0,0,1,0,차대차 - 측면충돌,안전운전불이행,건조,맑음,교차로 - 교차로부근,승용,남,71세,상해없음,승용,여,45세,경상
2020011000100396,2020년 1월 10일 16시,금요일,경상북도 경산시 와촌면,중상사고,0,1,0,0,차대사람 - 횡단중,안전운전불이행,건조,맑음,단일로 - 기타,승용,여,57세,상해없음,보행자,남,22세,중상
2020011000100419,2020년 1월 10일 17시,금요일,경상북도 포항시 북구 흥해읍,경상사고,0,0,1,0,차대차 - 기타,안전운전불이행,건조,맑음,단일로 - 기타,화물,남,51세,상해없음,승용,남,60세,경상
2020011000100420,2020년 1월 10일 17시,금요일,경상북도 경산시 계양동,경상사고,0,0,1,0,차대차 - 측면충돌,안전운전불이행,건조,맑음,단일로 - 기타,승용,여,53세,상해없음,이륜,남,21세,경상
2020011000100421,2020년 1월 10일 17시,금요일,경상북도 포항시 남구 오천읍,경상사고,0,0,1,0,차대사람 - 차도통행중,안전운전불이행,건조,맑음,단일로 - 기타,승용,남,65세,상해없음,보행자,여,50세,경상
2020011000100472,2020년 1월 10일 18시,금요일,경상북도 포항시 북구 두호동,경상사고,0,0,1,0,차대차 - 측면충돌,안전운전불이행,건조,맑음,단일로 - 기타,승용,남,53세,상해없음,이륜,남,35세,경상
2020011000100473,2020년 1월 10일 18시,금요일,경상북도 영주시 가흥동,경상사고,0,0,1,0,차대차 - 추돌,안전운전불이행,건조,맑음,단일로 - 기타,승용,남,29세,상해없음,승용,여,61세,경상
2020011000100474,2020년 1월 10일 18시,금요일,경상북도 영천시 금호읍,경상사고,0,0,2,0,차대차 - 정면충돌,교차로운행방법위반,건조,맑음,교차로 - 교차로안,승용,여,51세,경상,승용,여,55세,경상
2020011000100475,2020년 1월 10일 18시,금요일,경상북도 구미시 원평동,경상사고,0,0,1,0,차대사람 - 기타,보행자보호의무위반,건조,맑음,교차로 - 교차로안,승용,여,31세,기타불명,보행자,여,44세,경상
2020011000100476,2020년 1월 10일 18시,금요일,경상북도 구미시 옥계동,경상사고,0,0,1,0,차대차 - 기타,교차로운행방법위반,건조,맑음,교차로 - 교차로부근,이륜,남,34세,상해없음,승용,여,45세,경상
2020011000100518,2020년 1월 10일 19시,금요일,경상북도 경주시 건천읍,중상사고,0,1,0,0,차대차 - 기타,안전운전불이행,건조,맑음,교차로 - 교차로부근,화물,남,75세,중상,화물,남,29세,기타불명
2020011000100519,2020년 1월 10일 19시,금요일,경상북도 영천시 도동,중상사고,0,1,2,0,차대차 - 측면충돌,안전운전불이행,건조,맑음,단일로 - 기타,승용,남,29세,경상,승용,여,58세,경상
2020011000100557,2020년 1월 10일 20시,금요일,경상북도 상주시 화남면,경상사고,0,0,1,0,차량단독 - 공작물충돌,안전운전불이행,건조,맑음,단일로 - 기타,승용,남,28세,경상,,,,
2020011000100558,2020년 1월 10일 20시,금요일,경상북도 경산시 중산동,경상사고,0,0,1,0,차대차 - 추돌,안전운전불이행,건조,맑음,단일로 - 기타,이륜,남,19세,상해없음,승합,남,70세,경상
2020011000100559,2020년 1월 10일 20시,금요일,경상북도 봉화군 봉화읍,부상신고사고,0,0,0,1,차량단독 - 도로외이탈 - 기타,안전운전불이행,건조,맑음,단일로 - 기타,화물,남,79세,부상신고,,,,
2020011000100578,2020년 1월 10일 21시,금요일,경상북도 의성군 단북면,경상사고,0,0,1,0,차량단독 - 전도전복 - 전도,안전운전불이행,건조,맑음,단일로 - 기타,화물,남,48세,경상,,,,
2020011000100604,2020년 1월 10일 22시,금요일,경상북도 포항시 북구 우현동,경상사고,0,0,1,0,차량단독 - 기타,안전운전불이행,건조,맑음,단일로 - 기타,승용,남,58세,상해없음,,,,
2020011000100605,2020년 1월 10일 22시,금요일,경상북도 영천시 금노동,경상사고,0,0,1,0,차량단독 - 공작물충돌,안전운전불이행,건조,맑음,단일로 - 기타,승용,남,27세,경상,,,,
2020011000100606,2020년 1월 10일 22시,금요일,경상북도 구미시 옥계동,경상사고,0,0,1,0,차대사람 - 기타,안전운전불이행,건조,맑음,기타 - 기타,승합,남,40세,상해없음,보행자,남,35세,경상
2020011000100635,2020년 1월 10일 23시,금요일,경상북도 김천시 신음동,경상사고,0,0,1,0,차대차 - 측면충돌,안전운전불이행,건조,기타,교차로 - 교차로안,승용,남,40세,상해없음,이륜,남,38세,경상
2020011000100636,2020년 1월 10일 23시,금요일,경상북도 구미시 송정동,중상사고,0,1,0,0,차대사람 - 기타,안전운전불이행,건조,맑음,단일로 - 기타,승용,남,65세,상해없음,보행자,여,24세,중상
2020011100100013,2020년 1월 11일 00시,토요일,경상북도 구미시 산동면,중상사고,0,1,0,0,차량단독 - 기타,안전운전불이행,건조,맑음,단일로 - 기타,이륜,남,36세,중상,,,,
2020011100100077,2020년 1월 11일 06시,토요일,경상북도 구미시 형곡동,사망사고,1,0,0,0,차대사람 - 기타,안전운전불이행,건조,맑음,단일로 - 기타,승용,남,39세,상해없음,보행자,남,69세,사망
2020011100100091,2020년 1월 11일 07시,토요일,경상북도 구미시 산동면,중상사고,0,1,0,0,차대차 - 기타,신호위반,건조,맑음,교차로 - 교차로안,승용,남,31세,상해없음,화물,남,49세,중상
2020011100100101,2020년 1월 11일 08시,토요일,경상북도 경주시 신평동,중상사고,0,1,1,0,차대차 - 정면충돌,안전운전불이행,건조,맑음,교차로 - 교차로안,승용,남,57세,상해없음,승용,여,47세,경상
2020011100100102,2020년 1월 11일 08시,토요일,경상북도 청송군 현서면,중상사고,0,2,0,0,차대차 - 측면충돌,신호위반,건조,맑음,교차로 - 교차로안,특수,남,47세,상해없음,화물,남,70세,중상
2020011100100125,2020년 1월 11일 09시,토요일,경상북도 경주시 감포읍,중상사고,0,1,1,0,차대차 - 측면충돌,안전운전불이행,건조,맑음,교차로 - 교차로안,이륜,남,69세,중상,승용,여,31세,경상
2020011100100126,2020년 1월 11일 09시,토요일,경상북도 김천시 다수동,경상사고,0,0,1,0,차대차 - 추돌,안전운전불이행,건조,맑음,교차로 - 교차로안,화물,남,37세,상해없음,화물,남,66세,경상
2020011100100153,2020년 1월 11일 10시,토요일,경상북도 경산시 하양읍,중상사고,0,1,1,0,차대차 - 측면충돌,안전운전불이행,건조,맑음,단일로 - 기타,건설기계,남,62세,상해없음,승용,남,66세,중상
2020011100100188,2020년 1월 11일 11시,토요일,경상북도 칠곡군 왜관읍,경상사고,0,0,1,0,차대사람 - 횡단중,보행자보호의무위반,건조,맑음,교차로 - 교차로부근,승용,여,33세,상해없음,보행자,여,77세,경상
2020011100100221,2020년 1월 11일 12시,토요일,경상북도 안동시 법흥동,경상사고,0,0,1,0,차대차 - 기타,안전거리미확보,건조,맑음,단일로 - 기타,화물,남,67세,상해없음,승용,남,35세,상해없음
2020011100100222,2020년 1월 11일 12시,토요일,경상북도 안동시 북문동,부상신고사고,0,0,0,1,차대차 - 측면충돌,안전운전불이행,건조,맑음,교차로 - 교차로안,자전거,남,76세,부상신고,승용,남,75세,상해없음
2020011100100223,2020년 1월 11일 12시,토요일,경상북도 안동시 용상동,경상사고,0,0,2,0,차대차 - 측면충돌,교차로운행방법위반,건조,맑음,교차로 - 교차로안,승용,남,57세,상해없음,승용,남,26세,경상
2020011100100224,2020년 1월 11일 12시,토요일,경상북도 칠곡군 석적읍,중상사고,0,1,0,0,차대차 - 측면충돌,안전운전불이행,건조,맑음,단일로 - 기타,승합,남,62세,상해없음,이륜,남,82세,중상
2020011100100262,2020년 1월 11일 13시,토요일,경상북도 경주시 외동읍,경상사고,0,0,1,0,차대차 - 추돌,교차로운행방법위반,건조,맑음,교차로 - 교차로부근,승용,남,61세,상해없음,승용,남,53세,경상
2020011100100263,2020년 1월 11일 13시,토요일,경상북도 영천시 신령면,중상사고,0,1,0,0,차량단독 - 공작물충돌,안전운전불이행,건조,맑음,기타 - 기타,이륜,남,74세,중상,,,,
2020011100100264,2020년 1월 11일 13시,토요일,경상북도 포항시 남구 송도동,중상사고,0,1,0,0,차대차 - 측면충돌,차로위반,건조,맑음,교차로 - 교차로안,승용,남,64세,상해없음,승용,여,38세,중상
2020011100100302,2020년 1월 11일 14시,토요일,경상북도 경주시 외동읍,경상사고,0,0,1,0,차대사람 - 기타,안전운전불이행,건조,맑음,단일로 - 기타,이륜,남,20세,상해없음,보행자,남,64세,경상
2020011100100303,2020년 1월 11일 14시,토요일,경상북도 상주시 이안면,중상사고,0,1,0,0,차대차 - 후진중충돌,안전운전불이행,건조,맑음,단일로 - 기타,화물,남,57세,상해없음,이륜,남,82세,중상
2020011100100304,2020년 1월 11일 14시,토요일,경상북도 포항시 남구 대잠동,경상사고,0,0,1,0,차량단독 - 기타,안전운전불이행,건조,맑음,교차로 - 교차로부근,승용,남,64세,상해없음,,,,
2020011100100324,2020년 1월 11일 15시,토요일,경상북도 안동시 송현동,경상사고,0,0,3,0,차대차 - 추돌,안전거리미확보,건조,맑음,단일로 - 기타,승용,남,46세,상해없음,승용,여,30세,경상
2020011100100325,2020년 1월 11일 15시,토요일,경상북도 상주시 이안면,경상사고,0,0,1,0,차대차 - 측면충돌,신호위반,건조,맑음,교차로 - 교차로안,승용,남,25세,상해없음,승용,남,46세,경상
2020011100100355,2020년 1월 11일 16시,토요일,경상북도 경산시 중방동,중상사고,0,1,0,1,차대차 - 측면충돌,안전운전불이행,건조,맑음,단일로 - 기타,승용,여,27세,상해없음,승용,남,58세,상해없음
2020011100100393,2020년 1월 11일 17시,토요일,경상북도 경주시 충효동,경상사고,0,0,1,0,차대차 - 정면충돌,안전운전불이행,건조,맑음,단일로 - 기타,승용,남,79세,상해없음,이륜,남,17세,경상
2020011100100394,2020년 1월 11일 17시,토요일,경상북도 경산시 와촌면,중상사고,0,1,0,0,차량단독 - 공작물충돌,안전운전불이행,건조,맑음,단일로 - 기타,화물,남,60세,중상,,,,
2020011100100432,2020년 1월 11일 18시,토요일,경상북도 안동시 용상동,중상사고,0,1,1,0,차대차 - 정면충돌,안전운전불이행,건조,맑음,교차로 - 교차로안,화물,남,39세,경상,승용,남,30세,중상
2020011100100433,2020년 1월 11일 18시,토요일,경상북도 영천시 완산동,중상사고,0,1,1,0,차대차 - 측면충돌,신호위반,건조,맑음,교차로 - 교차로안,승용,남,36세,경상,승용,남,53세,중상
2020011100100474,2020년 1월 11일 19시,토요일,경상북도 구미시 원평동,경상사고,0,0,1,0,차대차 - 기타,안전운전불이행,건조,맑음,교차로 - 교차로부근,승용,남,54세,상해없음,승용,남,61세,경상
2020011100100503,2020년 1월 11일 20시,토요일,경상북도 경주시 성건동,경상사고,0,0,1,0,차대차 - 추돌,안전운전불이행,건조,맑음,교차로 - 교차로부근,승용,남,67세,상해없음,승용,남,46세,경상
2020011100100504,2020년 1월 11일 20시,토요일,경상북도 칠곡군 왜관읍,경상사고,0,0,2,0,차대사람 - 횡단중,보행자보호의무위반,건조,맑음,교차로 - 교차로횡단보도내,승용,남,55세,상해없음,보행자,여,50세,경상
2020011100100530,2020년 1월 11일 21시,토요일,경상북도 경주시 천북면,경상사고,0,0,1,0,차대차 - 추돌,안전운전불이행,건조,맑음,단일로 - 기타,화물,남,56세,상해없음,승용,여,39세,경상
2020011100100531,2020년 1월 11일 21시,토요일,경상북도 칠곡군 북삼읍,경상사고,0,0,1,0,차대차 - 측면충돌,교차로운행방법위반,건조,맑음,교차로 - 교차로부근,승용,남,41세,상해없음,이륜,남,26세,경상
2020011100100532,2020년 1월 11일 21시,토요일,경상북도 경산시 옥곡동,경상사고,0,0,2,0,차대차 - 측면충돌,차로위반,기타,맑음,단일로 - 기타,승용,남,66세,상해없음,승용,남,55세,경상
2020011100100568,2020년 1월 11일 23시,토요일,경상북도 영주시 휴천동,경상사고,0,0,1,0,차대차 - 측면충돌,신호위반,건조,맑음,교차로 - 교차로안,승용,남,60세,상해없음,승용,남,46세,경상
2020011100100569,2020년 1월 11일 23시,토요일,경상북도 포항시 남구 상도동,경상사고,0,0,1,0,차대차 - 추돌,안전운전불이행,건조,맑음,교차로 - 교차로부근,승용,남,27세,상해없음,승용,남,21세,경상
2020011200100045,2020년 1월 12일 03시,일요일,경상북도 안동시 태화동,부상신고사고,0,0,0,1,차대차 - 기타,안전운전불이행,건조,맑음,교차로 - 교차로부근,승용,남,39세,부상신고,승용,남,30세,기타불명
2020011200100046,2020년 1월 12일 03시,일요일,경상북도 성주군 선남면,중상사고,0,1,0,0,차대사람 - 차도통행중,안전운전불이행,건조,맑음,단일로 - 기타,승용,여,21세,상해없음,보행자,남,22세,중상
2020011200100072,2020년 1월 12일 07시,일요일,경상북도 포항시 남구 오천읍,경상사고,0,0,2,0,차대사람 - 기타,안전운전불이행,건조,맑음,교차로 - 교차로부근,이륜,남,37세,경상,보행자,남,55세,경상
2020011200100092,2020년 1월 12일 09시,일요일,경상북도 상주시 함창읍,중상사고,0,1,0,0,차대차 - 추돌,안전운전불이행,건조,맑음,단일로 - 기타,이륜,남,57세,중상,화물,남,50세,상해없음
2020011200100109,2020년 1월 12일 10시,일요일,경상북도 상주시 지천동,중상사고,0,2,0,0,차대차 - 측면충돌,교차로운행방법위반,건조,맑음,교차로 - 교차로안,화물,남,59세,중상,승용,여,57세,중상
2020011200100110,2020년 1월 12일 10시,일요일,경상북도 경산시 압량면,중상사고,0,1,1,0,차대차 - 기타,안전운전불이행,건조,맑음,교차로 - 교차로안,승용,남,20세,상해없음,승합,남,23세,상해없음
2020011200100142,2020년 1월 12일 12시,일요일,경상북도 김천시 율곡동,경상사고,0,0,3,0,차대차 - 기타,안전운전불이행,건조,맑음,기타 - 기타,승용,남,45세,상해없음,승용,여,37세,경상
2020011200100143,2020년 1월 12일 12시,일요일,경상북도 성주군 월항면,경상사고,0,0,3,0,차대차 - 추돌,안전거리미확보,건조,맑음,기타 - 기타,승용,남,47세,상해없음,승용,여,50세,경상
2020011200100144,2020년 1월 12일 12시,일요일,경상북도 포항시 남구 구룡포읍,경상사고,0,0,2,0,차대차 - 기타,불법유턴,건조,맑음,주차장 - 주차장,승용,여,54세,상해없음,승용,남,35세,경상
2020011200100167,2020년 1월 12일 13시,일요일,경상북도 경주시 인왕동,중상사고,0,3,1,0,차대차 - 측면충돌,안전운전불이행,건조,맑음,단일로 - 기타,승용,여,66세,중상,승용,여,43세,기타불명
2020011200100168,2020년 1월 12일 13시,일요일,경상북도 경주시 인왕동,중상사고,0,2,0,0,차량단독 - 기타,안전운전불이행,건조,맑음,단일로 - 기타,승용,여,66세,중상,,,,
2020011200100169,2020년 1월 12일 13시,일요일,경상북도 포항시 북구 대흥동,경상사고,0,0,1,0,차대차 - 측면충돌,차로위반,건조,맑음,단일로 - 기타,승용,남,34세,상해없음,승용,여,42세,경상
2020011200100170,2020년 1월 12일 13시,일요일,경상북도 포항시 남구 구룡포읍,경상사고,0,0,1,0,차대사람 - 기타,안전운전불이행,건조,맑음,단일로 - 기타,승용,남,78세,상해없음,보행자,남,40세,경상
2020011200100192,2020년 1월 12일 14시,일요일,경상북도 김천시 지좌동,경상사고,0,0,2,1,차대차 - 추돌,안전운전불이행,건조,맑음,교차로 - 교차로부근,승용,남,29세,상해없음,승용,남,35세,경상
2020011200100193,2020년 1월 12일 14시,일요일,경상북도 상주시 공검면,중상사고,0,1,0,0,차량단독 - 기타,기타,건조,맑음,단일로 - 기타,화물,여,37세,중상,,,,
2020011200100194,2020년 1월 12일 14시,일요일,경상북도 의성군 사곡면,중상사고,0,4,1,0,차대차 - 정면충돌,중앙선침범,건조,맑음,단일로 - 기타,승용,여,47세,경상,승용,남,62세,중상