사고번호,사고일시,요일,시군구,사고내용,사망자수,중상자수,경상자수,부상신고자수,사고유형,법규위반,노면상태,기상상태,도로형태,가해운전자 차종,가해운전자 성별,가해운전자 연령,가해운전자 상해정도,피해운전자 차종,피해운전자 성별,피해운전자 연령,피해운전자 상해정도
2020011200100195,2020년 1월 12일 14시,일요일,경상북도 영천시 대창면,경상사고,0,0,1,0,차량단독 - 도로외이탈 - 추락,안전운전불이행,건조,맑음,단일로 - 기타,승용,남,84세,경상,,,,
2020011200100218,2020년 1월 12일 15시,일요일,경상북도 경주시 외동읍,경상사고,0,0,2,0,차대차 - 추돌,안전운전불이행,건조,맑음,단일로 - 기타,승용,남,47세,상해없음,승용,남,56세,경상
2020011200100219,2020년 1월 12일 15시,일요일,경상북도 경산시 중방동,경상사고,0,0,2,0,차대차 - 후진중충돌,안전운전불이행,건조,맑음,교차로 - 교차로안,승용,여,39세,상해없음,승용,남,44세,경상
2020011200100220,2020년 1월 12일 15시,일요일,경상북도 구미시 형곡동,경상사고,0,0,1,0,차대차 - 기타,안전운전불이행,건조,맑음,단일로 - 기타,승용,여,63세,상해없음,승용,여,58세,경상
2020011200100266,2020년 1월 12일 17시,일요일,경상북도 안동시 정상동,중상사고,0,1,0,0,차대차 - 기타,안전운전불이행,건조,맑음,교차로 - 교차로부근,이륜,남,76세,중상,승용,여,58세,상해없음
2020011200100267,2020년 1월 12일 17시,일요일,경상북도 상주시 남성동,경상사고,0,0,1,0,차대차 - 측면충돌,안전운전불이행,건조,맑음,단일로 - 기타,승용,여,44세,상해없음,이륜,남,18세,경상
2020011200100268,2020년 1월 12일 17시,일요일,경상북도 상주시 이안면,중상사고,0,1,2,0,차대차 - 측면충돌,교차로운행방법위반,건조,맑음,교차로 - 교차로안,승용,여,62세,경상,화물,남,69세,경상
2020011200100269,2020년 1월 12일 17시,일요일,경상북도 포항시 남구 연일읍,경상사고,0,0,2,0,차대차 - 추돌,안전거리미확보,건조,맑음,단일로 - 기타,화물,남,55세,상해없음,승용,남,51세,경상
2020011200100294,2020년 1월 12일 18시,일요일,경상북도 구미시 옥계동,경상사고,0,0,2,0,차대차 - 기타,안전운전불이행,건조,맑음,교차로 - 교차로안,승용,여,31세,경상,승용,남,36세,경상
2020011200100295,2020년 1월 12일 18시,일요일,경상북도 구미시 원평동,중상사고,0,1,0,0,차대차 - 정면충돌,안전운전불이행,건조,맑음,단일로 - 기타,승용,남,53세,상해없음,승용,남,57세,중상
2020011200100348,2020년 1월 12일 20시,일요일,경상북도 안동시 남문동,경상사고,0,0,4,0,차대차 - 측면충돌,직진우회전진행방해,건조,맑음,교차로 - 교차로안,화물,남,66세,경상,승합,남,21세,경상
2020011200100349,2020년 1월 12일 20시,일요일,경상북도 칠곡군 왜관읍,경상사고,0,0,2,0,차대차 - 추돌,안전운전불이행,건조,맑음,단일로 - 기타,승합,남,42세,경상,승용,남,27세,경상
2020011300100016,2020년 1월 13일 03시,월요일,경상북도 김천시 부곡동,경상사고,0,0,1,0,차대차 - 추돌,안전운전불이행,건조,맑음,교차로 - 교차로부근,승용,남,26세,경상,승용,여,47세,상해없음
2020011300100024,2020년 1월 13일 05시,월요일,경상북도 성주군 성주읍,경상사고,0,0,1,0,차대차 - 추돌,안전운전불이행,건조,맑음,교차로 - 교차로부근,승용,남,19세,경상,화물,남,68세,기타불명
2020011300100035,2020년 1월 13일 06시,월요일,경상북도 김천시 성내동,사망사고,1,1,0,0,차대사람 - 횡단중,안전운전불이행,건조,기타,교차로 - 교차로안,승용,남,32세,상해없음,보행자,여,84세,사망
2020011300100036,2020년 1월 13일 06시,월요일,경상북도 칠곡군 석적읍,경상사고,0,0,2,0,차대차 - 측면충돌,직진우회전진행방해,건조,맑음,교차로 - 교차로안,화물,남,27세,상해없음,화물,남,59세,경상
2020011300100037,2020년 1월 13일 06시,월요일,경상북도 경산시 압량면,경상사고,0,0,1,0,차대차 - 추돌,안전운전불이행,건조,맑음,단일로 - 기타,승합,남,28세,상해없음,승용,남,64세,경상
2020011300100059,2020년 1월 13일 07시,월요일,경상북도 경산시 정평동,경상사고,0,0,1,0,차대사람 - 기타,안전운전불이행,건조,맑음,단일로 - 기타,승용,남,65세,기타불명,보행자,남,29세,경상
2020011300100075,2020년 1월 13일 08시,월요일,경상북도 경산시 자인면,경상사고,0,0,1,0,차대차 - 측면충돌,안전거리미확보,건조,맑음,단일로 - 기타,승용,남,20세,상해없음,승용,남,55세,경상
2020011300100103,2020년 1월 13일 09시,월요일,경상북도 포항시 남구 오천읍,경상사고,0,0,1,0,차량단독 - 기타,안전운전불이행,건조,맑음,교차로 - 교차로부근,승용,남,60세,상해없음,,,,
2020011300100133,2020년 1월 13일 10시,월요일,경상북도 경산시 중방동,경상사고,0,0,1,0,차대차 - 측면충돌,중앙선침범,건조,맑음,교차로 - 교차로안,자전거,여,61세,경상,화물,남,29세,상해없음
2020011300100169,2020년 1월 13일 11시,월요일,경상북도 포항시 북구 죽도동,경상사고,0,0,1,0,차대차 - 측면충돌,안전운전불이행,건조,맑음,단일로 - 기타,승용,남,67세,상해없음,승용,여,31세,경상
2020011300100170,2020년 1월 13일 11시,월요일,경상북도 영주시 휴천동,경상사고,0,0,1,0,차대차 - 측면충돌,교차로운행방법위반,건조,맑음,교차로 - 교차로안,승용,남,69세,상해없음,승용,여,61세,경상
2020011300100200,2020년 1월 13일 12시,월요일,경상북도 경산시 중방동,경상사고,0,0,1,0,차대사람 - 횡단중,안전운전불이행,건조,맑음,교차로 - 교차로부근,화물,남,76세,상해없음,보행자,남,67세,경상
2020011300100201,2020년 1월 13일 12시,월요일,경상북도 영양군 영양읍,중상사고,0,1,2,0,차대차 - 정면충돌,중앙선침범,건조,맑음,단일로 - 기타,화물,남,47세,경상,승용,여,43세,중상
2020011300100235,2020년 1월 13일 13시,월요일,경상북도 경산시 중방동,경상사고,0,0,1,0,차대차 - 측면충돌,안전운전불이행,건조,맑음,단일로 - 기타,승용,여,69세,상해없음,승용,남,75세,경상
2020011300100236,2020년 1월 13일 13시,월요일,경상북도 성주군 벽진면,경상사고,0,0,2,0,차대차 - 측면충돌,신호위반,건조,맑음,교차로 - 교차로안,승용,남,79세,경상,화물,남,51세,경상
2020011300100269,2020년 1월 13일 14시,월요일,경상북도 김천시 감문면,사망사고,1,0,0,0,차량단독 - 전도전복 - 전도,안전운전불이행,건조,맑음,단일로 - 기타,이륜,여,78세,사망,,,,
2020011300100270,2020년 1월 13일 14시,월요일,경상북도 구미시 송정동,경상사고,0,0,2,0,차대차 - 측면충돌,안전거리미확보,건조,맑음,단일로 - 기타,승용,여,55세,상해없음,승용,여,31세,경상
2020011300100309,2020년 1월 13일 15시,월요일,경상북도 포항시 북구 죽도동,경상사고,0,0,1,0,차대차 - 측면충돌,교차로운행방법위반,건조,맑음,교차로 - 교차로안,승용,여,51세,상해없음,자전거,남,81세,경상
2020011300100310,2020년 1월 13일 15시,월요일,경상북도 영천시 망정동,경상사고,0,0,1,0,차대사람 - 차도통행중,안전운전불이행,건조,맑음,교차로 - 교차로안,승용,남,63세,상해없음,보행자,여,18세,경상
2020011300100311,2020년 1월 13일 15시,월요일,경상북도 영천시 망정동,중상사고,0,1,1,0,차대차 - 측면충돌,교차로운행방법위반,건조,맑음,교차로 - 교차로안,화물,남,59세,경상,승용,여,59세,중상
2020011300100312,2020년 1월 13일 15시,월요일,경상북도 경산시 사동,경상사고,0,0,1,0,차대차 - 측면충돌,교차로운행방법위반,건조,맑음,교차로 - 교차로안,승용,남,23세,상해없음,승용,여,58세,경상
2020011300100313,2020년 1월 13일 15시,월요일,경상북도 구미시 상모동,경상사고,0,0,1,0,차대차 - 추돌,안전운전불이행,건조,맑음,교차로 - 교차로부근,승용,남,71세,상해없음,승용,남,36세,경상
2020011300100350,2020년 1월 13일 16시,월요일,경상북도 상주시 남성동,중상사고,0,1,0,0,차대차 - 측면충돌,안전운전불이행,건조,맑음,단일로 - 기타,승용,여,66세,상해없음,자전거,남,82세,중상
2020011300100351,2020년 1월 13일 16시,월요일,경상북도 구미시 원평동,경상사고,0,0,1,0,차대사람 - 보도통행중,보행자보호의무위반,건조,맑음,단일로 - 기타,승용,여,59세,상해없음,보행자,남,45세,경상
2020011300100386,2020년 1월 13일 17시,월요일,경상북도 구미시 임은동,경상사고,0,0,1,1,차대차 - 측면충돌,직진우회전진행방해,건조,맑음,교차로 - 교차로안,승용,남,38세,부상신고,승용,여,34세,경상
2020011300100440,2020년 1월 13일 18시,월요일,경상북도 김천시 남면,경상사고,0,0,2,0,차대차 - 추돌,안전운전불이행,건조,맑음,단일로 - 기타,승용,남,44세,경상,화물,남,49세,경상
2020011300100441,2020년 1월 13일 18시,월요일,경상북도 영천시 조교동,경상사고,0,0,1,0,차대차 - 측면충돌,안전운전불이행,건조,맑음,교차로 - 교차로안,승용,남,37세,상해없음,승용,여,59세,경상
2020011300100442,2020년 1월 13일 18시,월요일,경상북도 포항시 남구 연일읍,중상사고,0,1,0,0,차대사람 - 기타,신호위반,건조,맑음,교차로 - 교차로안,이륜,남,16세,상해없음,보행자,남,70세,중상
2020011300100521,2020년 1월 13일 20시,월요일,경상북도 경산시 하양읍,경상사고,0,0,1,0,차대차 - 측면충돌,교차로운행방법위반,건조,맑음,교차로 - 교차로안,화물,남,54세,상해없음,승용,남,24세,경상
2020011300100522,2020년 1월 13일 20시,월요일,경상북도 포항시 남구 효자동,중상사고,0,1,0,0,차대차 - 기타,안전운전불이행,건조,맑음,단일로 - 기타,화물,여,61세,상해없음,이륜,남,29세,중상
2020011300100546,2020년 1월 13일 21시,월요일,경상북도 구미시 공단동,경상사고,0,0,1,0,차대차 - 기타,안전운전불이행,건조,맑음,교차로 - 교차로부근,승용,남,49세,상해없음,이륜,남,30세,경상
2020011300100592,2020년 1월 13일 23시,월요일,경상북도 구미시 산동면,중상사고,0,1,0,0,차대차 - 측면충돌,신호위반,건조,맑음,교차로 - 교차로안,승용,남,33세,상해없음,승용,여,50세,중상
2020011400100024,2020년 1월 14일 01시,화요일,경상북도 포항시 북구 동빈2가,경상사고,0,0,1,0,차대차 - 추돌,안전운전불이행,건조,맑음,단일로 - 기타,승용,남,25세,상해없음,승용,여,24세,경상
2020011400100025,2020년 1월 14일 01시,화요일,경상북도 울진군 금강송면,중상사고,0,1,0,0,차대차 - 기타,중앙선침범,건조,맑음,단일로 - 기타,승용,남,43세,중상,특수,남,40세,상해없음
2020011400100033,2020년 1월 14일 02시,화요일,경상북도 칠곡군 동명면,부상신고사고,0,0,0,1,차량단독 - 공작물충돌,안전운전불이행,건조,맑음,교차로 - 교차로부근,승용,여,47세,부상신고,,,,
2020011400100053,2020년 1월 14일 05시,화요일,경상북도 문경시 모전동,경상사고,0,0,1,0,차량단독 - 공작물충돌,안전운전불이행,건조,맑음,교차로 - 교차로부근,승용,남,47세,경상,,,,
2020011400100078,2020년 1월 14일 07시,화요일,경상북도 칠곡군 지천면,경상사고,0,0,3,0,차대차 - 추돌,안전운전불이행,건조,맑음,단일로 - 기타,화물,남,29세,상해없음,승용,여,26세,경상
2020011400100111,2020년 1월 14일 08시,화요일,경상북도 구미시 비산동,중상사고,0,1,0,0,차대차 - 기타,안전운전불이행,건조,맑음,단일로 - 기타,이륜,남,45세,중상,승용,여,42세,상해없음
2020011400100136,2020년 1월 14일 09시,화요일,경상북도 안동시 삼산동,경상사고,0,0,3,0,차대차 - 측면충돌,안전운전불이행,건조,맑음,교차로 - 교차로안,승용,여,52세,상해없음,승용,남,59세,경상
2020011400100137,2020년 1월 14일 09시,화요일,경상북도 영주시 영주동,경상사고,0,0,2,0,차대차 - 측면충돌,신호위반,건조,맑음,교차로 - 교차로안,승용,여,59세,상해없음,승용,여,52세,경상
2020011400100175,2020년 1월 14일 10시,화요일,경상북도 경산시 압량면,경상사고,0,0,1,0,차대차 - 기타,교차로운행방법위반,건조,맑음,교차로 - 교차로안,승용,남,28세,상해없음,이륜,남,36세,경상
2020011400100209,2020년 1월 14일 11시,화요일,경상북도 경주시 안강읍,경상사고,0,0,2,0,차량단독 - 공작물충돌,안전운전불이행,건조,맑음,단일로 - 지하차도(도로)내,화물,남,67세,경상,,,,
2020011400100210,2020년 1월 14일 11시,화요일,경상북도 포항시 북구 우현동,경상사고,0,0,1,0,차대차 - 기타,안전운전불이행,건조,맑음,단일로 - 기타,이륜,남,29세,경상,승용,여,51세,상해없음
2020011400100211,2020년 1월 14일 11시,화요일,경상북도 경산시 중방동,경상사고,0,0,1,0,차대차 - 측면충돌,신호위반,건조,맑음,교차로 - 교차로횡단보도내,승용,여,53세,상해없음,화물,남,35세,경상
2020011400100257,2020년 1월 14일 12시,화요일,경상북도 경주시 황남동,경상사고,0,0,1,0,차대사람 - 차도통행중,안전운전불이행,건조,맑음,기타 - 기타,승용,여,33세,상해없음,보행자,남,26세,경상
2020011400100258,2020년 1월 14일 12시,화요일,경상북도 포항시 북구 동빈2가,경상사고,0,0,3,0,차대차 - 측면충돌,교차로운행방법위반,건조,맑음,교차로 - 교차로안,승용,여,66세,기타불명,승용,남,29세,경상
2020011400100287,2020년 1월 14일 13시,화요일,경상북도 경주시 성건동,부상신고사고,0,0,0,1,차대차 - 측면충돌,안전운전불이행,건조,맑음,교차로 - 교차로안,화물,남,55세,상해없음,이륜,남,28세,부상신고
2020011400100288,2020년 1월 14일 13시,화요일,경상북도 포항시 북구 송라면,사망사고,1,0,0,0,차대차 - 추돌,안전운전불이행,건조,맑음,교차로 - 교차로부근,화물,남,37세,상해없음,화물,남,47세,사망
2020011400100289,2020년 1월 14일 13시,화요일,경상북도 영천시 문외동,경상사고,0,0,1,0,차대차 - 측면충돌,교차로운행방법위반,건조,맑음,교차로 - 교차로안,이륜,남,27세,경상,승용,남,62세,상해없음
2020011400100290,2020년 1월 14일 13시,화요일,경상북도 포항시 남구 연일읍,경상사고,0,0,3,0,차대차 - 측면충돌,기타,건조,맑음,단일로 - 기타,승용,여,43세,경상,승용,여,61세,경상
2020011400100382,2020년 1월 14일 16시,화요일,경상북도 고령군 다산면,중상사고,0,1,0,0,차대차 - 측면충돌,안전운전불이행,건조,맑음,교차로 - 교차로안,자전거,남,84세,중상,승용,여,45세,상해없음
2020011400100416,2020년 1월 14일 17시,화요일,경상북도 경주시 외동읍,경상사고,0,0,1,0,차대차 - 추돌,안전운전불이행,건조,맑음,교차로 - 교차로부근,승용,남,80세,상해없음,승용,남,57세,경상
2020011400100417,2020년 1월 14일 17시,화요일,경상북도 구미시 공단동,부상신고사고,0,0,0,1,차대차 - 기타,신호위반,건조,맑음,교차로 - 교차로안,이륜,남,23세,부상신고,승용,여,25세,상해없음
2020011400100467,2020년 1월 14일 18시,화요일,경상북도 경주시 양남면,경상사고,0,0,1,0,차대차 - 측면충돌,안전운전불이행,건조,맑음,단일로 - 기타,승용,여,50세,경상,승합,남,69세,상해없음
2020011400100468,2020년 1월 14일 18시,화요일,경상북도 상주시 복룡동,경상사고,0,0,1,0,차대차 - 추돌,안전운전불이행,건조,맑음,교차로 - 교차로안,승용,여,46세,상해없음,승용,여,44세,경상
2020011400100469,2020년 1월 14일 18시,화요일,경상북도 칠곡군 가산면,중상사고,0,1,0,0,차대차 - 측면충돌,중앙선침범,건조,맑음,단일로 - 기타,화물,남,51세,상해없음,승용,남,26세,중상
2020011400100509,2020년 1월 14일 19시,화요일,경상북도 구미시 고아읍,부상신고사고,0,0,0,1,차량단독 - 전도전복 - 전도,안전운전불이행,건조,맑음,단일로 - 기타,원동기,남,80세,부상신고,,,,
2020011400100510,2020년 1월 14일 19시,화요일,경상북도 구미시 고아읍,중상사고,0,1,1,0,차대차 - 기타,안전운전불이행,건조,맑음,단일로 - 기타,승용,여,46세,경상,승용,남,51세,기타불명
2020011400100533,2020년 1월 14일 20시,화요일,경상북도 경산시 중방동,경상사고,0,0,1,0,차대차 - 측면충돌,직진우회전진행방해,건조,맑음,교차로 - 교차로안,승용,여,55세,상해없음,화물,남,46세,경상
2020011400100534,2020년 1월 14일 20시,화요일,경상북도 경산시 옥산동,경상사고,0,0,2,0,차대차 - 측면충돌,신호위반,건조,맑음,교차로 - 교차로안,승용,남,58세,상해없음,승용,남,26세,경상
2020011400100565,2020년 1월 14일 21시,화요일,경상북도 영천시 교촌동,중상사고,0,1,1,0,차대차 - 후진중충돌,안전운전불이행,건조,맑음,단일로 - 기타,승용,남,29세,상해없음,승용,남,19세,경상
2020011400100566,2020년 1월 14일 21시,화요일,경상북도 경산시 옥산동,경상사고,0,0,1,0,차대차 - 측면충돌,안전운전불이행,건조,맑음,단일로 - 기타,기타불명,기타불명,미분류,기타불명,이륜,남,67세,경상
2020011400100582,2020년 1월 14일 22시,화요일,경상북도 포항시 남구 오천읍,중상사고,0,1,2,0,차대차 - 측면충돌,직진우회전진행방해,건조,맑음,교차로 - 교차로안,승용,남,56세,상해없음,승용,남,44세,중상
2020011400100593,2020년 1월 14일 23시,화요일,경상북도 포항시 남구 연일읍,경상사고,0,0,1,0,차대차 - 기타,안전운전불이행,건조,맑음,교차로 - 교차로안,원동기,남,17세,경상,승용,여,33세,상해없음
2020011500100020,2020년 1월 15일 01시,수요일,경상북도 안동시 안막동,경상사고,0,0,1,0,차대사람 - 길가장자리구역통행중,안전운전불이행,건조,맑음,단일로 - 기타,승용,여,36세,상해없음,보행자,남,38세,경상
2020011500100055,2020년 1월 15일 06시,수요일,경상북도 안동시 일직면,경상사고,0,0,1,0,차대차 - 측면충돌,안전운전불이행,건조,맑음,단일로 - 기타,화물,남,51세,상해없음,화물,남,62세,경상
2020011500100056,2020년 1월 15일 06시,수요일,경상북도 구미시 임수동,경상사고,0,0,1,0,차대사람 - 횡단중,안전운전불이행,건조,맑음,교차로 - 교차로부근,승용,남,64세,상해없음,보행자,남,34세,경상
2020011500100100,2020년 1월 15일 08시,수요일,경상북도 경주시 성건동,중상사고,0,1,0,0,차대차 - 측면충돌,안전운전불이행,건조,맑음,교차로 - 교차로부근,승용,여,53세,상해없음,이륜,여,22세,중상
2020011500100101,2020년 1월 15일 08시,수요일,경상북도 영천시 금호읍,중상사고,0,1,0,0,차대사람 - 횡단중,안전운전불이행,건조,맑음,단일로 - 기타,승용,여,48세,상해없음,보행자,여,81세,중상
2020011500100102,2020년 1월 15일 08시,수요일,경상북도 문경시 점촌동,경상사고,0,0,1,0,차대차 - 측면충돌,안전운전불이행,건조,맑음,단일로 - 기타,화물,남,51세,상해없음,승용,여,53세,경상
2020011500100131,2020년 1월 15일 09시,수요일,경상북도 포항시 북구 학잠동,경상사고,0,0,1,0,차대차 - 기타,안전운전불이행,건조,맑음,단일로 - 기타,화물,남,74세,상해없음,승용,여,28세,경상
2020011500100132,2020년 1월 15일 09시,수요일,경상북도 영주시 영주동,중상사고,0,1,0,0,차대차 - 기타,안전운전불이행,건조,맑음,단일로 - 기타,승용,여,65세,상해없음,자전거,남,75세,중상
2020011500100133,2020년 1월 15일 09시,수요일,경상북도 구미시 인의동,경상사고,0,0,3,0,차대차 - 추돌,안전운전불이행,건조,맑음,단일로 - 기타,승용,남,81세,상해없음,승용,여,38세,경상
2020011500100158,2020년 1월 15일 10시,수요일,경상북도 경주시 서부동,부상신고사고,0,0,0,1,차량단독 - 기타,안전운전불이행,건조,맑음,단일로 - 지하차도(도로)내,승합,남,55세,상해없음,,,,
2020011500100159,2020년 1월 15일 10시,수요일,경상북도 고령군 대가야읍,경상사고,0,0,1,0,차대차 - 측면충돌,교차로운행방법위반,건조,맑음,교차로 - 교차로안,승용,여,25세,경상,승용,남,62세,상해없음
2020011500100251,2020년 1월 15일 13시,수요일,경상북도 안동시 안흥동,경상사고,0,0,1,0,차대사람 - 보도통행중,보행자보호의무위반,건조,맑음,교차로 - 교차로안,승용,여,56세,상해없음,보행자,여,84세,경상
2020011500100252,2020년 1월 15일 13시,수요일,경상북도 칠곡군 왜관읍,중상사고,0,1,1,0,차대차 - 측면충돌,교차로운행방법위반,건조,맑음,교차로 - 교차로안,승용,남,44세,경상,승용,여,52세,중상
2020011500100253,2020년 1월 15일 13시,수요일,경상북도 구미시 황상동,중상사고,0,1,1,0,차대차 - 추돌,안전운전불이행,건조,맑음,단일로 - 기타,화물,남,29세,상해없음,화물,남,56세,중상
2020011500100254,2020년 1월 15일 13시,수요일,경상북도 포항시 남구 효자동,경상사고,0,0,1,0,차대차 - 기타,중앙선침범,건조,맑음,단일로 - 기타,화물,남,63세,상해없음,이륜,남,47세,경상
2020011500100285,2020년 1월 15일 14시,수요일,경상북도 안동시 광석동,경상사고,0,0,2,0,차대차 - 추돌,안전거리미확보,건조,맑음,단일로 - 기타,승합,여,45세,상해없음,승용,여,28세,경상
2020011500100286,2020년 1월 15일 14시,수요일,경상북도 경산시 하양읍,경상사고,0,0,1,0,차대사람 - 횡단중,보행자보호의무위반,건조,맑음,단일로 - 지하차도(도로)내,화물,남,65세,상해없음,보행자,여,63세,경상
2020011500100332,2020년 1월 15일 15시,수요일,경상북도 구미시 원평동,경상사고,0,0,1,0,차대사람 - 기타,기타,건조,맑음,교차로 - 교차로부근,승용,남,57세,상해없음,보행자,남,69세,경상
2020011500100374,2020년 1월 15일 16시,수요일,경상북도 상주시 모동면,사망사고,1,1,0,0,차대사람 - 길가장자리구역통행중,안전운전불이행,건조,맑음,단일로 - 기타,화물,남,67세,상해없음,보행자,여,68세,사망
2020011500100406,2020년 1월 15일 17시,수요일,경상북도 포항시 북구 흥해읍,중상사고,0,1,5,0,차대차 - 기타,안전거리미확보,건조,맑음,단일로 - 기타,화물,남,74세,중상,승합,여,50세,경상
2020011500100407,2020년 1월 15일 17시,수요일,경상북도 칠곡군 동명면,중상사고,0,1,0,0,차대차 - 추돌,안전운전불이행,건조,맑음,단일로 - 기타,승용,남,19세,상해없음,화물,여,72세,기타불명
2020011500100408,2020년 1월 15일 17시,수요일,경상북도 예천군 호명면,사망사고,1,0,1,0,차대사람 - 횡단중,과속,건조,맑음,교차로 - 교차로횡단보도내,승용,남,24세,상해없음,보행자,남,81세,사망
2020011500100464,2020년 1월 15일 18시,수요일,경상북도 포항시 북구 두호동,중상사고,0,1,0,0,차대차 - 측면충돌,안전운전불이행,건조,맑음,단일로 - 기타,승용,남,66세,상해없음,이륜,남,48세,중상
2020011500100465,2020년 1월 15일 18시,수요일,경상북도 포항시 북구 흥해읍,중상사고,0,1,1,0,차대차 - 정면충돌,중앙선침범,건조,맑음,단일로 - 기타,화물,남,37세,중상,승용,여,39세,경상
2020011500100466,2020년 1월 15일 18시,수요일,경상북도 상주시 서문동,경상사고,0,0,1,0,차대차 - 측면충돌,교차로운행방법위반,건조,맑음,교차로 - 교차로안,승용,여,43세,상해없음,자전거,여,68세,경상
2020011500100467,2020년 1월 15일 18시,수요일,경상북도 칠곡군 기산면,사망사고,1,3,0,0,차대차 - 추돌,안전운전불이행,건조,맑음,단일로 - 교량,화물,남,48세,사망,승용,여,41세,중상
2020011500100468,2020년 1월 15일 18시,수요일,경상북도 경산시 진량읍,경상사고,0,0,1,0,차대차 - 추돌,안전운전불이행,건조,맑음,단일로 - 교량,이륜,남,36세,상해없음,자전거,여,24세,경상
2020011500100522,2020년 1월 15일 19시,수요일,경상북도 포항시 북구 죽도동,경상사고,0,0,1,0,차대차 - 측면충돌,안전운전불이행,건조,맑음,교차로 - 교차로안,승용,남,35세,상해없음,자전거,남,49세,경상
2020011500100559,2020년 1월 15일 20시,수요일,경상북도 포항시 북구 환호동,경상사고,0,0,1,0,차대차 - 측면충돌,안전운전불이행,건조,맑음,단일로 - 기타,이륜,남,37세,경상,승용,남,58세,상해없음
2020011500100587,2020년 1월 15일 21시,수요일,경상북도 포항시 북구 죽도동,경상사고,0,0,1,0,차대차 - 기타,안전운전불이행,건조,맑음,단일로 - 기타,승용,여,57세,상해없음,승용,남,30세,경상
2020011500100588,2020년 1월 15일 21시,수요일,경상북도 김천시 평화동,경상사고,0,0,1,0,차대사람 - 기타,교차로운행방법위반,건조,맑음,교차로 - 교차로안,승용,여,50세,상해없음,보행자,남,65세,경상
2020011500100615,2020년 1월 15일 22시,수요일,경상북도 예천군 예천읍,중상사고,0,1,0,0,차대사람 - 횡단중,보행자보호의무위반,건조,맑음,교차로 - 교차로횡단보도내,승용,남,61세,상해없음,보행자,남,57세,중상
2020011500100616,2020년 1월 15일 22시,수요일,경상북도 구미시 원평동,경상사고,0,0,1,0,차대차 - 기타,안전운전불이행,젖음/습기,비,교차로 - 교차로부근,승용,남,29세,상해없음,승용,남,57세,경상
2020011500100617,2020년 1월 15일 22시,수요일,경상북도 구미시 고아읍,경상사고,0,0,1,0,차대차 - 추돌,안전운전불이행,건조,맑음,교차로 - 교차로부근,승용,남,34세,상해없음,승용,남,26세,경상
2020011500100637,2020년 1월 15일 23시,수요일,경상북도 영천시 문외동,중상사고,0,1,0,0,차대사람 - 차도통행중,안전운전불이행,건조,맑음,교차로 - 교차로안,승용,남,23세,상해없음,보행자,남,31세,중상
2020011600100017,2020년 1월 16일 01시,목요일,경상북도 경산시 옥산동,중상사고,0,1,0,0,차대사람 - 보도통행중,기타,건조,맑음,단일로 - 기타,승용,남,57세,상해없음,보행자,여,55세,중상
2020011600100038,2020년 1월 16일 05시,목요일,경상북도 경산시 조영동,경상사고,0,0,1,0,차대차 - 기타,안전운전불이행,건조,맑음,단일로 - 기타,이륜,남,24세,경상,승용,남,34세,상해없음
2020011600100060,2020년 1월 16일 06시,목요일,경상북도 경산시 삼북동,중상사고,0,1,0,0,차대사람 - 차도통행중,안전운전불이행,건조,맑음,교차로 - 교차로부근,승용,남,58세,상해없음,보행자,여,85세,중상
2020011600100061,2020년 1월 16일 06시,목요일,경상북도 예천군 예천읍,중상사고,0,1,0,0,차대차 - 측면충돌,안전운전불이행,건조,맑음,교차로 - 교차로안,승용,남,45세,상해없음,승용,남,38세,중상
2020011600100075,2020년 1월 16일 07시,목요일,경상북도 경주시 성동동,경상사고,0,0,1,0,차대사람 - 횡단중,안전운전불이행,건조,맑음,단일로 - 기타,승용,남,45세,상해없음,보행자,남,84세,경상
2020011600100105,2020년 1월 16일 08시,목요일,경상북도 포항시 북구 용흥동,경상사고,0,0,1,0,차대차 - 기타,안전운전불이행,건조,맑음,단일로 - 기타,승용,여,48세,상해없음,승용,남,33세,경상
2020011600100106,2020년 1월 16일 08시,목요일,경상북도 의성군 단촌면,경상사고,0,0,1,0,차대차 - 측면충돌,안전운전불이행,건조,맑음,단일로 - 기타,승용,여,37세,상해없음,승용,남,77세,경상
2020011600100127,2020년 1월 16일 09시,목요일,경상북도 김천시 평화동,경상사고,0,0,1,0,차대사람 - 차도통행중,교차로운행방법위반,건조,맑음,교차로 - 교차로안,승용,남,69세,상해없음,보행자,남,64세,경상
2020011600100128,2020년 1월 16일 09시,목요일,경상북도 영천시 완산동,경상사고,0,0,1,0,차대차 - 측면충돌,안전운전불이행,건조,맑음,교차로 - 교차로부근,화물,남,64세,상해없음,승용,남,65세,경상
2020011600100161,2020년 1월 16일 10시,목요일,경상북도 경주시 성건동,경상사고,0,0,1,0,차대사람 - 횡단중,안전운전불이행,건조,맑음,단일로 - 지하차도(도로)내,승용,여,59세,상해없음,보행자,남,32세,경상
2020011600100162,2020년 1월 16일 10시,목요일,경상북도 포항시 북구 기계면,중상사고,0,2,0,0,차대차 - 정면충돌,중앙선침범,건조,맑음,단일로 - 기타,화물,남,75세,상해없음,화물,남,66세,중상
2020011600100163,2020년 1월 16일 10시,목요일,경상북도 안동시 서후면,경상사고,0,0,2,0,차대차 - 측면충돌,중앙선침범,건조,맑음,단일로 - 기타,승용,여,54세,상해없음,승용,남,64세,경상