사고번호,사고일시,요일,시군구,사고내용,사망자수,중상자수,경상자수,부상신고자수,사고유형,법규위반,노면상태,기상상태,도로형태,가해운전자 차종,가해운전자 성별,가해운전자 연령,가해운전자 상해정도,피해운전자 차종,피해운전자 성별,피해운전자 연령,피해운전자 상해정도
2020011600100196,2020년 1월 16일 11시,목요일,경상북도 경주시 인왕동,경상사고,0,0,1,0,차대차 - 정면충돌,신호위반,건조,맑음,교차로 - 교차로안,승용,남,44세,상해없음,승용,남,65세,경상
2020011600100197,2020년 1월 16일 11시,목요일,경상북도 김천시 신음동,경상사고,0,0,1,0,차대차 - 후진중충돌,안전운전불이행,건조,맑음,단일로 - 기타,승용,여,39세,상해없음,승용,여,40세,경상
2020011600100226,2020년 1월 16일 12시,목요일,경상북도 상주시 서성동,경상사고,0,0,1,0,차대사람 - 기타,안전운전불이행,건조,맑음,단일로 - 기타,승용,여,56세,상해없음,보행자,남,37세,경상
2020011600100227,2020년 1월 16일 12시,목요일,경상북도 구미시 신평동,경상사고,0,0,3,0,차대차 - 기타,교차로운행방법위반,건조,맑음,교차로 - 교차로안,승용,남,56세,상해없음,승합,남,43세,상해없음
2020011600100228,2020년 1월 16일 12시,목요일,경상북도 포항시 남구 장흥동,경상사고,0,0,1,0,차대차 - 기타,안전운전불이행,건조,맑음,교차로 - 교차로부근,승용,남,60세,상해없음,승용,남,30세,경상
2020011600100263,2020년 1월 16일 13시,목요일,경상북도 구미시 비산동,경상사고,0,0,2,0,차대차 - 기타,교차로운행방법위반,건조,맑음,교차로 - 교차로안,화물,남,72세,상해없음,승용,여,51세,경상
2020011600100264,2020년 1월 16일 13시,목요일,경상북도 구미시 시미동,경상사고,0,0,1,0,차대차 - 추돌,안전운전불이행,건조,맑음,교차로 - 교차로부근,승용,남,24세,상해없음,승용,여,51세,경상
2020011600100328,2020년 1월 16일 15시,목요일,경상북도 구미시 송정동,중상사고,0,2,1,0,차대차 - 정면충돌,신호위반,건조,맑음,교차로 - 교차로안,승용,남,29세,상해없음,승용,여,44세,중상
2020011600100366,2020년 1월 16일 16시,목요일,경상북도 상주시 내서면,중상사고,0,1,1,0,차대차 - 측면충돌,중앙선침범,건조,맑음,단일로 - 기타,승용,남,39세,상해없음,화물,남,39세,경상
2020011600100367,2020년 1월 16일 16시,목요일,경상북도 포항시 남구 지곡동,경상사고,0,0,1,0,차대차 - 측면충돌,교차로운행방법위반,건조,맑음,교차로 - 교차로안,승용,여,36세,상해없음,승용,남,23세,경상
2020011600100404,2020년 1월 16일 17시,목요일,경상북도 구미시 선산읍,경상사고,0,0,1,0,차대차 - 측면충돌,차로위반,건조,맑음,단일로 - 기타,화물,남,71세,상해없음,승용,여,54세,경상
2020011600100462,2020년 1월 16일 18시,목요일,경상북도 경주시 인왕동,경상사고,0,0,1,0,차대사람 - 횡단중,신호위반,건조,맑음,교차로 - 교차로횡단보도내,승용,여,53세,상해없음,보행자,여,38세,경상
2020011600100463,2020년 1월 16일 18시,목요일,경상북도 문경시 불정동,중상사고,0,1,3,0,차대차 - 추돌,안전운전불이행,건조,맑음,기타 - 기타,승용,여,61세,상해없음,승용,남,20세,상해없음
2020011600100465,2020년 1월 16일 18시,목요일,경상북도 구미시 인의동,경상사고,0,0,1,0,차대차 - 기타,기타,건조,맑음,교차로 - 교차로안,승용,남,55세,상해없음,원동기,남,33세,경상
2020011600100520,2020년 1월 16일 19시,목요일,경상북도 포항시 북구 장성동,경상사고,0,0,1,0,차대차 - 측면충돌,신호위반,건조,맑음,교차로 - 교차로안,원동기,남,27세,상해없음,원동기,남,47세,경상
2020011600100521,2020년 1월 16일 19시,목요일,경상북도 경산시 진량읍,부상신고사고,0,0,0,1,차량단독 - 전도전복 - 전도,안전운전불이행,건조,맑음,기타 - 기타,이륜,남,36세,부상신고,,,,
2020011600100522,2020년 1월 16일 19시,목요일,경상북도 구미시 오태동,경상사고,0,0,1,0,차대차 - 기타,안전운전불이행,건조,맑음,교차로 - 교차로안,승용,남,46세,상해없음,승용,남,31세,상해없음
2020011600100550,2020년 1월 16일 20시,목요일,경상북도 포항시 북구 장성동,경상사고,0,0,1,0,차대차 - 측면충돌,차로위반,건조,맑음,단일로 - 기타,승합,남,48세,상해없음,승용,남,70세,경상
2020011600100575,2020년 1월 16일 21시,목요일,경상북도 안동시 옥동,경상사고,0,0,1,0,차량단독 - 기타,안전운전불이행,건조,맑음,단일로 - 기타,이륜,남,34세,경상,,,,
2020011600100605,2020년 1월 16일 22시,목요일,경상북도 포항시 남구 오천읍,경상사고,0,0,2,0,차대차 - 추돌,안전운전불이행,건조,맑음,교차로 - 교차로부근,승용,여,36세,상해없음,승용,남,24세,경상
2020011600100606,2020년 1월 16일 22시,목요일,경상북도 성주군 초전면,중상사고,0,1,0,0,차대차 - 기타,안전운전불이행,건조,맑음,단일로 - 기타,승용,남,31세,중상,화물,남,61세,상해없음
2020011700100031,2020년 1월 17일 04시,금요일,경상북도 포항시 남구 대도동,중상사고,0,1,0,0,차대차 - 기타,안전운전불이행,건조,맑음,단일로 - 기타,이륜,남,41세,중상,화물,기타불명,미분류,기타불명
2020011700100045,2020년 1월 17일 05시,금요일,경상북도 안동시 용상동,경상사고,0,0,1,0,차대사람 - 보도통행중,보행자보호의무위반,건조,맑음,단일로 - 기타,승용,남,34세,상해없음,보행자,여,79세,경상
2020011700100064,2020년 1월 17일 06시,금요일,경상북도 경주시 외동읍,중상사고,0,1,0,0,차대사람 - 횡단중,보행자보호의무위반,건조,맑음,단일로 - 기타,이륜,남,36세,상해없음,보행자,남,59세,중상
2020011700100083,2020년 1월 17일 07시,금요일,경상북도 포항시 북구 흥해읍,중상사고,0,1,0,0,차대차 - 기타,신호위반,건조,맑음,교차로 - 교차로안,이륜,남,62세,상해없음,이륜,남,38세,중상
2020011700100109,2020년 1월 17일 08시,금요일,경상북도 문경시 점촌동,경상사고,0,0,2,0,차대차 - 측면충돌,직진우회전진행방해,건조,맑음,교차로 - 교차로안,승용,남,28세,경상,승용,여,42세,경상
2020011700100110,2020년 1월 17일 08시,금요일,경상북도 영덕군 영덕읍,경상사고,0,0,2,0,차대차 - 측면충돌,안전운전불이행,건조,맑음,단일로 - 기타,승용,남,35세,상해없음,승용,여,37세,경상
2020011700100135,2020년 1월 17일 09시,금요일,경상북도 포항시 북구 죽도동,경상사고,0,0,1,0,차대차 - 기타,직진우회전진행방해,건조,맑음,교차로 - 교차로안,승용,여,64세,상해없음,승용,여,64세,경상
2020011700100136,2020년 1월 17일 09시,금요일,경상북도 구미시 구평동,경상사고,0,0,1,0,차대차 - 추돌,안전운전불이행,건조,맑음,교차로 - 교차로부근,승용,남,26세,상해없음,승용,남,60세,경상
2020011700100157,2020년 1월 17일 10시,금요일,경상북도 성주군 성주읍,중상사고,0,1,0,0,차대사람 - 길가장자리구역통행중,안전운전불이행,건조,맑음,단일로 - 기타,승용,여,68세,상해없음,보행자,남,81세,중상
2020011700100158,2020년 1월 17일 10시,금요일,경상북도 영양군 영양읍,경상사고,0,0,1,0,차대차 - 측면충돌,안전운전불이행,건조,맑음,교차로 - 교차로안,이륜,여,63세,경상,승용,남,33세,상해없음
2020011700100179,2020년 1월 17일 11시,금요일,경상북도 안동시 옥야동,중상사고,0,1,0,0,차대차 - 정면충돌,신호위반,건조,맑음,교차로 - 교차로안,승용,여,24세,상해없음,이륜,남,50세,중상
2020011700100208,2020년 1월 17일 12시,금요일,경상북도 구미시 인의동,부상신고사고,0,0,0,1,차대차 - 기타,안전운전불이행,건조,맑음,단일로 - 기타,승용,남,39세,부상신고,승합,남,62세,상해없음
2020011700100234,2020년 1월 17일 13시,금요일,경상북도 경주시 외동읍,중상사고,0,1,0,0,차대차 - 측면충돌,안전운전불이행,건조,맑음,교차로 - 교차로안,이륜,남,59세,중상,화물,남,50세,상해없음
2020011700100235,2020년 1월 17일 13시,금요일,경상북도 안동시 운흥동,경상사고,0,0,1,0,차대차 - 정면충돌,안전운전불이행,건조,맑음,단일로 - 기타,승용,남,74세,상해없음,이륜,남,36세,경상
2020011700100236,2020년 1월 17일 13시,금요일,경상북도 예천군 개포면,중상사고,0,2,0,0,차대차 - 측면충돌,안전운전불이행,건조,맑음,교차로 - 교차로부근,화물,남,62세,상해없음,승용,남,83세,중상
2020011700100272,2020년 1월 17일 14시,금요일,경상북도 청도군 이서면,경상사고,0,0,3,0,차대차 - 측면충돌,교차로운행방법위반,건조,맑음,교차로 - 교차로안,승용,여,39세,경상,화물,남,62세,경상
2020011700100273,2020년 1월 17일 14시,금요일,경상북도 고령군 우곡면,중상사고,0,1,4,0,차대차 - 측면충돌,교차로운행방법위반,건조,맑음,교차로 - 교차로안,화물,남,78세,경상,승용,남,84세,경상
2020011700100274,2020년 1월 17일 14시,금요일,경상북도 구미시 원평동,부상신고사고,0,0,0,1,차대차 - 기타,안전거리미확보,건조,맑음,교차로 - 교차로안,승용,남,67세,상해없음,이륜,남,34세,부상신고
2020011700100275,2020년 1월 17일 14시,금요일,경상북도 구미시 송정동,경상사고,0,0,1,0,차대차 - 기타,안전운전불이행,건조,맑음,단일로 - 기타,승용,여,43세,상해없음,승용,남,65세,경상
2020011700100318,2020년 1월 17일 15시,금요일,경상북도 포항시 북구 청하면,중상사고,0,1,0,0,차대차 - 측면충돌,안전운전불이행,건조,맑음,단일로 - 기타,이륜,남,77세,중상,건설기계,남,45세,상해없음
2020011700100347,2020년 1월 17일 16시,금요일,경상북도 영주시 가흥동,경상사고,0,0,1,0,차대사람 - 횡단중,보행자보호의무위반,건조,맑음,교차로 - 교차로부근,승용,여,55세,상해없음,보행자,남,11세,경상
2020011700100348,2020년 1월 17일 16시,금요일,경상북도 포항시 남구 대잠동,중상사고,0,1,0,0,차대차 - 기타,신호위반,건조,맑음,교차로 - 교차로횡단보도내,승용,여,57세,상해없음,자전거,남,74세,중상
2020011700100393,2020년 1월 17일 17시,금요일,경상북도 경주시 황성동,경상사고,0,0,2,0,차대차 - 측면충돌,안전운전불이행,건조,맑음,기타 - 기타,승용,여,39세,상해없음,승용,남,23세,경상
2020011700100394,2020년 1월 17일 17시,금요일,경상북도 안동시 용상동,경상사고,0,0,1,0,차대차 - 정면충돌,안전운전불이행,건조,맑음,교차로 - 교차로안,승용,여,36세,상해없음,자전거,남,9세,경상
2020011700100395,2020년 1월 17일 17시,금요일,경상북도 영천시 도남동,경상사고,0,0,2,0,차대차 - 측면충돌,안전운전불이행,건조,맑음,단일로 - 기타,화물,여,54세,경상,승용,남,38세,경상
2020011700100396,2020년 1월 17일 17시,금요일,경상북도 구미시 봉곡동,경상사고,0,0,1,0,차대차 - 기타,안전운전불이행,건조,맑음,기타 - 기타,승합,여,45세,상해없음,자전거,여,14세,경상
2020011700100499,2020년 1월 17일 19시,금요일,경상북도 포항시 북구 죽도동,경상사고,0,0,1,0,차대차 - 측면충돌,중앙선침범,건조,맑음,교차로 - 교차로안,자전거,여,59세,경상,승용,여,53세,기타불명
2020011700100500,2020년 1월 17일 19시,금요일,경상북도 영천시 고경면,경상사고,0,0,3,0,차대차 - 정면충돌,중앙선침범,건조,맑음,단일로 - 기타,승용,여,52세,상해없음,승용,남,40세,경상
2020011700100539,2020년 1월 17일 20시,금요일,경상북도 구미시 봉곡동,중상사고,0,2,0,0,차대차 - 추돌,안전운전불이행,건조,맑음,교차로 - 교차로부근,화물,남,44세,상해없음,승용,남,39세,중상
2020011700100540,2020년 1월 17일 20시,금요일,경상북도 안동시 풍산읍,중상사고,0,10,7,0,차대차 - 추돌,안전운전불이행,건조,맑음,단일로 - 기타,승합,남,57세,경상,화물,남,55세,경상
2020011700100541,2020년 1월 17일 20시,금요일,경상북도 안동시 풍산읍,경상사고,0,0,1,0,차대차 - 추돌,안전운전불이행,건조,맑음,단일로 - 기타,건설기계,남,63세,상해없음,승용,남,31세,경상
2020011700100579,2020년 1월 17일 21시,금요일,경상북도 김천시 아포읍,경상사고,0,0,1,0,차대사람 - 길가장자리구역통행중,안전운전불이행,건조,맑음,단일로 - 기타,승용,남,51세,상해없음,보행자,남,72세,경상
2020011700100580,2020년 1월 17일 21시,금요일,경상북도 김천시 구성면,경상사고,0,0,1,0,차대차 - 측면충돌,신호위반,건조,맑음,교차로 - 교차로안,화물,남,58세,상해없음,승용,여,52세,경상
2020011700100610,2020년 1월 17일 22시,금요일,경상북도 경주시 진현동,중상사고,0,1,1,0,차대차 - 추돌,안전운전불이행,건조,맑음,교차로 - 교차로부근,승용,여,44세,상해없음,승용,남,49세,경상
2020011700100611,2020년 1월 17일 22시,금요일,경상북도 경주시 황성동,중상사고,0,1,1,0,차대차 - 측면충돌,안전운전불이행,건조,맑음,교차로 - 교차로안,승용,여,20세,경상,이륜,남,26세,중상
2020011700100612,2020년 1월 17일 22시,금요일,경상북도 경산시 중산동,경상사고,0,0,1,0,차대차 - 측면충돌,중앙선침범,건조,맑음,단일로 - 기타,승용,남,34세,상해없음,이륜,남,39세,경상
2020011700100613,2020년 1월 17일 22시,금요일,경상북도 포항시 남구 오천읍,경상사고,0,0,1,0,차대차 - 측면충돌,직진우회전진행방해,건조,맑음,교차로 - 교차로안,승용,여,48세,상해없음,이륜,남,20세,경상
2020011700100627,2020년 1월 17일 23시,금요일,경상북도 안동시 풍산읍,경상사고,0,0,1,0,차대차 - 추돌,안전거리미확보,건조,맑음,단일로 - 기타,승용,남,56세,상해없음,승용,남,60세,상해없음
2020011700100628,2020년 1월 17일 23시,금요일,경상북도 영주시 가흥동,경상사고,0,0,2,0,차대차 - 측면충돌,직진우회전진행방해,건조,맑음,교차로 - 교차로안,승용,남,29세,경상,승용,남,28세,경상
2020011800100008,2020년 1월 18일 00시,토요일,경상북도 성주군 성주읍,경상사고,0,0,1,0,차대차 - 정면충돌,중앙선침범,건조,맑음,단일로 - 기타,화물,남,31세,상해없음,화물,남,53세,상해없음
2020011800100022,2020년 1월 18일 01시,토요일,경상북도 경주시 용강동,경상사고,0,0,1,0,차대차 - 추돌,안전운전불이행,건조,맑음,교차로 - 교차로부근,화물,남,35세,상해없음,승용,남,48세,경상
2020011800100042,2020년 1월 18일 03시,토요일,경상북도 김천시 율곡동,경상사고,0,0,1,0,차대사람 - 차도통행중,안전운전불이행,건조,맑음,단일로 - 기타,승용,남,56세,상해없음,보행자,남,41세,경상
2020011800100048,2020년 1월 18일 04시,토요일,경상북도 칠곡군 왜관읍,부상신고사고,0,0,0,1,차대차 - 측면충돌,안전운전불이행,건조,맑음,단일로 - 기타,승용,남,32세,부상신고,승용,남,61세,기타불명
2020011800100060,2020년 1월 18일 05시,토요일,경상북도 성주군 선남면,경상사고,0,0,1,0,차대차 - 추돌,안전운전불이행,건조,맑음,단일로 - 기타,승용,남,57세,상해없음,화물,남,43세,경상
2020011800100191,2020년 1월 18일 11시,토요일,경상북도 칠곡군 왜관읍,부상신고사고,0,0,0,1,차대차 - 측면충돌,안전운전불이행,건조,맑음,단일로 - 기타,자전거,여,75세,부상신고,승용,남,44세,상해없음
2020011800100192,2020년 1월 18일 11시,토요일,경상북도 칠곡군 동명면,경상사고,0,0,2,0,차대차 - 정면충돌,중앙선침범,건조,맑음,단일로 - 기타,승용,남,28세,경상,승용,남,67세,경상
2020011800100231,2020년 1월 18일 12시,토요일,경상북도 구미시 도량동,중상사고,0,1,0,0,차대차 - 측면충돌,기타,건조,맑음,단일로 - 기타,승용,남,60세,상해없음,이륜,남,28세,중상
2020011800100272,2020년 1월 18일 13시,토요일,경상북도 청도군 청도읍,경상사고,0,0,1,0,차대차 - 추돌,안전운전불이행,건조,맑음,교차로 - 교차로부근,승용,남,63세,상해없음,승용,여,50세,경상
2020011800100273,2020년 1월 18일 13시,토요일,경상북도 포항시 남구 오천읍,경상사고,0,0,1,0,차대차 - 측면충돌,안전운전불이행,건조,맑음,단일로 - 기타,승용,남,64세,상해없음,승용,여,54세,경상
2020011800100312,2020년 1월 18일 14시,토요일,경상북도 포항시 북구 상원동,경상사고,0,0,3,0,차대차 - 정면충돌,신호위반,건조,맑음,교차로 - 교차로안,승용,여,37세,상해없음,승용,남,62세,경상
2020011800100313,2020년 1월 18일 14시,토요일,경상북도 포항시 남구 송내동,경상사고,0,0,1,0,차대차 - 기타,안전운전불이행,건조,맑음,단일로 - 기타,승용,남,64세,상해없음,건설기계,남,43세,경상
2020011800100345,2020년 1월 18일 15시,토요일,경상북도 영천시 야사동,경상사고,0,0,1,0,차대차 - 측면충돌,안전운전불이행,건조,맑음,단일로 - 기타,승합,여,63세,상해없음,승용,여,61세,경상
2020011800100379,2020년 1월 18일 16시,토요일,경상북도 포항시 북구 죽도동,경상사고,0,0,1,0,차대차 - 후진중충돌,안전운전불이행,건조,흐림,단일로 - 기타,승용,남,47세,기타불명,승용,여,62세,경상
2020011800100380,2020년 1월 18일 16시,토요일,경상북도 상주시 화북면,중상사고,0,3,2,0,차대차 - 측면충돌,안전운전불이행,건조,맑음,단일로 - 기타,승용,여,54세,경상,승용,여,49세,경상
2020011800100381,2020년 1월 18일 16시,토요일,경상북도 구미시 원평동,중상사고,0,1,1,0,차대차 - 정면충돌,신호위반,건조,맑음,교차로 - 교차로안,승용,여,51세,상해없음,승용,남,67세,중상
2020011800100382,2020년 1월 18일 16시,토요일,경상북도 구미시 산동면,경상사고,0,0,2,0,차대차 - 측면충돌,안전운전불이행,건조,맑음,단일로 - 기타,승용,남,25세,상해없음,승용,남,39세,경상
2020011800100415,2020년 1월 18일 17시,토요일,경상북도 안동시 풍천면,중상사고,0,1,1,0,차대사람 - 기타,안전운전불이행,건조,맑음,단일로 - 기타,이륜,남,74세,경상,보행자,여,89세,중상
2020011800100462,2020년 1월 18일 18시,토요일,경상북도 영천시 대창면,중상사고,0,1,0,0,차대사람 - 횡단중,안전운전불이행,건조,맑음,단일로 - 기타,화물,남,55세,상해없음,보행자,여,83세,중상
2020011800100463,2020년 1월 18일 18시,토요일,경상북도 영천시 문외동,경상사고,0,0,3,0,차대차 - 측면충돌,안전운전불이행,건조,맑음,기타 - 기타,이륜,남,29세,경상,화물,남,59세,경상
2020011800100503,2020년 1월 18일 19시,토요일,경상북도 김천시 신음동,부상신고사고,0,0,0,1,차대사람 - 기타,안전운전불이행,건조,맑음,단일로 - 기타,승용,남,49세,상해없음,보행자,남,19세,부상신고
2020011800100504,2020년 1월 18일 19시,토요일,경상북도 문경시 점촌동,경상사고,0,0,1,0,차대차 - 측면충돌,직진우회전진행방해,건조,맑음,교차로 - 교차로안,승용,남,44세,상해없음,이륜,남,43세,경상
2020011800100505,2020년 1월 18일 19시,토요일,경상북도 포항시 남구 대도동,경상사고,0,0,1,0,차대차 - 기타,안전운전불이행,건조,맑음,단일로 - 기타,승용,남,59세,상해없음,이륜,남,21세,경상
2020011800100554,2020년 1월 18일 21시,토요일,경상북도 경주시 서악동,경상사고,0,0,3,0,차대차 - 측면충돌,안전운전불이행,건조,맑음,교차로 - 교차로부근,승용,남,24세,상해없음,승합,남,54세,경상
2020011800100555,2020년 1월 18일 21시,토요일,경상북도 포항시 남구 오천읍,중상사고,0,1,3,0,차대차 - 추돌,안전운전불이행,건조,맑음,단일로 - 교량,승용,남,73세,중상,화물,남,44세,경상
2020011800100580,2020년 1월 18일 22시,토요일,경상북도 경산시 대동,중상사고,0,1,0,0,차대사람 - 보도통행중,기타,건조,맑음,단일로 - 기타,이륜,남,21세,상해없음,보행자,남,48세,중상
2020011800100581,2020년 1월 18일 22시,토요일,경상북도 구미시 형곡동,경상사고,0,0,1,0,차대차 - 기타,안전운전불이행,건조,맑음,교차로 - 교차로안,승용,남,35세,상해없음,이륜,남,48세,경상
2020011800100603,2020년 1월 18일 23시,토요일,경상북도 포항시 남구 오천읍,중상사고,0,1,0,0,차대차 - 측면충돌,중앙선침범,건조,맑음,교차로 - 교차로안,자전거,남,61세,중상,이륜,남,36세,상해없음
2020011800100604,2020년 1월 18일 23시,토요일,경상북도 포항시 남구 인덕동,중상사고,0,1,1,0,차대사람 - 기타,안전운전불이행,건조,맑음,주차장 - 주차장,이륜,남,60세,경상,보행자,남,62세,중상
2020011900100045,2020년 1월 19일 03시,일요일,경상북도 경주시 황오동,중상사고,0,1,0,0,차대차 - 추돌,안전운전불이행,건조,맑음,교차로 - 교차로부근,승용,남,70세,상해없음,승용,여,38세,중상
2020011900100087,2020년 1월 19일 08시,일요일,경상북도 경주시 동천동,경상사고,0,0,1,0,차대차 - 측면충돌,안전운전불이행,건조,맑음,교차로 - 교차로안,자전거,남,19세,경상,승용,남,76세,상해없음
2020011900100088,2020년 1월 19일 08시,일요일,경상북도 칠곡군 왜관읍,부상신고사고,0,0,0,1,차량단독 - 기타,안전운전불이행,건조,맑음,단일로 - 기타,승용,여,31세,부상신고,,,,
2020011900100119,2020년 1월 19일 10시,일요일,경상북도 청도군 청도읍,경상사고,0,0,2,0,차대차 - 측면충돌,교차로운행방법위반,건조,맑음,교차로 - 교차로부근,화물,남,74세,상해없음,승용,남,63세,경상
2020011900100145,2020년 1월 19일 11시,일요일,경상북도 경주시 충효동,중상사고,0,1,0,0,차대차 - 추돌,안전운전불이행,건조,맑음,단일로 - 기타,승용,남,60세,상해없음,화물,남,43세,중상
2020011900100146,2020년 1월 19일 11시,일요일,경상북도 김천시 모암동,경상사고,0,0,1,0,차대차 - 추돌,안전운전불이행,건조,맑음,교차로 - 교차로부근,승용,남,34세,기타불명,승용,남,56세,경상
2020011900100147,2020년 1월 19일 11시,일요일,경상북도 구미시 도량동,경상사고,0,0,2,0,차대차 - 기타,직진우회전진행방해,건조,맑음,교차로 - 교차로안,승용,남,43세,상해없음,승용,여,52세,경상
2020011900100174,2020년 1월 19일 12시,일요일,경상북도 영천시 완산동,경상사고,0,0,1,0,차대사람 - 횡단중,안전운전불이행,건조,맑음,단일로 - 기타,승용,여,58세,상해없음,보행자,남,59세,경상
2020011900100175,2020년 1월 19일 12시,일요일,경상북도 구미시 원평동,중상사고,0,1,0,0,차대사람 - 횡단중,보행자보호의무위반,건조,맑음,교차로 - 교차로부근,승용,여,50세,상해없음,보행자,남,84세,중상
2020011900100202,2020년 1월 19일 13시,일요일,경상북도 경주시 안강읍,중상사고,0,1,0,0,차대사람 - 횡단중,보행자보호의무위반,건조,맑음,교차로 - 교차로안,승용,남,64세,상해없음,보행자,여,61세,중상
2020011900100227,2020년 1월 19일 14시,일요일,경상북도 경주시 서부동,경상사고,0,0,1,0,차대차 - 측면충돌,안전운전불이행,건조,맑음,교차로 - 교차로안,승용,여,56세,상해없음,승용,남,62세,경상
2020011900100228,2020년 1월 19일 14시,일요일,경상북도 경산시 하양읍,경상사고,0,0,1,0,차대사람 - 길가장자리구역통행중,안전운전불이행,건조,맑음,단일로 - 기타,승용,남,54세,상해없음,보행자,여,46세,경상
2020011900100256,2020년 1월 19일 15시,일요일,경상북도 김천시 농소면,사망사고,1,0,0,0,차량단독 - 공작물충돌,안전운전불이행,건조,맑음,단일로 - 기타,농기계,남,60세,사망,,,,
2020011900100257,2020년 1월 19일 15시,일요일,경상북도 청도군 청도읍,경상사고,0,0,1,0,차대사람 - 차도통행중,안전운전불이행,건조,맑음,단일로 - 기타,승용,여,62세,상해없음,보행자,남,52세,경상
2020011900100281,2020년 1월 19일 16시,일요일,경상북도 포항시 남구 상도동,경상사고,0,0,1,1,차대차 - 추돌,안전운전불이행,건조,맑음,교차로 - 교차로부근,승용,남,49세,상해없음,승용,남,30세,경상
2020011900100337,2020년 1월 19일 18시,일요일,경상북도 경주시 건천읍,중상사고,0,1,0,1,차대차 - 측면충돌,안전운전불이행,젖음/습기,맑음,단일로 - 기타,화물,여,24세,상해없음,승용,여,33세,상해없음
2020011900100338,2020년 1월 19일 18시,일요일,경상북도 경산시 삼북동,경상사고,0,0,1,0,차대차 - 측면충돌,차로위반,건조,맑음,단일로 - 기타,승용,여,69세,기타불명,승용,여,52세,경상
2020011900100339,2020년 1월 19일 18시,일요일,경상북도 영덕군 강구면,부상신고사고,0,0,0,1,차대사람 - 길가장자리구역통행중,안전운전불이행,건조,맑음,단일로 - 기타,승용,여,58세,기타불명,보행자,남,18세,부상신고
2020011900100340,2020년 1월 19일 18시,일요일,경상북도 포항시 남구 대잠동,경상사고,0,0,2,1,차대차 - 기타,직진우회전진행방해,건조,맑음,교차로 - 교차로안,이륜,남,51세,부상신고,승용,남,27세,경상
2020011900100399,2020년 1월 19일 20시,일요일,경상북도 봉화군 봉화읍,경상사고,0,0,1,0,차대차 - 추돌,안전운전불이행,건조,맑음,단일로 - 기타,화물,남,71세,상해없음,화물,남,49세,상해없음
2020011900100449,2020년 1월 19일 23시,일요일,경상북도 안동시 용상동,경상사고,0,0,1,0,차대차 - 측면충돌,신호위반,건조,맑음,교차로 - 교차로안,이륜,남,37세,경상,승용,남,35세,상해없음
2020012000100006,2020년 1월 20일 00시,월요일,경상북도 포항시 북구 용흥동,경상사고,0,0,1,0,차량단독 - 전도전복 - 전도,안전운전불이행,건조,맑음,단일로 - 기타,이륜,남,23세,경상,,,,
2020012000100015,2020년 1월 20일 02시,월요일,경상북도 경주시 용강동,경상사고,0,0,1,0,차대차 - 측면충돌,안전운전불이행,건조,맑음,교차로 - 교차로부근,승용,남,46세,상해없음,승용,남,60세,상해없음
2020012000100016,2020년 1월 20일 02시,월요일,경상북도 포항시 북구 죽도동,경상사고,0,0,1,0,차대차 - 측면충돌,차로위반,건조,맑음,단일로 - 기타,승용,남,65세,상해없음,승용,남,63세,경상
2020012000100020,2020년 1월 20일 03시,월요일,경상북도 구미시 옥계동,경상사고,0,0,1,0,차대사람 - 기타,안전운전불이행,건조,맑음,단일로 - 기타,승용,남,37세,기타불명,보행자,남,27세,경상
2020012000100021,2020년 1월 20일 03시,월요일,경상북도 구미시 공단동,중상사고,0,2,0,0,차대차 - 기타,신호위반,건조,맑음,교차로 - 교차로안,승용,남,19세,상해없음,승용,남,67세,중상
2020012000100062,2020년 1월 20일 06시,월요일,경상북도 청송군 현서면,중상사고,0,1,0,0,차량단독 - 공작물충돌,안전운전불이행,서리/결빙,맑음,단일로 - 기타,승용,여,61세,중상,,,,
2020012000100123,2020년 1월 20일 08시,월요일,경상북도 포항시 남구 오천읍,경상사고,0,0,2,0,차대차 - 측면충돌,안전운전불이행,건조,맑음,교차로 - 교차로안,승용,남,63세,상해없음,승합,여,54세,경상
2020012000100161,2020년 1월 20일 09시,월요일,경상북도 안동시 송현동,중상사고,0,1,0,0,차대차 - 측면충돌,안전운전불이행,건조,맑음,단일로 - 기타,건설기계,남,59세,상해없음,승용,여,59세,중상
2020012000100197,2020년 1월 20일 10시,월요일,경상북도 영주시 휴천동,중상사고,0,1,0,0,차대차 - 기타,안전운전불이행,건조,맑음,교차로 - 교차로부근,화물,남,31세,상해없음,화물,남,89세,중상
2020012000100198,2020년 1월 20일 10시,월요일,경상북도 예천군 용문면,사망사고,1,0,0,0,차량단독 - 기타,안전운전불이행,건조,맑음,단일로 - 기타,승용,남,73세,사망,,,,
2020012000100233,2020년 1월 20일 11시,월요일,경상북도 경주시 감포읍,경상사고,0,0,2,1,차대차 - 측면충돌,안전운전불이행,건조,맑음,교차로 - 교차로안,승용,남,52세,부상신고,승용,여,53세,경상
2020012000100234,2020년 1월 20일 11시,월요일,경상북도 포항시 북구 학잠동,경상사고,0,0,1,0,차대차 - 기타,안전운전불이행,건조,맑음,단일로 - 기타,승용,남,64세,상해없음,승용,여,57세,경상
2020012000100235,2020년 1월 20일 11시,월요일,경상북도 영천시 조교동,경상사고,0,0,4,0,차대차 - 추돌,안전운전불이행,건조,맑음,교차로 - 교차로부근,화물,남,34세,경상,승용,남,51세,경상