사고번호,사고일시,요일,시군구,사고내용,사망자수,중상자수,경상자수,부상신고자수,사고유형,법규위반,노면상태,기상상태,도로형태,가해운전자 차종,가해운전자 성별,가해운전자 연령,가해운전자 상해정도,피해운전자 차종,피해운전자 성별,피해운전자 연령,피해운전자 상해정도
2020012000100236,2020년 1월 20일 11시,월요일,경상북도 구미시 산동면,부상신고사고,0,0,0,1,차대차 - 측면충돌,교차로운행방법위반,건조,맑음,교차로 - 교차로안,화물,남,38세,상해없음,화물,남,70세,부상신고
2020012000100237,2020년 1월 20일 11시,월요일,경상북도 포항시 남구 구룡포읍,중상사고,0,1,0,0,차대차 - 기타,직진우회전진행방해,건조,맑음,교차로 - 교차로안,화물,남,43세,상해없음,승용,남,76세,상해없음
2020012000100279,2020년 1월 20일 12시,월요일,경상북도 영천시 금노동,경상사고,0,0,4,0,차대차 - 측면충돌,차로위반,건조,맑음,교차로 - 교차로안,화물,남,58세,경상,승용,남,34세,경상
2020012000100317,2020년 1월 20일 13시,월요일,경상북도 경주시 안강읍,경상사고,0,0,1,0,차대차 - 추돌,안전운전불이행,건조,맑음,단일로 - 지하차도(도로)내,승용,여,35세,상해없음,자전거,여,67세,경상
2020012000100318,2020년 1월 20일 13시,월요일,경상북도 경산시 대동,경상사고,0,0,2,0,차대차 - 측면충돌,직진우회전진행방해,건조,맑음,교차로 - 교차로안,승용,남,25세,경상,승용,남,24세,경상
2020012000100319,2020년 1월 20일 13시,월요일,경상북도 구미시 구평동,경상사고,0,0,2,1,차대차 - 기타,안전거리미확보,건조,맑음,교차로 - 교차로부근,화물,남,44세,부상신고,승용,여,25세,경상
2020012000100406,2020년 1월 20일 15시,월요일,경상북도 경주시 성건동,경상사고,0,0,3,0,차대차 - 후진중충돌,안전운전불이행,건조,맑음,단일로 - 기타,승용,남,73세,상해없음,승용,남,23세,경상
2020012000100407,2020년 1월 20일 15시,월요일,경상북도 경주시 안강읍,경상사고,0,0,1,0,차대차 - 추돌,안전운전불이행,건조,맑음,교차로 - 교차로부근,승용,여,35세,상해없음,승합,남,74세,경상
2020012000100442,2020년 1월 20일 16시,월요일,경상북도 상주시 냉림동,경상사고,0,0,1,0,차대사람 - 횡단중,보행자보호의무위반,건조,맑음,교차로 - 교차로횡단보도내,화물,남,60세,상해없음,보행자,남,55세,경상
2020012000100443,2020년 1월 20일 16시,월요일,경상북도 칠곡군 약목면,중상사고,0,1,0,0,차대차 - 측면충돌,안전운전불이행,건조,맑음,교차로 - 교차로안,승용,여,48세,상해없음,이륜,여,52세,중상
2020012000100444,2020년 1월 20일 16시,월요일,경상북도 문경시 모전동,경상사고,0,0,2,0,차대차 - 측면충돌,안전운전불이행,건조,맑음,교차로 - 교차로안,승용,남,53세,상해없음,승용,여,65세,경상
2020012000100488,2020년 1월 20일 17시,월요일,경상북도 경주시 용강동,중상사고,0,1,0,0,차대차 - 측면충돌,안전운전불이행,건조,맑음,교차로 - 교차로안,승용,남,19세,상해없음,승용,여,55세,중상
2020012000100489,2020년 1월 20일 17시,월요일,경상북도 경주시 충효동,경상사고,0,0,1,0,차대차 - 기타,안전운전불이행,건조,맑음,교차로 - 교차로부근,승용,남,71세,상해없음,승용,여,59세,경상
2020012000100490,2020년 1월 20일 17시,월요일,경상북도 구미시 원평동,중상사고,0,1,0,0,차대사람 - 기타,보행자보호의무위반,건조,맑음,교차로 - 교차로안,승용,남,59세,상해없음,보행자,남,77세,중상
2020012000100491,2020년 1월 20일 17시,월요일,경상북도 포항시 남구 연일읍,중상사고,0,1,0,0,차대차 - 추돌,안전운전불이행,건조,맑음,단일로 - 기타,승용,남,26세,상해없음,승용,남,59세,중상
2020012000100538,2020년 1월 20일 18시,월요일,경상북도 포항시 남구 상도동,경상사고,0,0,6,0,차대차 - 측면충돌,신호위반,건조,맑음,교차로 - 교차로안,승용,남,63세,상해없음,승합,남,44세,상해없음
2020012000100586,2020년 1월 20일 19시,월요일,경상북도 안동시 태화동,경상사고,0,0,1,0,차대차 - 후진중충돌,안전운전불이행,건조,맑음,교차로 - 교차로부근,승용,남,42세,상해없음,이륜,남,25세,경상
2020012000100620,2020년 1월 20일 20시,월요일,경상북도 칠곡군 지천면,경상사고,0,0,3,0,차대차 - 측면충돌,안전운전불이행,건조,맑음,단일로 - 기타,기타불명,기타불명,미분류,기타불명,승용,남,57세,상해없음
2020012000100647,2020년 1월 20일 21시,월요일,경상북도 김천시 부곡동,경상사고,0,0,1,0,차대사람 - 차도통행중,교차로운행방법위반,건조,맑음,주차장 - 주차장,화물,남,45세,상해없음,보행자,남,63세,경상
2020012000100648,2020년 1월 20일 21시,월요일,경상북도 구미시 고아읍,경상사고,0,0,1,0,차대차 - 추돌,안전운전불이행,건조,맑음,교차로 - 교차로부근,승용,남,49세,상해없음,승용,남,31세,경상
2020012000100673,2020년 1월 20일 22시,월요일,경상북도 성주군 성주읍,경상사고,0,0,1,0,차대차 - 측면충돌,신호위반,건조,맑음,교차로 - 교차로안,승용,여,50세,상해없음,승용,여,50세,경상
2020012000100694,2020년 1월 20일 23시,월요일,경상북도 구미시 인의동,중상사고,0,2,0,0,차대차 - 기타,과속,건조,맑음,교차로 - 교차로안,승용,남,37세,상해없음,승용,남,29세,중상
2020012100100042,2020년 1월 21일 04시,화요일,경상북도 포항시 북구 죽도동,중상사고,0,1,0,0,차대차 - 측면충돌,안전운전불이행,건조,맑음,단일로 - 기타,승용,남,62세,상해없음,승용,남,61세,중상
2020012100100043,2020년 1월 21일 04시,화요일,경상북도 군위군 우보면,경상사고,0,0,1,0,차대차 - 측면충돌,중앙선침범,건조,맑음,단일로 - 기타,승용,남,66세,경상,화물,남,55세,상해없음
2020012100100082,2020년 1월 21일 07시,화요일,경상북도 포항시 북구 양덕동,경상사고,0,0,1,0,차대차 - 측면충돌,차로위반,건조,맑음,단일로 - 기타,건설기계,남,60세,기타불명,승용,여,34세,경상
2020012100100083,2020년 1월 21일 07시,화요일,경상북도 구미시 산동면,중상사고,0,1,1,0,차대차 - 측면충돌,교차로운행방법위반,건조,맑음,교차로 - 교차로안,승용,남,48세,중상,승용,여,26세,경상
2020012100100084,2020년 1월 21일 07시,화요일,경상북도 구미시 임수동,중상사고,0,2,0,0,차대차 - 정면충돌,중앙선침범,건조,맑음,단일로 - 기타,화물,남,36세,중상,화물,남,59세,중상
2020012100100085,2020년 1월 21일 07시,화요일,경상북도 포항시 남구 동촌동,중상사고,0,1,0,0,차대차 - 측면충돌,신호위반,건조,맑음,교차로 - 교차로안,이륜,남,28세,중상,승용,남,53세,상해없음
2020012100100131,2020년 1월 21일 08시,화요일,경상북도 안동시 옥동,경상사고,0,0,1,0,차대차 - 측면충돌,교차로운행방법위반,건조,맑음,단일로 - 기타,승용,여,26세,상해없음,화물,남,69세,상해없음
2020012100100132,2020년 1월 21일 08시,화요일,경상북도 영주시 가흥동,경상사고,0,0,1,0,차대차 - 측면충돌,신호위반,건조,맑음,교차로 - 교차로안,승용,여,54세,상해없음,화물,남,65세,경상
2020012100100171,2020년 1월 21일 09시,화요일,경상북도 경주시 성동동,중상사고,0,1,0,0,차대차 - 추돌,안전운전불이행,건조,맑음,교차로 - 교차로부근,승용,남,66세,상해없음,승용,여,65세,중상
2020012100100204,2020년 1월 21일 10시,화요일,경상북도 포항시 북구 기계면,경상사고,0,0,1,0,차대차 - 측면충돌,신호위반,건조,맑음,교차로 - 교차로안,이륜,남,80세,경상,승용,남,47세,상해없음
2020012100100243,2020년 1월 21일 11시,화요일,경상북도 김천시 황금동,중상사고,0,1,0,0,차대사람 - 횡단중,보행자보호의무위반,건조,맑음,교차로 - 교차로횡단보도내,승용,여,67세,상해없음,보행자,여,88세,중상
2020012100100244,2020년 1월 21일 11시,화요일,경상북도 상주시 화동면,중상사고,0,1,1,0,차대차 - 측면충돌,안전운전불이행,건조,맑음,단일로 - 기타,승용,남,66세,상해없음,화물,남,68세,상해없음
2020012100100284,2020년 1월 21일 12시,화요일,경상북도 의성군 가음면,중상사고,0,1,0,0,차대차 - 기타,안전운전불이행,건조,맑음,단일로 - 기타,승용,여,63세,상해없음,이륜,남,83세,중상
2020012100100285,2020년 1월 21일 12시,화요일,경상북도 구미시 고아읍,경상사고,0,0,1,0,차대차 - 측면충돌,안전운전불이행,건조,맑음,단일로 - 기타,화물,남,51세,상해없음,승용,여,44세,경상
2020012100100330,2020년 1월 21일 13시,화요일,경상북도 성주군 월항면,중상사고,0,1,0,0,차대차 - 추돌,안전운전불이행,건조,맑음,교차로 - 교차로부근,승용,남,55세,상해없음,승용,여,53세,중상
2020012100100331,2020년 1월 21일 13시,화요일,경상북도 울릉군 서면,사망사고,1,0,0,0,차량단독 - 전도전복 - 전도,안전운전불이행,건조,맑음,단일로 - 기타,농기계,남,75세,사망,,,,
2020012100100332,2020년 1월 21일 13시,화요일,경상북도 포항시 남구 인덕동,경상사고,0,0,3,0,차대차 - 측면충돌,직진우회전진행방해,건조,맑음,교차로 - 교차로안,승용,남,47세,경상,승용,남,33세,경상
2020012100100375,2020년 1월 21일 14시,화요일,경상북도 경주시 황성동,중상사고,0,1,0,0,차대사람 - 차도통행중,안전운전불이행,건조,맑음,단일로 - 지하차도(도로)내,승용,여,40세,상해없음,보행자,여,76세,중상
2020012100100376,2020년 1월 21일 14시,화요일,경상북도 경주시 안강읍,경상사고,0,0,1,1,차대차 - 측면충돌,안전운전불이행,건조,맑음,교차로 - 교차로안,승용,여,45세,부상신고,승용,남,37세,경상
2020012100100377,2020년 1월 21일 14시,화요일,경상북도 칠곡군 왜관읍,중상사고,0,1,3,0,차대차 - 추돌,안전운전불이행,건조,맑음,단일로 - 교량,승용,여,39세,상해없음,승용,남,55세,경상
2020012100100378,2020년 1월 21일 14시,화요일,경상북도 구미시 공단동,경상사고,0,0,2,0,차대차 - 기타,안전운전불이행,건조,맑음,교차로 - 교차로안,이륜,남,47세,경상,승용,남,38세,경상
2020012100100430,2020년 1월 21일 15시,화요일,경상북도 안동시 송천동,중상사고,0,1,0,0,차대사람 - 횡단중,안전운전불이행,건조,맑음,단일로 - 교량,승용,남,59세,상해없음,보행자,남,81세,중상
2020012100100431,2020년 1월 21일 15시,화요일,경상북도 상주시 신봉동,중상사고,0,1,0,0,차대차 - 추돌,안전운전불이행,건조,맑음,단일로 - 기타,화물,남,51세,상해없음,화물,남,55세,중상
2020012100100432,2020년 1월 21일 15시,화요일,경상북도 영주시 풍기읍,중상사고,0,4,0,0,차대차 - 추돌,안전운전불이행,건조,맑음,단일로 - 기타,승용,남,61세,상해없음,승용,여,46세,중상
2020012100100433,2020년 1월 21일 15시,화요일,경상북도 영덕군 영덕읍,중상사고,0,1,0,0,차대차 - 측면충돌,직진우회전진행방해,젖음/습기,맑음,교차로 - 교차로안,승용,남,47세,상해없음,화물,남,77세,중상
2020012100100472,2020년 1월 21일 16시,화요일,경상북도 상주시 공성면,중상사고,0,1,0,0,차대사람 - 차도통행중,안전운전불이행,건조,맑음,단일로 - 기타,화물,남,57세,상해없음,보행자,남,89세,중상
2020012100100473,2020년 1월 21일 16시,화요일,경상북도 성주군 성주읍,중상사고,0,1,0,0,차대사람 - 차도통행중,안전운전불이행,건조,맑음,교차로 - 교차로안,화물,남,73세,상해없음,보행자,남,70세,중상
2020012100100519,2020년 1월 21일 17시,화요일,경상북도 포항시 남구 상도동,경상사고,0,0,1,0,차대사람 - 기타,안전운전불이행,건조,맑음,교차로 - 교차로안,승용,여,71세,상해없음,보행자,여,9세,경상
2020012100100585,2020년 1월 21일 18시,화요일,경상북도 경주시 안강읍,경상사고,0,0,1,0,차대사람 - 기타,안전운전불이행,건조,맑음,교차로 - 교차로부근,승합,여,56세,상해없음,보행자,남,70세,경상
2020012100100586,2020년 1월 21일 18시,화요일,경상북도 포항시 북구 항구동,경상사고,0,0,1,0,차대차 - 측면충돌,안전운전불이행,건조,맑음,단일로 - 기타,화물,남,45세,상해없음,이륜,남,47세,경상
2020012100100587,2020년 1월 21일 18시,화요일,경상북도 포항시 북구 장성동,경상사고,0,0,1,0,차대차 - 추돌,안전거리미확보,건조,맑음,교차로 - 교차로부근,승용,남,28세,상해없음,승용,남,32세,경상
2020012100100588,2020년 1월 21일 18시,화요일,경상북도 칠곡군 왜관읍,중상사고,0,1,0,0,차대사람 - 횡단중,보행자보호의무위반,건조,맑음,교차로 - 교차로부근,승합,남,47세,상해없음,보행자,여,17세,중상
2020012100100640,2020년 1월 21일 19시,화요일,경상북도 경주시 천군동,중상사고,0,1,0,0,차대차 - 측면충돌,안전운전불이행,건조,맑음,단일로 - 지하차도(도로)내,승용,남,18세,상해없음,이륜,남,21세,중상
2020012100100641,2020년 1월 21일 19시,화요일,경상북도 경주시 동천동,중상사고,0,2,1,0,차대차 - 측면충돌,안전운전불이행,건조,맑음,교차로 - 교차로부근,승용,남,45세,상해없음,승용,남,64세,경상
2020012100100642,2020년 1월 21일 19시,화요일,경상북도 경산시 남천면,경상사고,0,0,1,0,차대차 - 측면충돌,안전운전불이행,건조,맑음,단일로 - 기타,승용,남,59세,상해없음,승용,남,44세,경상
2020012100100671,2020년 1월 21일 20시,화요일,경상북도 구미시 옥계동,경상사고,0,0,1,1,차대차 - 측면충돌,안전거리미확보,건조,맑음,단일로 - 기타,승용,여,40세,부상신고,승용,여,34세,경상
2020012100100699,2020년 1월 21일 21시,화요일,경상북도 영주시 가흥동,경상사고,0,0,2,0,차대차 - 측면충돌,안전운전불이행,건조,맑음,교차로 - 교차로안,승용,여,51세,상해없음,승용,여,49세,경상
2020012100100700,2020년 1월 21일 21시,화요일,경상북도 성주군 용암면,사망사고,1,0,0,0,차대차 - 정면충돌,안전운전불이행,건조,맑음,단일로 - 기타,승용,남,68세,사망,화물,남,65세,기타불명
2020012100100701,2020년 1월 21일 21시,화요일,경상북도 포항시 남구 대잠동,경상사고,0,0,1,0,차대차 - 기타,교차로운행방법위반,건조,맑음,교차로 - 교차로안,승용,여,55세,상해없음,이륜,남,24세,경상
2020012200100024,2020년 1월 22일 01시,수요일,경상북도 구미시 진평동,부상신고사고,0,0,0,1,차대차 - 기타,안전운전불이행,건조,맑음,단일로 - 기타,승용,남,52세,상해없음,원동기,남,29세,부상신고
2020012200100032,2020년 1월 22일 02시,수요일,경상북도 포항시 남구 장흥동,경상사고,0,0,1,0,차대차 - 측면충돌,신호위반,건조,맑음,교차로 - 교차로안,화물,남,54세,상해없음,승용,남,24세,경상
2020012200100063,2020년 1월 22일 06시,수요일,경상북도 포항시 남구 연일읍,경상사고,0,0,1,0,차대차 - 추돌,안전운전불이행,건조,맑음,교차로 - 교차로부근,승용,남,54세,상해없음,특수,남,30세,경상
2020012200100091,2020년 1월 22일 07시,수요일,경상북도 안동시 풍천면,중상사고,0,1,0,0,차대사람 - 보도통행중,보행자보호의무위반,건조,맑음,교차로 - 교차로안,승용,남,38세,상해없음,보행자,여,53세,중상
2020012200100092,2020년 1월 22일 07시,수요일,경상북도 김천시 신음동,중상사고,0,1,0,0,차대사람 - 기타,안전운전불이행,건조,맑음,단일로 - 기타,승용,남,67세,상해없음,보행자,남,76세,중상
2020012200100093,2020년 1월 22일 07시,수요일,경상북도 김천시 평화동,경상사고,0,0,1,0,차대차 - 측면충돌,안전운전불이행,건조,맑음,교차로 - 교차로안,승용,남,38세,상해없음,승용,남,42세,경상
2020012200100094,2020년 1월 22일 07시,수요일,경상북도 구미시 인의동,경상사고,0,0,2,0,차대차 - 기타,안전운전불이행,건조,맑음,교차로 - 교차로안,승용,남,66세,상해없음,승용,여,31세,경상
2020012200100112,2020년 1월 22일 08시,수요일,경상북도 칠곡군 지천면,경상사고,0,0,1,0,차대차 - 측면충돌,안전운전불이행,기타,맑음,단일로 - 기타,승용,여,22세,기타불명,승용,남,40세,경상
2020012200100142,2020년 1월 22일 09시,수요일,경상북도 칠곡군 가산면,부상신고사고,0,0,0,2,차대차 - 기타,중앙선침범,건조,맑음,단일로 - 기타,화물,남,53세,상해없음,승용,여,50세,부상신고
2020012200100143,2020년 1월 22일 09시,수요일,경상북도 문경시 산양면,경상사고,0,0,1,0,차대차 - 기타,안전거리미확보,건조,맑음,단일로 - 기타,승용,여,68세,상해없음,화물,남,38세,경상
2020012200100144,2020년 1월 22일 09시,수요일,경상북도 봉화군 봉화읍,경상사고,0,0,2,0,차대차 - 측면충돌,직진우회전진행방해,건조,흐림,교차로 - 교차로안,승용,남,71세,경상,승용,남,80세,경상
2020012200100167,2020년 1월 22일 10시,수요일,경상북도 포항시 북구 죽도동,중상사고,0,1,0,0,차대차 - 측면충돌,신호위반,건조,맑음,교차로 - 교차로안,자전거,여,67세,중상,승용,남,64세,상해없음
2020012200100168,2020년 1월 22일 10시,수요일,경상북도 안동시 옥동,경상사고,0,0,1,0,차대차 - 측면충돌,안전운전불이행,건조,맑음,단일로 - 기타,승용,여,54세,경상,화물,남,45세,상해없음
2020012200100169,2020년 1월 22일 10시,수요일,경상북도 봉화군 봉성면,경상사고,0,0,2,0,차대차 - 측면충돌,직진우회전진행방해,건조,흐림,교차로 - 교차로안,화물,남,66세,상해없음,화물,남,67세,경상
2020012200100204,2020년 1월 22일 11시,수요일,경상북도 영양군 영양읍,경상사고,0,0,1,0,차대차 - 측면충돌,직진우회전진행방해,건조,맑음,교차로 - 교차로안,화물,남,44세,상해없음,화물,여,43세,경상
2020012200100229,2020년 1월 22일 12시,수요일,경상북도 안동시 용상동,경상사고,0,0,1,0,차대차 - 측면충돌,중앙선침범,건조,맑음,교차로 - 교차로부근,화물,남,35세,상해없음,승용,남,36세,경상
2020012200100256,2020년 1월 22일 13시,수요일,경상북도 경산시 조영동,경상사고,0,0,2,0,차대차 - 측면충돌,안전운전불이행,건조,맑음,단일로 - 기타,화물,남,26세,상해없음,승용,여,24세,경상
2020012200100257,2020년 1월 22일 13시,수요일,경상북도 성주군 성주읍,경상사고,0,0,1,0,차대사람 - 횡단중,안전운전불이행,건조,맑음,교차로 - 교차로횡단보도내,승용,남,82세,기타불명,보행자,여,37세,경상
2020012200100293,2020년 1월 22일 14시,수요일,경상북도 포항시 북구 흥해읍,경상사고,0,0,1,0,차대차 - 추돌,안전거리미확보,건조,맑음,단일로 - 기타,승용,남,51세,상해없음,승용,남,28세,상해없음
2020012200100294,2020년 1월 22일 14시,수요일,경상북도 영주시 휴천동,중상사고,0,1,1,0,차대차 - 기타,중앙선침범,건조,맑음,단일로 - 기타,승용,여,48세,중상,승용,여,48세,경상
2020012200100295,2020년 1월 22일 14시,수요일,경상북도 문경시 문경읍,중상사고,0,1,0,0,차대사람 - 기타,안전운전불이행,건조,맑음,주차장 - 주차장,화물,남,32세,상해없음,보행자,여,77세,중상
2020012200100331,2020년 1월 22일 15시,수요일,경상북도 경주시 동천동,경상사고,0,0,1,0,차대차 - 측면충돌,직진우회전진행방해,젖음/습기,비,교차로 - 교차로안,승합,여,47세,상해없음,이륜,여,55세,경상
2020012200100332,2020년 1월 22일 15시,수요일,경상북도 경주시 서면,부상신고사고,0,0,0,1,차대사람 - 차도통행중,안전운전불이행,건조,맑음,주차장 - 주차장,화물,남,25세,상해없음,보행자,여,76세,부상신고
2020012200100333,2020년 1월 22일 15시,수요일,경상북도 김천시 남면,경상사고,0,0,1,0,차대차 - 측면충돌,교차로운행방법위반,건조,맑음,교차로 - 교차로안,승용,남,43세,상해없음,화물,남,42세,경상
2020012200100334,2020년 1월 22일 15시,수요일,경상북도 상주시 무양동,중상사고,0,1,1,0,차대차 - 측면충돌,교차로운행방법위반,건조,흐림,교차로 - 교차로안,승용,여,39세,상해없음,승용,여,61세,경상
2020012200100335,2020년 1월 22일 15시,수요일,경상북도 문경시 점촌동,경상사고,0,0,1,0,차대차 - 측면충돌,차로위반,건조,맑음,교차로 - 교차로안,화물,남,83세,상해없음,승용,여,65세,경상
2020012200100376,2020년 1월 22일 16시,수요일,경상북도 경주시 강동면,경상사고,0,0,1,0,차대차 - 측면충돌,신호위반,건조,맑음,교차로 - 교차로안,승용,남,60세,상해없음,승용,남,42세,경상
2020012200100377,2020년 1월 22일 16시,수요일,경상북도 상주시 낙양동,중상사고,0,1,0,0,차대사람 - 기타,안전운전불이행,건조,맑음,주차장 - 주차장,화물,남,62세,상해없음,보행자,여,43세,중상
2020012200100378,2020년 1월 22일 16시,수요일,경상북도 포항시 남구 오천읍,중상사고,0,1,0,0,차대차 - 기타,안전운전불이행,젖음/습기,비,교차로 - 교차로안,승합,여,47세,상해없음,이륜,남,31세,중상
2020012200100439,2020년 1월 22일 17시,수요일,경상북도 경주시 용강동,경상사고,0,0,1,0,차대차 - 기타,교차로운행방법위반,젖음/습기,비,교차로 - 교차로부근,화물,남,56세,상해없음,이륜,남,21세,경상
2020012200100440,2020년 1월 22일 17시,수요일,경상북도 경주시 양남면,중상사고,0,1,0,0,차대사람 - 길가장자리구역통행중,안전운전불이행,젖음/습기,맑음,단일로 - 기타,승용,남,40세,상해없음,보행자,남,69세,중상
2020012200100441,2020년 1월 22일 17시,수요일,경상북도 경주시 성동동,경상사고,0,0,2,0,차대사람 - 기타,안전운전불이행,젖음/습기,비,주차장 - 주차장,이륜,남,56세,상해없음,보행자,여,38세,경상
2020012200100442,2020년 1월 22일 17시,수요일,경상북도 포항시 북구 용흥동,경상사고,0,0,1,0,차대차 - 기타,안전운전불이행,젖음/습기,비,교차로 - 교차로안,승용,남,42세,상해없음,승용,여,36세,경상
2020012200100443,2020년 1월 22일 17시,수요일,경상북도 안동시 태화동,경상사고,0,0,1,0,차대차 - 측면충돌,안전운전불이행,건조,맑음,단일로 - 기타,승용,남,81세,상해없음,승용,남,39세,경상
2020012200100444,2020년 1월 22일 17시,수요일,경상북도 포항시 남구 연일읍,경상사고,0,0,1,0,차대차 - 기타,교차로운행방법위반,건조,맑음,교차로 - 교차로부근,건설기계,남,64세,상해없음,승용,여,39세,경상
2020012200100509,2020년 1월 22일 18시,수요일,경상북도 경주시 구황동,중상사고,0,1,1,0,차대사람 - 횡단중,보행자보호의무위반,젖음/습기,흐림,교차로 - 교차로횡단보도내,승용,남,48세,상해없음,보행자,여,20세,중상
2020012200100510,2020년 1월 22일 18시,수요일,경상북도 구미시 도량동,중상사고,0,1,0,0,차대사람 - 횡단중,신호위반,젖음/습기,비,단일로 - 기타,이륜,남,16세,상해없음,보행자,남,48세,중상
2020012200100511,2020년 1월 22일 18시,수요일,경상북도 구미시 진평동,경상사고,0,0,1,0,차대차 - 측면충돌,교차로운행방법위반,젖음/습기,흐림,교차로 - 교차로안,이륜,남,29세,경상,화물,남,28세,상해없음
2020012200100572,2020년 1월 22일 19시,수요일,경상북도 경주시 용강동,중상사고,0,1,0,0,차대사람 - 횡단중,보행자보호의무위반,젖음/습기,비,교차로 - 교차로부근,이륜,남,28세,상해없음,보행자,남,64세,중상
2020012200100573,2020년 1월 22일 19시,수요일,경상북도 경주시 노서동,경상사고,0,0,1,0,차대차 - 측면충돌,안전운전불이행,건조,맑음,교차로 - 교차로안,승용,여,53세,상해없음,승용,여,58세,경상
2020012200100574,2020년 1월 22일 19시,수요일,경상북도 포항시 북구 기계면,중상사고,0,1,0,0,차대사람 - 횡단중,안전운전불이행,건조,맑음,단일로 - 기타,승용,남,38세,상해없음,보행자,여,74세,중상
2020012200100575,2020년 1월 22일 19시,수요일,경상북도 상주시 무양동,경상사고,0,0,2,0,차대차 - 측면충돌,교차로운행방법위반,건조,맑음,교차로 - 교차로안,승용,남,62세,상해없음,승용,여,28세,경상
2020012200100576,2020년 1월 22일 19시,수요일,경상북도 칠곡군 동명면,중상사고,0,1,1,0,차대차 - 측면충돌,교차로운행방법위반,건조,맑음,교차로 - 교차로안,승용,여,70세,경상,승용,여,51세,중상
2020012200100622,2020년 1월 22일 20시,수요일,경상북도 김천시 성내동,경상사고,0,0,1,0,차대차 - 측면충돌,신호위반,건조,맑음,교차로 - 교차로안,승합,남,60세,상해없음,승용,남,37세,경상
2020012200100623,2020년 1월 22일 20시,수요일,경상북도 김천시 모암동,경상사고,0,0,1,0,차대차 - 측면충돌,교차로운행방법위반,건조,맑음,교차로 - 교차로안,승용,남,56세,상해없음,자전거,여,63세,경상
2020012200100624,2020년 1월 22일 20시,수요일,경상북도 경산시 조영동,경상사고,0,0,1,0,차대차 - 기타,차로위반,젖음/습기,비,단일로 - 기타,승용,남,65세,상해없음,이륜,남,38세,경상
2020012200100625,2020년 1월 22일 20시,수요일,경상북도 구미시 임수동,중상사고,0,1,1,0,차대차 - 추돌,안전운전불이행,건조,맑음,단일로 - 기타,승용,남,49세,상해없음,승용,남,44세,중상
2020012200100626,2020년 1월 22일 20시,수요일,경상북도 구미시 임수동,경상사고,0,0,3,0,차대차 - 기타,신호위반,젖음/습기,비,단일로 - 교량,승용,남,62세,상해없음,승용,남,48세,상해없음
2020012200100665,2020년 1월 22일 21시,수요일,경상북도 경산시 정평동,경상사고,0,0,1,0,차대차 - 추돌,안전운전불이행,젖음/습기,비,교차로 - 교차로부근,승용,여,50세,상해없음,이륜,여,52세,경상
2020012200100695,2020년 1월 22일 22시,수요일,경상북도 구미시 황상동,경상사고,0,0,1,0,차대차 - 기타,안전운전불이행,젖음/습기,비,교차로 - 교차로부근,승용,여,27세,경상,승합,남,57세,상해없음
2020012200100735,2020년 1월 22일 23시,수요일,경상북도 포항시 북구 죽도동,중상사고,0,1,0,0,차대사람 - 횡단중,보행자보호의무위반,건조,맑음,교차로 - 교차로횡단보도내,승용,남,48세,상해없음,보행자,남,50세,중상
2020012300100013,2020년 1월 23일 00시,목요일,경상북도 영천시 야사동,경상사고,0,0,1,0,차대차 - 측면충돌,교차로운행방법위반,건조,맑음,교차로 - 교차로안,승용,여,48세,상해없음,승용,여,31세,경상
2020012300100030,2020년 1월 23일 01시,목요일,경상북도 포항시 남구 해도동,경상사고,0,0,2,0,차대차 - 측면충돌,신호위반,젖음/습기,비,교차로 - 교차로안,승용,남,43세,상해없음,승용,남,61세,경상
2020012300100047,2020년 1월 23일 03시,목요일,경상북도 구미시 원평동,경상사고,0,0,2,0,차대차 - 기타,교차로운행방법위반,건조,맑음,단일로 - 기타,승용,남,50세,상해없음,승용,남,21세,경상
2020012300100048,2020년 1월 23일 03시,목요일,경상북도 김천시 봉산면,경상사고,0,0,2,0,차대차 - 측면충돌,안전운전불이행,젖음/습기,비,단일로 - 기타,화물,남,83세,상해없음,승용,남,31세,경상
2020012300100096,2020년 1월 23일 07시,목요일,경상북도 경산시 진량읍,경상사고,0,0,1,0,차대차 - 측면충돌,신호위반,젖음/습기,비,교차로 - 교차로안,승용,남,29세,기타불명,화물,남,65세,상해없음
2020012300100125,2020년 1월 23일 08시,목요일,경상북도 영천시 화산면,중상사고,0,1,2,0,차량단독 - 공작물충돌,안전운전불이행,젖음/습기,비,단일로 - 기타,승용,남,20세,경상,,,,
2020012300100126,2020년 1월 23일 08시,목요일,경상북도 포항시 남구 오천읍,경상사고,0,0,2,0,차대차 - 측면충돌,안전운전불이행,젖음/습기,흐림,교차로 - 교차로안,승용,남,78세,경상,화물,남,47세,경상
2020012300100157,2020년 1월 23일 09시,목요일,경상북도 경주시 효현동,경상사고,0,0,2,0,차대차 - 정면충돌,중앙선침범,젖음/습기,비,단일로 - 기타,화물,남,71세,경상,승용,남,61세,경상
2020012300100158,2020년 1월 23일 09시,목요일,경상북도 문경시 문경읍,경상사고,0,0,1,0,차대차 - 기타,안전운전불이행,건조,맑음,교차로 - 교차로안,화물,남,66세,상해없음,승용,여,35세,경상
2020012300100159,2020년 1월 23일 09시,목요일,경상북도 구미시 황상동,경상사고,0,0,1,0,차대사람 - 횡단중,안전운전불이행,젖음/습기,비,단일로 - 기타,승용,남,36세,상해없음,보행자,여,59세,경상