사고번호,사고일시,요일,시군구,사고내용,사망자수,중상자수,경상자수,부상신고자수,사고유형,법규위반,노면상태,기상상태,도로형태,가해운전자 차종,가해운전자 성별,가해운전자 연령,가해운전자 상해정도,피해운전자 차종,피해운전자 성별,피해운전자 연령,피해운전자 상해정도
2020020300100354,2020년 2월 3일 15시,월요일,경상북도 상주시 낙양동,경상사고,0,0,1,0,차대차 - 측면충돌,교차로운행방법위반,건조,맑음,교차로 - 교차로안,승용,여,55세,상해없음,승합,남,30세,경상
2020020300100356,2020년 2월 3일 15시,월요일,경상북도 성주군 대가면,경상사고,0,0,1,0,차량단독 - 도로외이탈 - 기타,안전운전불이행,건조,맑음,단일로 - 기타,화물,남,60세,경상,,,,
2020020300100357,2020년 2월 3일 15시,월요일,경상북도 구미시 옥계동,경상사고,0,0,1,0,차대차 - 기타,안전운전불이행,건조,맑음,교차로 - 교차로안,승용,여,50세,상해없음,승용,여,29세,경상
2020020300100385,2020년 2월 3일 16시,월요일,경상북도 구미시 선산읍,경상사고,0,0,1,0,차대사람 - 기타,안전운전불이행,건조,맑음,단일로 - 기타,승용,남,82세,기타불명,보행자,여,16세,경상
2020020300100386,2020년 2월 3일 16시,월요일,경상북도 구미시 사곡동,부상신고사고,0,0,0,1,차대차 - 정면충돌,안전운전불이행,건조,맑음,단일로 - 기타,승용,남,27세,상해없음,자전거,남,10세,부상신고
2020020300100413,2020년 2월 3일 17시,월요일,경상북도 포항시 북구 흥해읍,경상사고,0,0,1,0,차대차 - 측면충돌,교차로운행방법위반,건조,맑음,교차로 - 교차로안,화물,남,46세,상해없음,이륜,남,43세,경상
2020020300100414,2020년 2월 3일 17시,월요일,경상북도 포항시 북구 죽도동,경상사고,0,0,2,0,차대차 - 측면충돌,안전운전불이행,건조,맑음,단일로 - 기타,승용,여,51세,상해없음,승용,남,64세,경상
2020020300100463,2020년 2월 3일 18시,월요일,경상북도 상주시 인평동,경상사고,0,0,1,0,차대사람 - 횡단중,보행자보호의무위반,건조,맑음,교차로 - 교차로안,승용,남,31세,상해없음,보행자,남,62세,경상
2020020300100497,2020년 2월 3일 19시,월요일,경상북도 의성군 봉양면,경상사고,0,0,1,0,차량단독 - 공작물충돌,안전운전불이행,건조,맑음,단일로 - 기타,승용,여,56세,경상,,,,
2020020300100531,2020년 2월 3일 20시,월요일,경상북도 칠곡군 가산면,경상사고,0,0,1,0,차대차 - 측면충돌,중앙선침범,건조,맑음,단일로 - 기타,승용,남,59세,상해없음,승용,남,60세,경상
2020020300100532,2020년 2월 3일 20시,월요일,경상북도 칠곡군 지천면,중상사고,0,1,0,0,차대차 - 추돌,안전운전불이행,건조,맑음,단일로 - 기타,화물,남,64세,중상,화물,남,50세,상해없음
2020020300100580,2020년 2월 3일 22시,월요일,경상북도 경주시 구정동,중상사고,0,2,0,0,차대차 - 추돌,안전운전불이행,건조,맑음,교차로 - 교차로부근,승용,남,52세,상해없음,승용,남,52세,중상
2020020300100581,2020년 2월 3일 22시,월요일,경상북도 안동시 풍천면,중상사고,0,1,1,0,차대사람 - 횡단중,보행자보호의무위반,건조,맑음,단일로 - 기타,승용,여,72세,경상,보행자,남,50세,중상
2020020300100595,2020년 2월 3일 23시,월요일,경상북도 구미시 형곡동,경상사고,0,0,1,0,차대차 - 측면충돌,안전운전불이행,건조,맑음,교차로 - 교차로부근,승용,남,52세,상해없음,이륜,남,18세,경상
2020020400100018,2020년 2월 4일 01시,화요일,경상북도 안동시 임하면,사망사고,1,0,0,0,차량단독 - 도로외이탈 - 추락,안전운전불이행,건조,맑음,단일로 - 기타,승용,남,42세,사망,,,,
2020020400100025,2020년 2월 4일 02시,화요일,경상북도 포항시 남구 호미곶면,경상사고,0,0,2,0,차대차 - 측면충돌,직진우회전진행방해,건조,맑음,교차로 - 교차로안,승용,남,65세,상해없음,승용,남,64세,경상
2020020400100030,2020년 2월 4일 03시,화요일,경상북도 안동시 일직면,중상사고,0,2,2,0,차대차 - 기타,안전운전불이행,건조,맑음,단일로 - 기타,승용,남,34세,상해없음,화물,남,53세,상해없음
2020020400100069,2020년 2월 4일 07시,화요일,경상북도 상주시 냉림동,경상사고,0,0,1,0,차대차 - 측면충돌,안전운전불이행,건조,맑음,단일로 - 기타,승용,남,26세,경상,승용,남,65세,상해없음
2020020400100070,2020년 2월 4일 07시,화요일,경상북도 예천군 감천면,중상사고,0,4,1,0,차량단독 - 도로외이탈 - 추락,안전운전불이행,건조,맑음,단일로 - 기타,승용,남,85세,중상,,,,
2020020400100071,2020년 2월 4일 07시,화요일,경상북도 구미시 황상동,경상사고,0,0,1,0,차대사람 - 기타,안전운전불이행,건조,맑음,교차로 - 교차로부근,화물,남,58세,상해없음,보행자,남,46세,경상
2020020400100072,2020년 2월 4일 07시,화요일,경상북도 포항시 남구 송내동,경상사고,0,0,1,0,차대차 - 기타,교차로운행방법위반,건조,맑음,교차로 - 교차로부근,승합,남,55세,상해없음,승용,남,27세,경상
2020020400100110,2020년 2월 4일 08시,화요일,경상북도 경주시 황오동,중상사고,0,1,0,0,차대차 - 측면충돌,안전운전불이행,건조,맑음,교차로 - 교차로안,승용,여,38세,상해없음,자전거,여,65세,중상
2020020400100111,2020년 2월 4일 08시,화요일,경상북도 예천군 예천읍,경상사고,0,0,1,0,차대차 - 측면충돌,직진우회전진행방해,건조,맑음,교차로 - 교차로안,승용,남,69세,경상,화물,남,66세,상해없음
2020020400100112,2020년 2월 4일 08시,화요일,경상북도 성주군 용암면,경상사고,0,0,1,0,차대차 - 정면충돌,안전운전불이행,건조,맑음,교차로 - 교차로안,건설기계,남,55세,상해없음,승용,여,44세,경상
2020020400100136,2020년 2월 4일 09시,화요일,경상북도 경산시 사동,중상사고,0,1,0,0,차대차 - 측면충돌,신호위반,건조,맑음,교차로 - 교차로안,승용,여,69세,상해없음,화물,남,55세,중상
2020020400100231,2020년 2월 4일 12시,화요일,경상북도 영천시 망정동,경상사고,0,0,1,0,차대사람 - 횡단중,보행자보호의무위반,건조,맑음,교차로 - 교차로횡단보도내,이륜,남,39세,상해없음,보행자,여,23세,경상
2020020400100261,2020년 2월 4일 13시,화요일,경상북도 경산시 정평동,경상사고,0,0,1,0,차대차 - 기타,안전운전불이행,건조,맑음,단일로 - 기타,승용,여,33세,상해없음,승용,남,43세,경상
2020020400100292,2020년 2월 4일 14시,화요일,경상북도 경주시 성동동,경상사고,0,0,2,0,차대차 - 측면충돌,안전운전불이행,건조,맑음,교차로 - 교차로부근,승용,남,50세,경상,승용,여,47세,경상
2020020400100293,2020년 2월 4일 14시,화요일,경상북도 안동시 옥동,중상사고,0,1,2,0,차대차 - 측면충돌,신호위반,건조,맑음,교차로 - 교차로안,이륜,남,24세,중상,승용,남,73세,경상
2020020400100294,2020년 2월 4일 14시,화요일,경상북도 포항시 남구 효자동,경상사고,0,0,1,0,차대차 - 측면충돌,안전운전불이행,건조,맑음,교차로 - 교차로부근,승합,여,39세,상해없음,이륜,여,35세,경상
2020020400100328,2020년 2월 4일 15시,화요일,경상북도 경주시 용강동,경상사고,0,0,2,0,차대차 - 측면충돌,안전운전불이행,건조,맑음,교차로 - 교차로안,승용,여,41세,상해없음,승용,남,45세,상해없음
2020020400100329,2020년 2월 4일 15시,화요일,경상북도 경주시 서악동,경상사고,0,0,1,1,차대차 - 측면충돌,교차로운행방법위반,건조,맑음,단일로 - 교량,승용,남,63세,부상신고,승용,여,46세,경상
2020020400100330,2020년 2월 4일 15시,화요일,경상북도 포항시 북구 죽도동,경상사고,0,0,2,0,차대차 - 후진중충돌,안전운전불이행,건조,맑음,단일로 - 기타,승용,남,62세,상해없음,이륜,여,33세,경상
2020020400100331,2020년 2월 4일 15시,화요일,경상북도 안동시 수상동,경상사고,0,0,2,0,차대차 - 측면충돌,안전운전불이행,건조,맑음,단일로 - 기타,건설기계,남,57세,상해없음,승합,남,35세,상해없음
2020020400100332,2020년 2월 4일 15시,화요일,경상북도 포항시 남구 오천읍,경상사고,0,0,2,0,차대차 - 측면충돌,직진우회전진행방해,건조,맑음,교차로 - 교차로안,승용,남,62세,상해없음,승용,남,37세,경상
2020020400100333,2020년 2월 4일 15시,화요일,경상북도 포항시 남구 해도동,중상사고,0,1,0,0,차대차 - 기타,안전운전불이행,건조,맑음,단일로 - 기타,승용,여,41세,상해없음,자전거,여,63세,중상
2020020400100364,2020년 2월 4일 16시,화요일,경상북도 경산시 진량읍,경상사고,0,0,2,0,차대차 - 측면충돌,안전거리미확보,건조,맑음,단일로 - 기타,화물,남,58세,상해없음,승용,남,60세,경상
2020020400100404,2020년 2월 4일 17시,화요일,경상북도 안동시 당북동,경상사고,0,0,3,0,차대차 - 측면충돌,직진우회전진행방해,건조,맑음,교차로 - 교차로안,화물,남,62세,경상,승용,남,52세,경상
2020020400100405,2020년 2월 4일 17시,화요일,경상북도 영주시 휴천동,경상사고,0,0,1,0,차대차 - 측면충돌,교차로운행방법위반,건조,맑음,교차로 - 교차로안,승용,여,27세,상해없음,자전거,남,12세,경상
2020020400100406,2020년 2월 4일 17시,화요일,경상북도 칠곡군 약목면,부상신고사고,0,0,0,1,차량단독 - 기타,안전운전불이행,건조,맑음,단일로 - 기타,화물,남,50세,부상신고,,,,
2020020400100468,2020년 2월 4일 18시,화요일,경상북도 경주시 현곡면,경상사고,0,0,1,0,차대차 - 측면충돌,안전운전불이행,건조,맑음,단일로 - 기타,자전거,여,72세,경상,승용,남,20세,상해없음
2020020400100523,2020년 2월 4일 19시,화요일,경상북도 군위군 효령면,경상사고,0,0,1,0,차대차 - 추돌,안전운전불이행,건조,맑음,교차로 - 교차로안,화물,남,69세,경상,승용,남,43세,상해없음
2020020400100596,2020년 2월 4일 21시,화요일,경상북도 봉화군 봉화읍,경상사고,0,0,1,0,차량단독 - 공작물충돌,안전운전불이행,건조,맑음,단일로 - 기타,화물,남,60세,경상,,,,
2020020400100647,2020년 2월 4일 23시,화요일,경상북도 경산시 하양읍,중상사고,0,1,0,0,차대차 - 기타,신호위반,건조,맑음,교차로 - 교차로부근,승용,남,24세,상해없음,승용,남,70세,중상
2020020500100021,2020년 2월 5일 01시,수요일,경상북도 포항시 북구 용흥동,경상사고,0,0,5,0,차대차 - 측면충돌,차로위반,건조,맑음,단일로 - 기타,승용,남,52세,경상,건설기계,남,51세,상해없음
2020020500100022,2020년 2월 5일 01시,수요일,경상북도 안동시 옥동,중상사고,0,1,0,0,차대사람 - 횡단중,안전운전불이행,건조,맑음,단일로 - 기타,승용,남,51세,상해없음,보행자,남,50세,중상
2020020500100030,2020년 2월 5일 02시,수요일,경상북도 경산시 대동,경상사고,0,0,1,0,차대차 - 측면충돌,안전운전불이행,기타,흐림,교차로 - 교차로부근,승용,남,30세,상해없음,승용,남,27세,경상
2020020500100051,2020년 2월 5일 05시,수요일,경상북도 포항시 남구 오천읍,경상사고,0,0,1,0,차대사람 - 기타,안전운전불이행,건조,맑음,교차로 - 교차로안,승용,여,59세,상해없음,보행자,남,50세,경상
2020020500100116,2020년 2월 5일 08시,수요일,경상북도 경산시 계양동,중상사고,0,1,0,0,차대차 - 측면충돌,안전운전불이행,건조,맑음,교차로 - 교차로안,자전거,여,75세,중상,승용,남,52세,상해없음
2020020500100152,2020년 2월 5일 09시,수요일,경상북도 경주시 성동동,경상사고,0,0,1,0,차대차 - 측면충돌,안전운전불이행,건조,맑음,교차로 - 교차로안,이륜,여,66세,경상,화물,남,52세,상해없음
2020020500100153,2020년 2월 5일 09시,수요일,경상북도 영천시 금호읍,중상사고,0,1,0,0,차대차 - 측면충돌,안전운전불이행,건조,맑음,단일로 - 기타,승용,남,24세,상해없음,화물,남,59세,중상
2020020500100185,2020년 2월 5일 10시,수요일,경상북도 김천시 평화동,경상사고,0,0,1,0,차대차 - 추돌,안전운전불이행,건조,맑음,단일로 - 기타,승용,여,64세,상해없음,승용,여,53세,경상
2020020500100223,2020년 2월 5일 11시,수요일,경상북도 김천시 황금동,중상사고,0,1,0,0,차대사람 - 횡단중,보행자보호의무위반,건조,맑음,단일로 - 기타,화물,남,67세,기타불명,보행자,남,68세,중상
2020020500100224,2020년 2월 5일 11시,수요일,경상북도 상주시 서문동,중상사고,0,1,0,0,차대차 - 측면충돌,교차로운행방법위반,건조,맑음,교차로 - 교차로안,화물,남,65세,상해없음,승용,남,62세,상해없음
2020020500100225,2020년 2월 5일 11시,수요일,경상북도 경산시 대동,경상사고,0,0,1,0,차대사람 - 기타,안전운전불이행,건조,맑음,단일로 - 기타,승용,여,53세,상해없음,보행자,남,53세,경상
2020020500100317,2020년 2월 5일 14시,수요일,경상북도 경주시 강동면,경상사고,0,0,1,0,차대차 - 추돌,안전거리미확보,건조,맑음,단일로 - 기타,승합,남,51세,상해없음,승용,여,43세,경상
2020020500100318,2020년 2월 5일 14시,수요일,경상북도 영천시 금호읍,경상사고,0,0,1,0,차대차 - 기타,중앙선침범,건조,맑음,교차로 - 교차로부근,승용,여,55세,경상,화물,남,56세,상해없음
2020020500100319,2020년 2월 5일 14시,수요일,경상북도 구미시 신동,경상사고,0,0,1,0,차대차 - 기타,안전운전불이행,건조,맑음,교차로 - 교차로안,승용,여,47세,상해없음,화물,남,38세,경상
2020020500100320,2020년 2월 5일 14시,수요일,경상북도 포항시 남구 해도동,부상신고사고,0,0,0,1,차대사람 - 기타,안전운전불이행,건조,맑음,단일로 - 기타,승용,여,62세,상해없음,보행자,남,49세,부상신고
2020020500100362,2020년 2월 5일 15시,수요일,경상북도 경주시 황성동,경상사고,0,0,1,0,차대차 - 측면충돌,안전운전불이행,건조,맑음,주차장 - 주차장,승용,남,78세,상해없음,승용,여,44세,경상
2020020500100363,2020년 2월 5일 15시,수요일,경상북도 포항시 북구 환호동,중상사고,0,1,0,0,차대차 - 정면충돌,안전운전불이행,건조,맑음,단일로 - 기타,승용,남,48세,상해없음,자전거,남,12세,중상
2020020500100364,2020년 2월 5일 15시,수요일,경상북도 예천군 예천읍,경상사고,0,0,1,0,차대차 - 측면충돌,직진우회전진행방해,건조,맑음,교차로 - 교차로안,승용,여,24세,상해없음,승용,여,33세,경상
2020020500100365,2020년 2월 5일 15시,수요일,경상북도 구미시 봉곡동,부상신고사고,0,0,0,1,차대차 - 기타,안전운전불이행,건조,맑음,단일로 - 기타,승용,여,40세,부상신고,승용,남,70세,상해없음
2020020500100397,2020년 2월 5일 16시,수요일,경상북도 상주시 내서면,경상사고,0,0,3,0,차대차 - 측면충돌,차로위반,건조,맑음,단일로 - 기타,화물,남,65세,경상,화물,남,67세,경상
2020020500100399,2020년 2월 5일 16시,수요일,경상북도 경산시 남산면,경상사고,0,0,1,0,차량단독 - 공작물충돌,안전운전불이행,건조,맑음,단일로 - 기타,승용,남,65세,경상,,,,
2020020500100400,2020년 2월 5일 16시,수요일,경상북도 구미시 공단동,경상사고,0,0,1,0,차대차 - 측면충돌,신호위반,건조,맑음,교차로 - 교차로안,승용,남,34세,상해없음,화물,남,45세,경상
2020020500100441,2020년 2월 5일 17시,수요일,경상북도 칠곡군 왜관읍,경상사고,0,0,1,0,차대차 - 추돌,안전운전불이행,건조,맑음,교차로 - 교차로부근,화물,남,27세,상해없음,승용,남,63세,경상
2020020500100442,2020년 2월 5일 17시,수요일,경상북도 영천시 완산동,중상사고,0,1,0,0,차대차 - 측면충돌,신호위반,건조,맑음,교차로 - 교차로안,승용,남,51세,기타불명,승용,남,38세,중상
2020020500100490,2020년 2월 5일 18시,수요일,경상북도 경주시 서면,중상사고,0,1,0,0,차대차 - 추돌,중앙선침범,건조,맑음,단일로 - 기타,기타불명,기타불명,미분류,기타불명,승용,여,30세,상해없음
2020020500100491,2020년 2월 5일 18시,수요일,경상북도 포항시 북구 대흥동,경상사고,0,0,1,0,차대차 - 측면충돌,안전운전불이행,건조,맑음,교차로 - 교차로부근,화물,남,56세,상해없음,승용,여,31세,상해없음
2020020500100492,2020년 2월 5일 18시,수요일,경상북도 경산시 하양읍,경상사고,0,0,2,0,차대차 - 측면충돌,안전운전불이행,건조,맑음,단일로 - 기타,화물,남,49세,상해없음,승용,여,44세,경상
2020020500100553,2020년 2월 5일 19시,수요일,경상북도 영천시 조교동,중상사고,0,1,0,0,차대사람 - 횡단중,안전운전불이행,건조,맑음,교차로 - 교차로부근,화물,남,58세,상해없음,보행자,여,67세,중상
2020020500100625,2020년 2월 5일 21시,수요일,경상북도 구미시 형곡동,중상사고,0,1,0,0,차대차 - 기타,안전거리미확보,건조,맑음,교차로 - 교차로부근,승용,남,19세,상해없음,이륜,남,24세,중상
2020020500100626,2020년 2월 5일 21시,수요일,경상북도 포항시 남구 상도동,경상사고,0,0,1,0,차대차 - 측면충돌,안전운전불이행,건조,맑음,단일로 - 기타,이륜,남,59세,경상,승용,남,44세,상해없음
2020020500100652,2020년 2월 5일 22시,수요일,경상북도 칠곡군 약목면,중상사고,0,2,1,1,차량단독 - 공작물충돌,안전운전불이행,건조,맑음,단일로 - 기타,승용,남,18세,중상,,,,
2020020500100653,2020년 2월 5일 22시,수요일,경상북도 영천시 완산동,경상사고,0,0,2,0,차대차 - 측면충돌,안전운전불이행,건조,맑음,교차로 - 교차로안,승용,남,50세,상해없음,승용,남,33세,경상
2020020500100683,2020년 2월 5일 23시,수요일,경상북도 구미시 상모동,부상신고사고,0,0,0,1,차대차 - 기타,안전운전불이행,건조,맑음,단일로 - 기타,이륜,남,33세,부상신고,승용,남,58세,상해없음
2020020600100042,2020년 2월 6일 03시,목요일,경상북도 칠곡군 왜관읍,부상신고사고,0,0,0,1,차대차 - 정면충돌,안전운전불이행,건조,맑음,단일로 - 기타,승용,남,36세,부상신고,승용,남,45세,상해없음
2020020600100099,2020년 2월 6일 07시,목요일,경상북도 경주시 건천읍,경상사고,0,0,3,0,차대차 - 측면충돌,중앙선침범,건조,맑음,단일로 - 기타,승용,여,34세,상해없음,승용,남,53세,경상
2020020600100100,2020년 2월 6일 07시,목요일,경상북도 구미시 공단동,경상사고,0,0,2,0,차대차 - 기타,안전운전불이행,건조,맑음,교차로 - 교차로안,승용,남,67세,상해없음,승용,남,40세,경상
2020020600100130,2020년 2월 6일 08시,목요일,경상북도 경주시 동천동,경상사고,0,0,1,0,차대차 - 측면충돌,안전운전불이행,건조,맑음,교차로 - 교차로안,이륜,여,71세,경상,승용,여,53세,상해없음
2020020600100131,2020년 2월 6일 08시,목요일,경상북도 포항시 북구 우현동,경상사고,0,0,1,0,차량단독 - 공작물충돌,안전운전불이행,건조,맑음,단일로 - 기타,승용,남,28세,경상,,,,
2020020600100132,2020년 2월 6일 08시,목요일,경상북도 성주군 선남면,경상사고,0,0,1,0,차대차 - 추돌,안전운전불이행,건조,맑음,단일로 - 기타,승용,남,25세,경상,건설기계,남,47세,상해없음
2020020600100199,2020년 2월 6일 10시,목요일,경상북도 군위군 소보면,중상사고,0,1,0,0,차대차 - 측면충돌,직진우회전진행방해,건조,맑음,교차로 - 교차로안,화물,남,50세,상해없음,승용,여,54세,중상
2020020600100235,2020년 2월 6일 11시,목요일,경상북도 경주시 양남면,경상사고,0,0,2,0,차대차 - 추돌,안전운전불이행,건조,맑음,교차로 - 교차로부근,건설기계,남,40세,상해없음,승용,여,37세,경상
2020020600100236,2020년 2월 6일 11시,목요일,경상북도 경주시 동천동,중상사고,0,1,0,0,차대차 - 측면충돌,안전운전불이행,건조,맑음,교차로 - 교차로안,특수,남,45세,상해없음,승용,여,62세,중상
2020020600100237,2020년 2월 6일 11시,목요일,경상북도 안동시 수상동,경상사고,0,0,1,0,차대차 - 측면충돌,안전운전불이행,건조,맑음,교차로 - 교차로안,승용,여,55세,상해없음,승용,남,50세,경상
2020020600100238,2020년 2월 6일 11시,목요일,경상북도 영덕군 영해면,경상사고,0,0,2,0,차대차 - 측면충돌,신호위반,건조,맑음,교차로 - 교차로안,승용,남,74세,상해없음,화물,남,26세,경상
2020020600100271,2020년 2월 6일 12시,목요일,경상북도 경주시 황성동,중상사고,0,1,0,0,차대차 - 정면충돌,안전운전불이행,건조,맑음,교차로 - 교차로부근,자전거,남,66세,중상,승용,남,80세,상해없음
2020020600100272,2020년 2월 6일 12시,목요일,경상북도 포항시 북구 두호동,중상사고,0,1,0,0,차대사람 - 횡단중,보행자보호의무위반,건조,맑음,교차로 - 교차로횡단보도내,승용,남,61세,상해없음,보행자,여,66세,중상
2020020600100273,2020년 2월 6일 12시,목요일,경상북도 경산시 평산동,중상사고,0,2,0,0,차대차 - 측면충돌,과속,건조,맑음,단일로 - 지하차도(도로)내,승용,여,36세,중상,화물,남,63세,중상
2020020600100274,2020년 2월 6일 12시,목요일,경상북도 예천군 예천읍,중상사고,0,1,0,0,차대차 - 후진중충돌,안전운전불이행,건조,맑음,교차로 - 교차로안,화물,남,56세,상해없음,이륜,남,77세,중상
2020020600100275,2020년 2월 6일 12시,목요일,경상북도 포항시 남구 오천읍,경상사고,0,0,1,0,차대차 - 측면충돌,직진우회전진행방해,건조,맑음,교차로 - 교차로안,승용,남,25세,상해없음,이륜,남,22세,경상
2020020600100304,2020년 2월 6일 13시,목요일,경상북도 구미시 공단동,경상사고,0,0,1,0,차대사람 - 기타,보행자보호의무위반,건조,맑음,교차로 - 교차로부근,승용,남,73세,상해없음,보행자,남,7세,경상
2020020600100337,2020년 2월 6일 14시,목요일,경상북도 영주시 영주동,중상사고,0,1,0,0,차대사람 - 기타,안전운전불이행,건조,맑음,단일로 - 기타,이륜,남,55세,상해없음,보행자,여,47세,중상
2020020600100338,2020년 2월 6일 14시,목요일,경상북도 칠곡군 약목면,경상사고,0,0,1,0,차대차 - 기타,안전운전불이행,건조,맑음,교차로 - 교차로안,승용,여,50세,상해없음,화물,남,58세,경상
2020020600100339,2020년 2월 6일 14시,목요일,경상북도 영양군 석보면,경상사고,0,0,2,0,차대차 - 측면충돌,안전운전불이행,건조,맑음,단일로 - 기타,승용,여,50세,상해없음,승용,남,69세,상해없음
2020020600100402,2020년 2월 6일 16시,목요일,경상북도 영천시 야사동,경상사고,0,0,3,0,차대차 - 측면충돌,안전거리미확보,건조,맑음,단일로 - 기타,승용,여,49세,경상,원동기,남,38세,경상
2020020600100403,2020년 2월 6일 16시,목요일,경상북도 청도군 청도읍,중상사고,0,2,1,0,차량단독 - 공작물충돌,교차로운행방법위반,건조,맑음,단일로 - 기타,승용,여,63세,상해없음,,,,
2020020600100404,2020년 2월 6일 16시,목요일,경상북도 포항시 남구 송도동,경상사고,0,0,1,0,차대차 - 기타,안전운전불이행,젖음/습기,눈,교차로 - 교차로부근,승용,여,36세,상해없음,자전거,남,78세,경상
2020020600100470,2020년 2월 6일 18시,목요일,경상북도 포항시 북구 죽도동,경상사고,0,0,1,0,차대사람 - 기타,안전운전불이행,건조,맑음,단일로 - 기타,승용,남,62세,상해없음,보행자,여,70세,경상
2020020600100471,2020년 2월 6일 18시,목요일,경상북도 영천시 신령면,경상사고,0,0,1,0,차대차 - 측면충돌,안전운전불이행,건조,맑음,교차로 - 교차로안,화물,남,66세,상해없음,승용,남,45세,경상
2020020600100472,2020년 2월 6일 18시,목요일,경상북도 포항시 남구 오천읍,경상사고,0,0,2,0,차대차 - 측면충돌,신호위반,젖음/습기,흐림,교차로 - 교차로안,승용,여,58세,경상,승용,여,24세,경상
2020020600100473,2020년 2월 6일 18시,목요일,경상북도 성주군 용암면,경상사고,0,0,1,0,차대차 - 추돌,안전운전불이행,건조,맑음,단일로 - 기타,화물,남,54세,상해없음,화물,남,48세,경상
2020020600100553,2020년 2월 6일 20시,목요일,경상북도 포항시 북구 죽도동,경상사고,0,0,4,0,차대차 - 측면충돌,직진우회전진행방해,건조,맑음,단일로 - 기타,화물,여,51세,경상,승용,남,26세,경상
2020020600100554,2020년 2월 6일 20시,목요일,경상북도 김천시 성내동,중상사고,0,1,0,0,차대차 - 측면충돌,안전운전불이행,건조,맑음,단일로 - 기타,승용,남,39세,상해없음,이륜,남,16세,중상
2020020600100628,2020년 2월 6일 23시,목요일,경상북도 경주시 양북면,사망사고,1,0,1,0,차대차 - 추돌,안전운전불이행,건조,맑음,주차장 - 주차장,화물,남,47세,사망,화물,남,56세,경상
2020020600100637,2020년 2월 6일 23시,목요일,경상북도 안동시 풍산읍,중상사고,0,1,1,0,차대차 - 정면충돌,중앙선침범,건조,맑음,단일로 - 기타,승용,남,42세,상해없음,승용,남,40세,중상
2020020700100008,2020년 2월 7일 00시,금요일,경상북도 경주시 황성동,중상사고,0,1,0,0,차대사람 - 차도통행중,안전운전불이행,건조,맑음,단일로 - 고가도로위,승용,남,45세,상해없음,보행자,남,47세,중상
2020020700100130,2020년 2월 7일 08시,금요일,경상북도 경주시 황성동,중상사고,0,1,0,1,차대차 - 측면충돌,신호위반,건조,맑음,교차로 - 교차로안,승용,남,25세,부상신고,승용,여,45세,중상
2020020700100131,2020년 2월 7일 08시,금요일,경상북도 구미시 임은동,경상사고,0,0,1,0,차대차 - 기타,안전운전불이행,건조,맑음,단일로 - 기타,화물,남,55세,상해없음,승용,남,37세,경상
2020020700100132,2020년 2월 7일 08시,금요일,경상북도 포항시 남구 오천읍,경상사고,0,0,1,0,차대차 - 측면충돌,안전운전불이행,건조,맑음,단일로 - 기타,승용,여,37세,상해없음,승용,남,43세,경상
2020020700100165,2020년 2월 7일 09시,금요일,경상북도 경산시 와촌면,경상사고,0,0,1,0,차대차 - 정면충돌,안전운전불이행,건조,맑음,단일로 - 기타,화물,여,57세,상해없음,승용,남,76세,상해없음
2020020700100199,2020년 2월 7일 10시,금요일,경상북도 김천시 대덕면,중상사고,0,1,0,0,차량단독 - 공작물충돌,안전운전불이행,건조,맑음,단일로 - 기타,승합,남,71세,중상,,,,
2020020700100225,2020년 2월 7일 11시,금요일,경상북도 의성군 춘산면,중상사고,0,2,0,0,차대차 - 정면충돌,안전운전불이행,건조,맑음,단일로 - 기타,화물,남,51세,중상,승용,남,47세,중상
2020020700100226,2020년 2월 7일 11시,금요일,경상북도 문경시 점촌동,경상사고,0,0,2,0,차대차 - 측면충돌,직진우회전진행방해,건조,맑음,교차로 - 교차로안,승용,여,67세,경상,승합,남,66세,경상
2020020700100227,2020년 2월 7일 11시,금요일,경상북도 예천군 예천읍,중상사고,0,2,0,0,차대차 - 정면충돌,중앙선침범,건조,맑음,단일로 - 기타,승용,남,36세,중상,승용,여,77세,중상
2020020700100262,2020년 2월 7일 12시,금요일,경상북도 경산시 정평동,경상사고,0,0,1,0,차대사람 - 기타,안전운전불이행,건조,맑음,단일로 - 기타,화물,남,27세,상해없음,보행자,남,51세,경상
2020020700100287,2020년 2월 7일 13시,금요일,경상북도 포항시 북구 용흥동,경상사고,0,0,1,0,차대차 - 측면충돌,안전운전불이행,건조,맑음,단일로 - 기타,승용,남,35세,상해없음,승용,남,38세,경상
2020020700100288,2020년 2월 7일 13시,금요일,경상북도 봉화군 봉화읍,경상사고,0,0,1,0,차대사람 - 기타,안전운전불이행,건조,맑음,교차로 - 교차로안,화물,남,67세,상해없음,보행자,여,86세,경상
2020020700100289,2020년 2월 7일 13시,금요일,경상북도 청도군 이서면,경상사고,0,0,2,0,차대차 - 추돌,안전거리미확보,건조,맑음,교차로 - 교차로부근,승용,여,64세,상해없음,승용,남,54세,경상
2020020700100290,2020년 2월 7일 13시,금요일,경상북도 울진군 죽변면,경상사고,0,0,1,0,차대사람 - 기타,불법유턴,건조,맑음,단일로 - 기타,화물,남,47세,상해없음,보행자,여,77세,경상
2020020700100316,2020년 2월 7일 14시,금요일,경상북도 영천시 야사동,경상사고,0,0,1,0,차대차 - 추돌,안전운전불이행,건조,맑음,단일로 - 기타,승용,남,60세,상해없음,승용,여,31세,경상
2020020700100398,2020년 2월 7일 16시,금요일,경상북도 영덕군 축산면,경상사고,0,0,1,0,차대차 - 측면충돌,안전거리미확보,건조,맑음,단일로 - 기타,승용,남,54세,상해없음,승용,남,25세,경상
2020020700100399,2020년 2월 7일 16시,금요일,경상북도 구미시 신평동,경상사고,0,0,6,0,차대차 - 추돌,안전거리미확보,건조,맑음,단일로 - 기타,승용,남,58세,기타불명,승용,남,64세,경상