사고번호,사고일시,요일,시군구,사고내용,사망자수,중상자수,경상자수,부상신고자수,사고유형,법규위반,노면상태,기상상태,도로형태,가해운전자 차종,가해운전자 성별,가해운전자 연령,가해운전자 상해정도,피해운전자 차종,피해운전자 성별,피해운전자 연령,피해운전자 상해정도
2020020700100443,2020년 2월 7일 17시,금요일,경상북도 성주군 성주읍,경상사고,0,0,1,0,차대차 - 측면충돌,안전운전불이행,건조,맑음,교차로 - 교차로안,자전거,남,18세,경상,승용,여,67세,상해없음
2020020700100444,2020년 2월 7일 17시,금요일,경상북도 성주군 대가면,경상사고,0,0,3,0,차대차 - 측면충돌,안전거리미확보,건조,맑음,단일로 - 기타,승용,여,52세,상해없음,승용,남,49세,경상
2020020700100445,2020년 2월 7일 17시,금요일,경상북도 구미시 공단동,경상사고,0,0,1,0,차대차 - 기타,안전운전불이행,건조,맑음,단일로 - 교량,승용,남,22세,상해없음,승용,남,58세,경상
2020020700100446,2020년 2월 7일 17시,금요일,경상북도 포항시 남구 연일읍,경상사고,0,0,3,2,차대차 - 추돌,안전거리미확보,건조,맑음,단일로 - 기타,승용,여,22세,경상,승용,남,37세,경상
2020020700100494,2020년 2월 7일 18시,금요일,경상북도 안동시 풍천면,중상사고,0,1,0,0,차대차 - 측면충돌,안전운전불이행,건조,맑음,교차로 - 교차로안,승용,여,40세,상해없음,승용,여,47세,중상
2020020700100495,2020년 2월 7일 18시,금요일,경상북도 상주시 내서면,경상사고,0,0,4,0,차대차 - 측면충돌,교차로운행방법위반,건조,맑음,교차로 - 교차로안,승용,남,18세,상해없음,승용,여,38세,경상
2020020700100496,2020년 2월 7일 18시,금요일,경상북도 상주시 지천동,사망사고,1,0,0,0,차대사람 - 차도통행중,안전운전불이행,건조,맑음,단일로 - 기타,승용,남,48세,상해없음,보행자,남,80세,사망
2020020700100497,2020년 2월 7일 18시,금요일,경상북도 칠곡군 왜관읍,중상사고,0,1,0,0,차량단독 - 공작물충돌,안전운전불이행,건조,맑음,교차로 - 교차로부근,승용,남,74세,중상,,,,
2020020700100498,2020년 2월 7일 18시,금요일,경상북도 문경시 모전동,경상사고,0,0,1,0,차대차 - 기타,안전운전불이행,건조,맑음,교차로 - 교차로안,승용,여,38세,상해없음,이륜,남,55세,경상
2020020700100499,2020년 2월 7일 18시,금요일,경상북도 경산시 삼풍동,경상사고,0,0,1,0,차대차 - 측면충돌,안전운전불이행,건조,맑음,교차로 - 교차로부근,승용,여,55세,상해없음,승용,여,43세,경상
2020020700100500,2020년 2월 7일 18시,금요일,경상북도 울진군 기성면,경상사고,0,0,1,0,차대차 - 추돌,안전운전불이행,건조,맑음,단일로 - 기타,건설기계,남,47세,상해없음,건설기계,남,52세,경상
2020020700100555,2020년 2월 7일 19시,금요일,경상북도 포항시 북구 흥해읍,중상사고,0,1,2,0,차대차 - 기타,신호위반,건조,맑음,교차로 - 교차로부근,승용,여,56세,상해없음,승용,남,41세,중상
2020020700100556,2020년 2월 7일 19시,금요일,경상북도 상주시 무양동,경상사고,0,0,2,0,차대차 - 측면충돌,교차로운행방법위반,건조,맑음,교차로 - 교차로안,승용,남,58세,상해없음,승용,남,22세,경상
2020020700100557,2020년 2월 7일 19시,금요일,경상북도 영천시 망정동,경상사고,0,0,5,0,차대차 - 측면충돌,안전운전불이행,건조,맑음,단일로 - 기타,승용,남,69세,경상,승용,여,42세,경상
2020020700100558,2020년 2월 7일 19시,금요일,경상북도 경산시 사정동,경상사고,0,0,3,0,차대차 - 측면충돌,신호위반,건조,맑음,교차로 - 교차로부근,이륜,남,35세,상해없음,승용,남,62세,경상
2020020700100607,2020년 2월 7일 20시,금요일,경상북도 포항시 남구 해도동,경상사고,0,0,1,0,차대차 - 측면충돌,신호위반,건조,맑음,교차로 - 교차로안,이륜,남,18세,상해없음,이륜,여,25세,경상
2020020700100644,2020년 2월 7일 21시,금요일,경상북도 상주시 모동면,경상사고,0,0,1,0,차대차 - 측면충돌,중앙선침범,건조,맑음,단일로 - 기타,화물,남,60세,상해없음,화물,남,49세,경상
2020020700100645,2020년 2월 7일 21시,금요일,경상북도 경산시 조영동,경상사고,0,0,1,0,차대사람 - 횡단중,안전운전불이행,건조,맑음,교차로 - 교차로안,승용,남,43세,상해없음,보행자,남,47세,경상
2020020700100679,2020년 2월 7일 22시,금요일,경상북도 포항시 북구 두호동,경상사고,0,0,2,0,차량단독 - 기타,안전운전불이행,건조,맑음,교차로 - 교차로안,승용,남,59세,상해없음,,,,
2020020700100680,2020년 2월 7일 22시,금요일,경상북도 포항시 북구 용흥동,경상사고,0,0,1,0,차대차 - 추돌,안전거리미확보,건조,맑음,교차로 - 교차로부근,승용,남,66세,상해없음,승용,여,51세,경상
2020020700100681,2020년 2월 7일 22시,금요일,경상북도 구미시 사곡동,중상사고,0,1,0,0,차대사람 - 횡단중,보행자보호의무위반,건조,맑음,교차로 - 교차로횡단보도내,화물,남,64세,상해없음,보행자,여,54세,중상
2020020700100682,2020년 2월 7일 22시,금요일,경상북도 포항시 남구 오천읍,경상사고,0,0,1,0,차대차 - 기타,안전운전불이행,건조,맑음,단일로 - 기타,승용,남,30세,상해없음,승용,남,28세,경상
2020020800100072,2020년 2월 8일 04시,토요일,경상북도 김천시 성내동,중상사고,0,1,0,0,차대차 - 측면충돌,신호위반,건조,맑음,교차로 - 교차로부근,이륜,남,52세,중상,승용,남,70세,상해없음
2020020800100082,2020년 2월 8일 05시,토요일,경상북도 영천시 성내동,경상사고,0,0,1,0,차대차 - 측면충돌,안전운전불이행,건조,맑음,단일로 - 기타,승용,남,41세,상해없음,승용,여,55세,경상
2020020800100097,2020년 2월 8일 06시,토요일,경상북도 포항시 남구 장흥동,경상사고,0,0,2,0,차대차 - 측면충돌,신호위반,건조,맑음,교차로 - 교차로안,승용,남,52세,상해없음,승용,남,46세,경상
2020020800100145,2020년 2월 8일 09시,토요일,경상북도 영주시 영주동,경상사고,0,0,1,0,차대차 - 측면충돌,기타,건조,맑음,교차로 - 교차로안,화물,남,47세,상해없음,승용,남,23세,경상
2020020800100193,2020년 2월 8일 11시,토요일,경상북도 청도군 청도읍,경상사고,0,0,1,0,차대사람 - 기타,안전운전불이행,건조,맑음,단일로 - 기타,승용,남,50세,기타불명,보행자,남,35세,경상
2020020800100230,2020년 2월 8일 12시,토요일,경상북도 고령군 성산면,중상사고,0,1,0,0,차대차 - 기타,중앙선침범,건조,맑음,단일로 - 기타,승용,남,80세,상해없음,승용,남,28세,중상
2020020800100253,2020년 2월 8일 13시,토요일,경상북도 구미시 고아읍,중상사고,0,1,0,0,차대차 - 추돌,안전거리미확보,건조,맑음,단일로 - 기타,승용,남,64세,상해없음,승용,여,52세,중상
2020020800100284,2020년 2월 8일 14시,토요일,경상북도 김천시 평화동,경상사고,0,0,1,0,차대사람 - 횡단중,보행자보호의무위반,건조,맑음,교차로 - 교차로횡단보도내,화물,남,51세,상해없음,보행자,남,11세,경상
2020020800100285,2020년 2월 8일 14시,토요일,경상북도 구미시 원평동,경상사고,0,0,1,0,차대차 - 측면충돌,직진우회전진행방해,건조,맑음,교차로 - 교차로안,이륜,남,51세,경상,승용,남,63세,상해없음
2020020800100286,2020년 2월 8일 14시,토요일,경상북도 구미시 원평동,경상사고,0,0,1,0,차대차 - 측면충돌,안전운전불이행,건조,맑음,교차로 - 교차로안,승용,여,64세,상해없음,자전거,남,70세,경상
2020020800100319,2020년 2월 8일 15시,토요일,경상북도 성주군 수륜면,경상사고,0,0,1,0,차량단독 - 공작물충돌,안전운전불이행,건조,맑음,기타 - 기타,승용,남,58세,경상,,,,
2020020800100345,2020년 2월 8일 16시,토요일,경상북도 포항시 북구 송라면,중상사고,0,1,0,0,차대차 - 추돌,안전거리미확보,건조,맑음,교차로 - 교차로부근,화물,남,60세,상해없음,승용,여,33세,중상
2020020800100346,2020년 2월 8일 16시,토요일,경상북도 포항시 남구 호동,중상사고,0,2,0,0,차대차 - 측면충돌,과속,건조,맑음,교차로 - 교차로부근,승용,남,46세,중상,화물,남,60세,중상
2020020800100375,2020년 2월 8일 17시,토요일,경상북도 경산시 대평동,경상사고,0,0,3,0,차대차 - 측면충돌,과속,건조,맑음,단일로 - 기타,승용,남,32세,기타불명,승용,남,66세,경상
2020020800100408,2020년 2월 8일 18시,토요일,경상북도 영천시 북안면,경상사고,0,0,1,0,차량단독 - 공작물충돌,안전운전불이행,건조,맑음,단일로 - 기타,화물,남,53세,경상,,,,
2020020800100453,2020년 2월 8일 19시,토요일,경상북도 영천시 야사동,사망사고,1,0,1,0,차대사람 - 횡단중,과속,건조,맑음,단일로 - 기타,이륜,남,16세,경상,보행자,여,63세,사망
2020020800100489,2020년 2월 8일 20시,토요일,경상북도 경주시 황성동,경상사고,0,0,1,1,차대차 - 측면충돌,신호위반,건조,맑음,교차로 - 교차로안,이륜,남,25세,부상신고,승용,남,60세,상해없음
2020020800100490,2020년 2월 8일 20시,토요일,경상북도 영천시 완산동,경상사고,0,0,1,0,차대차 - 측면충돌,안전운전불이행,건조,맑음,교차로 - 교차로안,승용,여,57세,상해없음,승용,남,37세,경상
2020020800100491,2020년 2월 8일 20시,토요일,경상북도 성주군 성주읍,경상사고,0,0,2,0,차대차 - 측면충돌,안전운전불이행,건조,맑음,교차로 - 교차로안,승용,남,60세,상해없음,승용,남,43세,경상
2020020800100524,2020년 2월 8일 21시,토요일,경상북도 영천시 북안면,중상사고,0,1,0,0,차대사람 - 기타,안전운전불이행,건조,맑음,단일로 - 기타,특수,남,49세,상해없음,보행자,남,24세,중상
2020020800100525,2020년 2월 8일 21시,토요일,경상북도 경산시 중산동,중상사고,0,1,0,0,차대차 - 정면충돌,신호위반,건조,맑음,교차로 - 교차로안,승용,여,46세,상해없음,승용,여,46세,중상
2020020800100546,2020년 2월 8일 22시,토요일,경상북도 포항시 북구 중앙동,경상사고,0,0,3,0,차대차 - 측면충돌,신호위반,건조,맑음,교차로 - 교차로안,승용,남,55세,상해없음,승용,여,41세,경상
2020020800100547,2020년 2월 8일 22시,토요일,경상북도 영주시 휴천동,경상사고,0,0,1,0,차대사람 - 기타,교차로운행방법위반,건조,맑음,교차로 - 교차로안,승용,남,34세,상해없음,보행자,남,61세,경상
2020020800100572,2020년 2월 8일 23시,토요일,경상북도 경주시 내남면,부상신고사고,0,0,0,1,차량단독 - 기타,안전운전불이행,건조,맑음,단일로 - 기타,화물,남,40세,부상신고,,,,
2020020900100052,2020년 2월 9일 03시,일요일,경상북도 칠곡군 왜관읍,중상사고,0,1,0,1,차대차 - 측면충돌,안전운전불이행,건조,맑음,단일로 - 기타,승용,남,25세,부상신고,기타불명,기타불명,미분류,기타불명
2020020900100053,2020년 2월 9일 03시,일요일,경상북도 구미시 원평동,경상사고,0,0,1,0,차대차 - 기타,안전운전불이행,건조,맑음,단일로 - 기타,승용,남,18세,상해없음,승용,여,48세,경상
2020020900100054,2020년 2월 9일 03시,일요일,경상북도 포항시 남구 해도동,경상사고,0,0,2,0,차대차 - 측면충돌,안전운전불이행,건조,맑음,교차로 - 교차로부근,승용,남,41세,상해없음,승용,남,41세,경상
2020020900100074,2020년 2월 9일 05시,일요일,경상북도 칠곡군 왜관읍,부상신고사고,0,0,0,1,차량단독 - 공작물충돌,안전운전불이행,건조,맑음,교차로 - 교차로부근,승용,남,27세,부상신고,,,,
2020020900100102,2020년 2월 9일 08시,일요일,경상북도 영덕군 강구면,중상사고,0,1,0,0,차대차 - 측면충돌,안전운전불이행,건조,맑음,교차로 - 교차로안,승용,남,73세,상해없음,자전거,여,65세,중상
2020020900100103,2020년 2월 9일 08시,일요일,경상북도 포항시 남구 해도동,경상사고,0,0,2,0,차대차 - 추돌,안전거리미확보,건조,맑음,교차로 - 교차로부근,승용,남,77세,상해없음,승용,여,62세,경상
2020020900100142,2020년 2월 9일 11시,일요일,경상북도 포항시 북구 죽도동,중상사고,0,1,0,0,차대차 - 측면충돌,안전운전불이행,건조,맑음,교차로 - 교차로안,승용,여,57세,기타불명,이륜,남,69세,중상
2020020900100212,2020년 2월 9일 14시,일요일,경상북도 경주시 성동동,중상사고,0,1,1,0,차대차 - 측면충돌,중앙선침범,건조,맑음,교차로 - 교차로부근,이륜,남,19세,중상,승용,남,63세,경상
2020020900100213,2020년 2월 9일 14시,일요일,경상북도 안동시 대석동,경상사고,0,0,1,0,차대차 - 측면충돌,안전운전불이행,건조,맑음,교차로 - 교차로안,이륜,남,78세,경상,승용,여,35세,상해없음
2020020900100214,2020년 2월 9일 14시,일요일,경상북도 칠곡군 왜관읍,경상사고,0,0,1,0,차대차 - 측면충돌,안전운전불이행,건조,맑음,단일로 - 기타,화물,남,62세,상해없음,승용,여,33세,경상
2020020900100215,2020년 2월 9일 14시,일요일,경상북도 구미시 산동면,경상사고,0,0,1,0,차대차 - 기타,직진우회전진행방해,건조,맑음,교차로 - 교차로안,승용,남,25세,상해없음,승용,여,26세,경상
2020020900100216,2020년 2월 9일 14시,일요일,경상북도 포항시 남구 대잠동,경상사고,0,0,2,0,차대차 - 기타,신호위반,건조,맑음,교차로 - 교차로안,이륜,남,49세,경상,승용,남,53세,경상
2020020900100263,2020년 2월 9일 16시,일요일,경상북도 경주시 산내면,사망사고,1,0,0,0,차량단독 - 공작물충돌,안전운전불이행,건조,맑음,단일로 - 기타,농기계,남,72세,사망,,,,
2020020900100290,2020년 2월 9일 17시,일요일,경상북도 포항시 북구 송라면,경상사고,0,0,6,0,차대차 - 측면충돌,차로위반,건조,맑음,교차로 - 교차로부근,승합,남,63세,상해없음,승용,남,33세,경상
2020020900100324,2020년 2월 9일 18시,일요일,경상북도 포항시 남구 효자동,경상사고,0,0,3,0,차대차 - 기타,교차로운행방법위반,건조,맑음,교차로 - 교차로안,승용,남,25세,경상,이륜,남,19세,경상
2020020900100352,2020년 2월 9일 19시,일요일,경상북도 구미시 원평동,경상사고,0,0,2,0,차대차 - 기타,교차로운행방법위반,건조,맑음,교차로 - 교차로부근,승용,남,18세,상해없음,승용,남,24세,경상
2020020900100413,2020년 2월 9일 21시,일요일,경상북도 포항시 남구 오천읍,경상사고,0,0,2,0,차대차 - 측면충돌,안전운전불이행,건조,흐림,교차로 - 교차로안,승용,남,39세,상해없음,승용,남,25세,상해없음
2020020900100414,2020년 2월 9일 21시,일요일,경상북도 포항시 남구 상도동,중상사고,0,1,1,0,차대차 - 측면충돌,신호위반,건조,맑음,교차로 - 교차로안,이륜,남,19세,중상,승용,남,68세,경상
2020021000100009,2020년 2월 10일 00시,월요일,경상북도 문경시 점촌동,부상신고사고,0,0,0,1,차대사람 - 기타,안전운전불이행,건조,맑음,교차로 - 교차로부근,승용,남,38세,상해없음,보행자,남,43세,부상신고
2020021000100068,2020년 2월 10일 06시,월요일,경상북도 영천시 조교동,경상사고,0,0,1,0,차대차 - 추돌,안전운전불이행,건조,맑음,단일로 - 기타,건설기계,남,50세,상해없음,화물,남,38세,경상
2020021000100095,2020년 2월 10일 07시,월요일,경상북도 경산시 정평동,경상사고,0,0,1,0,차량단독 - 주/정차차량 충돌,안전운전불이행,건조,맑음,주차장 - 주차장,화물,남,55세,경상,,,,
2020021000100096,2020년 2월 10일 07시,월요일,경상북도 경산시 진량읍,경상사고,0,0,1,0,차대차 - 측면충돌,안전운전불이행,건조,맑음,단일로 - 기타,승용,남,53세,기타불명,승용,남,32세,경상
2020021000100097,2020년 2월 10일 07시,월요일,경상북도 포항시 남구 해도동,경상사고,0,0,1,0,차대차 - 기타,교차로운행방법위반,건조,맑음,교차로 - 교차로부근,승용,남,24세,상해없음,승용,남,26세,경상
2020021000100145,2020년 2월 10일 08시,월요일,경상북도 포항시 북구 양덕동,경상사고,0,0,1,0,차대차 - 기타,안전운전불이행,건조,맑음,단일로 - 기타,승용,남,65세,상해없음,승용,여,24세,경상
2020021000100178,2020년 2월 10일 09시,월요일,경상북도 포항시 북구 항구동,경상사고,0,0,1,0,차대차 - 측면충돌,교차로운행방법위반,건조,맑음,교차로 - 교차로안,승용,남,64세,상해없음,이륜,남,40세,경상
2020021000100179,2020년 2월 10일 09시,월요일,경상북도 상주시 성동동,경상사고,0,0,1,0,차대차 - 측면충돌,안전운전불이행,건조,맑음,교차로 - 교차로안,화물,남,62세,상해없음,이륜,여,79세,경상
2020021000100215,2020년 2월 10일 10시,월요일,경상북도 영덕군 영덕읍,중상사고,0,1,0,0,차량단독 - 전도전복 - 전도,안전운전불이행,건조,맑음,단일로 - 기타,이륜,남,79세,중상,,,,
2020021000100246,2020년 2월 10일 11시,월요일,경상북도 구미시 신평동,중상사고,0,1,0,0,차대차 - 측면충돌,안전거리미확보,건조,맑음,단일로 - 기타,승용,남,28세,상해없음,이륜,남,34세,중상
2020021000100280,2020년 2월 10일 12시,월요일,경상북도 경산시 중산동,중상사고,0,1,0,0,차대차 - 측면충돌,안전운전불이행,건조,맑음,단일로 - 기타,건설기계,남,55세,상해없음,이륜,남,29세,중상
2020021000100281,2020년 2월 10일 12시,월요일,경상북도 경산시 하양읍,중상사고,0,2,1,0,차대차 - 측면충돌,안전운전불이행,건조,맑음,교차로 - 교차로안,이륜,남,19세,중상,승용,남,55세,경상
2020021000100282,2020년 2월 10일 12시,월요일,경상북도 경산시 중방동,경상사고,0,0,1,0,차대차 - 측면충돌,안전거리미확보,건조,맑음,단일로 - 기타,승용,남,52세,상해없음,승용,남,80세,경상
2020021000100341,2020년 2월 10일 14시,월요일,경상북도 안동시 태화동,경상사고,0,0,1,0,차대차 - 측면충돌,안전운전불이행,건조,맑음,교차로 - 교차로안,이륜,남,38세,경상,승용,여,38세,상해없음
2020021000100342,2020년 2월 10일 14시,월요일,경상북도 김천시 아포읍,중상사고,0,1,0,0,차대차 - 측면충돌,교차로운행방법위반,건조,맑음,교차로 - 교차로안,승용,남,60세,상해없음,승용,여,50세,중상
2020021000100364,2020년 2월 10일 15시,월요일,경상북도 경주시 황성동,중상사고,0,1,0,0,차대사람 - 길가장자리구역통행중,안전운전불이행,건조,맑음,단일로 - 기타,승용,남,56세,상해없음,보행자,여,60세,중상
2020021000100365,2020년 2월 10일 15시,월요일,경상북도 경주시 서부동,경상사고,0,0,3,0,차대차 - 측면충돌,안전운전불이행,건조,맑음,교차로 - 교차로안,화물,남,57세,상해없음,승용,남,23세,경상
2020021000100366,2020년 2월 10일 15시,월요일,경상북도 경주시 인왕동,경상사고,0,0,5,0,차대차 - 측면충돌,신호위반,건조,맑음,교차로 - 교차로안,승용,남,47세,경상,승용,여,41세,경상
2020021000100367,2020년 2월 10일 15시,월요일,경상북도 안동시 북문동,중상사고,0,1,0,0,차대사람 - 횡단중,보행자보호의무위반,건조,맑음,단일로 - 기타,승용,여,23세,상해없음,보행자,여,52세,중상
2020021000100368,2020년 2월 10일 15시,월요일,경상북도 안동시 풍산읍,중상사고,0,1,0,0,차대차 - 추돌,안전운전불이행,건조,맑음,단일로 - 기타,이륜,남,66세,중상,승용,남,28세,상해없음
2020021000100369,2020년 2월 10일 15시,월요일,경상북도 안동시 옥동,경상사고,0,0,2,0,차대차 - 측면충돌,안전운전불이행,건조,맑음,교차로 - 교차로안,승용,여,63세,경상,승용,남,65세,경상
2020021000100370,2020년 2월 10일 15시,월요일,경상북도 의성군 안계면,중상사고,0,1,0,0,차대차 - 측면충돌,안전운전불이행,건조,맑음,단일로 - 기타,자전거,남,15세,중상,승용,여,47세,상해없음
2020021000100371,2020년 2월 10일 15시,월요일,경상북도 경산시 진량읍,경상사고,0,0,1,0,차대차 - 정면충돌,안전운전불이행,건조,맑음,교차로 - 교차로안,화물,여,47세,상해없음,승용,여,51세,경상
2020021000100372,2020년 2월 10일 15시,월요일,경상북도 포항시 남구 상도동,경상사고,0,0,1,0,차대차 - 측면충돌,기타,건조,맑음,단일로 - 기타,화물,남,54세,상해없음,자전거,남,69세,경상
2020021000100410,2020년 2월 10일 16시,월요일,경상북도 포항시 북구 두호동,경상사고,0,0,2,0,차대사람 - 횡단중,보행자보호의무위반,건조,맑음,교차로 - 교차로횡단보도내,승용,여,56세,상해없음,보행자,남,44세,경상
2020021000100444,2020년 2월 10일 17시,월요일,경상북도 경산시 와촌면,사망사고,1,0,0,0,차량단독 - 공작물충돌,안전운전불이행,건조,맑음,기타 - 기타,농기계,남,82세,사망,,,,
2020021000100445,2020년 2월 10일 17시,월요일,경상북도 구미시 옥계동,경상사고,0,0,1,0,차대차 - 측면충돌,안전운전불이행,건조,흐림,단일로 - 기타,승합,남,45세,상해없음,자전거,남,41세,경상
2020021000100446,2020년 2월 10일 17시,월요일,경상북도 포항시 남구 상도동,부상신고사고,0,0,0,1,차대차 - 측면충돌,안전운전불이행,건조,맑음,단일로 - 기타,이륜,여,50세,부상신고,이륜,남,32세,상해없음
2020021000100492,2020년 2월 10일 18시,월요일,경상북도 포항시 북구 창포동,경상사고,0,0,1,0,차대차 - 측면충돌,직진우회전진행방해,건조,맑음,교차로 - 교차로안,이륜,남,21세,경상,승용,여,38세,상해없음
2020021000100493,2020년 2월 10일 18시,월요일,경상북도 포항시 북구 학산동,경상사고,0,0,1,0,차대차 - 기타,안전운전불이행,건조,맑음,단일로 - 기타,화물,여,69세,상해없음,승용,남,46세,경상
2020021000100494,2020년 2월 10일 18시,월요일,경상북도 문경시 모전동,경상사고,0,0,1,0,차대차 - 측면충돌,안전운전불이행,건조,맑음,교차로 - 교차로안,화물,남,53세,상해없음,자전거,남,16세,경상
2020021000100495,2020년 2월 10일 18시,월요일,경상북도 경산시 압량면,중상사고,0,1,0,0,차대사람 - 횡단중,안전운전불이행,건조,맑음,교차로 - 교차로부근,승용,남,50세,상해없음,보행자,남,23세,중상
2020021000100496,2020년 2월 10일 18시,월요일,경상북도 고령군 고령읍,사망사고,1,0,0,0,차량단독 - 공작물충돌,안전운전불이행,건조,맑음,단일로 - 기타,화물,남,61세,사망,,,,
2020021000100539,2020년 2월 10일 19시,월요일,경상북도 김천시 신음동,경상사고,0,0,1,0,차대차 - 측면충돌,교차로운행방법위반,건조,기타,교차로 - 교차로안,승용,여,50세,상해없음,승용,여,51세,경상
2020021000100540,2020년 2월 10일 19시,월요일,경상북도 영주시 가흥동,경상사고,0,0,1,0,차대차 - 측면충돌,차로위반,건조,맑음,단일로 - 기타,승용,여,28세,상해없음,승용,남,32세,경상
2020021000100574,2020년 2월 10일 20시,월요일,경상북도 영덕군 영덕읍,부상신고사고,0,0,0,1,차량단독 - 기타,안전운전불이행,건조,맑음,단일로 - 기타,이륜,남,67세,부상신고,,,,
2020021000100575,2020년 2월 10일 20시,월요일,경상북도 포항시 남구 상도동,경상사고,0,0,1,0,차대차 - 기타,안전운전불이행,건조,흐림,단일로 - 기타,화물,남,54세,상해없음,이륜,남,29세,경상
2020021000100601,2020년 2월 10일 21시,월요일,경상북도 경주시 서악동,경상사고,0,0,1,0,차대차 - 측면충돌,신호위반,건조,맑음,교차로 - 교차로안,승용,여,38세,상해없음,승용,여,45세,경상
2020021000100603,2020년 2월 10일 21시,월요일,경상북도 문경시 마성면,경상사고,0,0,1,0,차량단독 - 도로외이탈 - 추락,안전운전불이행,건조,맑음,단일로 - 기타,화물,남,38세,경상,,,,
2020021100100019,2020년 2월 11일 01시,화요일,경상북도 포항시 북구 죽도동,중상사고,0,2,0,0,차량단독 - 공작물충돌,안전운전불이행,건조,맑음,교차로 - 교차로부근,승용,남,25세,기타불명,,,,
2020021100100020,2020년 2월 11일 01시,화요일,경상북도 칠곡군 기산면,부상신고사고,0,0,0,1,차량단독 - 공작물충돌,안전운전불이행,건조,맑음,단일로 - 기타,승용,남,63세,부상신고,,,,
2020021100100021,2020년 2월 11일 01시,화요일,경상북도 구미시 임은동,부상신고사고,0,0,0,1,차대차 - 기타,안전운전불이행,건조,맑음,단일로 - 기타,승용,남,47세,부상신고,화물,남,52세,기타불명
2020021100100038,2020년 2월 11일 03시,화요일,경상북도 안동시 당북동,경상사고,0,0,1,0,차대사람 - 횡단중,보행자보호의무위반,건조,맑음,교차로 - 교차로횡단보도내,승용,남,51세,상해없음,보행자,남,38세,경상
2020021100100039,2020년 2월 11일 03시,화요일,경상북도 안동시 태화동,경상사고,0,0,1,0,차대차 - 기타,안전운전불이행,건조,맑음,교차로 - 교차로안,승용,여,34세,상해없음,승용,여,55세,경상
2020021100100097,2020년 2월 11일 07시,화요일,경상북도 포항시 북구 용흥동,경상사고,0,0,1,0,차대차 - 기타,기타,건조,맑음,교차로 - 교차로부근,승용,남,38세,상해없음,승용,남,58세,경상
2020021100100116,2020년 2월 11일 08시,화요일,경상북도 의성군 안계면,중상사고,0,1,0,0,차대차 - 측면충돌,직진우회전진행방해,건조,맑음,교차로 - 교차로부근,승용,남,70세,상해없음,승용,여,49세,중상
2020021100100117,2020년 2월 11일 08시,화요일,경상북도 문경시 모전동,경상사고,0,0,2,0,차대차 - 측면충돌,신호위반,건조,맑음,교차로 - 교차로안,승용,여,57세,기타불명,승용,여,55세,경상
2020021100100118,2020년 2월 11일 08시,화요일,경상북도 봉화군 봉성면,경상사고,0,0,1,0,차대차 - 측면충돌,기타,건조,맑음,교차로 - 교차로안,승용,여,24세,상해없음,승용,여,45세,경상
2020021100100148,2020년 2월 11일 09시,화요일,경상북도 영천시 오미동,경상사고,0,0,1,0,차대차 - 측면충돌,안전운전불이행,건조,맑음,교차로 - 교차로안,건설기계,남,55세,상해없음,화물,남,36세,경상
2020021100100149,2020년 2월 11일 09시,화요일,경상북도 경산시 남산면,중상사고,0,1,0,0,차대차 - 측면충돌,안전운전불이행,건조,맑음,단일로 - 기타,이륜,남,81세,중상,화물,남,57세,상해없음
2020021100100150,2020년 2월 11일 09시,화요일,경상북도 구미시 상모동,경상사고,0,0,2,0,차대차 - 추돌,안전거리미확보,건조,맑음,단일로 - 기타,승용,남,35세,상해없음,승용,여,42세,경상
2020021100100178,2020년 2월 11일 10시,화요일,경상북도 칠곡군 동명면,경상사고,0,0,1,0,차대차 - 측면충돌,안전운전불이행,건조,맑음,단일로 - 기타,화물,남,55세,상해없음,화물,남,58세,경상
2020021100100179,2020년 2월 11일 10시,화요일,경상북도 예천군 지보면,중상사고,0,1,0,0,차대차 - 측면충돌,안전운전불이행,건조,맑음,교차로 - 교차로안,승용,남,30세,상해없음,이륜,남,84세,중상
2020021100100180,2020년 2월 11일 10시,화요일,경상북도 성주군 선남면,경상사고,0,0,1,0,차대차 - 정면충돌,신호위반,건조,맑음,교차로 - 교차로안,승용,남,74세,상해없음,승용,남,33세,경상
2020021100100243,2020년 2월 11일 12시,화요일,경상북도 경산시 사동,중상사고,0,1,0,0,차대차 - 추돌,안전거리미확보,건조,맑음,단일로 - 기타,승용,여,60세,상해없음,화물,여,25세,중상
2020021100100278,2020년 2월 11일 13시,화요일,경상북도 안동시 정하동,중상사고,0,1,0,0,차대차 - 측면충돌,안전운전불이행,건조,맑음,교차로 - 교차로안,승용,여,63세,상해없음,이륜,남,80세,중상
2020021100100307,2020년 2월 11일 14시,화요일,경상북도 상주시 남성동,중상사고,0,1,1,0,차대차 - 측면충돌,교차로운행방법위반,건조,맑음,교차로 - 교차로횡단보도내,이륜,여,69세,경상,이륜,남,18세,중상
2020021100100308,2020년 2월 11일 14시,화요일,경상북도 구미시 원평동,중상사고,0,1,0,0,차대차 - 측면충돌,안전거리미확보,건조,맑음,교차로 - 교차로부근,화물,남,47세,상해없음,승용,남,35세,중상
2020021100100309,2020년 2월 11일 14시,화요일,경상북도 포항시 남구 구룡포읍,중상사고,0,1,0,0,차대차 - 측면충돌,안전운전불이행,건조,맑음,단일로 - 기타,승용,여,49세,상해없음,이륜,남,93세,중상