사고번호,사고일시,요일,시군구,사고내용,사망자수,중상자수,경상자수,부상신고자수,사고유형,법규위반,노면상태,기상상태,도로형태,가해운전자 차종,가해운전자 성별,가해운전자 연령,가해운전자 상해정도,피해운전자 차종,피해운전자 성별,피해운전자 연령,피해운전자 상해정도
2020021100100310,2020년 2월 11일 14시,화요일,경상북도 포항시 남구 해도동,경상사고,0,0,1,0,차대차 - 측면충돌,안전운전불이행,건조,맑음,단일로 - 기타,승용,남,67세,상해없음,이륜,남,46세,경상
2020021100100311,2020년 2월 11일 14시,화요일,경상북도 구미시 옥성면,경상사고,0,0,1,0,차대차 - 기타,안전운전불이행,건조,맑음,단일로 - 기타,승용,여,64세,상해없음,승용,남,53세,경상
2020021100100350,2020년 2월 11일 15시,화요일,경상북도 포항시 북구 흥해읍,중상사고,0,1,0,0,차대차 - 측면충돌,안전운전불이행,건조,맑음,단일로 - 기타,화물,남,52세,상해없음,승용,남,36세,중상
2020021100100351,2020년 2월 11일 15시,화요일,경상북도 안동시 대석동,중상사고,0,1,0,0,차대차 - 측면충돌,직진우회전진행방해,건조,맑음,교차로 - 교차로안,승용,여,58세,상해없음,이륜,여,66세,중상
2020021100100352,2020년 2월 11일 15시,화요일,경상북도 청송군 진보면,부상신고사고,0,0,0,1,차량단독 - 전도전복 - 전도,안전운전불이행,건조,맑음,단일로 - 지하차도(도로)내,승용,남,75세,부상신고,,,,
2020021100100353,2020년 2월 11일 15시,화요일,경상북도 포항시 남구 상도동,중상사고,0,1,0,0,차대차 - 측면충돌,안전운전불이행,건조,맑음,교차로 - 교차로안,승용,남,68세,상해없음,이륜,남,30세,중상
2020021100100382,2020년 2월 11일 16시,화요일,경상북도 포항시 북구 남빈동,경상사고,0,0,1,0,차대사람 - 횡단중,보행자보호의무위반,건조,맑음,교차로 - 교차로안,승용,남,63세,상해없음,보행자,여,54세,경상
2020021100100383,2020년 2월 11일 16시,화요일,경상북도 영천시 금호읍,경상사고,0,0,1,0,차대차 - 측면충돌,교차로운행방법위반,건조,맑음,교차로 - 교차로안,이륜,남,64세,경상,승용,남,52세,상해없음
2020021100100412,2020년 2월 11일 17시,화요일,경상북도 경주시 동천동,중상사고,0,1,0,0,차대차 - 측면충돌,안전운전불이행,건조,맑음,교차로 - 교차로안,승용,남,78세,상해없음,자전거,남,11세,중상
2020021100100413,2020년 2월 11일 17시,화요일,경상북도 김천시 용두동,경상사고,0,0,1,0,차대차 - 추돌,안전운전불이행,건조,맑음,교차로 - 교차로부근,화물,남,60세,상해없음,자전거,남,53세,경상
2020021100100414,2020년 2월 11일 17시,화요일,경상북도 상주시 함창읍,경상사고,0,0,1,0,차대차 - 측면충돌,교차로운행방법위반,건조,맑음,교차로 - 교차로안,화물,남,33세,상해없음,농기계,남,76세,경상
2020021100100415,2020년 2월 11일 17시,화요일,경상북도 울진군 죽변면,경상사고,0,0,1,0,차대차 - 기타,안전운전불이행,젖음/습기,맑음,단일로 - 기타,승용,여,41세,경상,승용,여,46세,상해없음
2020021100100458,2020년 2월 11일 18시,화요일,경상북도 김천시 대덕면,중상사고,0,1,0,0,차대차 - 추돌,안전운전불이행,건조,맑음,단일로 - 기타,이륜,남,75세,중상,승용,남,28세,상해없음
2020021100100459,2020년 2월 11일 18시,화요일,경상북도 영천시 교촌동,경상사고,0,0,1,0,차대차 - 측면충돌,안전운전불이행,건조,맑음,교차로 - 교차로부근,화물,남,54세,상해없음,화물,남,41세,경상
2020021100100502,2020년 2월 11일 19시,화요일,경상북도 문경시 문경읍,경상사고,0,0,2,0,차대차 - 측면충돌,중앙선침범,건조,맑음,단일로 - 기타,승용,남,36세,경상,화물,남,44세,경상
2020021100100542,2020년 2월 11일 20시,화요일,경상북도 경산시 대동,경상사고,0,0,1,0,차대차 - 측면충돌,중앙선침범,건조,맑음,단일로 - 기타,원동기,남,57세,경상,이륜,남,29세,상해없음
2020021100100575,2020년 2월 11일 21시,화요일,경상북도 경주시 성동동,중상사고,0,1,0,0,차대사람 - 횡단중,보행자보호의무위반,건조,맑음,교차로 - 교차로횡단보도내,승용,여,28세,상해없음,보행자,여,40세,중상
2020021100100597,2020년 2월 11일 22시,화요일,경상북도 상주시 양촌동,중상사고,0,2,0,0,차대차 - 추돌,안전운전불이행,건조,맑음,단일로 - 기타,특수,남,37세,상해없음,승용,남,36세,중상
2020021100100615,2020년 2월 11일 23시,화요일,경상북도 칠곡군 왜관읍,부상신고사고,0,0,0,1,차대차 - 기타,안전운전불이행,건조,맑음,단일로 - 기타,승용,남,33세,부상신고,승용,남,19세,상해없음
2020021200100031,2020년 2월 12일 02시,수요일,경상북도 포항시 남구 대잠동,중상사고,0,1,0,0,차대사람 - 횡단중,안전운전불이행,건조,맑음,교차로 - 교차로안,승용,남,56세,상해없음,보행자,여,30세,중상
2020021200100078,2020년 2월 12일 06시,수요일,경상북도 영천시 임고면,중상사고,0,3,1,0,차량단독 - 공작물충돌,안전운전불이행,건조,맑음,교차로 - 교차로안,승용,남,73세,경상,,,,
2020021200100134,2020년 2월 12일 08시,수요일,경상북도 경주시 천북면,경상사고,0,0,1,0,차대차 - 측면충돌,안전운전불이행,젖음/습기,비,단일로 - 기타,승용,남,39세,상해없음,승용,남,54세,경상
2020021200100135,2020년 2월 12일 08시,수요일,경상북도 경산시 압량면,경상사고,0,0,1,0,차대차 - 측면충돌,교차로운행방법위반,젖음/습기,비,교차로 - 교차로안,화물,남,53세,기타불명,승용,남,39세,경상
2020021200100136,2020년 2월 12일 08시,수요일,경상북도 포항시 남구 인덕동,경상사고,0,0,1,0,차대차 - 기타,안전거리미확보,젖음/습기,비,교차로 - 교차로부근,승용,여,35세,상해없음,승용,남,45세,경상
2020021200100166,2020년 2월 12일 09시,수요일,경상북도 문경시 가은읍,경상사고,0,0,1,0,차대차 - 측면충돌,직진우회전진행방해,젖음/습기,비,교차로 - 교차로안,화물,남,79세,상해없음,승용,여,56세,경상
2020021200100167,2020년 2월 12일 09시,수요일,경상북도 경산시 중방동,경상사고,0,0,1,0,차대사람 - 횡단중,안전운전불이행,젖음/습기,비,단일로 - 기타,승합,남,51세,상해없음,보행자,여,78세,경상
2020021200100190,2020년 2월 12일 10시,수요일,경상북도 구미시 광평동,경상사고,0,0,1,0,차대차 - 측면충돌,안전운전불이행,젖음/습기,비,교차로 - 교차로부근,승용,남,61세,상해없음,이륜,남,48세,경상
2020021200100217,2020년 2월 12일 11시,수요일,경상북도 예천군 은풍면,중상사고,0,3,0,0,차대차 - 측면충돌,안전운전불이행,젖음/습기,비,단일로 - 기타,화물,남,75세,중상,승용,남,71세,중상
2020021200100218,2020년 2월 12일 11시,수요일,경상북도 고령군 다산면,경상사고,0,0,3,0,차대차 - 측면충돌,교차로운행방법위반,젖음/습기,비,교차로 - 교차로안,승용,남,48세,경상,화물,남,63세,경상
2020021200100219,2020년 2월 12일 11시,수요일,경상북도 군위군 군위읍,경상사고,0,0,2,0,차대차 - 측면충돌,신호위반,건조,맑음,교차로 - 교차로안,승용,여,26세,경상,화물,남,66세,경상
2020021200100239,2020년 2월 12일 12시,수요일,경상북도 문경시 흥덕동,경상사고,0,0,1,0,차대차 - 기타,직진우회전진행방해,기타,비,교차로 - 교차로안,승용,남,56세,경상,승용,남,53세,상해없음
2020021200100240,2020년 2월 12일 12시,수요일,경상북도 포항시 남구 상도동,중상사고,0,1,0,0,차대사람 - 횡단중,중앙선침범,젖음/습기,비,교차로 - 교차로부근,승용,남,41세,상해없음,보행자,여,59세,중상
2020021200100274,2020년 2월 12일 13시,수요일,경상북도 칠곡군 왜관읍,경상사고,0,0,1,0,차대차 - 측면충돌,직진우회전진행방해,건조,맑음,교차로 - 교차로안,화물,남,51세,상해없음,승용,남,60세,경상
2020021200100275,2020년 2월 12일 13시,수요일,경상북도 성주군 성주읍,경상사고,0,0,1,0,차대사람 - 차도통행중,안전운전불이행,건조,맑음,기타 - 기타,이륜,남,46세,상해없음,보행자,남,61세,경상
2020021200100276,2020년 2월 12일 13시,수요일,경상북도 구미시 광평동,경상사고,0,0,1,0,차대차 - 기타,안전거리미확보,젖음/습기,비,단일로 - 기타,승용,남,68세,상해없음,승용,여,60세,경상
2020021200100304,2020년 2월 12일 14시,수요일,경상북도 안동시 광석동,경상사고,0,0,1,0,차량단독 - 기타,안전거리미확보,젖음/습기,비,교차로 - 교차로부근,승용,남,70세,상해없음,,,,
2020021200100333,2020년 2월 12일 15시,수요일,경상북도 영천시 완산동,경상사고,0,0,3,0,차대차 - 측면충돌,신호위반,젖음/습기,흐림,교차로 - 교차로안,승용,여,33세,경상,승용,여,58세,경상
2020021200100334,2020년 2월 12일 15시,수요일,경상북도 경산시 진량읍,중상사고,0,2,1,0,차대차 - 측면충돌,직진우회전진행방해,젖음/습기,비,교차로 - 교차로안,화물,남,49세,경상,승용,여,46세,중상
2020021200100335,2020년 2월 12일 15시,수요일,경상북도 포항시 남구 대잠동,경상사고,0,0,2,0,차대차 - 측면충돌,직진우회전진행방해,젖음/습기,비,교차로 - 교차로안,승용,남,42세,경상,승용,남,49세,경상
2020021200100369,2020년 2월 12일 16시,수요일,경상북도 안동시 남문동,경상사고,0,0,1,0,차대차 - 측면충돌,안전운전불이행,젖음/습기,비,단일로 - 기타,화물,남,55세,상해없음,승용,남,32세,경상
2020021200100398,2020년 2월 12일 17시,수요일,경상북도 안동시 송천동,경상사고,0,0,1,0,차대차 - 측면충돌,안전운전불이행,젖음/습기,비,교차로 - 교차로안,승용,남,61세,상해없음,화물,남,49세,경상
2020021200100399,2020년 2월 12일 17시,수요일,경상북도 칠곡군 북삼읍,중상사고,0,1,0,0,차대사람 - 길가장자리구역통행중,안전운전불이행,젖음/습기,흐림,교차로 - 교차로안,승용,여,47세,상해없음,보행자,여,73세,중상
2020021200100445,2020년 2월 12일 18시,수요일,경상북도 안동시 태화동,경상사고,0,0,1,0,차대사람 - 기타,안전운전불이행,젖음/습기,비,단일로 - 기타,승용,남,63세,상해없음,보행자,여,61세,경상
2020021200100506,2020년 2월 12일 19시,수요일,경상북도 포항시 북구 죽도동,경상사고,0,0,1,0,차대차 - 측면충돌,중앙선침범,젖음/습기,비,교차로 - 교차로안,승용,여,34세,상해없음,원동기,남,25세,경상
2020021200100544,2020년 2월 12일 20시,수요일,경상북도 포항시 북구 청하면,중상사고,0,1,0,0,차대차 - 추돌,안전거리미확보,젖음/습기,비,단일로 - 기타,승합,남,57세,상해없음,승용,남,45세,중상
2020021200100545,2020년 2월 12일 20시,수요일,경상북도 안동시 명륜동,경상사고,0,0,1,0,차대차 - 측면충돌,신호위반,젖음/습기,비,교차로 - 교차로안,승용,여,44세,상해없음,이륜,남,24세,경상
2020021200100546,2020년 2월 12일 20시,수요일,경상북도 김천시 아포읍,경상사고,0,0,1,0,차대차 - 추돌,안전운전불이행,젖음/습기,흐림,교차로 - 교차로부근,이륜,남,56세,경상,화물,남,58세,상해없음
2020021200100547,2020년 2월 12일 20시,수요일,경상북도 경산시 진량읍,경상사고,0,0,2,0,차대사람 - 기타,안전운전불이행,건조,맑음,단일로 - 기타,이륜,남,44세,경상,보행자,여,19세,경상
2020021200100548,2020년 2월 12일 20시,수요일,경상북도 포항시 남구 오천읍,경상사고,0,0,1,0,차대사람 - 횡단중,보행자보호의무위반,건조,맑음,교차로 - 교차로횡단보도내,승용,남,51세,상해없음,보행자,여,17세,경상
2020021200100593,2020년 2월 12일 21시,수요일,경상북도 경주시 황오동,경상사고,0,0,1,0,차대차 - 측면충돌,신호위반,젖음/습기,비,교차로 - 교차로안,승용,남,56세,기타불명,승용,남,32세,경상
2020021200100618,2020년 2월 12일 22시,수요일,경상북도 경산시 중방동,경상사고,0,0,2,0,차대차 - 측면충돌,교차로운행방법위반,건조,맑음,교차로 - 교차로부근,승용,남,49세,상해없음,승용,남,21세,경상
2020021200100619,2020년 2월 12일 22시,수요일,경상북도 구미시 송정동,경상사고,0,0,1,0,차대차 - 기타,안전운전불이행,건조,맑음,교차로 - 교차로부근,승용,남,37세,상해없음,승용,여,30세,경상
2020021200100620,2020년 2월 12일 22시,수요일,경상북도 구미시 구포동,경상사고,0,0,1,0,차대차 - 기타,안전운전불이행,기타,기타,기타 - 기타,승용,여,49세,상해없음,승용,남,31세,경상
2020021300100029,2020년 2월 13일 04시,목요일,경상북도 김천시 부곡동,중상사고,0,1,0,0,차대사람 - 차도통행중,안전운전불이행,건조,맑음,교차로 - 교차로부근,승용,남,60세,상해없음,보행자,여,60세,중상
2020021300100052,2020년 2월 13일 06시,목요일,경상북도 구미시 봉곡동,경상사고,0,0,1,1,차대차 - 기타,교차로운행방법위반,건조,맑음,교차로 - 교차로안,승용,남,52세,부상신고,승용,남,38세,경상
2020021300100072,2020년 2월 13일 07시,목요일,경상북도 안동시 옥동,경상사고,0,0,1,0,차대차 - 측면충돌,안전운전불이행,건조,맑음,단일로 - 기타,승용,남,58세,상해없음,화물,여,57세,경상
2020021300100073,2020년 2월 13일 07시,목요일,경상북도 경산시 중방동,경상사고,0,0,1,0,차대차 - 측면충돌,안전운전불이행,건조,맑음,단일로 - 기타,승합,남,67세,상해없음,승용,남,27세,경상
2020021300100099,2020년 2월 13일 08시,목요일,경상북도 경주시 서부동,경상사고,0,0,1,0,차대차 - 측면충돌,안전운전불이행,건조,맑음,교차로 - 교차로안,이륜,여,43세,경상,승용,남,62세,상해없음
2020021300100100,2020년 2월 13일 08시,목요일,경상북도 김천시 부곡동,경상사고,0,0,1,0,차대차 - 측면충돌,교차로운행방법위반,젖음/습기,흐림,교차로 - 교차로안,승용,남,49세,상해없음,승용,남,28세,경상
2020021300100101,2020년 2월 13일 08시,목요일,경상북도 구미시 인의동,중상사고,0,1,0,0,차대차 - 측면충돌,안전운전불이행,건조,맑음,교차로 - 교차로안,승용,여,38세,상해없음,승용,여,37세,중상
2020021300100128,2020년 2월 13일 09시,목요일,경상북도 상주시 낙양동,중상사고,0,1,1,0,차대차 - 측면충돌,교차로운행방법위반,건조,맑음,교차로 - 교차로안,화물,남,67세,경상,승용,남,49세,중상
2020021300100129,2020년 2월 13일 09시,목요일,경상북도 영덕군 강구면,중상사고,0,1,1,1,차대차 - 추돌,안전운전불이행,건조,맑음,단일로 - 기타,승용,여,70세,부상신고,화물,남,42세,상해없음
2020021300100130,2020년 2월 13일 09시,목요일,경상북도 울진군 죽변면,경상사고,0,0,2,0,차대차 - 측면충돌,신호위반,건조,맑음,교차로 - 교차로안,승용,여,54세,경상,화물,남,56세,경상
2020021300100161,2020년 2월 13일 10시,목요일,경상북도 포항시 북구 덕산동,경상사고,0,0,1,0,차대차 - 측면충돌,안전운전불이행,건조,맑음,교차로 - 교차로안,승용,남,76세,상해없음,승용,남,57세,경상
2020021300100162,2020년 2월 13일 10시,목요일,경상북도 포항시 북구 창포동,중상사고,0,1,0,0,차대차 - 측면충돌,교차로운행방법위반,건조,맑음,교차로 - 교차로안,승용,남,66세,상해없음,승용,여,53세,중상
2020021300100163,2020년 2월 13일 10시,목요일,경상북도 고령군 다산면,경상사고,0,0,1,0,차대차 - 측면충돌,안전운전불이행,건조,맑음,단일로 - 기타,승용,여,38세,상해없음,자전거,남,57세,경상
2020021300100194,2020년 2월 13일 11시,목요일,경상북도 포항시 북구 장성동,중상사고,0,1,0,0,차대사람 - 횡단중,교차로운행방법위반,건조,맑음,교차로 - 교차로부근,승용,여,36세,상해없음,보행자,여,83세,중상
2020021300100226,2020년 2월 13일 12시,목요일,경상북도 경주시 황성동,경상사고,0,0,1,0,차대차 - 측면충돌,안전운전불이행,건조,맑음,단일로 - 기타,승용,여,26세,상해없음,승용,여,46세,경상
2020021300100227,2020년 2월 13일 12시,목요일,경상북도 경주시 구정동,경상사고,0,0,2,0,차대차 - 측면충돌,안전운전불이행,건조,맑음,교차로 - 교차로안,승용,남,71세,상해없음,승용,남,38세,경상
2020021300100228,2020년 2월 13일 12시,목요일,경상북도 봉화군 소천면,중상사고,0,2,1,0,차대차 - 정면충돌,중앙선침범,건조,맑음,단일로 - 기타,승용,남,65세,경상,화물,남,58세,중상
2020021300100257,2020년 2월 13일 13시,목요일,경상북도 문경시 모전동,경상사고,0,0,1,0,차대사람 - 보도통행중,안전운전불이행,건조,맑음,교차로 - 교차로안,승용,남,38세,상해없음,보행자,여,55세,경상
2020021300100258,2020년 2월 13일 13시,목요일,경상북도 성주군 성주읍,경상사고,0,0,1,0,차대차 - 측면충돌,중앙선침범,건조,맑음,단일로 - 기타,승합,남,58세,상해없음,승용,남,51세,경상
2020021300100259,2020년 2월 13일 13시,목요일,경상북도 청송군 청송읍,경상사고,0,0,1,0,차량단독 - 공작물충돌,안전운전불이행,건조,맑음,단일로 - 지하차도(도로)내,승용,남,52세,경상,,,,
2020021300100260,2020년 2월 13일 13시,목요일,경상북도 포항시 남구 대도동,경상사고,0,0,2,1,차대차 - 기타,안전운전불이행,건조,맑음,단일로 - 기타,승용,남,32세,상해없음,승용,남,48세,경상
2020021300100261,2020년 2월 13일 13시,목요일,경상북도 포항시 남구 해도동,경상사고,0,0,1,0,차대차 - 기타,안전거리미확보,건조,맑음,단일로 - 기타,승용,남,48세,기타불명,승용,여,57세,경상
2020021300100282,2020년 2월 13일 14시,목요일,경상북도 경주시 노서동,경상사고,0,0,1,0,차대차 - 측면충돌,안전운전불이행,건조,맑음,교차로 - 교차로안,승합,남,59세,상해없음,승용,남,23세,경상
2020021300100283,2020년 2월 13일 14시,목요일,경상북도 구미시 원평동,경상사고,0,0,1,0,차대차 - 측면충돌,안전거리미확보,건조,맑음,단일로 - 기타,승용,남,78세,상해없음,화물,남,36세,경상
2020021300100312,2020년 2월 13일 15시,목요일,경상북도 포항시 북구 항구동,중상사고,0,1,0,0,차대차 - 기타,차로위반,건조,맑음,단일로 - 기타,승용,남,19세,상해없음,이륜,남,32세,중상
2020021300100313,2020년 2월 13일 15시,목요일,경상북도 안동시 동문동,경상사고,0,0,6,0,차대차 - 측면충돌,직진우회전진행방해,건조,맑음,교차로 - 교차로안,승용,남,73세,경상,승합,여,19세,경상
2020021300100314,2020년 2월 13일 15시,목요일,경상북도 김천시 지좌동,경상사고,0,0,1,0,차대차 - 추돌,안전운전불이행,건조,맑음,단일로 - 기타,승용,남,90세,상해없음,특수,남,24세,경상
2020021300100315,2020년 2월 13일 15시,목요일,경상북도 영천시 성내동,중상사고,0,1,2,0,차대차 - 정면충돌,신호위반,건조,맑음,교차로 - 교차로안,승용,남,75세,경상,승용,여,60세,중상
2020021300100316,2020년 2월 13일 15시,목요일,경상북도 구미시 고아읍,경상사고,0,0,1,0,차대차 - 추돌,안전거리미확보,건조,맑음,교차로 - 교차로부근,화물,남,47세,상해없음,승용,남,85세,경상
2020021300100342,2020년 2월 13일 16시,목요일,경상북도 포항시 남구 상도동,경상사고,0,0,1,0,차대차 - 추돌,안전운전불이행,건조,맑음,교차로 - 교차로부근,승용,남,35세,상해없음,승용,남,32세,경상
2020021300100390,2020년 2월 13일 17시,목요일,경상북도 경주시 노서동,경상사고,0,0,1,0,차대차 - 추돌,중앙선침범,건조,맑음,단일로 - 기타,승용,남,70세,상해없음,승용,남,38세,경상
2020021300100391,2020년 2월 13일 17시,목요일,경상북도 김천시 아포읍,중상사고,0,1,0,0,차대차 - 측면충돌,중앙선침범,건조,맑음,단일로 - 기타,승용,남,63세,상해없음,승용,여,49세,중상
2020021300100392,2020년 2월 13일 17시,목요일,경상북도 구미시 옥계동,경상사고,0,0,1,0,차대차 - 기타,안전운전불이행,건조,맑음,교차로 - 교차로부근,승용,남,29세,상해없음,이륜,남,37세,경상
2020021300100439,2020년 2월 13일 18시,목요일,경상북도 경주시 현곡면,중상사고,0,1,0,0,차대차 - 측면충돌,기타,건조,맑음,교차로 - 교차로안,화물,남,65세,상해없음,이륜,남,80세,중상
2020021300100440,2020년 2월 13일 18시,목요일,경상북도 안동시 정하동,경상사고,0,0,2,0,차대차 - 추돌,안전운전불이행,건조,맑음,단일로 - 교량,승합,남,61세,상해없음,승용,여,27세,경상
2020021300100441,2020년 2월 13일 18시,목요일,경상북도 포항시 남구 효자동,경상사고,0,0,3,0,차대차 - 추돌,안전거리미확보,건조,맑음,단일로 - 기타,화물,남,62세,상해없음,승용,남,46세,경상
2020021300100486,2020년 2월 13일 19시,목요일,경상북도 경주시 사정동,중상사고,0,1,0,0,차대사람 - 차도통행중,안전운전불이행,건조,맑음,교차로 - 교차로부근,승용,남,46세,상해없음,보행자,남,84세,중상
2020021300100487,2020년 2월 13일 19시,목요일,경상북도 구미시 사곡동,경상사고,0,0,1,0,차대차 - 기타,안전운전불이행,건조,맑음,교차로 - 교차로안,이륜,여,48세,경상,승합,남,24세,상해없음
2020021300100530,2020년 2월 13일 20시,목요일,경상북도 경주시 양북면,경상사고,0,0,1,0,차대차 - 측면충돌,안전운전불이행,건조,맑음,교차로 - 교차로안,화물,남,60세,상해없음,승용,남,33세,경상
2020021300100531,2020년 2월 13일 20시,목요일,경상북도 포항시 북구 장성동,경상사고,0,0,1,0,차대차 - 후진중충돌,안전운전불이행,건조,맑음,교차로 - 교차로부근,승용,남,62세,상해없음,승용,여,49세,경상
2020021300100532,2020년 2월 13일 20시,목요일,경상북도 구미시 사곡동,경상사고,0,0,1,0,차대차 - 기타,안전운전불이행,건조,맑음,교차로 - 교차로안,기타불명,기타불명,미분류,기타불명,원동기,여,29세,경상
2020021300100568,2020년 2월 13일 21시,목요일,경상북도 영주시 가흥동,경상사고,0,0,2,0,차대차 - 측면충돌,교차로운행방법위반,건조,맑음,교차로 - 교차로안,이륜,남,25세,상해없음,승용,여,24세,경상
2020021300100569,2020년 2월 13일 21시,목요일,경상북도 울진군 죽변면,중상사고,0,1,0,0,차대사람 - 기타,안전운전불이행,건조,맑음,단일로 - 기타,승용,여,27세,상해없음,보행자,여,63세,중상
2020021300100601,2020년 2월 13일 22시,목요일,경상북도 포항시 북구 대흥동,경상사고,0,0,1,0,차대차 - 추돌,안전운전불이행,건조,맑음,단일로 - 기타,승용,남,30세,상해없음,승용,남,62세,경상
2020021300100602,2020년 2월 13일 22시,목요일,경상북도 구미시 사곡동,중상사고,0,1,0,0,차대차 - 기타,안전운전불이행,건조,맑음,단일로 - 기타,승용,여,50세,상해없음,이륜,남,56세,중상
2020021300100603,2020년 2월 13일 22시,목요일,경상북도 포항시 남구 대잠동,중상사고,0,1,0,0,차대사람 - 횡단중,보행자보호의무위반,건조,맑음,교차로 - 교차로횡단보도내,승용,남,54세,상해없음,보행자,남,50세,중상
2020021300100604,2020년 2월 13일 22시,목요일,경상북도 포항시 남구 지곡동,경상사고,0,0,2,0,차대차 - 측면충돌,안전운전불이행,건조,맑음,교차로 - 교차로안,승용,여,54세,경상,승용,남,38세,경상
2020021400100045,2020년 2월 14일 05시,금요일,경상북도 구미시 임수동,경상사고,0,0,1,0,차대차 - 측면충돌,신호위반,건조,맑음,교차로 - 교차로안,승용,남,31세,상해없음,승용,남,43세,경상
2020021400100063,2020년 2월 14일 06시,금요일,경상북도 안동시 송천동,경상사고,0,0,1,0,차대차 - 측면충돌,안전운전불이행,젖음/습기,안개,교차로 - 교차로안,화물,남,60세,상해없음,승용,남,51세,경상
2020021400100064,2020년 2월 14일 06시,금요일,경상북도 경산시 임당동,경상사고,0,0,1,0,차량단독 - 전도전복 - 전도,안전운전불이행,건조,맑음,단일로 - 기타,이륜,남,21세,경상,,,,
2020021400100065,2020년 2월 14일 06시,금요일,경상북도 경산시 평산동,경상사고,0,0,1,0,차대차 - 측면충돌,안전운전불이행,건조,맑음,단일로 - 기타,화물,남,62세,상해없음,승용,남,46세,경상
2020021400100085,2020년 2월 14일 07시,금요일,경상북도 경주시 황오동,경상사고,0,0,1,0,차대차 - 측면충돌,안전운전불이행,건조,맑음,교차로 - 교차로안,승용,남,46세,상해없음,승용,여,59세,경상
2020021400100086,2020년 2월 14일 07시,금요일,경상북도 경산시 평산동,경상사고,0,0,1,0,차대차 - 측면충돌,신호위반,건조,맑음,교차로 - 교차로안,승용,남,63세,상해없음,승용,남,70세,경상
2020021400100113,2020년 2월 14일 08시,금요일,경상북도 안동시 옥동,경상사고,0,0,1,1,차대차 - 정면충돌,신호위반,기타,안개,교차로 - 교차로안,승용,남,64세,경상,승용,남,31세,부상신고
2020021400100114,2020년 2월 14일 08시,금요일,경상북도 포항시 남구 인덕동,경상사고,0,0,1,0,차대차 - 후진중충돌,불법유턴,건조,맑음,단일로 - 기타,특수,남,39세,상해없음,승용,남,68세,경상
2020021400100154,2020년 2월 14일 09시,금요일,경상북도 포항시 북구 우현동,중상사고,0,1,0,0,차대차 - 측면충돌,중앙선침범,건조,맑음,교차로 - 교차로부근,승용,여,41세,상해없음,승용,여,53세,중상
2020021400100155,2020년 2월 14일 09시,금요일,경상북도 김천시 성내동,중상사고,0,1,0,0,차대사람 - 횡단중,안전운전불이행,건조,맑음,단일로 - 기타,화물,남,66세,상해없음,보행자,남,63세,중상
2020021400100156,2020년 2월 14일 09시,금요일,경상북도 포항시 남구 연일읍,경상사고,0,0,1,3,차대차 - 측면충돌,직진우회전진행방해,건조,맑음,교차로 - 교차로안,승용,남,64세,상해없음,승용,여,41세,경상
2020021400100178,2020년 2월 14일 10시,금요일,경상북도 울진군 울진읍,중상사고,0,1,1,0,차대차 - 기타,안전운전불이행,건조,맑음,단일로 - 기타,화물,남,65세,상해없음,기타불명,남,81세,경상
2020021400100206,2020년 2월 14일 11시,금요일,경상북도 영주시 영주동,중상사고,0,1,0,0,차대사람 - 횡단중,보행자보호의무위반,건조,맑음,교차로 - 교차로횡단보도내,승용,남,62세,상해없음,보행자,여,84세,중상
2020021400100223,2020년 2월 14일 12시,금요일,경상북도 경주시 안강읍,중상사고,0,1,0,0,차대사람 - 횡단중,보행자보호의무위반,건조,맑음,교차로 - 교차로횡단보도내,승합,여,39세,상해없음,보행자,여,70세,중상
2020021400100224,2020년 2월 14일 12시,금요일,경상북도 의성군 안계면,중상사고,0,1,0,0,차대차 - 추돌,중앙선침범,건조,맑음,단일로 - 기타,화물,남,58세,상해없음,자전거,남,94세,중상
2020021400100225,2020년 2월 14일 12시,금요일,경상북도 포항시 남구 해도동,경상사고,0,0,2,0,차대차 - 후진중충돌,안전운전불이행,건조,맑음,교차로 - 교차로부근,승용,여,55세,상해없음,승용,남,29세,경상
2020021400100267,2020년 2월 14일 13시,금요일,경상북도 안동시 송현동,중상사고,0,1,0,0,차대사람 - 기타,안전운전불이행,건조,맑음,단일로 - 기타,화물,남,49세,상해없음,보행자,여,91세,중상
2020021400100269,2020년 2월 14일 13시,금요일,경상북도 경산시 사동,경상사고,0,0,1,0,차대차 - 추돌,안전운전불이행,건조,맑음,교차로 - 교차로부근,승용,남,18세,상해없음,승용,여,33세,경상
2020021400100270,2020년 2월 14일 13시,금요일,경상북도 구미시 진평동,중상사고,0,1,0,0,차대차 - 측면충돌,교차로운행방법위반,건조,맑음,교차로 - 교차로안,승용,여,54세,상해없음,승용,여,60세,중상
2020021400100309,2020년 2월 14일 14시,금요일,경상북도 포항시 남구 대도동,경상사고,0,0,1,0,차대차 - 정면충돌,안전운전불이행,건조,맑음,교차로 - 교차로부근,이륜,남,39세,경상,승용,여,45세,상해없음
2020021400100350,2020년 2월 14일 15시,금요일,경상북도 경주시 교동,경상사고,0,0,1,1,차대차 - 정면충돌,중앙선침범,건조,맑음,단일로 - 기타,이륜,남,24세,부상신고,원동기,남,17세,경상
2020021400100351,2020년 2월 14일 15시,금요일,경상북도 경주시 용강동,중상사고,0,3,0,0,차대차 - 측면충돌,안전운전불이행,건조,맑음,단일로 - 지하차도(도로)내,승용,남,20세,상해없음,승용,남,72세,중상
2020021400100352,2020년 2월 14일 15시,금요일,경상북도 상주시 사벌면,경상사고,0,0,1,0,차대차 - 측면충돌,중앙선침범,건조,맑음,단일로 - 기타,승용,남,80세,상해없음,승합,여,44세,경상