사고번호,사고일시,요일,시군구,사고내용,사망자수,중상자수,경상자수,부상신고자수,사고유형,법규위반,노면상태,기상상태,도로형태,가해운전자 차종,가해운전자 성별,가해운전자 연령,가해운전자 상해정도,피해운전자 차종,피해운전자 성별,피해운전자 연령,피해운전자 상해정도
2020021400100353,2020년 2월 14일 15시,금요일,경상북도 예천군 호명면,경상사고,0,0,1,0,차대차 - 기타,교차로운행방법위반,건조,맑음,교차로 - 교차로안,승용,남,43세,상해없음,승합,남,40세,상해없음
2020021400100354,2020년 2월 14일 15시,금요일,경상북도 포항시 남구 대잠동,경상사고,0,0,2,1,차대차 - 추돌,안전거리미확보,건조,맑음,교차로 - 교차로부근,승용,남,83세,부상신고,승용,남,68세,경상
2020021400100355,2020년 2월 14일 15시,금요일,경상북도 포항시 남구 대송면,경상사고,0,0,1,0,차대차 - 측면충돌,교차로운행방법위반,건조,맑음,교차로 - 교차로안,특수,남,63세,경상,화물,남,41세,상해없음
2020021400100383,2020년 2월 14일 16시,금요일,경상북도 경주시 안강읍,부상신고사고,0,0,0,2,차량단독 - 공작물충돌,안전운전불이행,건조,맑음,교차로 - 교차로안,승용,남,21세,부상신고,,,,
2020021400100384,2020년 2월 14일 16시,금요일,경상북도 포항시 북구 신광면,경상사고,0,0,2,0,차대차 - 기타,기타,건조,맑음,단일로 - 기타,화물,남,52세,기타불명,승용,여,46세,경상
2020021400100385,2020년 2월 14일 16시,금요일,경상북도 상주시 무양동,경상사고,0,0,1,0,차대차 - 측면충돌,안전운전불이행,건조,맑음,교차로 - 교차로부근,승용,남,50세,상해없음,자전거,남,14세,경상
2020021400100429,2020년 2월 14일 17시,금요일,경상북도 영천시 완산동,경상사고,0,0,3,0,차대차 - 측면충돌,신호위반,건조,맑음,교차로 - 교차로안,승용,여,48세,경상,승용,여,62세,경상
2020021400100480,2020년 2월 14일 18시,금요일,경상북도 상주시 은척면,경상사고,0,0,2,0,차대차 - 측면충돌,중앙선침범,건조,맑음,단일로 - 기타,화물,남,62세,경상,승합,남,55세,상해없음
2020021400100481,2020년 2월 14일 18시,금요일,경상북도 칠곡군 왜관읍,부상신고사고,0,0,0,1,차대차 - 기타,안전운전불이행,건조,맑음,교차로 - 교차로안,이륜,남,44세,부상신고,승용,남,67세,상해없음
2020021400100482,2020년 2월 14일 18시,금요일,경상북도 칠곡군 동명면,경상사고,0,0,1,0,차대차 - 후진중충돌,안전운전불이행,건조,맑음,단일로 - 기타,승용,여,29세,상해없음,승용,남,27세,경상
2020021400100483,2020년 2월 14일 18시,금요일,경상북도 포항시 남구 오천읍,중상사고,0,1,0,0,차대사람 - 기타,보행자보호의무위반,건조,맑음,교차로 - 교차로횡단보도내,이륜,남,36세,상해없음,보행자,남,64세,중상
2020021400100526,2020년 2월 14일 19시,금요일,경상북도 경주시 동천동,중상사고,0,1,1,0,차대차 - 추돌,안전운전불이행,건조,맑음,교차로 - 교차로부근,승합,여,27세,상해없음,승용,남,41세,경상
2020021400100567,2020년 2월 14일 20시,금요일,경상북도 포항시 북구 용흥동,경상사고,0,0,1,0,차대차 - 추돌,안전운전불이행,건조,맑음,단일로 - 기타,승용,남,61세,상해없음,승용,여,38세,경상
2020021400100568,2020년 2월 14일 20시,금요일,경상북도 칠곡군 왜관읍,중상사고,0,1,0,0,차대사람 - 길가장자리구역통행중,안전운전불이행,건조,맑음,교차로 - 교차로부근,승용,여,44세,상해없음,보행자,남,62세,중상
2020021400100569,2020년 2월 14일 20시,금요일,경상북도 포항시 남구 효자동,경상사고,0,0,1,0,차대차 - 측면충돌,교차로운행방법위반,건조,맑음,교차로 - 교차로안,이륜,남,63세,상해없음,이륜,남,55세,경상
2020021400100601,2020년 2월 14일 21시,금요일,경상북도 구미시 공단동,경상사고,0,0,1,0,차대차 - 기타,교차로운행방법위반,건조,맑음,교차로 - 교차로안,승용,여,53세,상해없음,화물,남,44세,경상
2020021400100634,2020년 2월 14일 22시,금요일,경상북도 포항시 남구 대도동,경상사고,0,0,2,0,차대차 - 기타,교차로운행방법위반,건조,맑음,교차로 - 교차로안,승용,남,36세,경상,이륜,남,24세,경상
2020021400100635,2020년 2월 14일 22시,금요일,경상북도 포항시 남구 오천읍,경상사고,0,0,1,0,차대차 - 측면충돌,안전운전불이행,건조,맑음,단일로 - 기타,승용,남,52세,상해없음,이륜,남,19세,경상
2020021400100660,2020년 2월 14일 23시,금요일,경상북도 칠곡군 왜관읍,중상사고,0,1,0,0,차대차 - 측면충돌,교차로운행방법위반,건조,맑음,단일로 - 기타,승용,남,53세,상해없음,이륜,남,22세,중상
2020021500100017,2020년 2월 15일 00시,토요일,경상북도 구미시 인의동,경상사고,0,0,2,0,차대차 - 기타,교차로운행방법위반,건조,맑음,교차로 - 교차로안,승용,여,40세,상해없음,승용,남,61세,경상
2020021500100038,2020년 2월 15일 01시,토요일,경상북도 안동시 옥동,경상사고,0,0,1,0,차대사람 - 횡단중,보행자보호의무위반,건조,맑음,단일로 - 기타,승용,여,49세,상해없음,보행자,남,23세,경상
2020021500100039,2020년 2월 15일 01시,토요일,경상북도 김천시 부곡동,중상사고,0,1,0,0,차대차 - 기타,안전거리미확보,건조,맑음,교차로 - 교차로안,승용,여,51세,상해없음,이륜,남,20세,중상
2020021500100114,2020년 2월 15일 08시,토요일,경상북도 안동시 풍천면,중상사고,0,1,0,0,차대차 - 정면충돌,신호위반,건조,맑음,교차로 - 교차로안,승용,남,53세,상해없음,승용,남,28세,중상
2020021500100115,2020년 2월 15일 08시,토요일,경상북도 포항시 남구 오천읍,경상사고,0,0,1,0,차대차 - 기타,교차로운행방법위반,건조,맑음,교차로 - 교차로안,승용,남,45세,상해없음,승용,여,59세,경상
2020021500100116,2020년 2월 15일 08시,토요일,경상북도 포항시 남구 대도동,경상사고,0,0,3,0,차대차 - 기타,신호위반,건조,맑음,교차로 - 교차로부근,승용,여,36세,경상,승용,여,56세,경상
2020021500100132,2020년 2월 15일 09시,토요일,경상북도 포항시 북구 흥해읍,중상사고,0,1,0,0,차대차 - 기타,안전운전불이행,건조,맑음,교차로 - 교차로안,화물,남,55세,상해없음,화물,남,58세,중상
2020021500100133,2020년 2월 15일 09시,토요일,경상북도 포항시 남구 해도동,경상사고,0,0,1,0,차대차 - 기타,안전운전불이행,건조,맑음,교차로 - 교차로안,자전거,남,61세,경상,승용,여,37세,상해없음
2020021500100160,2020년 2월 15일 10시,토요일,경상북도 칠곡군 왜관읍,중상사고,0,1,0,0,차대차 - 기타,안전운전불이행,건조,맑음,기타 - 기타,자전거,남,85세,중상,승용,여,43세,기타불명
2020021500100161,2020년 2월 15일 10시,토요일,경상북도 영천시 야사동,중상사고,0,1,1,0,차대차 - 측면충돌,안전운전불이행,건조,맑음,교차로 - 교차로안,화물,남,65세,상해없음,승용,여,37세,경상
2020021500100188,2020년 2월 15일 11시,토요일,경상북도 경주시 용강동,경상사고,0,0,1,0,차대차 - 측면충돌,안전운전불이행,건조,맑음,교차로 - 교차로부근,승용,남,71세,상해없음,승용,여,41세,경상
2020021500100189,2020년 2월 15일 11시,토요일,경상북도 경산시 조영동,경상사고,0,0,1,0,차대사람 - 횡단중,보행자보호의무위반,건조,맑음,교차로 - 교차로횡단보도내,승용,남,21세,상해없음,보행자,여,29세,경상
2020021500100190,2020년 2월 15일 11시,토요일,경상북도 군위군 우보면,중상사고,0,1,0,0,차대차 - 기타,안전운전불이행,건조,맑음,단일로 - 기타,화물,남,60세,상해없음,자전거,남,60세,중상
2020021500100191,2020년 2월 15일 11시,토요일,경상북도 포항시 남구 동촌동,경상사고,0,0,1,1,차대차 - 기타,안전거리미확보,건조,맑음,단일로 - 기타,승용,남,57세,상해없음,승용,여,64세,경상
2020021500100230,2020년 2월 15일 12시,토요일,경상북도 칠곡군 왜관읍,경상사고,0,0,1,0,차대차 - 측면충돌,중앙선침범,건조,맑음,단일로 - 기타,화물,남,63세,상해없음,승용,남,40세,경상
2020021500100288,2020년 2월 15일 14시,토요일,경상북도 경주시 구황동,중상사고,0,1,1,0,차대차 - 후진중충돌,안전운전불이행,건조,맑음,주차장 - 주차장,화물,남,40세,상해없음,승용,남,39세,경상
2020021500100289,2020년 2월 15일 14시,토요일,경상북도 포항시 북구 흥해읍,경상사고,0,0,1,0,차대차 - 기타,안전운전불이행,건조,맑음,교차로 - 교차로부근,건설기계,남,52세,상해없음,승용,남,51세,경상
2020021500100290,2020년 2월 15일 14시,토요일,경상북도 봉화군 봉화읍,중상사고,0,1,0,0,차대차 - 추돌,직진우회전진행방해,건조,맑음,교차로 - 교차로안,화물,남,62세,상해없음,원동기,남,80세,중상
2020021500100318,2020년 2월 15일 15시,토요일,경상북도 포항시 북구 학산동,경상사고,0,0,3,0,차대차 - 측면충돌,안전운전불이행,건조,맑음,단일로 - 기타,승합,남,62세,상해없음,승용,남,41세,경상
2020021500100319,2020년 2월 15일 15시,토요일,경상북도 성주군 성주읍,경상사고,0,0,1,0,차대차 - 측면충돌,안전운전불이행,건조,맑음,기타 - 기타,이륜,남,60세,경상,화물,남,66세,상해없음
2020021500100342,2020년 2월 15일 16시,토요일,경상북도 포항시 북구 흥해읍,경상사고,0,0,1,0,차대차 - 측면충돌,차로위반,건조,맑음,교차로 - 교차로부근,화물,남,42세,상해없음,승용,여,41세,경상
2020021500100343,2020년 2월 15일 16시,토요일,경상북도 김천시 황금동,경상사고,0,0,1,0,차대사람 - 횡단중,안전운전불이행,건조,맑음,교차로 - 교차로안,화물,남,51세,상해없음,보행자,여,79세,경상
2020021500100344,2020년 2월 15일 16시,토요일,경상북도 영양군 석보면,경상사고,0,0,1,1,차량단독 - 공작물충돌,안전운전불이행,건조,맑음,단일로 - 기타,화물,여,62세,부상신고,,,,
2020021500100345,2020년 2월 15일 16시,토요일,경상북도 구미시 원평동,경상사고,0,0,2,0,차대차 - 기타,안전운전불이행,건조,맑음,교차로 - 교차로부근,승용,남,41세,상해없음,승용,여,54세,경상
2020021500100387,2020년 2월 15일 17시,토요일,경상북도 문경시 문경읍,경상사고,0,0,1,0,차량단독 - 공작물충돌,안전운전불이행,건조,맑음,단일로 - 기타,승용,여,40세,경상,,,,
2020021500100388,2020년 2월 15일 17시,토요일,경상북도 포항시 남구 대송면,경상사고,0,0,1,0,차대차 - 기타,안전운전불이행,건조,맑음,단일로 - 기타,자전거,여,63세,경상,승용,남,67세,상해없음
2020021500100389,2020년 2월 15일 17시,토요일,경상북도 포항시 남구 해도동,경상사고,0,0,1,0,차대차 - 측면충돌,교차로운행방법위반,건조,맑음,교차로 - 교차로횡단보도내,승용,남,24세,상해없음,자전거,남,70세,경상
2020021500100422,2020년 2월 15일 18시,토요일,경상북도 포항시 북구 청하면,중상사고,0,1,0,0,차대사람 - 길가장자리구역통행중,안전운전불이행,건조,맑음,단일로 - 기타,화물,남,31세,상해없음,보행자,여,50세,중상
2020021500100423,2020년 2월 15일 18시,토요일,경상북도 영주시 휴천동,사망사고,1,0,0,0,차대사람 - 기타,안전운전불이행,건조,흐림,교차로 - 교차로안,화물,남,48세,상해없음,보행자,여,81세,사망
2020021500100424,2020년 2월 15일 18시,토요일,경상북도 영천시 화룡동,경상사고,0,0,3,0,차대차 - 정면충돌,안전운전불이행,건조,맑음,교차로 - 교차로안,승용,여,47세,경상,승용,남,53세,경상
2020021500100425,2020년 2월 15일 18시,토요일,경상북도 경산시 진량읍,경상사고,0,0,1,0,차대차 - 정면충돌,안전운전불이행,건조,맑음,단일로 - 기타,승용,남,51세,상해없음,승용,남,60세,경상
2020021500100426,2020년 2월 15일 18시,토요일,경상북도 구미시 형곡동,경상사고,0,0,1,0,차대사람 - 기타,안전운전불이행,건조,맑음,단일로 - 기타,이륜,남,49세,경상,보행자,여,82세,상해없음
2020021500100427,2020년 2월 15일 18시,토요일,경상북도 포항시 남구 오천읍,경상사고,0,0,1,0,차대차 - 측면충돌,안전운전불이행,건조,맑음,교차로 - 교차로부근,승용,여,22세,상해없음,자전거,남,55세,경상
2020021500100464,2020년 2월 15일 19시,토요일,경상북도 포항시 남구 오천읍,경상사고,0,0,1,0,차대차 - 기타,교차로운행방법위반,건조,맑음,교차로 - 교차로부근,승용,남,52세,상해없음,승용,남,69세,경상
2020021500100496,2020년 2월 15일 20시,토요일,경상북도 포항시 북구 죽도동,중상사고,0,1,0,0,차대사람 - 보도통행중,안전운전불이행,건조,맑음,단일로 - 기타,승용,남,63세,기타불명,보행자,여,68세,중상
2020021500100497,2020년 2월 15일 20시,토요일,경상북도 안동시 옥동,중상사고,0,1,3,0,차대차 - 정면충돌,직진우회전진행방해,건조,맑음,교차로 - 교차로안,승용,여,25세,중상,승용,남,39세,경상
2020021600100064,2020년 2월 16일 02시,일요일,경상북도 안동시 송천동,경상사고,0,0,2,0,차량단독 - 도로외이탈 - 기타,안전운전불이행,젖음/습기,비,단일로 - 기타,승용,남,21세,경상,,,,
2020021600100065,2020년 2월 16일 02시,일요일,경상북도 경산시 중방동,경상사고,0,0,2,0,차대차 - 추돌,안전운전불이행,건조,맑음,교차로 - 교차로부근,승용,남,25세,상해없음,승용,남,31세,경상
2020021600100082,2020년 2월 16일 03시,일요일,경상북도 영천시 문외동,경상사고,0,0,2,0,차대차 - 기타,안전운전불이행,건조,맑음,교차로 - 교차로안,승용,남,41세,상해없음,승용,남,29세,경상
2020021600100083,2020년 2월 16일 03시,일요일,경상북도 문경시 산북면,경상사고,0,0,3,0,차량단독 - 도로외이탈 - 기타,안전운전불이행,젖음/습기,비,단일로 - 기타,승용,남,61세,경상,,,,
2020021600100097,2020년 2월 16일 04시,일요일,경상북도 경주시 안강읍,중상사고,0,2,0,0,차량단독 - 공작물충돌,안전운전불이행,젖음/습기,비,교차로 - 교차로안,승용,남,59세,중상,,,,
2020021600100098,2020년 2월 16일 04시,일요일,경상북도 구미시 오태동,부상신고사고,0,0,0,1,차량단독 - 공작물충돌,안전운전불이행,젖음/습기,비,단일로 - 기타,승용,남,28세,부상신고,,,,
2020021600100110,2020년 2월 16일 05시,일요일,경상북도 경주시 동천동,경상사고,0,0,1,0,차대사람 - 기타,안전운전불이행,건조,맑음,단일로 - 기타,승용,남,24세,상해없음,보행자,남,57세,경상
2020021600100123,2020년 2월 16일 06시,일요일,경상북도 포항시 북구 장성동,중상사고,0,1,0,0,차대차 - 측면충돌,직진우회전진행방해,건조,흐림,교차로 - 교차로안,승용,남,45세,상해없음,승용,여,56세,중상
2020021600100131,2020년 2월 16일 07시,일요일,경상북도 봉화군 석포면,중상사고,0,1,0,0,차대차 - 추돌,안전운전불이행,젖음/습기,비,단일로 - 기타,승용,남,59세,상해없음,자전거,남,40세,중상
2020021600100154,2020년 2월 16일 09시,일요일,경상북도 안동시 목성동,경상사고,0,0,1,0,차대차 - 측면충돌,직진우회전진행방해,건조,맑음,교차로 - 교차로안,승용,여,41세,경상,승용,남,69세,상해없음
2020021600100184,2020년 2월 16일 11시,일요일,경상북도 울진군 후포면,경상사고,0,0,2,0,차대차 - 측면충돌,직진우회전진행방해,건조,맑음,교차로 - 교차로안,특수,남,46세,경상,승용,여,41세,경상
2020021600100185,2020년 2월 16일 11시,일요일,경상북도 포항시 남구 연일읍,중상사고,0,1,0,0,차대차 - 측면충돌,직진우회전진행방해,건조,맑음,교차로 - 교차로안,승용,남,54세,상해없음,승용,남,44세,중상
2020021600100205,2020년 2월 16일 12시,일요일,경상북도 포항시 북구 죽도동,중상사고,0,1,0,0,차대차 - 측면충돌,안전운전불이행,건조,맑음,교차로 - 교차로부근,화물,남,54세,기타불명,자전거,남,34세,중상
2020021600100206,2020년 2월 16일 12시,일요일,경상북도 포항시 북구 죽도동,경상사고,0,0,2,0,차대차 - 측면충돌,교차로운행방법위반,건조,맑음,교차로 - 교차로안,승용,여,60세,상해없음,승용,남,66세,경상
2020021600100237,2020년 2월 16일 13시,일요일,경상북도 포항시 북구 동빈1가,경상사고,0,0,2,0,차대차 - 측면충돌,안전운전불이행,건조,맑음,교차로 - 교차로안,승용,남,73세,경상,승용,남,58세,경상
2020021600100238,2020년 2월 16일 13시,일요일,경상북도 구미시 봉곡동,중상사고,0,1,1,0,차대차 - 기타,신호위반,건조,맑음,교차로 - 교차로안,승용,남,56세,상해없음,승용,여,47세,중상
2020021600100261,2020년 2월 16일 14시,일요일,경상북도 경주시 황성동,중상사고,0,1,0,0,차대사람 - 차도통행중,안전운전불이행,건조,맑음,교차로 - 교차로부근,이륜,남,46세,상해없음,보행자,남,24세,중상
2020021600100262,2020년 2월 16일 14시,일요일,경상북도 영주시 풍기읍,사망사고,1,2,0,0,차량단독 - 공작물충돌,안전운전불이행,젖음/습기,눈,단일로 - 기타,화물,남,72세,사망,,,,
2020021600100285,2020년 2월 16일 15시,일요일,경상북도 포항시 북구 남빈동,경상사고,0,0,1,0,차대차 - 후진중충돌,안전운전불이행,건조,맑음,단일로 - 기타,승합,남,25세,상해없음,특수,남,24세,경상
2020021600100286,2020년 2월 16일 15시,일요일,경상북도 영덕군 강구면,경상사고,0,0,1,0,차대사람 - 차도통행중,안전운전불이행,건조,맑음,단일로 - 기타,승용,여,53세,상해없음,보행자,여,37세,경상
2020021600100287,2020년 2월 16일 15시,일요일,경상북도 구미시 상모동,중상사고,0,1,0,0,차대사람 - 기타,안전운전불이행,젖음/습기,흐림,주차장 - 주차장,승용,여,36세,상해없음,보행자,남,80세,중상
2020021600100312,2020년 2월 16일 16시,일요일,경상북도 포항시 북구 대신동,중상사고,0,1,2,0,차대차 - 측면충돌,신호위반,건조,맑음,교차로 - 교차로안,이륜,남,57세,경상,승용,여,28세,경상
2020021600100313,2020년 2월 16일 16시,일요일,경상북도 경산시 중방동,경상사고,0,0,2,0,차대차 - 추돌,안전운전불이행,건조,맑음,교차로 - 교차로부근,승용,남,58세,상해없음,승용,남,58세,경상
2020021600100341,2020년 2월 16일 17시,일요일,경상북도 칠곡군 가산면,경상사고,0,0,1,0,차대차 - 기타,안전운전불이행,건조,맑음,단일로 - 터널,승용,남,49세,상해없음,승용,남,31세,경상
2020021600100379,2020년 2월 16일 18시,일요일,경상북도 영천시 완산동,중상사고,0,1,2,0,차대차 - 측면충돌,신호위반,건조,맑음,교차로 - 교차로안,승용,남,44세,경상,승용,남,61세,경상
2020021600100380,2020년 2월 16일 18시,일요일,경상북도 구미시 지산동,경상사고,0,0,1,0,차대차 - 기타,신호위반,건조,맑음,교차로 - 교차로안,승용,남,43세,상해없음,승용,남,56세,경상
2020021600100407,2020년 2월 16일 19시,일요일,경상북도 경주시 성동동,중상사고,0,1,0,0,차대차 - 측면충돌,안전운전불이행,건조,맑음,교차로 - 교차로안,승용,남,55세,상해없음,이륜,남,21세,중상
2020021600100408,2020년 2월 16일 19시,일요일,경상북도 포항시 북구 장성동,중상사고,0,1,0,0,차대차 - 기타,안전운전불이행,건조,맑음,단일로 - 기타,승용,여,59세,상해없음,이륜,남,43세,중상
2020021600100409,2020년 2월 16일 19시,일요일,경상북도 포항시 북구 흥해읍,중상사고,0,2,0,0,차대사람 - 횡단중,보행자보호의무위반,건조,맑음,교차로 - 교차로횡단보도내,승용,여,47세,상해없음,보행자,남,38세,중상
2020021600100462,2020년 2월 16일 21시,일요일,경상북도 경산시 대평동,중상사고,0,1,4,0,차대차 - 추돌,안전운전불이행,건조,맑음,교차로 - 교차로부근,승용,여,56세,상해없음,승용,여,47세,경상
2020021700100002,2020년 2월 17일 00시,월요일,경상북도 영천시 신령면,중상사고,0,1,5,0,차대차 - 측면충돌,안전운전불이행,건조,맑음,단일로 - 기타,화물,남,54세,상해없음,승용,남,25세,경상
2020021700100020,2020년 2월 17일 04시,월요일,경상북도 김천시 평화동,중상사고,0,1,0,0,차량단독 - 전도전복 - 전도,안전운전불이행,서리/결빙,눈,단일로 - 기타,승용,여,40세,중상,,,,
2020021700100025,2020년 2월 17일 05시,월요일,경상북도 경주시 용강동,중상사고,0,1,0,0,차대차 - 측면충돌,직진우회전진행방해,건조,맑음,교차로 - 교차로안,화물,남,54세,상해없음,승용,남,28세,중상
2020021700100059,2020년 2월 17일 07시,월요일,경상북도 경주시 성건동,경상사고,0,0,2,0,차대차 - 측면충돌,안전운전불이행,건조,맑음,교차로 - 교차로안,승용,남,73세,상해없음,승용,남,64세,경상
2020021700100060,2020년 2월 17일 07시,월요일,경상북도 경산시 진량읍,중상사고,0,1,0,0,차대차 - 정면충돌,중앙선침범,건조,맑음,단일로 - 기타,승용,남,28세,상해없음,승용,여,33세,중상
2020021700100096,2020년 2월 17일 08시,월요일,경상북도 영주시 영주동,중상사고,0,1,0,0,차대차 - 측면충돌,교차로운행방법위반,건조,맑음,교차로 - 교차로안,승용,남,62세,상해없음,승용,여,58세,중상
2020021700100097,2020년 2월 17일 08시,월요일,경상북도 고령군 성산면,경상사고,0,0,1,0,차대차 - 측면충돌,교차로운행방법위반,건조,맑음,교차로 - 교차로안,건설기계,남,59세,상해없음,승용,여,38세,경상
2020021700100144,2020년 2월 17일 09시,월요일,경상북도 영덕군 남정면,경상사고,0,0,2,0,차대차 - 측면충돌,직진우회전진행방해,건조,맑음,교차로 - 교차로안,건설기계,남,40세,경상,승용,여,51세,경상
2020021700100145,2020년 2월 17일 09시,월요일,경상북도 포항시 남구 대도동,경상사고,0,0,2,0,차대차 - 측면충돌,안전운전불이행,건조,맑음,교차로 - 교차로안,승용,남,69세,경상,승용,남,60세,경상
2020021700100179,2020년 2월 17일 10시,월요일,경상북도 경주시 효현동,경상사고,0,0,1,0,차대차 - 추돌,안전운전불이행,건조,맑음,단일로 - 기타,승용,남,55세,상해없음,승용,남,52세,경상
2020021700100180,2020년 2월 17일 10시,월요일,경상북도 칠곡군 북삼읍,중상사고,0,1,3,0,차대차 - 추돌,안전운전불이행,건조,맑음,단일로 - 기타,승용,여,48세,상해없음,승용,여,35세,중상
2020021700100181,2020년 2월 17일 10시,월요일,경상북도 구미시 봉곡동,경상사고,0,0,3,0,차대차 - 정면충돌,중앙선침범,건조,맑음,교차로 - 교차로부근,승용,남,62세,상해없음,승용,여,42세,경상
2020021700100182,2020년 2월 17일 10시,월요일,경상북도 구미시 봉곡동,경상사고,0,0,1,1,차대차 - 측면충돌,직진우회전진행방해,건조,맑음,교차로 - 교차로안,승용,남,33세,부상신고,화물,남,36세,경상
2020021700100210,2020년 2월 17일 11시,월요일,경상북도 경산시 진량읍,경상사고,0,0,1,0,차대사람 - 횡단중,안전운전불이행,건조,맑음,기타 - 기타,승용,남,57세,상해없음,보행자,여,31세,경상
2020021700100211,2020년 2월 17일 11시,월요일,경상북도 구미시 선산읍,경상사고,0,0,2,0,차대차 - 측면충돌,신호위반,건조,맑음,교차로 - 교차로안,승용,여,59세,경상,승용,여,40세,경상
2020021700100212,2020년 2월 17일 11시,월요일,경상북도 포항시 남구 오천읍,경상사고,0,0,3,1,차대차 - 기타,기타,건조,맑음,교차로 - 교차로안,승용,여,50세,경상,승용,남,19세,경상
2020021700100244,2020년 2월 17일 12시,월요일,경상북도 구미시 양호동,경상사고,0,0,1,0,차대차 - 기타,교차로운행방법위반,건조,맑음,교차로 - 교차로안,화물,남,61세,상해없음,승용,여,43세,경상
2020021700100285,2020년 2월 17일 13시,월요일,경상북도 영주시 가흥동,중상사고,0,1,0,0,차대차 - 측면충돌,교차로운행방법위반,건조,맑음,교차로 - 교차로안,승용,남,65세,상해없음,승용,여,63세,중상
2020021700100286,2020년 2월 17일 13시,월요일,경상북도 경산시 백천동,부상신고사고,0,0,0,1,차대사람 - 기타,기타,건조,맑음,단일로 - 기타,승합,남,57세,상해없음,보행자,여,72세,부상신고
2020021700100287,2020년 2월 17일 13시,월요일,경상북도 경산시 계양동,경상사고,0,0,1,0,차대차 - 기타,교차로운행방법위반,건조,맑음,교차로 - 교차로안,승용,여,57세,상해없음,사륜오토바이(ATV),남,26세,경상
2020021700100288,2020년 2월 17일 13시,월요일,경상북도 청송군 진보면,중상사고,0,1,1,2,차대차 - 측면충돌,중앙선침범,건조,맑음,교차로 - 교차로부근,화물,남,77세,부상신고,승용,남,84세,경상
2020021700100289,2020년 2월 17일 13시,월요일,경상북도 구미시 인의동,경상사고,0,0,1,0,차대차 - 기타,교차로운행방법위반,건조,맑음,교차로 - 교차로안,화물,남,49세,상해없음,승용,여,50세,경상
2020021700100290,2020년 2월 17일 13시,월요일,경상북도 구미시 원평동,중상사고,0,1,0,0,차대사람 - 기타,안전운전불이행,건조,맑음,교차로 - 교차로안,승합,남,62세,상해없음,보행자,여,28세,중상
2020021700100332,2020년 2월 17일 14시,월요일,경상북도 상주시 남성동,중상사고,0,1,0,0,차대사람 - 횡단중,안전운전불이행,건조,맑음,교차로 - 교차로안,이륜,남,57세,상해없음,보행자,여,88세,중상
2020021700100333,2020년 2월 17일 14시,월요일,경상북도 상주시 사벌면,경상사고,0,0,3,0,차대차 - 측면충돌,교차로운행방법위반,건조,맑음,교차로 - 교차로안,화물,남,62세,기타불명,승용,여,42세,경상
2020021700100334,2020년 2월 17일 14시,월요일,경상북도 상주시 가장동,중상사고,0,1,0,0,차대차 - 측면충돌,안전운전불이행,건조,맑음,교차로 - 교차로안,승용,여,23세,상해없음,이륜,여,68세,중상
2020021700100373,2020년 2월 17일 15시,월요일,경상북도 구미시 인의동,부상신고사고,0,0,0,1,차대차 - 측면충돌,안전운전불이행,건조,맑음,교차로 - 교차로안,원동기,남,15세,상해없음,화물,남,47세,상해없음
2020021700100412,2020년 2월 17일 16시,월요일,경상북도 포항시 북구 환호동,경상사고,0,0,1,0,차대차 - 기타,안전운전불이행,건조,맑음,단일로 - 기타,승용,여,54세,상해없음,이륜,남,23세,경상
2020021700100413,2020년 2월 17일 16시,월요일,경상북도 구미시 상모동,중상사고,0,1,0,0,차대차 - 기타,중앙선침범,건조,맑음,단일로 - 기타,승용,여,47세,상해없음,이륜,남,50세,중상
2020021700100442,2020년 2월 17일 17시,월요일,경상북도 청도군 이서면,경상사고,0,0,1,0,차대차 - 측면충돌,안전운전불이행,건조,맑음,교차로 - 교차로부근,승용,여,66세,상해없음,승용,여,40세,경상
2020021700100443,2020년 2월 17일 17시,월요일,경상북도 성주군 성주읍,경상사고,0,0,2,0,차대차 - 기타,중앙선침범,건조,맑음,단일로 - 기타,화물,남,44세,기타불명,화물,남,64세,경상
2020021700100444,2020년 2월 17일 17시,월요일,경상북도 포항시 남구 연일읍,중상사고,0,1,0,0,차대차 - 측면충돌,직진우회전진행방해,건조,맑음,교차로 - 교차로안,화물,남,58세,상해없음,자전거,남,12세,중상
2020021700100497,2020년 2월 17일 18시,월요일,경상북도 경주시 동천동,경상사고,0,0,1,0,차대사람 - 차도통행중,보행자보호의무위반,건조,맑음,단일로 - 기타,승용,남,42세,상해없음,보행자,남,10세,경상
2020021700100498,2020년 2월 17일 18시,월요일,경상북도 포항시 남구 대잠동,경상사고,0,0,1,0,차대차 - 측면충돌,안전운전불이행,건조,맑음,교차로 - 교차로안,승용,남,27세,상해없음,승용,남,57세,경상
2020021700100600,2020년 2월 17일 20시,월요일,경상북도 안동시 천리동,중상사고,0,1,0,0,차대차 - 정면충돌,신호위반,건조,맑음,교차로 - 교차로안,승용,남,65세,상해없음,승용,남,50세,중상
2020021700100601,2020년 2월 17일 20시,월요일,경상북도 포항시 남구 오천읍,경상사고,0,0,2,0,차대차 - 측면충돌,교차로운행방법위반,건조,맑음,교차로 - 교차로안,승용,남,26세,경상,승용,남,48세,경상
2020021700100691,2020년 2월 17일 23시,월요일,경상북도 칠곡군 왜관읍,경상사고,0,0,2,0,차량단독 - 공작물충돌,안전운전불이행,건조,맑음,교차로 - 교차로부근,승용,여,53세,경상,,,,