사고번호,사고일시,요일,시군구,사고내용,사망자수,중상자수,경상자수,부상신고자수,사고유형,법규위반,노면상태,기상상태,도로형태,가해운전자 차종,가해운전자 성별,가해운전자 연령,가해운전자 상해정도,피해운전자 차종,피해운전자 성별,피해운전자 연령,피해운전자 상해정도
2020021800100022,2020년 2월 18일 01시,화요일,경상북도 경산시 하양읍,중상사고,0,1,1,0,차대차 - 측면충돌,신호위반,건조,맑음,교차로 - 교차로안,승용,여,51세,상해없음,이륜,남,24세,중상
2020021800100025,2020년 2월 18일 02시,화요일,경상북도 경주시 노서동,경상사고,0,0,1,0,차대차 - 측면충돌,안전운전불이행,건조,맑음,단일로 - 기타,승용,남,27세,상해없음,승용,여,57세,경상
2020021800100045,2020년 2월 18일 05시,화요일,경상북도 포항시 북구 용흥동,중상사고,0,1,0,0,차대사람 - 기타,안전운전불이행,건조,맑음,교차로 - 교차로안,승용,남,52세,상해없음,보행자,남,40세,중상
2020021800100068,2020년 2월 18일 06시,화요일,경상북도 구미시 공단동,경상사고,0,0,1,1,차대차 - 측면충돌,직진우회전진행방해,건조,맑음,교차로 - 교차로안,승용,남,27세,부상신고,특수,남,52세,경상
2020021800100090,2020년 2월 18일 07시,화요일,경상북도 김천시 지좌동,중상사고,0,1,0,0,차량단독 - 전도전복 - 전도,안전운전불이행,건조,맑음,단일로 - 기타,이륜,남,81세,중상,,,,
2020021800100091,2020년 2월 18일 07시,화요일,경상북도 영천시 조교동,경상사고,0,0,1,0,차대차 - 측면충돌,안전운전불이행,건조,맑음,교차로 - 교차로안,승용,남,19세,상해없음,승용,여,42세,경상
2020021800100092,2020년 2월 18일 07시,화요일,경상북도 포항시 남구 효자동,부상신고사고,0,0,0,1,차대차 - 정면충돌,신호위반,건조,맑음,교차로 - 교차로안,화물,남,48세,상해없음,승용,여,63세,부상신고
2020021800100093,2020년 2월 18일 07시,화요일,경상북도 포항시 남구 오천읍,경상사고,0,0,1,0,차대차 - 측면충돌,안전운전불이행,건조,맑음,단일로 - 기타,승용,여,68세,상해없음,승용,남,33세,경상
2020021800100125,2020년 2월 18일 08시,화요일,경상북도 경산시 옥곡동,중상사고,0,1,1,0,차대차 - 측면충돌,교차로운행방법위반,건조,맑음,교차로 - 교차로안,승용,여,47세,기타불명,승용,여,40세,경상
2020021800100126,2020년 2월 18일 08시,화요일,경상북도 포항시 남구 송도동,경상사고,0,0,1,0,차대차 - 기타,직진우회전진행방해,건조,맑음,교차로 - 교차로안,승용,여,40세,상해없음,승용,남,63세,경상
2020021800100161,2020년 2월 18일 09시,화요일,경상북도 경산시 압량면,경상사고,0,0,1,0,차대차 - 측면충돌,신호위반,건조,맑음,교차로 - 교차로안,승용,남,50세,상해없음,승용,남,42세,경상
2020021800100300,2020년 2월 18일 13시,화요일,경상북도 상주시 화서면,중상사고,0,1,2,0,차대차 - 정면충돌,교차로운행방법위반,건조,맑음,교차로 - 교차로안,승용,남,29세,경상,승용,남,59세,중상
2020021800100301,2020년 2월 18일 13시,화요일,경상북도 영천시 망정동,경상사고,0,0,1,0,차량단독 - 기타,안전운전불이행,건조,맑음,교차로 - 교차로부근,이륜,여,29세,경상,,,,
2020021800100302,2020년 2월 18일 13시,화요일,경상북도 김천시 아포읍,중상사고,0,1,0,0,차대차 - 기타,중앙선침범,건조,맑음,단일로 - 기타,승용,남,53세,상해없음,화물,남,39세,중상
2020021800100346,2020년 2월 18일 14시,화요일,경상북도 영주시 휴천동,경상사고,0,0,1,0,차대사람 - 기타,안전운전불이행,건조,맑음,교차로 - 교차로부근,승용,남,42세,상해없음,보행자,여,79세,경상
2020021800100347,2020년 2월 18일 14시,화요일,경상북도 영천시 망정동,경상사고,0,0,2,0,차대차 - 측면충돌,교차로운행방법위반,건조,맑음,교차로 - 교차로안,승용,남,48세,경상,승용,여,44세,경상
2020021800100348,2020년 2월 18일 14시,화요일,경상북도 구미시 진평동,경상사고,0,0,1,0,차대사람 - 횡단중,보행자보호의무위반,건조,맑음,교차로 - 교차로횡단보도내,화물,남,59세,상해없음,보행자,여,51세,경상
2020021800100349,2020년 2월 18일 14시,화요일,경상북도 구미시 형곡동,경상사고,0,0,1,0,차대차 - 측면충돌,안전운전불이행,건조,맑음,단일로 - 기타,원동기,남,17세,경상,이륜,남,30세,상해없음
2020021800100383,2020년 2월 18일 15시,화요일,경상북도 포항시 북구 양덕동,경상사고,0,0,1,0,차대사람 - 차도통행중,안전운전불이행,건조,맑음,단일로 - 기타,승용,남,77세,상해없음,보행자,남,22세,경상
2020021800100431,2020년 2월 18일 16시,화요일,경상북도 구미시 원평동,경상사고,0,0,2,1,차대차 - 추돌,안전운전불이행,건조,맑음,단일로 - 기타,승용,여,60세,부상신고,승용,남,76세,경상
2020021800100432,2020년 2월 18일 16시,화요일,경상북도 포항시 남구 상도동,부상신고사고,0,0,0,1,차대차 - 기타,안전운전불이행,건조,맑음,교차로 - 교차로부근,화물,남,56세,상해없음,이륜,남,26세,부상신고
2020021800100490,2020년 2월 18일 17시,화요일,경상북도 영천시 신기동,경상사고,0,0,1,2,차대차 - 측면충돌,안전운전불이행,건조,맑음,단일로 - 기타,화물,남,52세,상해없음,승용,여,47세,경상
2020021800100491,2020년 2월 18일 17시,화요일,경상북도 성주군 벽진면,경상사고,0,0,1,0,차량단독 - 공작물충돌,안전운전불이행,건조,맑음,단일로 - 기타,화물,남,57세,경상,,,,
2020021800100556,2020년 2월 18일 18시,화요일,경상북도 구미시 구포동,경상사고,0,0,1,0,차대차 - 측면충돌,안전거리미확보,건조,맑음,단일로 - 기타,승용,남,34세,상해없음,승용,남,33세,경상
2020021800100618,2020년 2월 18일 19시,화요일,경상북도 예천군 유천면,중상사고,0,4,0,0,차대차 - 측면충돌,안전운전불이행,건조,맑음,기타 - 기타,승용,남,73세,상해없음,승용,남,41세,중상
2020021800100619,2020년 2월 18일 19시,화요일,경상북도 구미시 비산동,경상사고,0,0,2,0,차대차 - 측면충돌,교차로운행방법위반,건조,맑음,교차로 - 교차로안,승용,여,54세,경상,화물,남,34세,경상
2020021800100675,2020년 2월 18일 20시,화요일,경상북도 구미시 고아읍,중상사고,0,1,1,0,차대차 - 추돌,안전운전불이행,건조,맑음,단일로 - 기타,승용,여,45세,상해없음,승용,남,49세,중상
2020021800100760,2020년 2월 18일 23시,화요일,경상북도 구미시 오태동,경상사고,0,0,1,0,차대차 - 측면충돌,안전운전불이행,건조,맑음,단일로 - 기타,이륜,남,18세,경상,승용,남,35세,상해없음
2020021900100057,2020년 2월 19일 05시,수요일,경상북도 경산시 압량면,사망사고,1,0,0,0,차량단독 - 공작물충돌,안전운전불이행,건조,맑음,교차로 - 교차로부근,승용,여,29세,사망,,,,
2020021900100066,2020년 2월 19일 06시,수요일,경상북도 영천시 완산동,경상사고,0,0,1,0,차대차 - 측면충돌,안전운전불이행,건조,맑음,교차로 - 교차로안,승용,여,18세,상해없음,승용,남,41세,경상
2020021900100091,2020년 2월 19일 07시,수요일,경상북도 구미시 고아읍,중상사고,0,1,0,1,차대차 - 정면충돌,중앙선침범,건조,맑음,단일로 - 기타,승용,남,35세,부상신고,승용,여,57세,중상
2020021900100092,2020년 2월 19일 07시,수요일,경상북도 포항시 남구 대도동,중상사고,0,1,0,0,차대차 - 기타,안전운전불이행,건조,맑음,단일로 - 기타,승용,남,35세,상해없음,자전거,남,31세,중상
2020021900100122,2020년 2월 19일 08시,수요일,경상북도 안동시 법상동,경상사고,0,0,2,0,차대차 - 측면충돌,직진우회전진행방해,건조,맑음,교차로 - 교차로안,승용,남,30세,상해없음,승용,여,31세,경상
2020021900100155,2020년 2월 19일 09시,수요일,경상북도 예천군 지보면,경상사고,0,0,3,0,차대차 - 측면충돌,안전운전불이행,건조,맑음,단일로 - 기타,화물,남,68세,상해없음,승용,남,64세,경상
2020021900100182,2020년 2월 19일 10시,수요일,경상북도 안동시 서후면,중상사고,0,1,2,0,차대차 - 추돌,안전운전불이행,건조,맑음,단일로 - 기타,화물,남,64세,상해없음,승용,남,67세,중상
2020021900100183,2020년 2월 19일 10시,수요일,경상북도 김천시 남산동,경상사고,0,0,2,0,차대차 - 측면충돌,교차로운행방법위반,건조,맑음,교차로 - 교차로부근,화물,남,55세,경상,승용,여,48세,경상
2020021900100184,2020년 2월 19일 10시,수요일,경상북도 칠곡군 왜관읍,경상사고,0,0,1,1,차대차 - 측면충돌,안전운전불이행,건조,맑음,교차로 - 교차로안,승용,여,56세,부상신고,승용,남,58세,경상
2020021900100185,2020년 2월 19일 10시,수요일,경상북도 영천시 금노동,경상사고,0,0,1,0,차대차 - 측면충돌,안전운전불이행,건조,맑음,단일로 - 기타,승용,여,58세,상해없음,화물,남,60세,경상
2020021900100186,2020년 2월 19일 10시,수요일,경상북도 구미시 송정동,경상사고,0,0,1,0,차대차 - 정면충돌,안전운전불이행,건조,맑음,교차로 - 교차로안,승용,여,69세,상해없음,승용,여,40세,경상
2020021900100187,2020년 2월 19일 10시,수요일,경상북도 안동시 풍산읍,중상사고,0,1,3,0,차대차 - 추돌,안전운전불이행,건조,맑음,단일로 - 기타,승용,남,38세,중상,화물,남,55세,경상
2020021900100223,2020년 2월 19일 11시,수요일,경상북도 포항시 북구 죽도동,경상사고,0,0,1,0,차대차 - 기타,차로위반,건조,맑음,단일로 - 기타,승용,남,71세,상해없음,승합,남,53세,상해없음
2020021900100224,2020년 2월 19일 11시,수요일,경상북도 포항시 북구 죽도동,경상사고,0,0,1,0,차대차 - 기타,안전운전불이행,건조,맑음,단일로 - 기타,화물,남,66세,상해없음,화물,남,30세,경상
2020021900100225,2020년 2월 19일 11시,수요일,경상북도 김천시 평화동,경상사고,0,0,1,0,차대사람 - 보도통행중,안전운전불이행,건조,맑음,교차로 - 교차로안,화물,남,60세,상해없음,보행자,여,35세,경상
2020021900100226,2020년 2월 19일 11시,수요일,경상북도 청도군 풍각면,사망사고,1,0,0,0,차대차 - 측면충돌,안전운전불이행,건조,맑음,교차로 - 교차로안,화물,남,45세,상해없음,원동기,여,82세,사망
2020021900100256,2020년 2월 19일 12시,수요일,경상북도 안동시 송현동,경상사고,0,0,1,0,차대차 - 측면충돌,안전운전불이행,건조,맑음,교차로 - 교차로부근,승용,여,66세,상해없음,건설기계,남,40세,경상
2020021900100257,2020년 2월 19일 12시,수요일,경상북도 김천시 모암동,경상사고,0,0,1,0,차대사람 - 기타,안전운전불이행,건조,맑음,단일로 - 기타,승용,남,68세,상해없음,보행자,여,44세,경상
2020021900100258,2020년 2월 19일 12시,수요일,경상북도 고령군 대가야읍,경상사고,0,0,2,0,차대차 - 측면충돌,교차로운행방법위반,건조,맑음,교차로 - 교차로안,승용,여,58세,경상,승용,여,58세,경상
2020021900100290,2020년 2월 19일 13시,수요일,경상북도 김천시 황금동,중상사고,0,1,0,0,차대사람 - 횡단중,보행자보호의무위반,건조,맑음,단일로 - 기타,승용,남,56세,상해없음,보행자,남,61세,중상
2020021900100291,2020년 2월 19일 13시,수요일,경상북도 영주시 하망동,경상사고,0,0,1,0,차대차 - 측면충돌,안전운전불이행,건조,맑음,교차로 - 교차로안,승용,여,59세,상해없음,자전거,여,65세,경상
2020021900100331,2020년 2월 19일 14시,수요일,경상북도 포항시 북구 동빈1가,중상사고,0,1,0,0,차대차 - 측면충돌,안전운전불이행,건조,맑음,교차로 - 교차로안,승용,여,63세,상해없음,승용,여,40세,중상
2020021900100332,2020년 2월 19일 14시,수요일,경상북도 영주시 가흥동,경상사고,0,0,2,0,차대차 - 기타,안전운전불이행,건조,맑음,단일로 - 기타,승용,여,57세,상해없음,승용,여,33세,경상
2020021900100333,2020년 2월 19일 14시,수요일,경상북도 예천군 예천읍,중상사고,0,1,0,0,차대차 - 정면충돌,안전운전불이행,건조,맑음,교차로 - 교차로안,화물,남,40세,상해없음,이륜,여,73세,중상
2020021900100376,2020년 2월 19일 15시,수요일,경상북도 경주시 안강읍,사망사고,1,0,7,1,차대사람 - 기타,안전운전불이행,건조,맑음,교차로 - 교차로부근,승용,남,38세,부상신고,보행자,여,52세,사망
2020021900100377,2020년 2월 19일 15시,수요일,경상북도 봉화군 봉화읍,경상사고,0,0,1,0,차대차 - 추돌,안전운전불이행,건조,맑음,단일로 - 기타,화물,남,60세,상해없음,승합,남,47세,상해없음
2020021900100420,2020년 2월 19일 16시,수요일,경상북도 경주시 동천동,경상사고,0,0,1,0,차대차 - 추돌,안전거리미확보,건조,맑음,교차로 - 교차로부근,승용,남,67세,상해없음,승합,여,66세,경상
2020021900100421,2020년 2월 19일 16시,수요일,경상북도 포항시 남구 효자동,중상사고,0,1,1,0,차대차 - 측면충돌,안전운전불이행,건조,맑음,교차로 - 교차로안,승용,여,67세,경상,승용,남,25세,중상
2020021900100466,2020년 2월 19일 17시,수요일,경상북도 안동시 신안동,부상신고사고,0,0,0,1,차대사람 - 차도통행중,안전운전불이행,건조,맑음,기타 - 기타,자전거,남,73세,상해없음,보행자,남,44세,부상신고
2020021900100467,2020년 2월 19일 17시,수요일,경상북도 상주시 내서면,중상사고,0,2,0,0,차대차 - 정면충돌,중앙선침범,건조,맑음,단일로 - 기타,승용,여,44세,상해없음,승용,남,73세,중상
2020021900100468,2020년 2월 19일 17시,수요일,경상북도 영천시 작산동,경상사고,0,0,1,0,차대차 - 추돌,안전운전불이행,건조,맑음,단일로 - 기타,승용,남,26세,상해없음,승용,여,59세,경상
2020021900100525,2020년 2월 19일 18시,수요일,경상북도 군위군 부계면,중상사고,0,1,0,0,차대차 - 측면충돌,기타,건조,맑음,교차로 - 교차로안,승용,남,53세,상해없음,승용,여,47세,중상
2020021900100570,2020년 2월 19일 19시,수요일,경상북도 의성군 금성면,사망사고,1,0,0,0,차량단독 - 공작물충돌,안전운전불이행,건조,맑음,단일로 - 기타,화물,남,58세,사망,,,,
2020021900100571,2020년 2월 19일 19시,수요일,경상북도 영천시 완산동,경상사고,0,0,1,0,차대차 - 기타,안전운전불이행,건조,맑음,단일로 - 기타,승용,남,68세,상해없음,승용,남,60세,상해없음
2020021900100616,2020년 2월 19일 20시,수요일,경상북도 구미시 상모동,경상사고,0,0,1,0,차대차 - 기타,안전운전불이행,건조,맑음,교차로 - 교차로부근,승용,남,39세,상해없음,승용,남,29세,경상
2020022000100054,2020년 2월 20일 05시,목요일,경상북도 영주시 가흥동,중상사고,0,1,0,0,차대차 - 기타,안전운전불이행,건조,맑음,단일로 - 기타,승용,남,29세,상해없음,승용,남,48세,기타불명
2020022000100082,2020년 2월 20일 07시,목요일,경상북도 경주시 사정동,경상사고,0,0,4,0,차대차 - 측면충돌,신호위반,건조,맑음,교차로 - 교차로안,승용,여,59세,경상,화물,남,46세,경상
2020022000100083,2020년 2월 20일 07시,목요일,경상북도 구미시 도량동,중상사고,0,1,0,0,차대차 - 기타,안전운전불이행,건조,맑음,단일로 - 기타,승용,남,64세,상해없음,개인형이동수단(PM),남,44세,중상
2020022000100165,2020년 2월 20일 09시,목요일,경상북도 안동시 남문동,부상신고사고,0,0,0,1,차대차 - 추돌,안전거리미확보,건조,맑음,교차로 - 교차로부근,승용,여,33세,상해없음,승용,남,59세,상해없음
2020022000100224,2020년 2월 20일 11시,목요일,경상북도 안동시 서후면,중상사고,0,1,1,0,차대차 - 측면충돌,안전거리미확보,건조,맑음,단일로 - 기타,화물,남,54세,중상,승용,남,23세,경상
2020022000100225,2020년 2월 20일 11시,목요일,경상북도 안동시 수상동,중상사고,0,1,2,0,차대차 - 정면충돌,직진우회전진행방해,건조,맑음,교차로 - 교차로안,승용,남,54세,중상,승용,남,55세,경상
2020022000100226,2020년 2월 20일 11시,목요일,경상북도 김천시 부항면,중상사고,0,1,0,0,차량단독 - 공작물충돌,안전운전불이행,건조,맑음,미분류 - 미분류,화물,남,53세,중상,,,,
2020022000100261,2020년 2월 20일 12시,목요일,경상북도 포항시 북구 흥해읍,경상사고,0,0,1,0,차대차 - 측면충돌,신호위반,건조,맑음,교차로 - 교차로안,승용,남,60세,상해없음,승용,여,56세,경상
2020022000100262,2020년 2월 20일 12시,목요일,경상북도 구미시 산동면,경상사고,0,0,1,0,차대차 - 정면충돌,중앙선침범,건조,맑음,교차로 - 교차로부근,승용,여,32세,상해없음,이륜,남,43세,경상
2020022000100305,2020년 2월 20일 13시,목요일,경상북도 경주시 석장동,경상사고,0,0,1,0,차대차 - 정면충돌,중앙선침범,건조,맑음,단일로 - 기타,승용,여,38세,상해없음,승용,남,22세,경상
2020022000100306,2020년 2월 20일 13시,목요일,경상북도 예천군 예천읍,경상사고,0,0,1,0,차대차 - 추돌,안전운전불이행,건조,맑음,교차로 - 교차로부근,승용,남,62세,상해없음,승용,남,38세,경상
2020022000100307,2020년 2월 20일 13시,목요일,경상북도 영양군 일월면,경상사고,0,0,1,0,차량단독 - 공작물충돌,안전운전불이행,건조,맑음,단일로 - 기타,화물,남,83세,경상,,,,
2020022000100376,2020년 2월 20일 15시,목요일,경상북도 문경시 점촌동,경상사고,0,0,1,0,차대사람 - 횡단중,보행자보호의무위반,건조,맑음,교차로 - 교차로안,승용,남,72세,기타불명,보행자,남,18세,경상
2020022000100377,2020년 2월 20일 15시,목요일,경상북도 성주군 성주읍,경상사고,0,0,1,0,차대차 - 측면충돌,신호위반,건조,맑음,교차로 - 교차로안,승용,남,59세,상해없음,승용,남,52세,경상
2020022000100378,2020년 2월 20일 15시,목요일,경상북도 고령군 개진면,경상사고,0,0,1,0,차대차 - 측면충돌,안전운전불이행,건조,맑음,단일로 - 기타,화물,남,57세,상해없음,승용,남,54세,경상
2020022000100427,2020년 2월 20일 16시,목요일,경상북도 포항시 남구 효자동,경상사고,0,0,2,1,차대차 - 추돌,안전운전불이행,건조,맑음,단일로 - 기타,승용,남,28세,부상신고,승용,여,34세,경상
2020022000100460,2020년 2월 20일 17시,목요일,경상북도 안동시 송현동,중상사고,0,1,0,0,차량단독 - 공작물충돌,안전운전불이행,건조,맑음,단일로 - 기타,승용,남,82세,중상,,,,
2020022000100461,2020년 2월 20일 17시,목요일,경상북도 김천시 부곡동,경상사고,0,0,1,0,차대차 - 측면충돌,안전운전불이행,건조,맑음,교차로 - 교차로횡단보도내,승용,남,41세,상해없음,자전거,남,71세,경상
2020022000100512,2020년 2월 20일 18시,목요일,경상북도 영천시 쌍계동,중상사고,0,2,3,0,차대차 - 추돌,안전운전불이행,건조,맑음,단일로 - 기타,화물,남,47세,경상,화물,남,41세,경상
2020022000100513,2020년 2월 20일 18시,목요일,경상북도 영천시 청통면,사망사고,1,0,1,0,차대차 - 측면충돌,과속,건조,맑음,교차로 - 교차로부근,승용,남,29세,경상,자전거,남,85세,사망
2020022000100514,2020년 2월 20일 18시,목요일,경상북도 경산시 중방동,경상사고,0,0,1,0,차대사람 - 횡단중,보행자보호의무위반,건조,맑음,교차로 - 교차로횡단보도내,승용,여,47세,상해없음,보행자,여,84세,경상
2020022000100515,2020년 2월 20일 18시,목요일,경상북도 경산시 계양동,경상사고,0,0,5,0,차대차 - 측면충돌,신호위반,건조,맑음,단일로 - 지하차도(도로)내,승합,남,55세,상해없음,승용,남,41세,경상
2020022000100516,2020년 2월 20일 18시,목요일,경상북도 예천군 감천면,사망사고,1,0,5,0,차대차 - 측면충돌,중앙선침범,건조,맑음,교차로 - 교차로부근,승용,여,56세,사망,승합,남,35세,경상
2020022000100517,2020년 2월 20일 18시,목요일,경상북도 포항시 남구 상도동,경상사고,0,0,1,0,차대차 - 추돌,안전운전불이행,건조,맑음,주차장 - 주차장,승용,여,58세,상해없음,승용,여,43세,경상
2020022000100568,2020년 2월 20일 19시,목요일,경상북도 경주시 동부동,중상사고,0,1,0,0,차대사람 - 횡단중,안전운전불이행,건조,맑음,교차로 - 교차로부근,이륜,남,47세,상해없음,보행자,여,49세,중상
2020022000100611,2020년 2월 20일 20시,목요일,경상북도 영주시 문수면,경상사고,0,0,1,0,차대차 - 추돌,기타,건조,맑음,단일로 - 기타,승용,남,37세,상해없음,승용,남,24세,상해없음
2020022000100612,2020년 2월 20일 20시,목요일,경상북도 포항시 남구 동해면,경상사고,0,0,1,0,차대차 - 기타,안전운전불이행,건조,맑음,교차로 - 교차로안,승용,남,56세,상해없음,이륜,남,50세,경상
2020022000100672,2020년 2월 20일 22시,목요일,경상북도 경주시 성건동,중상사고,0,1,0,0,차대차 - 측면충돌,중앙선침범,건조,맑음,단일로 - 기타,승용,남,55세,상해없음,이륜,남,45세,중상
2020022000100701,2020년 2월 20일 23시,목요일,경상북도 포항시 북구 죽도동,중상사고,0,1,0,0,차대차 - 측면충돌,안전운전불이행,건조,맑음,교차로 - 교차로안,승용,남,59세,상해없음,승용,남,30세,중상
2020022100100015,2020년 2월 21일 00시,금요일,경상북도 경주시 동천동,경상사고,0,0,1,0,차대차 - 추돌,안전운전불이행,건조,맑음,교차로 - 교차로부근,승용,남,31세,상해없음,승용,남,71세,경상
2020022100100093,2020년 2월 21일 06시,금요일,경상북도 포항시 북구 장성동,경상사고,0,0,2,0,차대차 - 측면충돌,직진우회전진행방해,건조,맑음,교차로 - 교차로안,승용,남,73세,경상,승합,남,54세,경상
2020022100100111,2020년 2월 21일 07시,금요일,경상북도 포항시 북구 흥해읍,경상사고,0,0,2,0,차대차 - 측면충돌,안전운전불이행,건조,맑음,교차로 - 교차로안,승용,남,66세,상해없음,승용,남,80세,경상
2020022100100112,2020년 2월 21일 07시,금요일,경상북도 경산시 중방동,중상사고,0,1,0,0,차대사람 - 횡단중,신호위반,건조,맑음,교차로 - 교차로횡단보도내,화물,남,39세,상해없음,보행자,여,49세,중상
2020022100100151,2020년 2월 21일 08시,금요일,경상북도 영천시 화남면,경상사고,0,0,1,0,차대차 - 추돌,안전운전불이행,건조,맑음,교차로 - 교차로안,화물,남,77세,상해없음,승용,남,47세,경상
2020022100100152,2020년 2월 21일 08시,금요일,경상북도 경산시 옥곡동,경상사고,0,0,1,0,차대차 - 기타,교차로운행방법위반,건조,맑음,교차로 - 교차로안,승용,여,28세,기타불명,승용,여,42세,경상
2020022100100185,2020년 2월 21일 09시,금요일,경상북도 포항시 북구 기계면,사망사고,1,0,0,0,차대사람 - 차도통행중,안전운전불이행,건조,맑음,단일로 - 기타,화물,남,67세,상해없음,보행자,남,87세,사망
2020022100100186,2020년 2월 21일 09시,금요일,경상북도 김천시 감호동,경상사고,0,0,1,0,차대차 - 측면충돌,안전운전불이행,건조,맑음,교차로 - 교차로안,화물,남,67세,상해없음,승용,여,52세,경상
2020022100100213,2020년 2월 21일 10시,금요일,경상북도 김천시 지례면,중상사고,0,1,2,0,차대차 - 정면충돌,중앙선침범,건조,맑음,단일로 - 기타,화물,남,60세,경상,화물,남,59세,중상
2020022100100214,2020년 2월 21일 10시,금요일,경상북도 칠곡군 동명면,부상신고사고,0,0,0,1,차대차 - 기타,안전운전불이행,건조,맑음,단일로 - 기타,화물,남,49세,부상신고,화물,남,46세,상해없음
2020022100100235,2020년 2월 21일 11시,금요일,경상북도 포항시 북구 청하면,경상사고,0,0,5,0,차대차 - 추돌,안전거리미확보,건조,맑음,교차로 - 교차로안,승합,남,59세,상해없음,승용,여,44세,경상
2020022100100236,2020년 2월 21일 11시,금요일,경상북도 구미시 공단동,경상사고,0,0,1,0,차대차 - 측면충돌,안전운전불이행,건조,맑음,단일로 - 기타,화물,남,66세,상해없음,승합,여,30세,경상
2020022100100263,2020년 2월 21일 12시,금요일,경상북도 영천시 금호읍,경상사고,0,0,2,0,차대차 - 측면충돌,안전운전불이행,건조,맑음,교차로 - 교차로안,화물,남,49세,경상,승용,남,60세,경상
2020022100100323,2020년 2월 21일 14시,금요일,경상북도 상주시 지천동,중상사고,0,1,0,0,차대차 - 측면충돌,안전운전불이행,건조,맑음,단일로 - 기타,화물,남,32세,상해없음,이륜,남,80세,중상
2020022100100324,2020년 2월 21일 14시,금요일,경상북도 포항시 남구 오천읍,경상사고,0,0,2,0,차대차 - 기타,안전운전불이행,건조,맑음,교차로 - 교차로안,화물,남,78세,상해없음,승용,남,37세,경상
2020022100100361,2020년 2월 21일 15시,금요일,경상북도 영덕군 영덕읍,중상사고,0,1,0,0,차대차 - 측면충돌,교차로운행방법위반,건조,맑음,교차로 - 교차로안,승용,남,55세,상해없음,승용,남,38세,중상
2020022100100362,2020년 2월 21일 15시,금요일,경상북도 구미시 고아읍,중상사고,0,1,0,0,차대사람 - 기타,안전운전불이행,건조,맑음,단일로 - 기타,승용,남,55세,상해없음,보행자,남,48세,중상
2020022100100397,2020년 2월 21일 16시,금요일,경상북도 상주시 내서면,중상사고,0,1,1,0,차량단독 - 공작물충돌,안전운전불이행,건조,맑음,단일로 - 교량,화물,남,44세,경상,,,,
2020022100100398,2020년 2월 21일 16시,금요일,경상북도 포항시 남구 효자동,부상신고사고,0,0,0,1,차대차 - 기타,안전운전불이행,건조,맑음,단일로 - 기타,승용,여,33세,상해없음,승용,여,55세,부상신고
2020022100100430,2020년 2월 21일 17시,금요일,경상북도 경주시 황성동,경상사고,0,0,1,0,차대차 - 기타,안전운전불이행,건조,맑음,교차로 - 교차로부근,건설기계,남,57세,상해없음,이륜,남,40세,경상
2020022100100431,2020년 2월 21일 17시,금요일,경상북도 상주시 남성동,경상사고,0,0,1,0,차대사람 - 기타,보행자보호의무위반,건조,맑음,교차로 - 교차로횡단보도내,화물,남,61세,상해없음,보행자,남,73세,경상
2020022100100468,2020년 2월 21일 18시,금요일,경상북도 칠곡군 약목면,경상사고,0,0,1,0,차대차 - 측면충돌,신호위반,건조,맑음,교차로 - 교차로부근,승용,여,32세,상해없음,승용,남,37세,경상
2020022100100469,2020년 2월 21일 18시,금요일,경상북도 경산시 중산동,중상사고,0,1,0,0,차대차 - 추돌,안전운전불이행,건조,맑음,단일로 - 기타,화물,남,38세,상해없음,승용,남,40세,중상
2020022100100523,2020년 2월 21일 19시,금요일,경상북도 칠곡군 북삼읍,경상사고,0,0,1,0,차대차 - 측면충돌,안전운전불이행,건조,맑음,교차로 - 교차로안,승용,남,38세,상해없음,이륜,남,26세,경상
2020022100100582,2020년 2월 21일 20시,금요일,경상북도 구미시 선산읍,사망사고,1,0,0,0,차량단독 - 전도전복 - 전복,안전운전불이행,건조,맑음,단일로 - 기타,승용,여,42세,사망,,,,
2020022100100615,2020년 2월 21일 21시,금요일,경상북도 문경시 모전동,경상사고,0,0,1,0,차량단독 - 기타,안전운전불이행,건조,맑음,단일로 - 기타,이륜,남,70세,경상,,,,
2020022200100021,2020년 2월 22일 00시,토요일,경상북도 상주시 화서면,중상사고,0,1,0,0,차대차 - 추돌,안전운전불이행,젖음/습기,비,단일로 - 기타,화물,남,54세,상해없음,화물,남,61세,중상
2020022200100053,2020년 2월 22일 01시,토요일,경상북도 예천군 예천읍,중상사고,0,2,0,0,차대차 - 측면충돌,교차로운행방법위반,건조,맑음,교차로 - 교차로안,승용,여,61세,중상,승용,남,37세,중상
2020022200100072,2020년 2월 22일 02시,토요일,경상북도 경주시 감포읍,경상사고,0,0,1,0,차대차 - 측면충돌,중앙선침범,건조,맑음,단일로 - 기타,승용,여,66세,상해없음,화물,남,48세,경상
2020022200100073,2020년 2월 22일 02시,토요일,경상북도 경주시 성건동,경상사고,0,0,1,0,차대차 - 측면충돌,안전운전불이행,젖음/습기,비,교차로 - 교차로부근,승용,남,27세,상해없음,승용,남,40세,경상
2020022200100077,2020년 2월 22일 03시,토요일,경상북도 구미시 원평동,중상사고,0,1,0,0,차대차 - 기타,안전운전불이행,젖음/습기,비,단일로 - 기타,승용,남,25세,상해없음,승용,남,31세,중상