사고번호,사고일시,요일,시군구,사고내용,사망자수,중상자수,경상자수,부상신고자수,사고유형,법규위반,노면상태,기상상태,도로형태,가해운전자 차종,가해운전자 성별,가해운전자 연령,가해운전자 상해정도,피해운전자 차종,피해운전자 성별,피해운전자 연령,피해운전자 상해정도
2020022200100115,2020년 2월 22일 07시,토요일,경상북도 영주시 가흥동,중상사고,0,1,0,0,차량단독 - 공작물충돌,안전운전불이행,건조,맑음,단일로 - 기타,화물,남,66세,중상,,,,
2020022200100129,2020년 2월 22일 08시,토요일,경상북도 안동시 동문동,경상사고,0,0,1,0,차대차 - 기타,기타,젖음/습기,흐림,교차로 - 교차로안,이륜,남,44세,경상,화물,남,48세,상해없음
2020022200100163,2020년 2월 22일 10시,토요일,경상북도 경주시 건천읍,경상사고,0,0,1,1,차대차 - 측면충돌,안전운전불이행,건조,맑음,교차로 - 교차로안,화물,남,42세,부상신고,승합,남,55세,경상
2020022200100164,2020년 2월 22일 10시,토요일,경상북도 성주군 성주읍,경상사고,0,0,1,0,차대사람 - 기타,안전운전불이행,건조,맑음,단일로 - 기타,승용,남,66세,상해없음,보행자,남,31세,경상
2020022200100222,2020년 2월 22일 12시,토요일,경상북도 안동시 명륜동,경상사고,0,0,2,0,차대차 - 측면충돌,안전운전불이행,건조,맑음,교차로 - 교차로안,승용,남,64세,상해없음,승용,남,44세,경상
2020022200100248,2020년 2월 22일 13시,토요일,경상북도 김천시 남면,경상사고,0,0,1,0,차대차 - 추돌,안전운전불이행,건조,맑음,단일로 - 기타,이륜,남,49세,경상,승용,남,55세,상해없음
2020022200100249,2020년 2월 22일 13시,토요일,경상북도 구미시 봉곡동,중상사고,0,1,0,0,차대차 - 측면충돌,직진우회전진행방해,건조,맑음,교차로 - 교차로안,승용,여,34세,기타불명,원동기,남,35세,중상
2020022200100279,2020년 2월 22일 14시,토요일,경상북도 상주시 화서면,중상사고,0,1,0,0,차량단독 - 전도전복 - 전도,안전운전불이행,건조,맑음,단일로 - 기타,사륜오토바이(ATV),남,80세,중상,,,,
2020022200100280,2020년 2월 22일 14시,토요일,경상북도 경산시 와촌면,경상사고,0,0,1,0,차대차 - 측면충돌,중앙선침범,건조,맑음,단일로 - 기타,승합,남,58세,상해없음,승용,남,37세,경상
2020022200100307,2020년 2월 22일 15시,토요일,경상북도 군위군 효령면,경상사고,0,0,2,0,차대차 - 추돌,안전거리미확보,건조,맑음,단일로 - 기타,화물,남,42세,상해없음,승용,남,67세,경상
2020022200100337,2020년 2월 22일 16시,토요일,경상북도 구미시 원평동,중상사고,0,1,0,0,차대차 - 기타,신호위반,건조,맑음,교차로 - 교차로부근,이륜,남,15세,상해없음,자전거,남,64세,중상
2020022200100359,2020년 2월 22일 17시,토요일,경상북도 문경시 산양면,중상사고,0,1,3,0,차대차 - 기타,신호위반,건조,맑음,교차로 - 교차로안,화물,남,66세,경상,승용,남,50세,경상
2020022200100376,2020년 2월 22일 18시,토요일,경상북도 칠곡군 지천면,경상사고,0,0,1,0,차대차 - 측면충돌,안전운전불이행,건조,맑음,단일로 - 기타,승용,남,60세,상해없음,화물,남,62세,경상
2020022200100453,2020년 2월 22일 21시,토요일,경상북도 경주시 용강동,중상사고,0,1,0,0,차대사람 - 차도통행중,안전운전불이행,건조,맑음,주차장 - 주차장,승용,남,66세,상해없음,보행자,남,40세,중상
2020022200100454,2020년 2월 22일 21시,토요일,경상북도 칠곡군 기산면,경상사고,0,0,1,0,차대차 - 추돌,안전거리미확보,건조,맑음,단일로 - 기타,화물,남,36세,상해없음,승용,남,65세,경상
2020022200100455,2020년 2월 22일 21시,토요일,경상북도 문경시 산북면,사망사고,1,0,0,0,차대사람 - 차도통행중,과속,건조,맑음,단일로 - 기타,승용,남,48세,상해없음,보행자,남,63세,사망
2020022200100477,2020년 2월 22일 22시,토요일,경상북도 경산시 진량읍,경상사고,0,0,1,0,차대차 - 측면충돌,신호위반,건조,맑음,교차로 - 교차로부근,이륜,남,44세,상해없음,승용,남,28세,경상
2020022200100489,2020년 2월 22일 23시,토요일,경상북도 문경시 공평동,중상사고,0,1,0,0,차량단독 - 도로외이탈 - 추락,안전운전불이행,건조,맑음,단일로 - 기타,승용,남,60세,중상,,,,
2020022300100044,2020년 2월 23일 05시,일요일,경상북도 고령군 성산면,사망사고,1,1,0,0,차대차 - 추돌,안전운전불이행,건조,맑음,단일로 - 교량,화물,남,47세,중상,화물,남,62세,상해없음
2020022300100054,2020년 2월 23일 06시,일요일,경상북도 울진군 매화면,중상사고,0,1,0,0,차량단독 - 공작물충돌,안전운전불이행,건조,맑음,단일로 - 기타,승합,남,57세,중상,,,,
2020022300100064,2020년 2월 23일 08시,일요일,경상북도 경산시 유곡동,경상사고,0,0,3,0,차대차 - 기타,신호위반,건조,맑음,교차로 - 교차로안,승합,남,62세,경상,화물,남,69세,경상
2020022300100078,2020년 2월 23일 09시,일요일,경상북도 경주시 황성동,경상사고,0,0,1,0,차대차 - 측면충돌,신호위반,건조,맑음,교차로 - 교차로안,화물,남,55세,상해없음,자전거,남,17세,경상
2020022300100110,2020년 2월 23일 11시,일요일,경상북도 영천시 완산동,경상사고,0,0,2,0,차대차 - 측면충돌,신호위반,건조,맑음,교차로 - 교차로안,이륜,남,28세,경상,화물,남,68세,경상
2020022300100131,2020년 2월 23일 12시,일요일,경상북도 경주시 안강읍,경상사고,0,0,2,0,차대차 - 후진중충돌,안전운전불이행,건조,맑음,교차로 - 교차로안,승용,남,35세,상해없음,화물,남,43세,경상
2020022300100132,2020년 2월 23일 12시,일요일,경상북도 경산시 자인면,경상사고,0,0,1,0,차대차 - 정면충돌,교차로운행방법위반,건조,맑음,교차로 - 교차로안,승용,남,54세,상해없음,승용,남,66세,경상
2020022300100172,2020년 2월 23일 14시,일요일,경상북도 상주시 흥각동,중상사고,0,1,1,0,차대차 - 측면충돌,교차로운행방법위반,건조,맑음,교차로 - 교차로안,화물,남,53세,상해없음,승용,남,53세,경상
2020022300100195,2020년 2월 23일 15시,일요일,경상북도 영덕군 병곡면,경상사고,0,0,2,0,차대차 - 측면충돌,교차로운행방법위반,건조,맑음,교차로 - 교차로안,승용,남,54세,상해없음,승용,여,42세,경상
2020022300100233,2020년 2월 23일 17시,일요일,경상북도 김천시 평화동,경상사고,0,0,1,0,차대차 - 측면충돌,교차로운행방법위반,건조,맑음,교차로 - 교차로부근,화물,남,78세,상해없음,승용,남,23세,경상
2020022300100234,2020년 2월 23일 17시,일요일,경상북도 포항시 남구 인덕동,경상사고,0,0,2,0,차대차 - 기타,직진우회전진행방해,건조,맑음,교차로 - 교차로안,화물,남,64세,경상,승용,여,62세,경상
2020022300100330,2020년 2월 23일 21시,일요일,경상북도 영주시 가흥동,중상사고,0,1,0,0,차대차 - 기타,안전운전불이행,건조,맑음,단일로 - 기타,이륜,남,44세,기타불명,이륜,남,39세,중상
2020022400100050,2020년 2월 24일 06시,월요일,경상북도 경주시 시래동,중상사고,0,2,1,0,차대차 - 측면충돌,안전운전불이행,건조,맑음,단일로 - 지하차도(도로)내,승용,남,59세,상해없음,승용,남,36세,중상
2020022400100051,2020년 2월 24일 06시,월요일,경상북도 포항시 북구 흥해읍,중상사고,0,1,0,0,차대차 - 측면충돌,신호위반,건조,맑음,교차로 - 교차로안,승용,남,70세,상해없음,승합,남,54세,중상
2020022400100052,2020년 2월 24일 06시,월요일,경상북도 문경시 농암면,경상사고,0,0,1,0,차량단독 - 기타,안전운전불이행,건조,맑음,단일로 - 기타,화물,남,76세,경상,,,,
2020022400100097,2020년 2월 24일 08시,월요일,경상북도 포항시 북구 장성동,경상사고,0,0,1,0,차대차 - 추돌,안전거리미확보,건조,맑음,교차로 - 교차로부근,승용,여,70세,상해없음,승용,남,31세,경상
2020022400100098,2020년 2월 24일 08시,월요일,경상북도 포항시 남구 오천읍,중상사고,0,1,0,0,차대차 - 기타,안전운전불이행,건조,맑음,교차로 - 교차로횡단보도내,승용,여,62세,상해없음,자전거,남,33세,중상
2020022400100127,2020년 2월 24일 09시,월요일,경상북도 칠곡군 왜관읍,경상사고,0,0,1,0,차대차 - 측면충돌,교차로운행방법위반,건조,맑음,교차로 - 교차로안,승용,여,25세,상해없음,이륜,남,86세,경상
2020022400100145,2020년 2월 24일 10시,월요일,경상북도 포항시 북구 두호동,경상사고,0,0,2,0,차대차 - 측면충돌,교차로운행방법위반,건조,맑음,교차로 - 교차로부근,승용,여,55세,기타불명,승합,남,52세,경상
2020022400100146,2020년 2월 24일 10시,월요일,경상북도 경산시 중방동,경상사고,0,0,1,0,차대차 - 측면충돌,안전운전불이행,건조,맑음,교차로 - 교차로안,승용,남,61세,경상,승용,남,30세,상해없음
2020022400100147,2020년 2월 24일 10시,월요일,경상북도 포항시 남구 송내동,경상사고,0,0,1,0,차대차 - 측면충돌,안전운전불이행,건조,맑음,교차로 - 교차로부근,화물,남,65세,상해없음,승용,여,38세,경상
2020022400100176,2020년 2월 24일 11시,월요일,경상북도 포항시 남구 대잠동,중상사고,0,1,2,0,차대차 - 측면충돌,안전운전불이행,건조,맑음,교차로 - 교차로안,승용,남,45세,경상,승용,남,64세,경상
2020022400100214,2020년 2월 24일 12시,월요일,경상북도 의성군 의성읍,경상사고,0,0,1,0,차대사람 - 보도통행중,기타,건조,맑음,기타 - 기타,승용,남,39세,기타불명,보행자,남,24세,경상
2020022400100239,2020년 2월 24일 13시,월요일,경상북도 경산시 하양읍,경상사고,0,0,3,0,차대차 - 추돌,안전거리미확보,건조,맑음,교차로 - 교차로부근,승용,여,29세,상해없음,승용,여,35세,경상
2020022400100240,2020년 2월 24일 13시,월요일,경상북도 영양군 영양읍,중상사고,0,1,0,0,차대사람 - 길가장자리구역통행중,안전운전불이행,건조,맑음,교차로 - 교차로부근,화물,남,75세,상해없음,보행자,여,79세,중상
2020022400100316,2020년 2월 24일 15시,월요일,경상북도 칠곡군 약목면,중상사고,0,1,1,0,차대차 - 추돌,안전운전불이행,건조,맑음,단일로 - 기타,화물,남,43세,기타불명,승용,여,34세,경상
2020022400100317,2020년 2월 24일 15시,월요일,경상북도 구미시 장천면,부상신고사고,0,0,0,1,차대차 - 측면충돌,안전운전불이행,건조,맑음,교차로 - 교차로안,원동기,여,68세,부상신고,화물,남,69세,상해없음
2020022400100340,2020년 2월 24일 16시,월요일,경상북도 포항시 북구 용흥동,경상사고,0,0,1,0,차대차 - 추돌,안전운전불이행,건조,맑음,단일로 - 기타,승용,남,65세,상해없음,승용,남,28세,경상
2020022400100341,2020년 2월 24일 16시,월요일,경상북도 경산시 중방동,경상사고,0,0,1,0,차대차 - 측면충돌,교차로운행방법위반,건조,맑음,교차로 - 교차로안,승용,남,24세,상해없음,승합,남,47세,경상
2020022400100359,2020년 2월 24일 17시,월요일,경상북도 김천시 율곡동,경상사고,0,0,2,0,차대차 - 측면충돌,안전운전불이행,건조,맑음,교차로 - 교차로안,승용,남,30세,상해없음,승용,남,32세,경상
2020022400100387,2020년 2월 24일 18시,월요일,경상북도 경산시 정평동,중상사고,0,1,0,0,차대차 - 측면충돌,교차로운행방법위반,건조,맑음,교차로 - 교차로안,승용,남,65세,상해없음,이륜,남,25세,중상
2020022400100388,2020년 2월 24일 18시,월요일,경상북도 구미시 남통동,부상신고사고,0,0,0,1,차대차 - 측면충돌,안전운전불이행,건조,맑음,기타 - 기타,이륜,남,64세,부상신고,승합,여,61세,상해없음
2020022400100426,2020년 2월 24일 19시,월요일,경상북도 김천시 모암동,경상사고,0,0,2,0,차대차 - 측면충돌,안전거리미확보,건조,기타,단일로 - 기타,승용,남,44세,상해없음,승용,남,48세,경상
2020022400100427,2020년 2월 24일 19시,월요일,경상북도 경산시 와촌면,중상사고,0,2,0,0,차대차 - 추돌,안전운전불이행,건조,맑음,단일로 - 기타,화물,남,44세,상해없음,승용,남,31세,중상
2020022400100428,2020년 2월 24일 19시,월요일,경상북도 구미시 임은동,중상사고,0,1,0,0,차대사람 - 횡단중,보행자보호의무위반,건조,맑음,교차로 - 교차로횡단보도내,승용,남,66세,상해없음,보행자,여,55세,중상
2020022400100429,2020년 2월 24일 19시,월요일,경상북도 구미시 구포동,경상사고,0,0,1,0,차대차 - 기타,안전운전불이행,건조,맑음,교차로 - 교차로안,승용,남,27세,상해없음,승용,남,37세,상해없음
2020022400100462,2020년 2월 24일 20시,월요일,경상북도 포항시 북구 두호동,경상사고,0,0,1,0,차대차 - 측면충돌,안전운전불이행,건조,맑음,교차로 - 교차로부근,이륜,남,16세,경상,승용,여,47세,상해없음
2020022400100463,2020년 2월 24일 20시,월요일,경상북도 구미시 형곡동,경상사고,0,0,1,0,차대차 - 측면충돌,안전거리미확보,건조,맑음,단일로 - 기타,승용,여,54세,상해없음,이륜,남,37세,경상
2020022500100012,2020년 2월 25일 00시,화요일,경상북도 구미시 도량동,경상사고,0,0,2,0,차대차 - 추돌,안전운전불이행,젖음/습기,비,단일로 - 기타,승용,남,49세,상해없음,승용,남,24세,경상
2020022500100013,2020년 2월 25일 00시,화요일,경상북도 포항시 남구 오천읍,경상사고,0,0,1,0,차대차 - 측면충돌,안전운전불이행,젖음/습기,비,단일로 - 기타,승용,남,67세,상해없음,이륜,남,29세,경상
2020022500100026,2020년 2월 25일 01시,화요일,경상북도 경주시 동천동,중상사고,0,1,0,0,차대차 - 측면충돌,안전운전불이행,젖음/습기,비,교차로 - 교차로안,승용,여,51세,상해없음,승용,남,46세,중상
2020022500100050,2020년 2월 25일 05시,화요일,경상북도 구미시 임은동,경상사고,0,0,1,0,차대차 - 기타,안전운전불이행,젖음/습기,비,교차로 - 교차로안,승용,남,32세,상해없음,승용,남,34세,경상
2020022500100067,2020년 2월 25일 06시,화요일,경상북도 경주시 동천동,경상사고,0,0,1,0,차대차 - 추돌,안전운전불이행,젖음/습기,비,교차로 - 교차로부근,화물,남,48세,상해없음,화물,남,55세,경상
2020022500100068,2020년 2월 25일 06시,화요일,경상북도 포항시 북구 득량동,중상사고,0,1,0,0,차대차 - 측면충돌,안전운전불이행,젖음/습기,비,교차로 - 교차로부근,화물,남,63세,상해없음,화물,남,49세,중상
2020022500100069,2020년 2월 25일 06시,화요일,경상북도 포항시 남구 장흥동,중상사고,0,1,0,0,차대차 - 측면충돌,신호위반,젖음/습기,비,교차로 - 교차로안,자전거,남,57세,중상,승용,남,57세,상해없음
2020022500100084,2020년 2월 25일 07시,화요일,경상북도 구미시 공단동,경상사고,0,0,1,0,차대차 - 기타,안전운전불이행,젖음/습기,비,교차로 - 교차로안,승용,남,31세,상해없음,승용,여,48세,경상
2020022500100133,2020년 2월 25일 09시,화요일,경상북도 칠곡군 왜관읍,부상신고사고,0,0,0,1,차량단독 - 전도전복 - 전도,안전운전불이행,젖음/습기,비,단일로 - 기타,이륜,남,82세,부상신고,,,,
2020022500100134,2020년 2월 25일 09시,화요일,경상북도 문경시 흥덕동,경상사고,0,0,1,0,차대차 - 측면충돌,안전운전불이행,젖음/습기,비,단일로 - 기타,승용,남,63세,상해없음,화물,남,73세,경상
2020022500100157,2020년 2월 25일 10시,화요일,경상북도 김천시 아포읍,경상사고,0,0,1,0,차대차 - 측면충돌,안전운전불이행,젖음/습기,비,단일로 - 기타,화물,남,80세,상해없음,승용,여,40세,경상
2020022500100158,2020년 2월 25일 10시,화요일,경상북도 문경시 호계면,중상사고,0,1,0,0,차량단독 - 도로외이탈 - 추락,안전운전불이행,젖음/습기,비,단일로 - 기타,화물,남,48세,중상,,,,
2020022500100159,2020년 2월 25일 10시,화요일,경상북도 구미시 도개면,중상사고,0,1,0,0,차대사람 - 횡단중,안전운전불이행,젖음/습기,비,교차로 - 교차로안,승용,남,73세,상해없음,보행자,남,59세,중상
2020022500100180,2020년 2월 25일 11시,화요일,경상북도 상주시 외서면,중상사고,0,1,0,0,차량단독 - 공작물충돌,안전운전불이행,젖음/습기,비,단일로 - 기타,승용,남,53세,중상,,,,
2020022500100181,2020년 2월 25일 11시,화요일,경상북도 구미시 고아읍,경상사고,0,0,1,0,차대차 - 기타,안전운전불이행,젖음/습기,비,교차로 - 교차로안,승용,남,67세,상해없음,화물,남,67세,경상
2020022500100182,2020년 2월 25일 11시,화요일,경상북도 구미시 인의동,경상사고,0,0,1,0,차대차 - 측면충돌,교차로운행방법위반,젖음/습기,흐림,교차로 - 교차로안,승용,여,53세,상해없음,승용,여,40세,경상
2020022500100228,2020년 2월 25일 13시,화요일,경상북도 경주시 황성동,경상사고,0,0,1,0,차대차 - 기타,안전운전불이행,젖음/습기,비,단일로 - 기타,이륜,남,62세,경상,승용,여,42세,상해없음
2020022500100271,2020년 2월 25일 15시,화요일,경상북도 김천시 남산동,경상사고,0,0,1,0,차대차 - 측면충돌,안전운전불이행,젖음/습기,비,단일로 - 기타,승용,여,50세,상해없음,승용,여,46세,경상
2020022500100290,2020년 2월 25일 16시,화요일,경상북도 구미시 송정동,경상사고,0,0,1,0,차대차 - 기타,안전운전불이행,젖음/습기,비,단일로 - 기타,승용,여,30세,상해없음,승용,남,26세,경상
2020022500100291,2020년 2월 25일 16시,화요일,경상북도 칠곡군 석적읍,중상사고,0,1,1,0,차량단독 - 기타,안전운전불이행,젖음/습기,비,단일로 - 기타,화물,남,24세,경상,,,,
2020022500100317,2020년 2월 25일 17시,화요일,경상북도 칠곡군 기산면,부상신고사고,0,0,0,1,차대차 - 측면충돌,안전운전불이행,젖음/습기,비,교차로 - 교차로안,승용,남,59세,부상신고,승용,남,59세,기타불명
2020022500100318,2020년 2월 25일 17시,화요일,경상북도 경산시 진량읍,경상사고,0,0,4,0,차대차 - 측면충돌,중앙선침범,젖음/습기,비,단일로 - 기타,승용,남,60세,경상,화물,남,30세,경상
2020022500100350,2020년 2월 25일 18시,화요일,경상북도 포항시 북구 흥해읍,경상사고,0,0,1,0,차대차 - 정면충돌,중앙선침범,젖음/습기,비,교차로 - 교차로부근,승용,남,50세,상해없음,승용,남,53세,경상
2020022500100385,2020년 2월 25일 19시,화요일,경상북도 김천시 율곡동,경상사고,0,0,1,0,차대차 - 측면충돌,안전운전불이행,젖음/습기,비,교차로 - 교차로부근,승용,남,58세,상해없음,승용,남,55세,경상
2020022500100386,2020년 2월 25일 19시,화요일,경상북도 상주시 서성동,경상사고,0,0,2,0,차대차 - 추돌,안전운전불이행,젖음/습기,비,단일로 - 기타,승용,여,35세,상해없음,승용,남,27세,경상
2020022500100387,2020년 2월 25일 19시,화요일,경상북도 상주시 무양동,중상사고,0,1,1,0,차대차 - 측면충돌,안전운전불이행,젖음/습기,비,교차로 - 교차로안,승용,남,35세,경상,이륜,남,43세,중상
2020022500100438,2020년 2월 25일 21시,화요일,경상북도 경주시 배반동,사망사고,1,0,0,0,차량단독 - 공작물충돌,안전운전불이행,젖음/습기,비,단일로 - 기타,승용,남,54세,사망,,,,
2020022600100017,2020년 2월 26일 01시,수요일,경상북도 경주시 서부동,중상사고,0,1,0,0,차대사람 - 횡단중,보행자보호의무위반,젖음/습기,비,단일로 - 기타,승용,남,23세,상해없음,보행자,남,47세,중상
2020022600100026,2020년 2월 26일 03시,수요일,경상북도 구미시 공단동,경상사고,0,0,3,0,차대차 - 기타,교차로운행방법위반,건조,맑음,단일로 - 기타,승용,남,24세,상해없음,승용,남,18세,경상
2020022600100058,2020년 2월 26일 06시,수요일,경상북도 안동시 남후면,경상사고,0,0,1,0,차대차 - 추돌,안전운전불이행,젖음/습기,안개,단일로 - 기타,승용,남,41세,상해없음,화물,남,54세,경상
2020022600100172,2020년 2월 26일 11시,수요일,경상북도 구미시 봉곡동,중상사고,0,1,0,0,차대사람 - 기타,안전운전불이행,건조,맑음,단일로 - 기타,화물,남,44세,상해없음,보행자,남,60세,중상
2020022600100190,2020년 2월 26일 12시,수요일,경상북도 포항시 북구 기계면,중상사고,0,1,0,0,차대차 - 정면충돌,안전운전불이행,젖음/습기,흐림,기타 - 기타,화물,남,44세,상해없음,이륜,남,70세,중상
2020022600100191,2020년 2월 26일 12시,수요일,경상북도 구미시 부곡동,경상사고,0,0,1,0,차대차 - 기타,안전운전불이행,건조,맑음,단일로 - 기타,승용,남,62세,상해없음,승용,여,34세,경상
2020022600100259,2020년 2월 26일 15시,수요일,경상북도 포항시 북구 죽도동,경상사고,0,0,1,0,차대차 - 기타,안전운전불이행,건조,맑음,단일로 - 기타,승용,남,59세,기타불명,이륜,남,27세,경상
2020022600100260,2020년 2월 26일 15시,수요일,경상북도 포항시 남구 해도동,경상사고,0,0,2,0,차대차 - 측면충돌,안전운전불이행,건조,맑음,교차로 - 교차로부근,건설기계,남,38세,상해없음,승용,남,63세,경상
2020022600100272,2020년 2월 26일 16시,수요일,경상북도 포항시 북구 죽도동,경상사고,0,0,1,0,차대차 - 측면충돌,교차로운행방법위반,건조,맑음,교차로 - 교차로안,승용,남,38세,상해없음,이륜,남,71세,경상
2020022600100294,2020년 2월 26일 17시,수요일,경상북도 안동시 옥동,경상사고,0,0,1,1,차대차 - 측면충돌,교차로운행방법위반,건조,맑음,교차로 - 교차로안,승용,남,47세,부상신고,승용,남,28세,경상
2020022600100336,2020년 2월 26일 18시,수요일,경상북도 경주시 동천동,중상사고,0,1,0,0,차대차 - 측면충돌,안전운전불이행,건조,맑음,단일로 - 지하차도(도로)내,자전거,남,81세,중상,승용,여,52세,상해없음
2020022600100337,2020년 2월 26일 18시,수요일,경상북도 포항시 북구 우현동,경상사고,0,0,1,0,차대차 - 기타,안전운전불이행,젖음/습기,비,교차로 - 교차로부근,화물,남,53세,상해없음,화물,남,57세,경상
2020022600100338,2020년 2월 26일 18시,수요일,경상북도 안동시 옥동,중상사고,0,1,0,0,차대사람 - 기타,기타,건조,맑음,단일로 - 기타,이륜,남,20세,상해없음,보행자,남,35세,중상
2020022600100339,2020년 2월 26일 18시,수요일,경상북도 구미시 송정동,경상사고,0,0,1,0,차대차 - 측면충돌,안전운전불이행,건조,맑음,교차로 - 교차로안,승용,남,53세,기타불명,이륜,남,39세,경상
2020022600100382,2020년 2월 26일 19시,수요일,경상북도 상주시 화산동,경상사고,0,0,1,0,차대차 - 측면충돌,신호위반,건조,맑음,교차로 - 교차로안,승용,여,57세,상해없음,이륜,여,65세,경상
2020022600100383,2020년 2월 26일 19시,수요일,경상북도 영주시 하망동,경상사고,0,0,5,0,차대차 - 측면충돌,교차로운행방법위반,젖음/습기,비,교차로 - 교차로안,승용,남,68세,상해없음,승용,남,20세,경상
2020022600100384,2020년 2월 26일 19시,수요일,경상북도 구미시 옥계동,경상사고,0,0,1,0,차대차 - 측면충돌,신호위반,건조,맑음,교차로 - 교차로안,승용,남,42세,상해없음,승용,여,39세,경상
2020022600100420,2020년 2월 26일 20시,수요일,경상북도 포항시 북구 양덕동,경상사고,0,0,1,0,차대차 - 측면충돌,안전운전불이행,건조,맑음,교차로 - 교차로안,원동기,남,59세,경상,승용,남,50세,상해없음
2020022600100421,2020년 2월 26일 20시,수요일,경상북도 포항시 북구 신광면,경상사고,0,0,1,0,차량단독 - 공작물충돌,안전운전불이행,기타,흐림,단일로 - 기타,승용,여,26세,경상,,,,
2020022600100436,2020년 2월 26일 21시,수요일,경상북도 포항시 북구 죽도동,경상사고,0,0,2,0,차대차 - 기타,안전운전불이행,건조,맑음,단일로 - 기타,승용,남,35세,상해없음,승용,남,60세,경상
2020022600100437,2020년 2월 26일 21시,수요일,경상북도 경산시 압량면,경상사고,0,0,3,0,차대차 - 측면충돌,신호위반,건조,맑음,교차로 - 교차로안,이륜,남,23세,경상,승용,여,54세,경상
2020022600100438,2020년 2월 26일 21시,수요일,경상북도 청송군 진보면,중상사고,0,1,0,0,차량단독 - 공작물충돌,안전운전불이행,젖음/습기,비,단일로 - 지하차도(도로)내,화물,남,57세,중상,,,,
2020022600100439,2020년 2월 26일 21시,수요일,경상북도 구미시 도량동,경상사고,0,0,3,0,차대차 - 측면충돌,안전운전불이행,건조,맑음,교차로 - 교차로안,화물,남,51세,상해없음,승용,남,23세,경상
2020022600100479,2020년 2월 26일 23시,수요일,경상북도 성주군 용암면,중상사고,0,1,0,0,차대차 - 추돌,안전운전불이행,건조,맑음,단일로 - 기타,특수,남,54세,상해없음,승용,남,29세,중상
2020022700100006,2020년 2월 27일 00시,목요일,경상북도 포항시 북구 덕수동,경상사고,0,0,1,0,차대차 - 기타,직진우회전진행방해,젖음/습기,비,교차로 - 교차로안,승용,남,49세,상해없음,승용,남,23세,경상
2020022700100007,2020년 2월 27일 00시,목요일,경상북도 경산시 조영동,경상사고,0,0,1,0,차대차 - 추돌,안전운전불이행,젖음/습기,흐림,단일로 - 기타,승용,남,30세,상해없음,이륜,남,48세,경상
2020022700100021,2020년 2월 27일 01시,목요일,경상북도 영천시 야사동,경상사고,0,0,2,0,차대차 - 측면충돌,안전운전불이행,건조,맑음,교차로 - 교차로안,이륜,남,26세,경상,승용,남,25세,경상
2020022700100077,2020년 2월 27일 07시,목요일,경상북도 경주시 내남면,중상사고,0,2,0,0,차대차 - 측면충돌,안전운전불이행,건조,맑음,교차로 - 교차로안,승합,남,57세,상해없음,화물,남,65세,중상
2020022700100078,2020년 2월 27일 07시,목요일,경상북도 칠곡군 왜관읍,경상사고,0,0,1,0,차대차 - 측면충돌,안전운전불이행,건조,맑음,단일로 - 기타,자전거,남,45세,경상,승용,여,62세,상해없음
2020022700100079,2020년 2월 27일 07시,목요일,경상북도 군위군 부계면,경상사고,0,0,2,0,차대차 - 측면충돌,중앙선침범,건조,맑음,단일로 - 기타,승용,남,25세,경상,화물,남,57세,경상
2020022700100111,2020년 2월 27일 08시,목요일,경상북도 포항시 북구 송라면,경상사고,0,0,1,0,차대차 - 추돌,안전운전불이행,건조,맑음,단일로 - 기타,화물,남,61세,상해없음,화물,남,70세,경상
2020022700100112,2020년 2월 27일 08시,목요일,경상북도 김천시 율곡동,경상사고,0,0,1,0,차대사람 - 횡단중,신호위반,건조,맑음,교차로 - 교차로횡단보도내,승용,남,60세,상해없음,보행자,여,40세,경상
2020022700100113,2020년 2월 27일 08시,목요일,경상북도 김천시 지좌동,중상사고,0,1,1,0,차대차 - 추돌,안전운전불이행,건조,맑음,단일로 - 교량,승용,남,62세,상해없음,승용,여,41세,경상
2020022700100114,2020년 2월 27일 08시,목요일,경상북도 경산시 옥곡동,경상사고,0,0,4,0,차대차 - 측면충돌,교차로운행방법위반,건조,맑음,교차로 - 교차로안,승용,남,23세,상해없음,승합,남,57세,경상
2020022700100115,2020년 2월 27일 08시,목요일,경상북도 구미시 산동면,경상사고,0,0,1,1,차대차 - 정면충돌,직진우회전진행방해,건조,흐림,교차로 - 교차로안,승용,남,40세,부상신고,승용,여,26세,경상
2020022700100152,2020년 2월 27일 10시,목요일,경상북도 영덕군 영해면,경상사고,0,0,1,0,차대차 - 측면충돌,직진우회전진행방해,건조,맑음,교차로 - 교차로안,이륜,여,58세,경상,화물,남,59세,상해없음
2020022700100167,2020년 2월 27일 11시,목요일,경상북도 경주시 양남면,경상사고,0,0,1,0,차대사람 - 길가장자리구역통행중,안전운전불이행,건조,맑음,단일로 - 기타,특수,남,38세,상해없음,보행자,여,79세,경상
2020022700100168,2020년 2월 27일 11시,목요일,경상북도 영천시 망정동,경상사고,0,0,1,0,차대차 - 측면충돌,안전운전불이행,건조,맑음,단일로 - 기타,승용,남,32세,상해없음,승용,남,65세,경상
2020022700100235,2020년 2월 27일 14시,목요일,경상북도 상주시 서성동,경상사고,0,0,1,0,차대차 - 추돌,안전운전불이행,건조,맑음,교차로 - 교차로안,승용,여,68세,상해없음,승용,남,31세,경상
2020022700100263,2020년 2월 27일 15시,목요일,경상북도 경주시 사정동,경상사고,0,0,1,0,차대차 - 추돌,안전운전불이행,건조,맑음,단일로 - 기타,승합,남,65세,상해없음,승용,여,35세,경상