사고번호,사고일시,요일,시군구,사고내용,사망자수,중상자수,경상자수,부상신고자수,사고유형,법규위반,노면상태,기상상태,도로형태,가해운전자 차종,가해운전자 성별,가해운전자 연령,가해운전자 상해정도,피해운전자 차종,피해운전자 성별,피해운전자 연령,피해운전자 상해정도
2020022700100264,2020년 2월 27일 15시,목요일,경상북도 칠곡군 석적읍,경상사고,0,0,1,0,차대차 - 기타,안전운전불이행,건조,맑음,주차장 - 주차장,승용,남,66세,상해없음,승용,남,38세,경상
2020022700100284,2020년 2월 27일 16시,목요일,경상북도 봉화군 봉성면,경상사고,0,0,2,0,차대차 - 추돌,안전운전불이행,건조,맑음,단일로 - 기타,승용,여,22세,기타불명,화물,남,50세,경상
2020022700100305,2020년 2월 27일 17시,목요일,경상북도 칠곡군 석적읍,경상사고,0,0,2,0,차대차 - 측면충돌,교차로운행방법위반,건조,맑음,교차로 - 교차로안,화물,남,23세,경상,승용,남,50세,경상
2020022700100306,2020년 2월 27일 17시,목요일,경상북도 경산시 중방동,경상사고,0,0,2,0,차대차 - 측면충돌,신호위반,건조,맑음,교차로 - 교차로안,승용,남,55세,상해없음,승용,남,25세,경상
2020022700100307,2020년 2월 27일 17시,목요일,경상북도 구미시 해평면,중상사고,0,1,0,0,차대차 - 기타,중앙선침범,건조,맑음,단일로 - 교량,승용,남,44세,상해없음,화물,남,53세,중상
2020022700100336,2020년 2월 27일 18시,목요일,경상북도 경산시 진량읍,경상사고,0,0,2,0,차대차 - 기타,안전운전불이행,건조,맑음,단일로 - 기타,승용,여,44세,상해없음,승용,남,37세,경상
2020022700100337,2020년 2월 27일 18시,목요일,경상북도 구미시 공단동,중상사고,0,1,0,0,차대차 - 기타,안전운전불이행,건조,맑음,교차로 - 교차로안,승용,여,25세,상해없음,승용,남,67세,중상
2020022700100359,2020년 2월 27일 19시,목요일,경상북도 고령군 성산면,경상사고,0,0,1,0,차대차 - 측면충돌,직진우회전진행방해,건조,맑음,교차로 - 교차로안,승용,남,31세,경상,특수,남,59세,상해없음
2020022800100061,2020년 2월 28일 07시,금요일,경상북도 영천시 창구동,경상사고,0,0,1,0,차대차 - 추돌,안전운전불이행,건조,맑음,단일로 - 기타,승용,남,59세,상해없음,승용,남,44세,경상
2020022800100062,2020년 2월 28일 07시,금요일,경상북도 포항시 남구 오천읍,경상사고,0,0,1,0,차대차 - 기타,직진우회전진행방해,건조,맑음,교차로 - 교차로안,화물,남,72세,상해없음,승용,남,33세,경상
2020022800100077,2020년 2월 28일 08시,금요일,경상북도 구미시 송정동,경상사고,0,0,1,0,차대사람 - 횡단중,보행자보호의무위반,건조,맑음,교차로 - 교차로부근,승용,남,64세,상해없음,보행자,여,35세,경상
2020022800100100,2020년 2월 28일 09시,금요일,경상북도 문경시 마성면,경상사고,0,0,1,0,차대차 - 측면충돌,안전운전불이행,건조,맑음,교차로 - 교차로안,화물,남,40세,상해없음,이륜,남,47세,경상
2020022800100101,2020년 2월 28일 09시,금요일,경상북도 고령군 성산면,경상사고,0,0,1,1,차대차 - 정면충돌,신호위반,건조,맑음,교차로 - 교차로안,화물,남,40세,부상신고,건설기계,남,55세,경상
2020022800100140,2020년 2월 28일 11시,금요일,경상북도 포항시 북구 청하면,경상사고,0,0,1,0,차대차 - 추돌,안전거리미확보,건조,맑음,교차로 - 교차로부근,승용,남,87세,상해없음,승용,남,64세,경상
2020022800100185,2020년 2월 28일 13시,금요일,경상북도 영천시 화산면,경상사고,0,0,1,0,차대차 - 측면충돌,안전운전불이행,건조,맑음,교차로 - 교차로부근,승용,남,47세,상해없음,승용,남,46세,경상
2020022800100186,2020년 2월 28일 13시,금요일,경상북도 고령군 대가야읍,중상사고,0,3,0,0,차대차 - 측면충돌,직진우회전진행방해,젖음/습기,비,교차로 - 교차로안,승용,여,53세,중상,승용,여,54세,중상
2020022800100207,2020년 2월 28일 14시,금요일,경상북도 경주시 양남면,경상사고,0,0,1,0,차대차 - 측면충돌,안전운전불이행,젖음/습기,비,교차로 - 교차로안,화물,남,72세,상해없음,승용,남,56세,경상
2020022800100208,2020년 2월 28일 14시,금요일,경상북도 의성군 구천면,중상사고,0,1,0,0,차대차 - 측면충돌,직진우회전진행방해,건조,맑음,교차로 - 교차로부근,승용,여,56세,상해없음,이륜,남,69세,중상
2020022800100209,2020년 2월 28일 14시,금요일,경상북도 포항시 남구 해도동,경상사고,0,0,3,0,차대차 - 측면충돌,안전운전불이행,젖음/습기,비,교차로 - 교차로부근,승용,남,82세,경상,승용,여,64세,경상
2020022800100228,2020년 2월 28일 15시,금요일,경상북도 영덕군 축산면,중상사고,0,2,0,0,차대차 - 측면충돌,직진우회전진행방해,건조,맑음,교차로 - 교차로안,화물,남,56세,상해없음,이륜,남,74세,중상
2020022800100250,2020년 2월 28일 16시,금요일,경상북도 경산시 중산동,경상사고,0,0,1,0,차대사람 - 보도통행중,기타,젖음/습기,비,단일로 - 기타,이륜,남,30세,상해없음,보행자,여,55세,경상
2020022800100251,2020년 2월 28일 16시,금요일,경상북도 영덕군 축산면,부상신고사고,0,0,0,1,차량단독 - 전도전복 - 전도,안전운전불이행,건조,맑음,단일로 - 기타,건설기계,남,49세,부상신고,,,,
2020022800100252,2020년 2월 28일 16시,금요일,경상북도 포항시 남구 오천읍,경상사고,0,0,1,0,차대차 - 정면충돌,직진우회전진행방해,건조,맑음,교차로 - 교차로안,승용,남,29세,상해없음,승용,남,60세,경상
2020022800100312,2020년 2월 28일 18시,금요일,경상북도 포항시 북구 양덕동,중상사고,0,1,0,0,차대차 - 기타,신호위반,젖음/습기,비,교차로 - 교차로안,승용,여,60세,상해없음,이륜,남,28세,중상
2020022800100401,2020년 2월 28일 20시,금요일,경상북도 경산시 계양동,경상사고,0,0,1,0,차대차 - 측면충돌,안전운전불이행,건조,맑음,교차로 - 교차로안,승용,남,71세,상해없음,이륜,남,36세,경상
2020022800100419,2020년 2월 28일 21시,금요일,경상북도 영덕군 병곡면,사망사고,1,0,0,0,차대차 - 정면충돌,중앙선침범,건조,맑음,단일로 - 기타,화물,남,43세,상해없음,화물,남,60세,사망
2020022800100420,2020년 2월 28일 21시,금요일,경상북도 구미시 봉곡동,경상사고,0,0,1,0,차대차 - 측면충돌,신호위반,건조,맑음,교차로 - 교차로안,화물,남,56세,상해없음,승용,남,36세,경상
2020022900100043,2020년 2월 29일 02시,토요일,경상북도 경주시 동천동,경상사고,0,0,1,0,차대차 - 측면충돌,중앙선침범,젖음/습기,안개,단일로 - 기타,승용,남,26세,상해없음,이륜,남,18세,경상
2020022900100067,2020년 2월 29일 05시,토요일,경상북도 구미시 인의동,경상사고,0,0,1,0,차대차 - 추돌,안전운전불이행,건조,맑음,교차로 - 교차로부근,승용,남,29세,상해없음,승용,남,29세,경상
2020022900100118,2020년 2월 29일 10시,토요일,경상북도 안동시 명륜동,중상사고,0,1,1,0,차대차 - 기타,안전운전불이행,건조,맑음,교차로 - 교차로안,승용,여,50세,상해없음,이륜,남,82세,중상
2020022900100119,2020년 2월 29일 10시,토요일,경상북도 성주군 수륜면,중상사고,0,1,1,0,차대차 - 측면충돌,신호위반,건조,맑음,교차로 - 교차로안,화물,남,66세,상해없음,승합,남,55세,중상
2020022900100138,2020년 2월 29일 11시,토요일,경상북도 칠곡군 동명면,경상사고,0,0,4,0,차대차 - 측면충돌,안전운전불이행,건조,맑음,단일로 - 기타,화물,남,55세,상해없음,승용,남,49세,경상
2020022900100233,2020년 2월 29일 15시,토요일,경상북도 영주시 휴천동,경상사고,0,0,1,0,차대차 - 추돌,안전운전불이행,건조,맑음,단일로 - 기타,승용,남,40세,기타불명,승용,남,53세,경상
2020022900100234,2020년 2월 29일 15시,토요일,경상북도 영천시 야사동,경상사고,0,0,5,0,차대차 - 측면충돌,차로위반,건조,맑음,단일로 - 기타,승용,여,31세,경상,승용,남,21세,경상
2020022900100259,2020년 2월 29일 16시,토요일,경상북도 경산시 와촌면,경상사고,0,0,1,0,차대차 - 추돌,안전거리미확보,건조,맑음,단일로 - 기타,화물,남,61세,상해없음,승용,남,29세,경상
2020022900100260,2020년 2월 29일 16시,토요일,경상북도 구미시 신평동,경상사고,0,0,1,0,차대차 - 기타,안전운전불이행,건조,맑음,교차로 - 교차로부근,승용,남,62세,상해없음,승용,남,28세,경상
2020022900100278,2020년 2월 29일 17시,토요일,경상북도 상주시 성동동,경상사고,0,0,1,0,차대차 - 측면충돌,교차로운행방법위반,건조,맑음,교차로 - 교차로안,승합,남,65세,상해없음,개인형이동수단(PM),남,16세,경상
2020022900100279,2020년 2월 29일 17시,토요일,경상북도 구미시 원평동,중상사고,0,1,0,0,차대차 - 측면충돌,교차로운행방법위반,건조,맑음,교차로 - 교차로안,승용,남,24세,상해없음,이륜,남,35세,중상
2020022900100325,2020년 2월 29일 19시,토요일,경상북도 칠곡군 왜관읍,중상사고,0,1,0,0,차대사람 - 기타,안전운전불이행,건조,기타,단일로 - 기타,승용,남,61세,상해없음,보행자,남,66세,중상
2020022900100345,2020년 2월 29일 20시,토요일,경상북도 안동시 송현동,경상사고,0,0,2,0,차대차 - 측면충돌,중앙선침범,건조,맑음,단일로 - 기타,승용,여,57세,상해없음,승합,남,51세,상해없음
2020022900100360,2020년 2월 29일 21시,토요일,경상북도 경산시 중방동,중상사고,0,1,0,0,차대차 - 측면충돌,교차로운행방법위반,건조,맑음,교차로 - 교차로안,승용,남,67세,상해없음,승용,여,56세,중상
2020022900100406,2020년 2월 29일 23시,토요일,경상북도 포항시 북구 죽도동,경상사고,0,0,1,0,차대차 - 추돌,안전운전불이행,건조,맑음,단일로 - 기타,이륜,남,45세,상해없음,승용,남,31세,경상
2020030100100007,2020년 3월 1일 00시,일요일,경상북도 경주시 건천읍,경상사고,0,0,1,0,차량단독 - 공작물충돌,안전운전불이행,건조,맑음,단일로 - 기타,승용,남,61세,경상,,,,
2020030100100100,2020년 3월 1일 12시,일요일,경상북도 경산시 중방동,경상사고,0,0,1,0,차대차 - 정면충돌,교차로운행방법위반,건조,맑음,교차로 - 교차로안,이륜,남,60세,상해없음,승용,여,67세,경상
2020030100100101,2020년 3월 1일 12시,일요일,경상북도 군위군 부계면,경상사고,0,0,1,0,차대차 - 추돌,안전운전불이행,건조,맑음,단일로 - 기타,자전거,남,60세,경상,승합,남,62세,상해없음
2020030100100134,2020년 3월 1일 14시,일요일,경상북도 포항시 북구 장성동,경상사고,0,0,1,0,차대차 - 기타,안전운전불이행,건조,맑음,교차로 - 교차로부근,승용,남,58세,상해없음,승용,남,23세,경상
2020030100100137,2020년 3월 1일 14시,일요일,경상북도 고령군 다산면,중상사고,0,1,0,0,차대차 - 기타,안전운전불이행,건조,맑음,단일로 - 교량,원동기,여,16세,상해없음,자전거,남,47세,중상
2020030100100157,2020년 3월 1일 15시,일요일,경상북도 상주시 외서면,중상사고,0,2,0,0,차량단독 - 도로외이탈 - 추락,안전운전불이행,건조,맑음,단일로 - 기타,사륜오토바이(ATV),여,72세,중상,,,,
2020030100100249,2020년 3월 1일 20시,일요일,경상북도 포항시 북구 양덕동,중상사고,0,1,0,0,차대차 - 기타,안전운전불이행,건조,맑음,단일로 - 기타,승용,여,43세,상해없음,이륜,남,20세,중상
2020030100100250,2020년 3월 1일 20시,일요일,경상북도 경산시 삼북동,경상사고,0,0,1,0,차대차 - 측면충돌,신호위반,건조,맑음,교차로 - 교차로안,이륜,남,26세,상해없음,사륜오토바이(ATV),남,75세,경상
2020030100100275,2020년 3월 1일 22시,일요일,경상북도 포항시 남구 장흥동,경상사고,0,0,1,0,차대차 - 측면충돌,안전운전불이행,건조,맑음,단일로 - 기타,승용,남,51세,상해없음,승용,여,42세,경상
2020030100100276,2020년 3월 1일 22시,일요일,경상북도 포항시 남구 상도동,부상신고사고,0,0,0,1,차대사람 - 기타,안전운전불이행,건조,맑음,교차로 - 교차로부근,승용,남,51세,상해없음,보행자,남,44세,부상신고
2020030200100033,2020년 3월 2일 05시,월요일,경상북도 김천시 농소면,경상사고,0,0,2,0,차대차 - 측면충돌,신호위반,건조,맑음,교차로 - 교차로안,화물,남,65세,경상,승용,남,41세,경상
2020030200100062,2020년 3월 2일 07시,월요일,경상북도 구미시 선산읍,경상사고,0,0,1,0,차대차 - 측면충돌,안전운전불이행,건조,맑음,단일로 - 기타,승용,남,49세,상해없음,승합,남,45세,상해없음
2020030200100085,2020년 3월 2일 08시,월요일,경상북도 상주시 낙양동,경상사고,0,0,1,0,차대차 - 측면충돌,안전운전불이행,건조,맑음,단일로 - 기타,승용,남,78세,상해없음,승용,여,25세,경상
2020030200100133,2020년 3월 2일 10시,월요일,경상북도 영덕군 축산면,경상사고,0,0,1,0,차량단독 - 공작물충돌,안전운전불이행,건조,맑음,단일로 - 기타,화물,남,59세,경상,,,,
2020030200100134,2020년 3월 2일 10시,월요일,경상북도 포항시 남구 대잠동,경상사고,0,0,3,1,차대차 - 추돌,안전운전불이행,건조,맑음,단일로 - 기타,승용,여,64세,경상,승합,남,47세,경상
2020030200100161,2020년 3월 2일 11시,월요일,경상북도 구미시 사곡동,경상사고,0,0,1,1,차대차 - 측면충돌,안전거리미확보,건조,맑음,단일로 - 기타,화물,남,69세,부상신고,승용,남,53세,경상
2020030200100162,2020년 3월 2일 11시,월요일,경상북도 포항시 남구 오천읍,경상사고,0,0,1,0,차대차 - 기타,안전운전불이행,건조,맑음,단일로 - 기타,자전거,여,65세,경상,승용,남,73세,상해없음
2020030200100181,2020년 3월 2일 12시,월요일,경상북도 영천시 북안면,중상사고,0,1,0,0,차량단독 - 공작물충돌,안전운전불이행,건조,맑음,단일로 - 기타,이륜,남,54세,중상,,,,
2020030200100233,2020년 3월 2일 14시,월요일,경상북도 경주시 황성동,경상사고,0,0,1,0,차대차 - 측면충돌,안전운전불이행,건조,맑음,기타 - 기타,자전거,여,39세,경상,승합,남,53세,상해없음
2020030200100234,2020년 3월 2일 14시,월요일,경상북도 영주시 가흥동,경상사고,0,0,1,0,차대차 - 기타,안전운전불이행,건조,맑음,단일로 - 기타,이륜,남,43세,경상,화물,남,55세,상해없음
2020030200100235,2020년 3월 2일 14시,월요일,경상북도 구미시 장천면,경상사고,0,0,1,0,차대사람 - 기타,안전운전불이행,건조,맑음,단일로 - 기타,승용,남,63세,상해없음,보행자,여,60세,경상
2020030200100236,2020년 3월 2일 14시,월요일,경상북도 구미시 송정동,경상사고,0,0,1,0,차대차 - 기타,안전거리미확보,건조,맑음,단일로 - 기타,승합,남,69세,경상,화물,남,60세,상해없음
2020030200100237,2020년 3월 2일 14시,월요일,경상북도 포항시 남구 연일읍,경상사고,0,0,1,0,차대차 - 추돌,안전운전불이행,건조,맑음,단일로 - 기타,승용,남,48세,상해없음,승용,여,57세,경상
2020030200100285,2020년 3월 2일 16시,월요일,경상북도 경산시 옥산동,중상사고,0,1,0,0,차대사람 - 횡단중,안전운전불이행,건조,맑음,교차로 - 교차로안,승용,남,38세,상해없음,보행자,남,55세,중상
2020030200100314,2020년 3월 2일 17시,월요일,경상북도 상주시 서문동,경상사고,0,0,2,0,차대차 - 추돌,안전운전불이행,건조,맑음,교차로 - 교차로안,화물,남,61세,경상,승용,남,55세,경상
2020030200100383,2020년 3월 2일 19시,월요일,경상북도 영천시 금호읍,중상사고,0,1,0,0,차대차 - 측면충돌,안전운전불이행,건조,맑음,단일로 - 기타,승용,여,53세,상해없음,이륜,남,60세,중상
2020030200100400,2020년 3월 2일 20시,월요일,경상북도 상주시 헌신동,경상사고,0,0,3,0,차대차 - 추돌,안전운전불이행,건조,맑음,단일로 - 기타,화물,남,36세,경상,특수,남,52세,경상
2020030200100429,2020년 3월 2일 21시,월요일,경상북도 김천시 평화동,경상사고,0,0,1,0,차대차 - 기타,교차로운행방법위반,건조,맑음,교차로 - 교차로안,이륜,남,49세,경상,승용,남,22세,상해없음
2020030200100439,2020년 3월 2일 22시,월요일,경상북도 포항시 북구 장성동,경상사고,0,0,2,0,차대차 - 측면충돌,신호위반,건조,맑음,교차로 - 교차로부근,화물,남,43세,기타불명,승용,남,40세,경상
2020030300100020,2020년 3월 3일 02시,화요일,경상북도 칠곡군 왜관읍,중상사고,0,1,0,0,차대차 - 측면충돌,교차로운행방법위반,건조,맑음,교차로 - 교차로안,승용,남,56세,상해없음,승용,여,38세,중상
2020030300100087,2020년 3월 3일 08시,화요일,경상북도 청도군 청도읍,경상사고,0,0,2,0,차대차 - 측면충돌,안전거리미확보,건조,맑음,교차로 - 교차로안,화물,남,59세,상해없음,승용,남,42세,경상
2020030300100107,2020년 3월 3일 09시,화요일,경상북도 구미시 옥성면,경상사고,0,0,1,1,차대차 - 측면충돌,안전운전불이행,건조,맑음,단일로 - 기타,화물,남,77세,부상신고,승용,남,60세,경상
2020030300100130,2020년 3월 3일 10시,화요일,경상북도 경주시 성건동,부상신고사고,0,0,0,1,차대차 - 측면충돌,안전운전불이행,건조,맑음,단일로 - 기타,자전거,남,81세,부상신고,승용,남,49세,상해없음
2020030300100150,2020년 3월 3일 11시,화요일,경상북도 안동시 천리동,경상사고,0,0,2,0,차대차 - 측면충돌,교차로운행방법위반,건조,맑음,교차로 - 교차로안,화물,남,60세,상해없음,승용,여,50세,경상
2020030300100151,2020년 3월 3일 11시,화요일,경상북도 울진군 죽변면,경상사고,0,0,1,0,차대사람 - 기타,안전운전불이행,건조,맑음,단일로 - 교량,승용,여,59세,상해없음,보행자,여,67세,경상
2020030300100152,2020년 3월 3일 11시,화요일,경상북도 포항시 남구 효자동,경상사고,0,0,1,0,차대차 - 추돌,안전운전불이행,건조,맑음,단일로 - 기타,승용,여,42세,상해없음,승용,여,47세,경상
2020030300100196,2020년 3월 3일 13시,화요일,경상북도 문경시 호계면,중상사고,0,1,0,0,차량단독 - 전도전복 - 전복,안전운전불이행,건조,맑음,단일로 - 기타,승용,남,63세,중상,,,,
2020030300100231,2020년 3월 3일 15시,화요일,경상북도 경산시 와촌면,중상사고,0,2,1,0,차대차 - 측면충돌,과속,건조,맑음,단일로 - 기타,승용,여,24세,중상,농기계,남,67세,경상
2020030300100232,2020년 3월 3일 15시,화요일,경상북도 구미시 임은동,경상사고,0,0,1,0,차대차 - 기타,신호위반,건조,맑음,교차로 - 교차로안,승용,남,55세,상해없음,이륜,남,23세,경상
2020030300100248,2020년 3월 3일 16시,화요일,경상북도 영천시 망정동,경상사고,0,0,1,0,차대차 - 측면충돌,안전운전불이행,건조,맑음,교차로 - 교차로안,승용,여,38세,상해없음,이륜,남,28세,경상
2020030300100249,2020년 3월 3일 16시,화요일,경상북도 봉화군 춘양면,경상사고,0,0,4,0,차대차 - 정면충돌,안전운전불이행,건조,맑음,기타 - 기타,승용,여,56세,경상,화물,남,61세,경상
2020030300100321,2020년 3월 3일 19시,화요일,경상북도 포항시 북구 양덕동,경상사고,0,0,1,0,차량단독 - 기타,안전운전불이행,건조,맑음,교차로 - 교차로안,승용,남,26세,경상,,,,
2020030300100322,2020년 3월 3일 19시,화요일,경상북도 경산시 자인면,경상사고,0,0,1,0,차대차 - 측면충돌,신호위반,건조,맑음,교차로 - 교차로안,화물,남,46세,상해없음,승용,남,28세,경상
2020030300100356,2020년 3월 3일 20시,화요일,경상북도 경주시 황성동,중상사고,0,1,0,0,차대사람 - 횡단중,보행자보호의무위반,건조,맑음,교차로 - 교차로횡단보도내,승용,여,21세,상해없음,보행자,여,73세,중상
2020030300100357,2020년 3월 3일 20시,화요일,경상북도 구미시 지산동,중상사고,0,1,1,0,차대차 - 추돌,안전운전불이행,건조,맑음,교차로 - 교차로안,원동기,남,28세,중상,승용,여,55세,경상
2020030300100408,2020년 3월 3일 23시,화요일,경상북도 구미시 봉곡동,중상사고,0,1,0,0,차량단독 - 기타,안전운전불이행,건조,맑음,교차로 - 교차로안,이륜,남,58세,중상,,,,
2020030400100043,2020년 3월 4일 06시,수요일,경상북도 구미시 도량동,중상사고,0,1,0,0,차대차 - 추돌,안전운전불이행,건조,맑음,단일로 - 기타,승용,남,49세,상해없음,자전거,남,31세,중상
2020030400100068,2020년 3월 4일 08시,수요일,경상북도 포항시 북구 신광면,경상사고,0,0,2,0,차대차 - 추돌,안전거리미확보,건조,맑음,단일로 - 기타,승용,여,51세,경상,승용,여,51세,경상
2020030400100069,2020년 3월 4일 08시,수요일,경상북도 경산시 유곡동,경상사고,0,0,1,0,차대차 - 측면충돌,안전운전불이행,건조,맑음,교차로 - 교차로부근,승용,여,56세,상해없음,승용,남,43세,경상
2020030400100070,2020년 3월 4일 08시,수요일,경상북도 울진군 후포면,경상사고,0,0,1,0,차대차 - 측면충돌,안전운전불이행,건조,맑음,주차장 - 주차장,화물,남,57세,상해없음,자전거,남,85세,경상
2020030400100128,2020년 3월 4일 11시,수요일,경상북도 영천시 대창면,경상사고,0,0,1,0,차대차 - 측면충돌,교차로운행방법위반,건조,맑음,교차로 - 교차로안,화물,남,45세,상해없음,이륜,남,88세,경상
2020030400100152,2020년 3월 4일 12시,수요일,경상북도 칠곡군 약목면,경상사고,0,0,1,0,차대차 - 측면충돌,신호위반,건조,맑음,단일로 - 기타,승용,남,71세,상해없음,화물,남,61세,상해없음
2020030400100153,2020년 3월 4일 12시,수요일,경상북도 영천시 문외동,경상사고,0,0,2,0,차대차 - 측면충돌,안전운전불이행,건조,맑음,교차로 - 교차로안,승용,여,55세,경상,승용,남,54세,경상
2020030400100176,2020년 3월 4일 13시,수요일,경상북도 구미시 옥계동,경상사고,0,0,1,0,차대사람 - 기타,안전운전불이행,건조,맑음,주차장 - 주차장,승용,여,62세,기타불명,보행자,여,70세,경상
2020030400100219,2020년 3월 4일 15시,수요일,경상북도 구미시 해평면,경상사고,0,0,4,0,차대차 - 추돌,안전운전불이행,건조,맑음,단일로 - 기타,화물,남,43세,경상,승용,남,61세,경상
2020030400100242,2020년 3월 4일 16시,수요일,경상북도 의성군 금성면,경상사고,0,0,1,0,차량단독 - 공작물충돌,안전운전불이행,건조,맑음,단일로 - 기타,화물,남,79세,경상,,,,
2020030400100243,2020년 3월 4일 16시,수요일,경상북도 영천시 고경면,경상사고,0,0,1,0,차대차 - 후진중충돌,안전운전불이행,건조,맑음,단일로 - 기타,화물,남,59세,상해없음,승용,여,73세,경상
2020030400100244,2020년 3월 4일 16시,수요일,경상북도 문경시 산양면,경상사고,0,0,1,0,차대차 - 기타,안전운전불이행,건조,맑음,교차로 - 교차로안,화물,여,60세,상해없음,자전거,남,74세,경상
2020030400100245,2020년 3월 4일 16시,수요일,경상북도 예천군 예천읍,중상사고,0,1,0,0,차대차 - 측면충돌,안전운전불이행,건조,맑음,교차로 - 교차로부근,이륜,남,77세,중상,이륜,남,72세,상해없음
2020030400100246,2020년 3월 4일 16시,수요일,경상북도 포항시 남구 상도동,경상사고,0,0,1,0,차대차 - 추돌,안전거리미확보,건조,맑음,교차로 - 교차로부근,승용,여,49세,상해없음,이륜,남,59세,경상
2020030400100247,2020년 3월 4일 16시,수요일,경상북도 포항시 남구 오천읍,경상사고,0,0,1,0,차대사람 - 기타,안전운전불이행,건조,맑음,단일로 - 기타,승용,남,22세,상해없음,보행자,여,64세,경상
2020030400100279,2020년 3월 4일 17시,수요일,경상북도 포항시 북구 장성동,중상사고,0,1,1,0,차대차 - 측면충돌,중앙선침범,건조,맑음,단일로 - 기타,승용,남,48세,상해없음,이륜,남,21세,중상
2020030400100280,2020년 3월 4일 17시,수요일,경상북도 포항시 북구 창포동,경상사고,0,0,1,0,차대사람 - 기타,기타,건조,맑음,단일로 - 기타,승용,여,67세,상해없음,보행자,남,41세,경상
2020030400100281,2020년 3월 4일 17시,수요일,경상북도 칠곡군 석적읍,경상사고,0,0,1,0,차대차 - 추돌,안전운전불이행,건조,맑음,단일로 - 기타,자전거,남,54세,경상,화물,남,58세,상해없음
2020030400100304,2020년 3월 4일 18시,수요일,경상북도 칠곡군 북삼읍,경상사고,0,0,1,0,차대차 - 기타,안전운전불이행,건조,맑음,교차로 - 교차로안,승용,여,49세,상해없음,이륜,남,38세,경상
2020030400100305,2020년 3월 4일 18시,수요일,경상북도 영천시 망정동,경상사고,0,0,1,0,차대차 - 측면충돌,안전운전불이행,건조,맑음,교차로 - 교차로안,승용,여,39세,상해없음,승용,남,50세,경상
2020030400100306,2020년 3월 4일 18시,수요일,경상북도 구미시 원평동,중상사고,0,1,0,0,차대사람 - 횡단중,보행자보호의무위반,건조,맑음,교차로 - 교차로안,승용,남,36세,상해없음,보행자,남,23세,중상
2020030400100341,2020년 3월 4일 19시,수요일,경상북도 안동시 삼산동,경상사고,0,0,1,0,차대차 - 후진중충돌,안전운전불이행,건조,맑음,교차로 - 교차로안,승용,남,35세,경상,승용,남,27세,상해없음
2020030400100342,2020년 3월 4일 19시,수요일,경상북도 구미시 임은동,경상사고,0,0,3,0,차대차 - 기타,직진우회전진행방해,건조,맑음,교차로 - 교차로안,승용,남,25세,경상,승용,남,25세,경상
2020030400100401,2020년 3월 4일 21시,수요일,경상북도 포항시 남구 상도동,경상사고,0,0,2,0,차대차 - 기타,기타,건조,맑음,교차로 - 교차로부근,승용,남,52세,상해없음,승용,남,37세,경상
2020030400100423,2020년 3월 4일 22시,수요일,경상북도 문경시 모전동,경상사고,0,0,1,0,차대차 - 측면충돌,신호위반,건조,맑음,교차로 - 교차로안,승용,남,61세,상해없음,이륜,남,19세,경상
2020030400100424,2020년 3월 4일 22시,수요일,경상북도 성주군 초전면,중상사고,0,1,0,0,차량단독 - 공작물충돌,안전운전불이행,건조,맑음,단일로 - 기타,화물,남,34세,중상,,,,
2020030400100425,2020년 3월 4일 22시,수요일,경상북도 포항시 남구 송내동,경상사고,0,0,1,0,차대차 - 측면충돌,안전운전불이행,건조,맑음,교차로 - 교차로부근,화물,남,52세,상해없음,승용,남,61세,경상
2020030500100020,2020년 3월 5일 01시,목요일,경상북도 안동시 송현동,경상사고,0,0,1,0,차대차 - 정면충돌,신호위반,건조,맑음,교차로 - 교차로안,승용,남,20세,상해없음,화물,남,36세,경상
2020030500100076,2020년 3월 5일 07시,목요일,경상북도 포항시 남구 이동,경상사고,0,0,3,0,차대차 - 측면충돌,신호위반,건조,맑음,교차로 - 교차로안,건설기계,남,57세,상해없음,승합,남,62세,경상
2020030500100103,2020년 3월 5일 08시,목요일,경상북도 포항시 북구 용흥동,경상사고,0,0,2,0,차대차 - 추돌,안전거리미확보,건조,맑음,교차로 - 교차로안,화물,남,68세,경상,승용,남,42세,기타불명
2020030500100104,2020년 3월 5일 08시,목요일,경상북도 칠곡군 북삼읍,경상사고,0,0,1,0,차대차 - 측면충돌,안전운전불이행,건조,맑음,단일로 - 기타,승용,여,52세,상해없음,자전거,남,57세,경상
2020030500100105,2020년 3월 5일 08시,목요일,경상북도 구미시 인의동,경상사고,0,0,1,0,차대사람 - 기타,안전운전불이행,건조,맑음,단일로 - 기타,승용,남,33세,상해없음,보행자,여,28세,경상
2020030500100169,2020년 3월 5일 11시,목요일,경상북도 구미시 선산읍,경상사고,0,0,1,1,차대차 - 측면충돌,안전운전불이행,건조,맑음,교차로 - 교차로부근,특수,남,27세,부상신고,승용,남,60세,경상
2020030500100196,2020년 3월 5일 12시,목요일,경상북도 안동시 법흥동,경상사고,0,0,2,0,차대차 - 측면충돌,신호위반,건조,맑음,교차로 - 교차로안,승용,남,64세,경상,승용,남,38세,경상
2020030500100197,2020년 3월 5일 12시,목요일,경상북도 포항시 남구 대도동,중상사고,0,1,0,0,차대차 - 기타,신호위반,건조,맑음,교차로 - 교차로안,이륜,남,25세,중상,승합,여,56세,상해없음
2020030500100222,2020년 3월 5일 13시,목요일,경상북도 포항시 북구 양덕동,중상사고,0,1,0,0,차대차 - 측면충돌,직진우회전진행방해,건조,맑음,교차로 - 교차로안,승용,여,39세,상해없음,이륜,남,36세,중상