사고번호,사고일시,요일,시군구,사고내용,사망자수,중상자수,경상자수,부상신고자수,사고유형,법규위반,노면상태,기상상태,도로형태,가해운전자 차종,가해운전자 성별,가해운전자 연령,가해운전자 상해정도,피해운전자 차종,피해운전자 성별,피해운전자 연령,피해운전자 상해정도
2020030500100245,2020년 3월 5일 14시,목요일,경상북도 경산시 진량읍,중상사고,0,1,1,0,차대차 - 측면충돌,안전운전불이행,건조,맑음,교차로 - 교차로안,화물,남,65세,상해없음,화물,남,32세,중상
2020030500100271,2020년 3월 5일 15시,목요일,경상북도 안동시 안막동,경상사고,0,0,2,0,차대차 - 측면충돌,안전운전불이행,건조,맑음,교차로 - 교차로안,승용,남,65세,기타불명,승용,여,63세,경상
2020030500100272,2020년 3월 5일 15시,목요일,경상북도 봉화군 봉성면,사망사고,1,0,0,0,차대사람 - 길가장자리구역통행중,안전운전불이행,건조,맑음,단일로 - 기타,화물,남,67세,상해없음,보행자,남,66세,사망
2020030500100314,2020년 3월 5일 17시,목요일,경상북도 포항시 북구 용흥동,경상사고,0,0,1,0,차대차 - 측면충돌,중앙선침범,건조,맑음,단일로 - 기타,승용,남,49세,상해없음,승용,남,36세,경상
2020030500100315,2020년 3월 5일 17시,목요일,경상북도 문경시 모전동,경상사고,0,0,4,0,차대차 - 추돌,안전운전불이행,건조,맑음,단일로 - 기타,승용,남,35세,상해없음,승용,남,55세,상해없음
2020030500100316,2020년 3월 5일 17시,목요일,경상북도 청도군 운문면,경상사고,0,0,3,0,차대차 - 정면충돌,직진우회전진행방해,건조,맑음,교차로 - 교차로안,승용,남,63세,경상,승용,여,61세,경상
2020030500100317,2020년 3월 5일 17시,목요일,경상북도 구미시 고아읍,중상사고,0,1,0,0,차대사람 - 횡단중,보행자보호의무위반,건조,맑음,교차로 - 교차로횡단보도내,승용,남,31세,기타불명,보행자,남,55세,중상
2020030500100451,2020년 3월 5일 21시,목요일,경상북도 경주시 외동읍,경상사고,0,0,1,0,차대차 - 측면충돌,안전운전불이행,건조,맑음,교차로 - 교차로안,화물,남,53세,상해없음,승용,남,25세,경상
2020030500100452,2020년 3월 5일 21시,목요일,경상북도 영덕군 영덕읍,경상사고,0,0,1,0,차대사람 - 차도통행중,안전운전불이행,건조,맑음,교차로 - 교차로부근,화물,남,73세,기타불명,보행자,남,38세,경상
2020030500100477,2020년 3월 5일 22시,목요일,경상북도 경주시 용강동,경상사고,0,0,3,0,차대차 - 측면충돌,안전운전불이행,건조,맑음,교차로 - 교차로안,승용,여,26세,경상,승용,남,55세,경상
2020030500100478,2020년 3월 5일 22시,목요일,경상북도 울진군 죽변면,경상사고,0,0,1,0,차대차 - 측면충돌,안전운전불이행,건조,기타,기타 - 기타,승용,여,41세,상해없음,승용,남,45세,경상
2020030500100479,2020년 3월 5일 22시,목요일,경상북도 구미시 신평동,중상사고,0,1,0,0,차대차 - 기타,신호위반,건조,맑음,교차로 - 교차로안,승용,남,58세,상해없음,승용,남,60세,중상
2020030500100497,2020년 3월 5일 23시,목요일,경상북도 영주시 휴천동,중상사고,0,1,0,0,차대차 - 추돌,안전운전불이행,건조,맑음,단일로 - 기타,승용,남,51세,상해없음,승용,여,33세,중상
2020030600100077,2020년 3월 6일 07시,금요일,경상북도 구미시 공단동,중상사고,0,1,0,0,차량단독 - 기타,기타,건조,맑음,단일로 - 기타,승합,남,60세,상해없음,,,,
2020030600100108,2020년 3월 6일 08시,금요일,경상북도 경주시 양북면,경상사고,0,0,1,0,차대차 - 측면충돌,안전운전불이행,건조,맑음,교차로 - 교차로안,승용,남,63세,상해없음,이륜,남,76세,경상
2020030600100109,2020년 3월 6일 08시,금요일,경상북도 경주시 황성동,중상사고,0,1,0,0,차대차 - 측면충돌,안전운전불이행,건조,맑음,단일로 - 지하차도(도로)내,자전거,남,64세,중상,승용,여,39세,상해없음
2020030600100110,2020년 3월 6일 08시,금요일,경상북도 포항시 북구 득량동,중상사고,0,1,0,0,차대차 - 측면충돌,신호위반,건조,맑음,단일로 - 고가도로위,승용,남,51세,상해없음,승용,여,62세,중상
2020030600100111,2020년 3월 6일 08시,금요일,경상북도 포항시 북구 양덕동,경상사고,0,0,2,0,차대차 - 측면충돌,직진우회전진행방해,건조,맑음,교차로 - 교차로안,승용,남,39세,경상,승용,남,34세,경상
2020030600100162,2020년 3월 6일 10시,금요일,경상북도 안동시 태화동,부상신고사고,0,0,0,1,차량단독 - 전도전복 - 전도,안전운전불이행,건조,맑음,교차로 - 교차로안,이륜,남,60세,부상신고,,,,
2020030600100163,2020년 3월 6일 10시,금요일,경상북도 영덕군 남정면,경상사고,0,0,4,0,차대차 - 추돌,안전운전불이행,건조,맑음,교차로 - 교차로안,승용,남,46세,상해없음,승용,남,49세,경상
2020030600100192,2020년 3월 6일 11시,금요일,경상북도 경주시 노서동,중상사고,0,1,0,0,차대차 - 후진중충돌,안전운전불이행,건조,맑음,주차장 - 주차장,승용,여,61세,상해없음,승용,여,50세,중상
2020030600100242,2020년 3월 6일 13시,금요일,경상북도 예천군 호명면,중상사고,0,1,1,0,차대차 - 측면충돌,신호위반,건조,맑음,교차로 - 교차로안,이륜,남,59세,중상,승용,여,43세,경상
2020030600100278,2020년 3월 6일 14시,금요일,경상북도 포항시 남구 오천읍,경상사고,0,0,1,0,차대사람 - 차도통행중,안전운전불이행,건조,맑음,교차로 - 교차로부근,승용,남,59세,상해없음,보행자,여,43세,경상
2020030600100344,2020년 3월 6일 16시,금요일,경상북도 칠곡군 석적읍,경상사고,0,0,1,0,차대차 - 기타,교차로운행방법위반,건조,맑음,교차로 - 교차로안,승용,여,36세,상해없음,승용,남,30세,경상
2020030600100345,2020년 3월 6일 16시,금요일,경상북도 구미시 공단동,경상사고,0,0,2,0,차대차 - 추돌,안전운전불이행,건조,맑음,교차로 - 교차로부근,승용,남,38세,상해없음,승용,남,59세,경상
2020030600100346,2020년 3월 6일 16시,금요일,경상북도 구미시 원평동,경상사고,0,0,1,0,차대사람 - 횡단중,신호위반,건조,맑음,단일로 - 기타,승용,남,29세,상해없음,보행자,남,69세,경상
2020030600100347,2020년 3월 6일 16시,금요일,경상북도 포항시 남구 대잠동,중상사고,0,1,0,0,차대차 - 측면충돌,안전운전불이행,건조,맑음,교차로 - 교차로부근,승용,여,45세,상해없음,이륜,남,24세,중상
2020030600100398,2020년 3월 6일 17시,금요일,경상북도 의성군 다인면,사망사고,1,1,0,0,차대차 - 측면충돌,신호위반,건조,맑음,교차로 - 교차로안,화물,남,62세,사망,화물,남,68세,중상
2020030600100399,2020년 3월 6일 17시,금요일,경상북도 영주시 가흥동,경상사고,0,0,3,0,차대차 - 측면충돌,신호위반,건조,맑음,교차로 - 교차로안,승용,여,32세,경상,화물,남,63세,경상
2020030600100438,2020년 3월 6일 18시,금요일,경상북도 포항시 북구 죽도동,부상신고사고,0,0,0,1,차대사람 - 기타,안전운전불이행,건조,맑음,단일로 - 기타,승용,남,46세,상해없음,보행자,여,31세,부상신고
2020030600100439,2020년 3월 6일 18시,금요일,경상북도 안동시 용상동,중상사고,0,1,1,0,차대차 - 정면충돌,안전운전불이행,건조,맑음,교차로 - 교차로부근,승합,남,64세,상해없음,이륜,남,21세,경상
2020030600100440,2020년 3월 6일 18시,금요일,경상북도 안동시 북후면,경상사고,0,0,1,0,차대사람 - 기타,안전운전불이행,기타,맑음,단일로 - 기타,승용,여,71세,상해없음,보행자,여,61세,경상
2020030600100441,2020년 3월 6일 18시,금요일,경상북도 포항시 남구 상도동,경상사고,0,0,1,0,차대차 - 측면충돌,안전운전불이행,건조,맑음,교차로 - 교차로안,원동기,남,20세,기타불명,승용,남,44세,경상
2020030600100476,2020년 3월 6일 19시,금요일,경상북도 구미시 형곡동,경상사고,0,0,1,0,차대차 - 기타,안전운전불이행,건조,맑음,교차로 - 교차로안,이륜,남,34세,상해없음,이륜,남,24세,경상
2020030600100533,2020년 3월 6일 21시,금요일,경상북도 포항시 남구 구룡포읍,경상사고,0,0,2,1,차대차 - 측면충돌,교차로운행방법위반,건조,맑음,교차로 - 교차로안,승용,남,49세,상해없음,승용,남,51세,경상
2020030700100006,2020년 3월 7일 00시,토요일,경상북도 경산시 옥산동,경상사고,0,0,2,0,차대차 - 측면충돌,기타,건조,맑음,교차로 - 교차로안,승용,남,43세,경상,승용,남,49세,경상
2020030700100058,2020년 3월 7일 05시,토요일,경상북도 포항시 북구 양덕동,경상사고,0,0,1,0,차대차 - 측면충돌,신호위반,건조,맑음,교차로 - 교차로안,승용,남,28세,상해없음,승용,남,61세,경상
2020030700100075,2020년 3월 7일 07시,토요일,경상북도 영덕군 남정면,중상사고,0,1,0,0,차대사람 - 횡단중,안전운전불이행,건조,흐림,단일로 - 기타,화물,남,66세,상해없음,보행자,남,85세,중상
2020030700100084,2020년 3월 7일 08시,토요일,경상북도 포항시 북구 여남동,중상사고,0,1,0,0,차대차 - 기타,신호위반,건조,맑음,교차로 - 교차로안,승용,남,35세,상해없음,이륜,남,66세,중상
2020030700100094,2020년 3월 7일 09시,토요일,경상북도 칠곡군 왜관읍,경상사고,0,0,3,0,차대차 - 측면충돌,교차로운행방법위반,건조,맑음,교차로 - 교차로안,승용,남,60세,경상,승용,남,62세,경상
2020030700100095,2020년 3월 7일 09시,토요일,경상북도 포항시 남구 오천읍,경상사고,0,0,1,0,차대차 - 기타,안전거리미확보,건조,맑음,교차로 - 교차로안,승용,남,57세,상해없음,농기계,남,82세,경상
2020030700100116,2020년 3월 7일 10시,토요일,경상북도 경주시 내남면,중상사고,0,1,0,0,차대차 - 측면충돌,신호위반,젖음/습기,비,교차로 - 교차로부근,승용,남,51세,상해없음,화물,남,45세,중상
2020030700100117,2020년 3월 7일 10시,토요일,경상북도 안동시 서후면,경상사고,0,0,2,0,차대차 - 추돌,안전운전불이행,건조,맑음,교차로 - 교차로부근,승용,여,47세,상해없음,승용,남,23세,경상
2020030700100118,2020년 3월 7일 10시,토요일,경상북도 영천시 북안면,사망사고,1,0,0,0,차대차 - 정면충돌,중앙선침범,젖음/습기,흐림,교차로 - 교차로안,건설기계,남,50세,상해없음,화물,남,71세,사망
2020030700100119,2020년 3월 7일 10시,토요일,경상북도 봉화군 법전면,사망사고,1,0,0,0,차량단독 - 전도전복 - 전도,안전운전불이행,건조,흐림,단일로 - 기타,이륜,남,35세,사망,,,,
2020030700100151,2020년 3월 7일 11시,토요일,경상북도 경산시 대평동,경상사고,0,0,2,0,차대차 - 추돌,안전운전불이행,젖음/습기,흐림,교차로 - 교차로부근,승용,남,59세,상해없음,승용,남,30세,경상
2020030700100152,2020년 3월 7일 11시,토요일,경상북도 성주군 성주읍,중상사고,0,1,0,0,차대차 - 측면충돌,직진우회전진행방해,건조,맑음,교차로 - 교차로안,승용,여,29세,기타불명,농기계,남,77세,중상
2020030700100181,2020년 3월 7일 12시,토요일,경상북도 안동시 송현동,경상사고,0,0,1,0,차대차 - 추돌,안전거리미확보,건조,맑음,교차로 - 교차로부근,승용,남,26세,상해없음,승용,여,36세,경상
2020030700100204,2020년 3월 7일 13시,토요일,경상북도 칠곡군 약목면,경상사고,0,0,2,1,차대차 - 측면충돌,교차로운행방법위반,건조,맑음,교차로 - 교차로안,승용,남,61세,부상신고,승용,남,45세,경상
2020030700100205,2020년 3월 7일 13시,토요일,경상북도 구미시 도량동,경상사고,0,0,1,0,차대차 - 추돌,안전거리미확보,건조,맑음,단일로 - 기타,건설기계,남,51세,상해없음,승용,여,52세,경상
2020030700100222,2020년 3월 7일 14시,토요일,경상북도 안동시 법흥동,중상사고,0,1,0,0,차대사람 - 기타,안전운전불이행,건조,맑음,단일로 - 기타,건설기계,남,55세,상해없음,보행자,남,58세,중상
2020030700100223,2020년 3월 7일 14시,토요일,경상북도 문경시 점촌동,경상사고,0,0,1,0,차대사람 - 횡단중,안전운전불이행,건조,맑음,교차로 - 교차로안,승용,여,53세,상해없음,보행자,여,68세,경상
2020030700100247,2020년 3월 7일 15시,토요일,경상북도 영천시 망정동,경상사고,0,0,1,0,차대차 - 후진중충돌,안전운전불이행,건조,맑음,주차장 - 주차장,승용,남,50세,상해없음,승용,남,40세,경상
2020030700100270,2020년 3월 7일 16시,토요일,경상북도 경산시 대동,중상사고,0,1,0,0,차대차 - 정면충돌,중앙선침범,건조,맑음,단일로 - 기타,이륜,남,36세,상해없음,이륜,남,23세,중상
2020030700100271,2020년 3월 7일 16시,토요일,경상북도 영덕군 영덕읍,중상사고,0,1,0,0,차대차 - 측면충돌,안전운전불이행,건조,맑음,단일로 - 기타,화물,남,64세,상해없음,자전거,여,80세,중상
2020030700100315,2020년 3월 7일 18시,토요일,경상북도 칠곡군 석적읍,경상사고,0,0,4,0,차대차 - 측면충돌,안전운전불이행,건조,맑음,단일로 - 기타,승용,남,27세,경상,승용,여,58세,경상
2020030700100316,2020년 3월 7일 18시,토요일,경상북도 영천시 완산동,경상사고,0,0,2,0,차대차 - 측면충돌,안전운전불이행,건조,흐림,교차로 - 교차로안,화물,남,60세,경상,화물,남,66세,경상
2020030700100317,2020년 3월 7일 18시,토요일,경상북도 구미시 인의동,경상사고,0,0,1,0,차대차 - 기타,안전운전불이행,젖음/습기,흐림,단일로 - 기타,승용,남,59세,상해없음,이륜,남,26세,경상
2020030700100318,2020년 3월 7일 18시,토요일,경상북도 포항시 남구 대잠동,경상사고,0,0,2,0,차대차 - 측면충돌,직진우회전진행방해,건조,맑음,교차로 - 교차로안,승용,여,45세,경상,승용,남,48세,상해없음
2020030700100350,2020년 3월 7일 19시,토요일,경상북도 경주시 용강동,부상신고사고,0,0,0,1,차대차 - 기타,안전운전불이행,젖음/습기,비,단일로 - 기타,승용,남,51세,상해없음,이륜,남,22세,부상신고
2020030700100400,2020년 3월 7일 21시,토요일,경상북도 포항시 남구 효자동,경상사고,0,0,3,0,차대차 - 측면충돌,중앙선침범,젖음/습기,비,단일로 - 기타,승용,남,34세,상해없음,승용,남,57세,경상
2020030700100420,2020년 3월 7일 22시,토요일,경상북도 안동시 옥동,경상사고,0,0,1,1,차대차 - 측면충돌,안전운전불이행,건조,맑음,단일로 - 기타,승용,남,47세,상해없음,승용,남,51세,경상
2020030700100421,2020년 3월 7일 22시,토요일,경상북도 칠곡군 북삼읍,부상신고사고,0,0,0,1,차대차 - 기타,안전운전불이행,건조,기타,교차로 - 교차로부근,승용,남,41세,부상신고,승용,남,52세,상해없음
2020030700100422,2020년 3월 7일 22시,토요일,경상북도 영천시 도동,경상사고,0,0,3,0,차량단독 - 공작물충돌,안전운전불이행,젖음/습기,비,단일로 - 기타,승용,여,56세,경상,,,,
2020030700100423,2020년 3월 7일 22시,토요일,경상북도 경산시 옥곡동,중상사고,0,2,2,0,차대차 - 추돌,안전운전불이행,건조,맑음,교차로 - 교차로안,승용,남,39세,상해없음,승용,남,61세,중상
2020030800100008,2020년 3월 8일 00시,일요일,경상북도 경산시 상방동,경상사고,0,0,1,0,차대차 - 측면충돌,중앙선침범,젖음/습기,비,교차로 - 교차로부근,승용,남,32세,상해없음,승합,남,23세,경상
2020030800100046,2020년 3월 8일 04시,일요일,경상북도 구미시 진평동,중상사고,0,1,0,0,차대사람 - 기타,안전운전불이행,건조,맑음,교차로 - 교차로부근,승용,남,31세,상해없음,보행자,남,38세,중상
2020030800100061,2020년 3월 8일 06시,일요일,경상북도 칠곡군 북삼읍,경상사고,0,0,1,0,차대차 - 기타,안전운전불이행,건조,흐림,교차로 - 교차로안,승용,남,50세,상해없음,화물,남,47세,경상
2020030800100087,2020년 3월 8일 09시,일요일,경상북도 김천시 감천면,중상사고,0,1,0,0,차대차 - 추돌,안전운전불이행,건조,맑음,교차로 - 교차로부근,화물,남,54세,상해없음,이륜,여,65세,중상
2020030800100107,2020년 3월 8일 10시,일요일,경상북도 경주시 용강동,부상신고사고,0,0,0,1,차대차 - 측면충돌,안전운전불이행,건조,맑음,기타 - 기타,자전거,여,76세,부상신고,승용,남,46세,상해없음
2020030800100130,2020년 3월 8일 12시,일요일,경상북도 구미시 비산동,경상사고,0,0,1,0,차대차 - 기타,신호위반,건조,맑음,교차로 - 교차로안,승용,여,48세,상해없음,승용,남,62세,경상
2020030800100131,2020년 3월 8일 12시,일요일,경상북도 구미시 사곡동,중상사고,0,1,0,0,차대차 - 기타,안전운전불이행,건조,맑음,기타 - 기타,승용,남,51세,상해없음,자전거,남,65세,중상
2020030800100149,2020년 3월 8일 13시,일요일,경상북도 영천시 금호읍,경상사고,0,0,1,0,차대사람 - 길가장자리구역통행중,안전운전불이행,건조,맑음,단일로 - 기타,자전거,남,56세,상해없음,보행자,남,76세,경상
2020030800100175,2020년 3월 8일 14시,일요일,경상북도 청도군 운문면,중상사고,0,2,0,0,차대차 - 측면충돌,중앙선침범,건조,맑음,단일로 - 지하차도(도로)내,이륜,남,52세,상해없음,승용,남,51세,중상
2020030800100199,2020년 3월 8일 15시,일요일,경상북도 구미시 남통동,경상사고,0,0,2,0,차대차 - 후진중충돌,안전운전불이행,건조,맑음,교차로 - 교차로부근,승용,남,24세,상해없음,승용,남,31세,경상
2020030800100200,2020년 3월 8일 15시,일요일,경상북도 포항시 남구 상도동,경상사고,0,0,1,0,차대차 - 기타,안전운전불이행,건조,맑음,기타 - 기타,승용,여,67세,상해없음,승용,남,27세,경상
2020030800100227,2020년 3월 8일 16시,일요일,경상북도 칠곡군 가산면,경상사고,0,0,2,0,차대차 - 측면충돌,안전운전불이행,건조,맑음,단일로 - 기타,화물,남,75세,상해없음,승용,남,46세,경상
2020030800100261,2020년 3월 8일 17시,일요일,경상북도 영양군 영양읍,경상사고,0,0,2,0,차대차 - 추돌,안전운전불이행,건조,맑음,단일로 - 기타,승용,여,53세,경상,화물,남,47세,경상
2020030800100306,2020년 3월 8일 19시,일요일,경상북도 김천시 아포읍,중상사고,0,1,0,0,차대차 - 추돌,신호위반,건조,맑음,교차로 - 교차로부근,승용,남,47세,상해없음,승용,여,46세,중상
2020030800100307,2020년 3월 8일 19시,일요일,경상북도 문경시 산북면,경상사고,0,0,1,0,차대차 - 정면충돌,중앙선침범,건조,맑음,단일로 - 기타,화물,남,50세,상해없음,승용,여,61세,경상
2020030800100332,2020년 3월 8일 20시,일요일,경상북도 경산시 계양동,경상사고,0,0,3,0,차대차 - 측면충돌,안전운전불이행,건조,맑음,단일로 - 기타,화물,남,60세,상해없음,승용,남,51세,경상
2020030800100358,2020년 3월 8일 22시,일요일,경상북도 경주시 배반동,중상사고,0,1,0,0,차량단독 - 공작물충돌,과속,건조,맑음,단일로 - 지하차도(도로)내,승용,남,45세,중상,,,,
2020030800100369,2020년 3월 8일 23시,일요일,경상북도 문경시 모전동,중상사고,0,1,0,0,차대사람 - 보도통행중,중앙선침범,건조,맑음,기타 - 기타,승용,남,27세,상해없음,보행자,여,70세,중상
2020030800100370,2020년 3월 8일 23시,일요일,경상북도 구미시 상모동,중상사고,0,1,0,0,차대차 - 측면충돌,기타,건조,흐림,교차로 - 교차로부근,승합,남,56세,상해없음,이륜,남,16세,상해없음
2020030900100017,2020년 3월 9일 02시,월요일,경상북도 포항시 북구 양덕동,경상사고,0,0,1,0,차대차 - 기타,직진우회전진행방해,건조,맑음,교차로 - 교차로안,승용,남,48세,경상,승용,남,58세,상해없음
2020030900100064,2020년 3월 9일 07시,월요일,경상북도 안동시 정하동,경상사고,0,0,1,0,차대차 - 측면충돌,직진우회전진행방해,건조,맑음,교차로 - 교차로안,화물,남,41세,상해없음,승용,남,38세,경상
2020030900100065,2020년 3월 9일 07시,월요일,경상북도 포항시 남구 연일읍,중상사고,0,1,1,0,차대차 - 기타,안전운전불이행,건조,맑음,단일로 - 기타,특수,남,43세,상해없음,승용,남,39세,경상
2020030900100100,2020년 3월 9일 08시,월요일,경상북도 영주시 가흥동,중상사고,0,1,1,0,차대차 - 정면충돌,중앙선침범,건조,맑음,교차로 - 교차로안,승용,여,45세,경상,승용,남,56세,중상
2020030900100101,2020년 3월 9일 08시,월요일,경상북도 구미시 공단동,경상사고,0,0,3,0,차대차 - 추돌,안전운전불이행,건조,맑음,단일로 - 기타,화물,남,69세,상해없음,승용,남,52세,경상
2020030900100129,2020년 3월 9일 09시,월요일,경상북도 포항시 북구 청하면,중상사고,0,1,0,0,차대차 - 추돌,안전운전불이행,건조,맑음,단일로 - 기타,건설기계,남,66세,상해없음,화물,남,62세,중상
2020030900100130,2020년 3월 9일 09시,월요일,경상북도 영주시 풍기읍,부상신고사고,0,0,0,1,차대차 - 측면충돌,안전운전불이행,건조,맑음,교차로 - 교차로부근,이륜,남,80세,부상신고,화물,남,46세,상해없음
2020030900100131,2020년 3월 9일 09시,월요일,경상북도 경산시 자인면,경상사고,0,0,1,0,차대차 - 측면충돌,안전운전불이행,건조,맑음,단일로 - 기타,승용,여,58세,상해없음,이륜,남,88세,경상
2020030900100132,2020년 3월 9일 09시,월요일,경상북도 구미시 원평동,경상사고,0,0,2,0,차대차 - 측면충돌,안전운전불이행,건조,맑음,단일로 - 기타,승용,남,73세,상해없음,승용,여,47세,경상
2020030900100159,2020년 3월 9일 10시,월요일,경상북도 구미시 원평동,경상사고,0,0,1,0,차대사람 - 횡단중,안전운전불이행,건조,맑음,교차로 - 교차로안,승용,여,55세,상해없음,보행자,여,48세,경상
2020030900100187,2020년 3월 9일 11시,월요일,경상북도 봉화군 소천면,경상사고,0,0,1,0,차대차 - 후진중충돌,안전운전불이행,건조,맑음,단일로 - 기타,화물,남,70세,상해없음,승용,남,32세,경상
2020030900100188,2020년 3월 9일 11시,월요일,경상북도 고령군 성산면,중상사고,0,1,0,0,차대사람 - 횡단중,보행자보호의무위반,건조,맑음,교차로 - 교차로부근,승용,남,68세,상해없음,보행자,여,82세,중상
2020030900100244,2020년 3월 9일 13시,월요일,경상북도 경주시 안강읍,중상사고,0,1,0,0,차대차 - 측면충돌,안전운전불이행,건조,맑음,단일로 - 기타,승용,여,74세,상해없음,자전거,남,16세,중상
2020030900100245,2020년 3월 9일 13시,월요일,경상북도 경주시 용강동,경상사고,0,0,1,0,차대사람 - 보도통행중,보행자보호의무위반,건조,맑음,단일로 - 기타,화물,남,48세,상해없음,보행자,여,24세,경상
2020030900100246,2020년 3월 9일 13시,월요일,경상북도 청도군 운문면,중상사고,0,1,0,0,차량단독 - 전도전복 - 전도,안전운전불이행,건조,맑음,단일로 - 기타,이륜,남,24세,중상,,,,
2020030900100247,2020년 3월 9일 13시,월요일,경상북도 포항시 남구 이동,경상사고,0,0,2,0,차대차 - 측면충돌,직진우회전진행방해,건조,맑음,교차로 - 교차로안,승용,여,49세,경상,승용,남,65세,상해없음
2020030900100352,2020년 3월 9일 17시,월요일,경상북도 경주시 율동,중상사고,0,1,0,0,차대차 - 추돌,안전거리미확보,건조,맑음,교차로 - 교차로부근,화물,남,37세,상해없음,화물,남,63세,중상
2020030900100353,2020년 3월 9일 17시,월요일,경상북도 안동시 운안동,경상사고,0,0,1,0,차대차 - 측면충돌,안전운전불이행,건조,맑음,단일로 - 기타,이륜,남,79세,경상,승용,여,22세,상해없음
2020030900100383,2020년 3월 9일 18시,월요일,경상북도 경주시 외동읍,경상사고,0,0,1,0,차대차 - 측면충돌,중앙선침범,건조,맑음,교차로 - 교차로부근,승용,남,40세,경상,승용,남,28세,상해없음
2020030900100384,2020년 3월 9일 18시,월요일,경상북도 상주시 서성동,경상사고,0,0,1,0,차대차 - 측면충돌,교차로운행방법위반,건조,맑음,교차로 - 교차로안,승용,여,25세,상해없음,승용,여,50세,경상
2020030900100385,2020년 3월 9일 18시,월요일,경상북도 성주군 벽진면,경상사고,0,0,1,0,차대차 - 정면충돌,중앙선침범,건조,맑음,단일로 - 기타,화물,남,55세,상해없음,화물,남,30세,경상
2020030900100421,2020년 3월 9일 19시,월요일,경상북도 청송군 진보면,사망사고,1,0,0,0,차대사람 - 횡단중,안전운전불이행,건조,흐림,단일로 - 지하차도(도로)내,승용,남,29세,상해없음,보행자,남,66세,사망
2020030900100453,2020년 3월 9일 20시,월요일,경상북도 포항시 남구 인덕동,경상사고,0,0,1,0,차대차 - 기타,안전운전불이행,건조,맑음,교차로 - 교차로안,화물,남,40세,상해없음,승용,남,43세,경상
2020030900100490,2020년 3월 9일 21시,월요일,경상북도 경산시 하양읍,경상사고,0,0,3,0,차대차 - 추돌,안전운전불이행,젖음/습기,비,단일로 - 기타,승용,남,44세,상해없음,승용,남,38세,경상
2020031000100013,2020년 3월 10일 00시,화요일,경상북도 경주시 용강동,중상사고,0,1,8,0,차대차 - 추돌,안전운전불이행,젖음/습기,비,단일로 - 기타,화물,남,45세,중상,승합,남,32세,경상
2020031000100048,2020년 3월 10일 03시,화요일,경상북도 김천시 부곡동,중상사고,0,1,0,0,차대차 - 측면충돌,신호위반,젖음/습기,비,교차로 - 교차로안,승용,여,37세,상해없음,승용,남,41세,중상
2020031000100084,2020년 3월 10일 07시,화요일,경상북도 칠곡군 석적읍,부상신고사고,0,0,0,1,차량단독 - 공작물충돌,안전운전불이행,젖음/습기,흐림,단일로 - 기타,승용,남,32세,부상신고,,,,
2020031000100085,2020년 3월 10일 07시,화요일,경상북도 울진군 기성면,중상사고,0,1,0,0,차대차 - 정면충돌,중앙선침범,젖음/습기,비,단일로 - 기타,승용,남,61세,중상,승용,남,49세,상해없음
2020031000100152,2020년 3월 10일 10시,화요일,경상북도 영주시 영주동,경상사고,0,0,1,0,차대차 - 측면충돌,안전운전불이행,젖음/습기,비,단일로 - 기타,승용,여,70세,상해없음,자전거,남,86세,경상
2020031000100169,2020년 3월 10일 11시,화요일,경상북도 포항시 남구 대잠동,부상신고사고,0,0,0,1,차대차 - 기타,직진우회전진행방해,건조,맑음,교차로 - 교차로안,승용,남,53세,상해없음,이륜,남,40세,부상신고
2020031000100170,2020년 3월 10일 11시,화요일,경상북도 구미시 도량동,경상사고,0,0,1,0,차대차 - 추돌,안전운전불이행,젖음/습기,비,단일로 - 기타,승용,남,21세,상해없음,승용,남,35세,경상
2020031000100191,2020년 3월 10일 12시,화요일,경상북도 포항시 북구 죽도동,경상사고,0,0,1,0,차대차 - 측면충돌,교차로운행방법위반,젖음/습기,비,교차로 - 교차로안,승용,남,74세,상해없음,승용,남,22세,경상
2020031000100192,2020년 3월 10일 12시,화요일,경상북도 구미시 공단동,경상사고,0,0,1,0,차대차 - 기타,안전운전불이행,건조,맑음,단일로 - 기타,화물,남,60세,상해없음,건설기계,남,53세,경상
2020031000100219,2020년 3월 10일 13시,화요일,경상북도 영천시 야사동,경상사고,0,0,4,0,차대차 - 추돌,안전운전불이행,건조,맑음,단일로 - 기타,승용,남,62세,상해없음,승용,남,21세,경상
2020031000100220,2020년 3월 10일 13시,화요일,경상북도 청도군 풍각면,중상사고,0,1,0,0,차대차 - 측면충돌,교차로운행방법위반,건조,맑음,교차로 - 교차로안,화물,남,65세,상해없음,이륜,남,83세,중상
2020031000100247,2020년 3월 10일 14시,화요일,경상북도 구미시 옥계동,중상사고,0,1,0,0,차대차 - 기타,직진우회전진행방해,젖음/습기,비,교차로 - 교차로안,이륜,남,23세,중상,승용,여,45세,상해없음
2020031000100264,2020년 3월 10일 15시,화요일,경상북도 경주시 보문동,중상사고,0,2,0,0,차대차 - 측면충돌,안전운전불이행,젖음/습기,비,교차로 - 교차로안,승합,남,40세,상해없음,화물,남,37세,중상
2020031000100265,2020년 3월 10일 15시,화요일,경상북도 김천시 신음동,중상사고,0,1,0,0,차대차 - 측면충돌,안전운전불이행,젖음/습기,비,교차로 - 교차로안,승용,여,54세,상해없음,이륜,남,18세,중상
2020031000100266,2020년 3월 10일 15시,화요일,경상북도 포항시 남구 동촌동,경상사고,0,0,3,0,차대차 - 추돌,안전운전불이행,젖음/습기,비,단일로 - 기타,승합,남,58세,상해없음,승합,남,59세,상해없음
2020031000100267,2020년 3월 10일 15시,화요일,경상북도 포항시 남구 동해면,경상사고,0,0,2,0,차대차 - 기타,중앙선침범,젖음/습기,비,단일로 - 기타,화물,남,65세,상해없음,화물,남,60세,경상