사고번호,사고일시,요일,시군구,사고내용,사망자수,중상자수,경상자수,부상신고자수,사고유형,법규위반,노면상태,기상상태,도로형태,가해운전자 차종,가해운전자 성별,가해운전자 연령,가해운전자 상해정도,피해운전자 차종,피해운전자 성별,피해운전자 연령,피해운전자 상해정도
2020031000100324,2020년 3월 10일 17시,화요일,경상북도 경주시 황성동,경상사고,0,0,1,0,차대차 - 추돌,안전운전불이행,젖음/습기,흐림,교차로 - 교차로안,승용,남,40세,상해없음,승용,남,45세,경상
2020031000100325,2020년 3월 10일 17시,화요일,경상북도 상주시 화북면,경상사고,0,0,1,0,차량단독 - 공작물충돌,안전운전불이행,건조,맑음,단일로 - 기타,화물,남,57세,경상,,,,
2020031000100326,2020년 3월 10일 17시,화요일,경상북도 상주시 남성동,경상사고,0,0,1,0,차대차 - 측면충돌,안전운전불이행,건조,맑음,단일로 - 기타,자전거,여,70세,경상,화물,남,61세,기타불명
2020031000100327,2020년 3월 10일 17시,화요일,경상북도 경산시 진량읍,경상사고,0,0,1,0,차대차 - 측면충돌,안전운전불이행,건조,맑음,단일로 - 기타,화물,남,30세,상해없음,화물,남,52세,경상
2020031000100347,2020년 3월 10일 18시,화요일,경상북도 영천시 문외동,중상사고,0,1,2,0,차대차 - 측면충돌,교차로운행방법위반,젖음/습기,흐림,교차로 - 교차로안,승용,남,19세,경상,승용,여,51세,중상
2020031000100348,2020년 3월 10일 18시,화요일,경상북도 포항시 남구 대도동,경상사고,0,0,1,0,차대사람 - 길가장자리구역통행중,안전운전불이행,건조,맑음,교차로 - 교차로안,승용,여,53세,상해없음,보행자,남,70세,경상
2020031000100383,2020년 3월 10일 19시,화요일,경상북도 예천군 호명면,사망사고,1,1,0,0,차량단독 - 공작물충돌,안전운전불이행,건조,맑음,단일로 - 기타,승용,남,55세,중상,,,,
2020031000100418,2020년 3월 10일 20시,화요일,경상북도 칠곡군 석적읍,경상사고,0,0,1,0,차대차 - 기타,안전운전불이행,건조,기타,교차로 - 교차로안,특수,남,31세,상해없음,승용,남,35세,경상
2020031000100419,2020년 3월 10일 20시,화요일,경상북도 영덕군 지품면,부상신고사고,0,0,0,1,차량단독 - 공작물충돌,안전운전불이행,젖음/습기,비,단일로 - 기타,화물,남,53세,부상신고,,,,
2020031000100481,2020년 3월 10일 23시,화요일,경상북도 경주시 성건동,중상사고,0,1,0,0,차대차 - 추돌,안전운전불이행,건조,맑음,교차로 - 교차로부근,승용,남,23세,상해없음,승용,남,51세,중상
2020031000100482,2020년 3월 10일 23시,화요일,경상북도 안동시 옥동,경상사고,0,0,1,0,차대차 - 정면충돌,신호위반,건조,맑음,교차로 - 교차로안,승용,남,36세,상해없음,승용,남,55세,경상
2020031000100483,2020년 3월 10일 23시,화요일,경상북도 경산시 진량읍,경상사고,0,0,2,0,차대차 - 측면충돌,신호위반,건조,맑음,교차로 - 교차로안,승용,남,30세,경상,승용,남,21세,경상
2020031100100052,2020년 3월 11일 06시,수요일,경상북도 포항시 북구 동빈2가,경상사고,0,0,2,0,차대차 - 측면충돌,신호위반,건조,맑음,교차로 - 교차로안,화물,남,56세,경상,승용,여,72세,경상
2020031100100096,2020년 3월 11일 08시,수요일,경상북도 포항시 북구 창포동,중상사고,0,1,0,0,차대차 - 측면충돌,교차로운행방법위반,건조,맑음,교차로 - 교차로안,승용,여,48세,상해없음,이륜,남,68세,중상
2020031100100097,2020년 3월 11일 08시,수요일,경상북도 성주군 성주읍,경상사고,0,0,1,0,차대차 - 기타,안전거리미확보,건조,맑음,단일로 - 기타,승용,남,26세,상해없음,화물,남,59세,경상
2020031100100195,2020년 3월 11일 12시,수요일,경상북도 경주시 외동읍,경상사고,0,0,1,0,차대차 - 추돌,안전운전불이행,건조,맑음,교차로 - 교차로부근,화물,남,53세,상해없음,화물,남,44세,상해없음
2020031100100196,2020년 3월 11일 12시,수요일,경상북도 경산시 백천동,경상사고,0,0,1,0,차대차 - 측면충돌,안전운전불이행,건조,맑음,단일로 - 기타,화물,남,64세,상해없음,승용,남,51세,경상
2020031100100197,2020년 3월 11일 12시,수요일,경상북도 포항시 남구 오천읍,경상사고,0,0,2,0,차대차 - 기타,직진우회전진행방해,건조,맑음,교차로 - 교차로안,승용,여,64세,경상,화물,남,49세,경상
2020031100100216,2020년 3월 11일 13시,수요일,경상북도 경주시 성동동,경상사고,0,0,1,0,차대차 - 추돌,안전운전불이행,건조,맑음,교차로 - 교차로부근,승용,남,48세,상해없음,승용,남,28세,경상
2020031100100217,2020년 3월 11일 13시,수요일,경상북도 상주시 함창읍,중상사고,0,1,0,0,차대차 - 측면충돌,교차로운행방법위반,건조,맑음,교차로 - 교차로안,승용,남,51세,상해없음,자전거,여,78세,중상
2020031100100218,2020년 3월 11일 13시,수요일,경상북도 영주시 하망동,경상사고,0,0,2,0,차대차 - 측면충돌,신호위반,건조,맑음,교차로 - 교차로안,승용,남,48세,상해없음,승용,남,23세,경상
2020031100100219,2020년 3월 11일 13시,수요일,경상북도 군위군 군위읍,중상사고,0,1,0,0,차량단독 - 기타,안전운전불이행,기타,맑음,단일로 - 기타,이륜,여,76세,중상,,,,
2020031100100319,2020년 3월 11일 16시,수요일,경상북도 영천시 야사동,중상사고,0,1,3,0,차대차 - 측면충돌,교차로운행방법위반,건조,맑음,교차로 - 교차로안,승용,여,48세,경상,승용,남,64세,경상
2020031100100363,2020년 3월 11일 17시,수요일,경상북도 경주시 배반동,경상사고,0,0,3,0,차대차 - 측면충돌,신호위반,건조,맑음,교차로 - 교차로안,승용,여,23세,상해없음,승용,남,49세,경상
2020031100100364,2020년 3월 11일 17시,수요일,경상북도 김천시 교동,경상사고,0,0,1,0,차대차 - 측면충돌,안전운전불이행,건조,맑음,교차로 - 교차로안,자전거,남,22세,경상,승용,남,42세,상해없음
2020031100100404,2020년 3월 11일 18시,수요일,경상북도 구미시 임수동,중상사고,0,1,0,0,차대차 - 기타,교차로운행방법위반,건조,맑음,교차로 - 교차로안,승용,여,38세,상해없음,이륜,남,37세,중상
2020031100100441,2020년 3월 11일 19시,수요일,경상북도 경주시 외동읍,중상사고,0,1,0,0,차대사람 - 횡단중,안전운전불이행,건조,맑음,교차로 - 교차로부근,승용,남,41세,상해없음,보행자,남,48세,중상
2020031100100442,2020년 3월 11일 19시,수요일,경상북도 영주시 가흥동,중상사고,0,1,0,0,차대사람 - 기타,안전운전불이행,건조,맑음,단일로 - 기타,승용,남,67세,상해없음,보행자,남,53세,중상
2020031100100443,2020년 3월 11일 19시,수요일,경상북도 영천시 북안면,경상사고,0,0,1,0,차대사람 - 길가장자리구역통행중,안전운전불이행,건조,맑음,단일로 - 기타,승용,남,46세,상해없음,보행자,남,41세,경상
2020031100100469,2020년 3월 11일 20시,수요일,경상북도 포항시 남구 해도동,경상사고,0,0,1,0,차량단독 - 공작물충돌,안전운전불이행,건조,맑음,교차로 - 교차로부근,승용,남,55세,경상,,,,
2020031100100491,2020년 3월 11일 21시,수요일,경상북도 포항시 남구 대잠동,사망사고,1,0,0,0,차대사람 - 기타,안전운전불이행,건조,맑음,단일로 - 기타,승용,남,36세,상해없음,보행자,남,51세,사망
2020031100100510,2020년 3월 11일 22시,수요일,경상북도 경주시 충효동,중상사고,0,1,0,0,차대사람 - 차도통행중,안전운전불이행,건조,맑음,단일로 - 기타,승용,남,24세,상해없음,보행자,남,34세,중상
2020031100100511,2020년 3월 11일 22시,수요일,경상북도 안동시 운흥동,중상사고,0,2,0,0,차대차 - 측면충돌,교차로운행방법위반,건조,맑음,교차로 - 교차로안,승용,남,52세,상해없음,이륜,남,21세,중상
2020031100100512,2020년 3월 11일 22시,수요일,경상북도 안동시 풍산읍,부상신고사고,0,0,0,1,차대차 - 측면충돌,안전운전불이행,건조,맑음,단일로 - 기타,승용,남,27세,부상신고,화물,남,52세,상해없음
2020031100100513,2020년 3월 11일 22시,수요일,경상북도 예천군 호명면,경상사고,0,0,2,0,차대차 - 측면충돌,신호위반,건조,맑음,교차로 - 교차로안,승용,남,36세,상해없음,승용,남,25세,경상
2020031100100527,2020년 3월 11일 23시,수요일,경상북도 포항시 남구 대잠동,경상사고,0,0,1,0,차대차 - 측면충돌,신호위반,건조,맑음,교차로 - 교차로안,승용,남,26세,상해없음,승용,남,56세,경상
2020031200100031,2020년 3월 12일 03시,목요일,경상북도 상주시 냉림동,중상사고,0,1,0,0,차대차 - 측면충돌,신호위반,건조,맑음,교차로 - 교차로안,승용,남,55세,상해없음,화물,남,44세,중상
2020031200100045,2020년 3월 12일 05시,목요일,경상북도 구미시 공단동,중상사고,0,1,0,0,차대차 - 측면충돌,안전운전불이행,건조,맑음,교차로 - 교차로안,승용,남,34세,상해없음,승용,남,32세,중상
2020031200100099,2020년 3월 12일 08시,목요일,경상북도 안동시 법흥동,중상사고,0,1,1,0,차대차 - 측면충돌,신호위반,건조,맑음,교차로 - 교차로안,승용,여,46세,중상,승용,남,57세,경상
2020031200100100,2020년 3월 12일 08시,목요일,경상북도 안동시 안흥동,경상사고,0,0,3,4,차대차 - 추돌,안전거리미확보,건조,맑음,단일로 - 기타,승용,여,29세,경상,승용,여,56세,경상
2020031200100101,2020년 3월 12일 08시,목요일,경상북도 김천시 평화동,중상사고,0,1,0,0,차대차 - 측면충돌,안전운전불이행,건조,맑음,교차로 - 교차로부근,승용,남,26세,상해없음,이륜,여,65세,중상
2020031200100102,2020년 3월 12일 08시,목요일,경상북도 영주시 풍기읍,경상사고,0,0,2,0,차대차 - 측면충돌,교차로운행방법위반,건조,맑음,교차로 - 교차로안,화물,남,78세,경상,화물,남,51세,경상
2020031200100103,2020년 3월 12일 08시,목요일,경상북도 문경시 흥덕동,경상사고,0,0,3,0,차대차 - 측면충돌,직진우회전진행방해,건조,맑음,교차로 - 교차로안,승용,남,60세,경상,승용,여,38세,경상
2020031200100164,2020년 3월 12일 10시,목요일,경상북도 상주시 공성면,중상사고,0,2,0,0,차량단독 - 전도전복 - 전도,안전운전불이행,건조,맑음,단일로 - 기타,원동기,여,73세,중상,,,,
2020031200100165,2020년 3월 12일 10시,목요일,경상북도 예천군 예천읍,중상사고,0,1,0,0,차대차 - 측면충돌,안전운전불이행,건조,맑음,교차로 - 교차로안,화물,남,37세,상해없음,이륜,남,72세,중상
2020031200100194,2020년 3월 12일 11시,목요일,경상북도 안동시 풍천면,부상신고사고,0,0,0,1,차대차 - 정면충돌,안전운전불이행,건조,맑음,단일로 - 기타,화물,남,47세,부상신고,승용,남,62세,상해없음
2020031200100195,2020년 3월 12일 11시,목요일,경상북도 칠곡군 가산면,부상신고사고,0,0,0,1,차대차 - 측면충돌,중앙선침범,건조,맑음,단일로 - 기타,자전거,남,51세,부상신고,승용,남,46세,상해없음
2020031200100196,2020년 3월 12일 11시,목요일,경상북도 봉화군 물야면,경상사고,0,0,1,0,차대사람 - 기타,안전운전불이행,건조,맑음,기타 - 기타,승합,남,62세,상해없음,보행자,남,75세,경상
2020031200100221,2020년 3월 12일 12시,목요일,경상북도 안동시 옥야동,경상사고,0,0,1,0,차대차 - 측면충돌,중앙선침범,건조,맑음,단일로 - 기타,승용,남,76세,상해없음,승용,여,28세,경상
2020031200100222,2020년 3월 12일 12시,목요일,경상북도 청도군 청도읍,경상사고,0,0,2,0,차대차 - 측면충돌,직진우회전진행방해,건조,맑음,교차로 - 교차로안,화물,남,33세,상해없음,승용,남,72세,경상
2020031200100259,2020년 3월 12일 13시,목요일,경상북도 안동시 운흥동,경상사고,0,0,1,0,차대차 - 측면충돌,신호위반,건조,맑음,교차로 - 교차로안,승용,남,65세,상해없음,승용,남,50세,경상
2020031200100260,2020년 3월 12일 13시,목요일,경상북도 영천시 성내동,경상사고,0,0,2,0,차대차 - 측면충돌,교차로운행방법위반,건조,맑음,교차로 - 교차로안,승합,남,59세,경상,승용,여,65세,경상
2020031200100283,2020년 3월 12일 14시,목요일,경상북도 경주시 효현동,중상사고,0,1,1,0,차대차 - 추돌,안전운전불이행,건조,맑음,단일로 - 기타,승용,남,39세,상해없음,승용,남,57세,중상
2020031200100284,2020년 3월 12일 14시,목요일,경상북도 경주시 양남면,경상사고,0,0,1,0,차대차 - 측면충돌,안전운전불이행,건조,맑음,단일로 - 기타,화물,남,42세,상해없음,승용,남,45세,경상
2020031200100285,2020년 3월 12일 14시,목요일,경상북도 포항시 북구 청하면,경상사고,0,0,1,0,차대사람 - 기타,안전운전불이행,건조,맑음,단일로 - 기타,승용,남,76세,상해없음,보행자,여,75세,경상
2020031200100286,2020년 3월 12일 14시,목요일,경상북도 의성군 단밀면,경상사고,0,0,1,1,차대차 - 측면충돌,안전운전불이행,건조,맑음,기타 - 기타,승용,남,72세,부상신고,건설기계,남,46세,경상
2020031200100287,2020년 3월 12일 14시,목요일,경상북도 포항시 남구 해도동,경상사고,0,0,1,0,차대차 - 측면충돌,안전운전불이행,건조,맑음,교차로 - 교차로안,자전거,남,56세,경상,승용,여,56세,상해없음
2020031200100316,2020년 3월 12일 15시,목요일,경상북도 포항시 북구 두호동,경상사고,0,0,2,0,차대차 - 추돌,안전거리미확보,건조,맑음,교차로 - 교차로부근,승용,남,20세,상해없음,승용,여,30세,경상
2020031200100382,2020년 3월 12일 17시,목요일,경상북도 안동시 서후면,경상사고,0,0,1,0,차대차 - 추돌,중앙선침범,건조,맑음,교차로 - 교차로부근,이륜,남,63세,경상,화물,남,51세,상해없음
2020031200100420,2020년 3월 12일 18시,목요일,경상북도 포항시 북구 동빈2가,중상사고,0,1,0,0,차대차 - 측면충돌,신호위반,건조,맑음,교차로 - 교차로안,승용,여,42세,상해없음,이륜,남,40세,중상
2020031200100458,2020년 3월 12일 19시,목요일,경상북도 경주시 동천동,중상사고,0,1,0,0,차대차 - 측면충돌,안전운전불이행,건조,맑음,교차로 - 교차로안,이륜,남,37세,중상,승용,남,47세,상해없음
2020031200100459,2020년 3월 12일 19시,목요일,경상북도 김천시 교동,중상사고,0,1,0,0,차대사람 - 횡단중,안전운전불이행,건조,맑음,단일로 - 기타,이륜,남,21세,상해없음,보행자,여,65세,중상
2020031200100460,2020년 3월 12일 19시,목요일,경상북도 영천시 북안면,사망사고,1,0,0,0,차대사람 - 차도통행중,안전운전불이행,건조,맑음,단일로 - 기타,승용,남,37세,상해없음,보행자,여,74세,사망
2020031200100527,2020년 3월 12일 21시,목요일,경상북도 경산시 남산면,부상신고사고,0,0,0,1,차량단독 - 기타,안전운전불이행,건조,맑음,교차로 - 교차로안,이륜,남,50세,부상신고,,,,
2020031200100528,2020년 3월 12일 21시,목요일,경상북도 예천군 호명면,중상사고,0,1,0,0,차량단독 - 공작물충돌,안전운전불이행,건조,맑음,단일로 - 기타,승용,여,37세,중상,,,,
2020031200100572,2020년 3월 12일 23시,목요일,경상북도 울진군 울진읍,경상사고,0,0,2,0,차대차 - 측면충돌,안전운전불이행,건조,맑음,단일로 - 기타,승용,남,57세,상해없음,승용,남,35세,경상
2020031300100054,2020년 3월 13일 06시,금요일,경상북도 칠곡군 가산면,경상사고,0,0,1,0,차대차 - 추돌,안전운전불이행,건조,맑음,단일로 - 기타,승용,여,28세,상해없음,승용,남,48세,경상
2020031300100055,2020년 3월 13일 06시,금요일,경상북도 포항시 남구 동촌동,경상사고,0,0,1,0,차대차 - 기타,신호위반,건조,맑음,교차로 - 교차로안,승용,남,43세,상해없음,승용,남,66세,경상
2020031300100106,2020년 3월 13일 09시,금요일,경상북도 김천시 남면,중상사고,0,1,0,0,차대차 - 기타,안전운전불이행,건조,맑음,단일로 - 기타,승용,남,18세,상해없음,승용,남,54세,중상
2020031300100107,2020년 3월 13일 09시,금요일,경상북도 예천군 풍양면,경상사고,0,0,1,0,차량단독 - 공작물충돌,안전운전불이행,건조,맑음,단일로 - 기타,승용,여,55세,경상,,,,
2020031300100155,2020년 3월 13일 11시,금요일,경상북도 예천군 예천읍,중상사고,0,1,0,0,차대차 - 측면충돌,안전운전불이행,건조,맑음,교차로 - 교차로부근,화물,남,85세,중상,화물,남,71세,상해없음
2020031300100181,2020년 3월 13일 12시,금요일,경상북도 상주시 무양동,경상사고,0,0,2,0,차대차 - 측면충돌,안전운전불이행,건조,맑음,교차로 - 교차로안,승용,여,49세,경상,승용,여,36세,경상
2020031300100182,2020년 3월 13일 12시,금요일,경상북도 경산시 옥산동,경상사고,0,0,1,0,차대차 - 측면충돌,안전운전불이행,건조,맑음,단일로 - 기타,승용,여,49세,상해없음,승용,남,40세,경상
2020031300100213,2020년 3월 13일 13시,금요일,경상북도 경산시 진량읍,경상사고,0,0,1,0,차대차 - 기타,안전운전불이행,건조,맑음,단일로 - 기타,기타불명,기타불명,미분류,기타불명,자전거,남,26세,경상
2020031300100214,2020년 3월 13일 13시,금요일,경상북도 예천군 예천읍,사망사고,1,0,0,0,차대사람 - 차도통행중,안전운전불이행,건조,맑음,교차로 - 교차로안,화물,남,66세,상해없음,보행자,여,80세,사망
2020031300100246,2020년 3월 13일 14시,금요일,경상북도 포항시 남구 해도동,경상사고,0,0,1,0,차대차 - 기타,기타,건조,맑음,단일로 - 기타,승용,여,54세,상해없음,승용,여,64세,경상
2020031300100270,2020년 3월 13일 15시,금요일,경상북도 안동시 도산면,경상사고,0,0,1,0,차대차 - 측면충돌,안전운전불이행,건조,맑음,단일로 - 기타,승용,남,64세,상해없음,이륜,남,73세,경상
2020031300100271,2020년 3월 13일 15시,금요일,경상북도 포항시 남구 대도동,중상사고,0,1,0,0,차대차 - 측면충돌,안전운전불이행,건조,맑음,단일로 - 기타,자전거,남,77세,중상,승용,여,53세,상해없음
2020031300100303,2020년 3월 13일 16시,금요일,경상북도 영주시 하망동,중상사고,0,1,0,0,차대차 - 측면충돌,중앙선침범,건조,맑음,단일로 - 기타,승용,남,54세,상해없음,승용,남,28세,중상
2020031300100304,2020년 3월 13일 16시,금요일,경상북도 영양군 일월면,부상신고사고,0,0,0,1,차량단독 - 도로외이탈 - 추락,안전운전불이행,건조,맑음,기타 - 기타,자전거,남,81세,부상신고,,,,
2020031300100342,2020년 3월 13일 17시,금요일,경상북도 경주시 성동동,중상사고,0,1,0,0,차대차 - 측면충돌,안전거리미확보,건조,맑음,교차로 - 교차로부근,승용,남,53세,상해없음,승용,여,48세,중상
2020031300100376,2020년 3월 13일 18시,금요일,경상북도 영덕군 강구면,경상사고,0,0,2,0,차대차 - 추돌,안전운전불이행,건조,맑음,단일로 - 기타,화물,남,63세,상해없음,화물,남,62세,경상
2020031300100410,2020년 3월 13일 19시,금요일,경상북도 포항시 북구 양덕동,경상사고,0,0,1,0,차대차 - 측면충돌,중앙선침범,건조,맑음,단일로 - 기타,승용,여,44세,상해없음,원동기,남,27세,경상
2020031300100411,2020년 3월 13일 19시,금요일,경상북도 포항시 북구 두호동,경상사고,0,0,1,0,차대차 - 측면충돌,신호위반,건조,맑음,교차로 - 교차로안,승용,남,63세,상해없음,승용,여,52세,경상
2020031300100412,2020년 3월 13일 19시,금요일,경상북도 경산시 옥산동,경상사고,0,0,1,0,차대사람 - 횡단중,보행자보호의무위반,건조,맑음,기타 - 기타,승용,여,49세,상해없음,보행자,남,29세,경상
2020031300100413,2020년 3월 13일 19시,금요일,경상북도 포항시 남구 대잠동,경상사고,0,0,3,0,차대차 - 추돌,안전운전불이행,건조,맑음,단일로 - 기타,승용,남,62세,상해없음,승용,남,27세,경상
2020031300100440,2020년 3월 13일 20시,금요일,경상북도 영천시 망정동,경상사고,0,0,2,0,차대차 - 측면충돌,교차로운행방법위반,건조,맑음,교차로 - 교차로안,화물,남,71세,경상,승용,남,66세,경상
2020031300100506,2020년 3월 13일 22시,금요일,경상북도 문경시 점촌동,경상사고,0,0,1,0,차대차 - 후진중충돌,안전운전불이행,건조,맑음,주차장 - 주차장,승용,남,59세,상해없음,승용,남,22세,경상
2020031300100507,2020년 3월 13일 22시,금요일,경상북도 포항시 남구 해도동,중상사고,0,1,0,0,차대차 - 추돌,안전운전불이행,건조,맑음,단일로 - 기타,승용,남,45세,상해없음,승용,여,50세,중상
2020031300100523,2020년 3월 13일 23시,금요일,경상북도 안동시 용상동,경상사고,0,0,1,0,차대차 - 기타,안전운전불이행,건조,맑음,교차로 - 교차로안,승용,여,39세,상해없음,승용,남,26세,경상
2020031300100524,2020년 3월 13일 23시,금요일,경상북도 경산시 신천동,경상사고,0,0,2,0,차대차 - 측면충돌,안전운전불이행,건조,맑음,교차로 - 교차로안,승용,남,63세,경상,승합,남,40세,경상
2020031400100018,2020년 3월 14일 00시,토요일,경상북도 청도군 화양읍,경상사고,0,0,1,0,차대차 - 측면충돌,안전운전불이행,건조,맑음,단일로 - 터널,화물,남,38세,상해없음,승용,남,50세,경상
2020031400100038,2020년 3월 14일 01시,토요일,경상북도 칠곡군 석적읍,경상사고,0,0,1,0,차량단독 - 공작물충돌,안전운전불이행,건조,맑음,교차로 - 교차로부근,승용,남,35세,경상,,,,
2020031400100048,2020년 3월 14일 02시,토요일,경상북도 칠곡군 약목면,부상신고사고,0,0,0,1,차량단독 - 공작물충돌,안전운전불이행,건조,기타,단일로 - 기타,승용,남,26세,부상신고,,,,
2020031400100049,2020년 3월 14일 02시,토요일,경상북도 구미시 구포동,중상사고,0,1,0,1,차대차 - 기타,중앙선침범,건조,맑음,단일로 - 기타,화물,남,25세,부상신고,승용,여,42세,중상
2020031400100059,2020년 3월 14일 03시,토요일,경상북도 영덕군 강구면,중상사고,0,1,1,0,차대차 - 추돌,안전운전불이행,건조,맑음,단일로 - 기타,승용,남,35세,중상,화물,남,53세,경상
2020031400100087,2020년 3월 14일 06시,토요일,경상북도 구미시 공단동,경상사고,0,0,1,0,차대차 - 정면충돌,교차로운행방법위반,건조,맑음,교차로 - 교차로안,승합,남,61세,상해없음,승용,남,37세,경상
2020031400100160,2020년 3월 14일 10시,토요일,경상북도 성주군 대가면,경상사고,0,0,1,0,차대차 - 추돌,안전운전불이행,건조,맑음,단일로 - 기타,이륜,남,85세,경상,건설기계,남,40세,상해없음
2020031400100161,2020년 3월 14일 10시,토요일,경상북도 포항시 남구 동해면,중상사고,0,1,1,0,차대차 - 기타,중앙선침범,건조,맑음,단일로 - 기타,승용,남,64세,경상,화물,남,63세,중상
2020031400100212,2020년 3월 14일 12시,토요일,경상북도 영주시 가흥동,중상사고,0,1,0,0,차대차 - 측면충돌,안전운전불이행,건조,맑음,교차로 - 교차로부근,승합,남,69세,상해없음,승용,남,47세,중상
2020031400100213,2020년 3월 14일 12시,토요일,경상북도 구미시 산동면,경상사고,0,0,1,0,차대차 - 측면충돌,교차로운행방법위반,건조,맑음,교차로 - 교차로안,승용,여,19세,상해없음,승용,여,52세,경상
2020031400100280,2020년 3월 14일 14시,토요일,경상북도 경주시 황성동,경상사고,0,0,2,0,차대차 - 추돌,안전운전불이행,건조,맑음,단일로 - 지하차도(도로)내,승용,남,59세,상해없음,승용,남,56세,상해없음
2020031400100319,2020년 3월 14일 15시,토요일,경상북도 안동시 녹전면,경상사고,0,0,1,0,차대차 - 기타,안전운전불이행,건조,맑음,단일로 - 기타,승합,남,44세,상해없음,농기계,남,72세,상해없음
2020031400100320,2020년 3월 14일 15시,토요일,경상북도 구미시 해평면,중상사고,0,1,0,0,차대차 - 측면충돌,교차로운행방법위반,건조,맑음,교차로 - 교차로안,원동기,남,76세,중상,승용,여,57세,상해없음
2020031400100351,2020년 3월 14일 16시,토요일,경상북도 경주시 외동읍,경상사고,0,0,1,0,차대차 - 정면충돌,안전운전불이행,건조,맑음,교차로 - 교차로안,승용,남,39세,상해없음,승합,여,53세,경상
2020031400100352,2020년 3월 14일 16시,토요일,경상북도 안동시 태화동,경상사고,0,0,1,0,차대차 - 측면충돌,안전운전불이행,건조,맑음,교차로 - 교차로안,이륜,남,65세,경상,승용,여,48세,상해없음
2020031400100353,2020년 3월 14일 16시,토요일,경상북도 상주시 개운동,중상사고,0,1,0,0,차대차 - 측면충돌,안전운전불이행,건조,맑음,교차로 - 교차로안,승용,남,57세,상해없음,이륜,남,58세,중상
2020031400100380,2020년 3월 14일 17시,토요일,경상북도 경주시 건천읍,중상사고,0,1,0,0,차대차 - 측면충돌,안전운전불이행,건조,맑음,단일로 - 기타,화물,남,53세,상해없음,승용,여,49세,중상
2020031400100381,2020년 3월 14일 17시,토요일,경상북도 구미시 비산동,중상사고,0,2,4,0,차대차 - 추돌,안전운전불이행,건조,맑음,교차로 - 교차로부근,화물,남,53세,상해없음,승용,여,50세,중상
2020031400100410,2020년 3월 14일 18시,토요일,경상북도 포항시 북구 죽도동,경상사고,0,0,1,0,차대차 - 측면충돌,중앙선침범,건조,맑음,단일로 - 기타,승용,남,53세,상해없음,승용,남,63세,경상
2020031400100411,2020년 3월 14일 18시,토요일,경상북도 안동시 광석동,경상사고,0,0,1,0,차대사람 - 차도통행중,안전운전불이행,건조,맑음,단일로 - 기타,승용,남,54세,상해없음,보행자,여,59세,경상
2020031400100438,2020년 3월 14일 19시,토요일,경상북도 칠곡군 왜관읍,경상사고,0,0,3,0,차대차 - 측면충돌,신호위반,건조,맑음,교차로 - 교차로부근,승용,남,36세,상해없음,승용,남,53세,경상
2020031400100439,2020년 3월 14일 19시,토요일,경상북도 경산시 진량읍,경상사고,0,0,1,0,차대사람 - 횡단중,안전운전불이행,건조,맑음,단일로 - 기타,승용,남,51세,상해없음,보행자,여,24세,경상
2020031400100467,2020년 3월 14일 20시,토요일,경상북도 구미시 도량동,부상신고사고,0,0,0,1,차대차 - 기타,안전거리미확보,건조,맑음,단일로 - 기타,기타불명,기타불명,미분류,기타불명,이륜,남,44세,부상신고
2020031400100493,2020년 3월 14일 21시,토요일,경상북도 경산시 진량읍,부상신고사고,0,0,0,1,차대차 - 측면충돌,신호위반,건조,맑음,교차로 - 교차로안,화물,남,52세,기타불명,승용,남,25세,부상신고
2020031400100506,2020년 3월 14일 22시,토요일,경상북도 김천시 율곡동,경상사고,0,0,1,0,차대차 - 추돌,과속,건조,맑음,단일로 - 기타,승용,남,40세,상해없음,승용,여,44세,경상
2020031400100507,2020년 3월 14일 22시,토요일,경상북도 경산시 계양동,경상사고,0,0,2,0,차대차 - 측면충돌,신호위반,건조,맑음,교차로 - 교차로안,화물,남,23세,상해없음,승용,남,61세,경상
2020031500100014,2020년 3월 15일 00시,일요일,경상북도 경주시 동천동,중상사고,0,1,0,0,차대차 - 기타,안전운전불이행,건조,맑음,교차로 - 교차로안,승용,남,61세,상해없음,승용,남,67세,상해없음
2020031500100015,2020년 3월 15일 00시,일요일,경상북도 구미시 구평동,경상사고,0,0,2,0,차대차 - 추돌,안전운전불이행,건조,기타,교차로 - 교차로부근,승용,남,33세,상해없음,승용,남,25세,상해없음
2020031500100027,2020년 3월 15일 01시,일요일,경상북도 구미시 고아읍,부상신고사고,0,0,0,1,차대차 - 추돌,안전운전불이행,건조,맑음,단일로 - 기타,원동기,남,16세,부상신고,화물,남,49세,기타불명
2020031500100091,2020년 3월 15일 09시,일요일,경상북도 구미시 원평동,중상사고,0,1,1,0,차대차 - 측면충돌,안전거리미확보,건조,맑음,단일로 - 기타,승용,남,22세,상해없음,승용,남,49세,경상
2020031500100117,2020년 3월 15일 11시,일요일,경상북도 영천시 화룡동,경상사고,0,0,2,0,차대차 - 측면충돌,신호위반,건조,맑음,교차로 - 교차로안,화물,남,52세,상해없음,승용,여,26세,경상
2020031500100118,2020년 3월 15일 11시,일요일,경상북도 영천시 화룡동,경상사고,0,0,1,0,차대차 - 기타,안전운전불이행,건조,맑음,단일로 - 기타,화물,남,52세,상해없음,승용,남,43세,경상