사고번호,사고일시,요일,시군구,사고내용,사망자수,중상자수,경상자수,부상신고자수,사고유형,법규위반,노면상태,기상상태,도로형태,가해운전자 차종,가해운전자 성별,가해운전자 연령,가해운전자 상해정도,피해운전자 차종,피해운전자 성별,피해운전자 연령,피해운전자 상해정도
2020031500100188,2020년 3월 15일 15시,일요일,경상북도 김천시 개령면,중상사고,0,1,0,0,차대차 - 정면충돌,안전운전불이행,건조,맑음,교차로 - 교차로부근,승용,남,49세,상해없음,이륜,여,66세,중상
2020031500100189,2020년 3월 15일 15시,일요일,경상북도 김천시 부곡동,경상사고,0,0,3,0,차대차 - 측면충돌,안전운전불이행,건조,맑음,교차로 - 교차로부근,승용,여,22세,경상,화물,남,41세,상해없음
2020031500100205,2020년 3월 15일 16시,일요일,경상북도 경주시 구정동,경상사고,0,0,2,0,차대차 - 측면충돌,안전운전불이행,건조,맑음,교차로 - 교차로부근,승용,남,31세,상해없음,승용,남,24세,경상
2020031500100224,2020년 3월 15일 17시,일요일,경상북도 상주시 헌신동,중상사고,0,1,1,0,차대차 - 정면충돌,중앙선침범,건조,맑음,단일로 - 기타,화물,남,53세,상해없음,화물,남,56세,경상
2020031500100250,2020년 3월 15일 18시,일요일,경상북도 포항시 북구 죽도동,부상신고사고,0,0,0,4,차대차 - 측면충돌,차로위반,건조,맑음,단일로 - 기타,승용,남,57세,상해없음,승용,남,19세,부상신고
2020031500100251,2020년 3월 15일 18시,일요일,경상북도 칠곡군 북삼읍,경상사고,0,0,2,0,차대차 - 측면충돌,직진우회전진행방해,건조,맑음,교차로 - 교차로안,승용,남,49세,경상,이륜,남,52세,경상
2020031500100252,2020년 3월 15일 18시,일요일,경상북도 경산시 옥산동,중상사고,0,1,2,0,차대차 - 측면충돌,신호위반,건조,맑음,교차로 - 교차로안,승용,남,40세,경상,승용,남,48세,경상
2020031500100277,2020년 3월 15일 19시,일요일,경상북도 영주시 하망동,중상사고,0,1,0,0,차대사람 - 기타,안전운전불이행,건조,맑음,단일로 - 기타,승용,남,64세,상해없음,보행자,남,51세,중상
2020031500100331,2020년 3월 15일 22시,일요일,경상북도 안동시 태화동,경상사고,0,0,1,0,차량단독 - 공작물충돌,안전운전불이행,건조,맑음,교차로 - 교차로안,승용,여,57세,경상,,,,
2020031500100332,2020년 3월 15일 22시,일요일,경상북도 구미시 진평동,경상사고,0,0,1,1,차대차 - 측면충돌,안전운전불이행,건조,맑음,단일로 - 기타,승용,남,44세,부상신고,승용,남,26세,경상
2020031600100064,2020년 3월 16일 07시,월요일,경상북도 문경시 불정동,경상사고,0,0,2,0,차대차 - 추돌,안전운전불이행,건조,맑음,단일로 - 기타,화물,남,68세,경상,화물,남,56세,경상
2020031600100065,2020년 3월 16일 07시,월요일,경상북도 구미시 원평동,경상사고,0,0,1,0,차대사람 - 기타,안전운전불이행,건조,맑음,단일로 - 기타,승합,남,47세,상해없음,보행자,여,45세,경상
2020031600100094,2020년 3월 16일 08시,월요일,경상북도 경주시 안강읍,경상사고,0,0,5,0,차대차 - 측면충돌,안전운전불이행,건조,맑음,교차로 - 교차로안,승용,여,54세,상해없음,승합,여,60세,경상
2020031600100132,2020년 3월 16일 09시,월요일,경상북도 포항시 북구 대흥동,중상사고,0,1,0,0,차대차 - 측면충돌,직진우회전진행방해,건조,맑음,교차로 - 교차로부근,화물,남,63세,상해없음,승용,남,73세,중상
2020031600100133,2020년 3월 16일 09시,월요일,경상북도 포항시 남구 해도동,경상사고,0,0,1,0,차대차 - 측면충돌,직진우회전진행방해,건조,맑음,교차로 - 교차로안,자전거,여,57세,경상,승용,여,67세,상해없음
2020031600100134,2020년 3월 16일 09시,월요일,경상북도 포항시 남구 지곡동,중상사고,0,1,0,0,차대사람 - 기타,신호위반,건조,맑음,교차로 - 교차로횡단보도내,승용,남,52세,상해없음,보행자,남,55세,중상
2020031600100167,2020년 3월 16일 10시,월요일,경상북도 경주시 외동읍,경상사고,0,0,1,0,차대사람 - 길가장자리구역통행중,안전운전불이행,건조,맑음,단일로 - 기타,승용,여,35세,상해없음,보행자,남,50세,경상
2020031600100168,2020년 3월 16일 10시,월요일,경상북도 청송군 현서면,중상사고,0,1,0,0,차대차 - 측면충돌,직진우회전진행방해,건조,맑음,교차로 - 교차로안,승용,남,63세,상해없음,승용,남,45세,상해없음
2020031600100203,2020년 3월 16일 11시,월요일,경상북도 경주시 건천읍,중상사고,0,1,0,0,차대사람 - 차도통행중,안전운전불이행,건조,맑음,단일로 - 지하차도(도로)내,자전거,기타불명,미분류,기타불명,보행자,여,75세,중상
2020031600100204,2020년 3월 16일 11시,월요일,경상북도 영주시 휴천동,경상사고,0,0,3,0,차대차 - 측면충돌,교차로운행방법위반,건조,맑음,교차로 - 교차로안,승용,남,71세,경상,승용,여,46세,경상
2020031600100226,2020년 3월 16일 12시,월요일,경상북도 경주시 황오동,경상사고,0,0,1,0,차량단독 - 공작물충돌,안전운전불이행,건조,맑음,단일로 - 기타,화물,남,62세,경상,,,,
2020031600100227,2020년 3월 16일 12시,월요일,경상북도 김천시 개령면,중상사고,0,1,0,0,차량단독 - 전도전복 - 전복,안전운전불이행,건조,맑음,단일로 - 기타,이륜,여,70세,상해없음,,,,
2020031600100228,2020년 3월 16일 12시,월요일,경상북도 상주시 사벌면,경상사고,0,0,1,0,차량단독 - 도로외이탈 - 추락,안전운전불이행,건조,맑음,단일로 - 기타,이륜,여,69세,경상,,,,
2020031600100250,2020년 3월 16일 13시,월요일,경상북도 영천시 신령면,경상사고,0,0,2,0,차대차 - 측면충돌,교차로운행방법위반,건조,맑음,교차로 - 교차로안,승용,여,65세,경상,승용,남,48세,상해없음
2020031600100251,2020년 3월 16일 13시,월요일,경상북도 봉화군 명호면,중상사고,0,1,1,0,차량단독 - 도로외이탈 - 추락,안전운전불이행,건조,맑음,단일로 - 기타,화물,여,48세,경상,,,,
2020031600100252,2020년 3월 16일 13시,월요일,경상북도 군위군 효령면,경상사고,0,0,1,0,차대차 - 기타,안전운전불이행,건조,맑음,단일로 - 기타,승용,남,32세,상해없음,승용,여,34세,경상
2020031600100282,2020년 3월 16일 14시,월요일,경상북도 포항시 남구 연일읍,경상사고,0,0,1,0,차대사람 - 기타,안전운전불이행,건조,맑음,단일로 - 기타,승용,남,53세,상해없음,보행자,여,66세,경상
2020031600100308,2020년 3월 16일 15시,월요일,경상북도 경주시 인왕동,중상사고,0,1,0,0,차대차 - 추돌,안전운전불이행,건조,맑음,교차로 - 교차로부근,승용,남,47세,상해없음,승용,여,52세,중상
2020031600100309,2020년 3월 16일 15시,월요일,경상북도 영주시 봉현면,중상사고,0,1,0,0,차량단독 - 기타,안전운전불이행,건조,맑음,단일로 - 기타,승용,남,37세,중상,,,,
2020031600100339,2020년 3월 16일 16시,월요일,경상북도 포항시 남구 상도동,중상사고,0,1,0,0,차대사람 - 횡단중,신호위반,건조,맑음,교차로 - 교차로부근,화물,남,65세,상해없음,보행자,여,70세,중상
2020031600100411,2020년 3월 16일 18시,월요일,경상북도 안동시 송천동,경상사고,0,0,2,0,차대차 - 측면충돌,안전운전불이행,건조,맑음,교차로 - 교차로안,승용,남,22세,상해없음,승용,남,24세,경상
2020031600100412,2020년 3월 16일 18시,월요일,경상북도 칠곡군 북삼읍,중상사고,0,1,1,0,차대사람 - 보도통행중,교차로운행방법위반,건조,맑음,교차로 - 교차로안,승용,여,48세,경상,보행자,여,72세,중상
2020031600100413,2020년 3월 16일 18시,월요일,경상북도 경산시 압량면,중상사고,0,1,0,0,차대사람 - 횡단중,안전운전불이행,건조,맑음,교차로 - 교차로안,승용,여,31세,상해없음,보행자,여,37세,중상
2020031600100414,2020년 3월 16일 18시,월요일,경상북도 경산시 평산동,경상사고,0,0,1,0,차대차 - 측면충돌,신호위반,건조,맑음,교차로 - 교차로안,승용,남,46세,상해없음,승용,남,44세,경상
2020031600100415,2020년 3월 16일 18시,월요일,경상북도 구미시 송정동,경상사고,0,0,1,0,차대차 - 기타,안전운전불이행,건조,맑음,단일로 - 기타,승용,여,46세,상해없음,승합,남,48세,경상
2020031600100457,2020년 3월 16일 19시,월요일,경상북도 경주시 충효동,경상사고,0,0,1,0,차대차 - 측면충돌,신호위반,건조,맑음,교차로 - 교차로안,승용,여,57세,상해없음,승용,여,43세,경상
2020031600100458,2020년 3월 16일 19시,월요일,경상북도 예천군 호명면,경상사고,0,0,1,0,차대차 - 측면충돌,교차로운행방법위반,건조,맑음,교차로 - 교차로안,승용,남,56세,상해없음,승용,여,24세,경상
2020031600100459,2020년 3월 16일 19시,월요일,경상북도 포항시 남구 송도동,경상사고,0,0,1,0,차대차 - 추돌,안전운전불이행,건조,맑음,교차로 - 교차로부근,승용,남,50세,상해없음,승용,여,57세,경상
2020031600100510,2020년 3월 16일 21시,월요일,경상북도 포항시 북구 환호동,중상사고,0,1,0,0,차대차 - 측면충돌,과속,건조,맑음,교차로 - 교차로횡단보도내,승용,여,61세,상해없음,자전거,남,70세,중상
2020031600100511,2020년 3월 16일 21시,월요일,경상북도 구미시 신평동,중상사고,0,1,0,0,차대사람 - 기타,안전운전불이행,건조,맑음,단일로 - 기타,승용,남,23세,상해없음,보행자,남,35세,중상
2020031600100529,2020년 3월 16일 22시,월요일,경상북도 경주시 충효동,중상사고,0,1,0,0,차량단독 - 공작물충돌,안전운전불이행,건조,맑음,단일로 - 터널,이륜,남,26세,중상,,,,
2020031600100541,2020년 3월 16일 23시,월요일,경상북도 칠곡군 왜관읍,중상사고,0,1,0,0,차량단독 - 전도전복 - 전도,안전운전불이행,건조,기타,교차로 - 교차로안,승용,남,39세,중상,,,,
2020031600100542,2020년 3월 16일 23시,월요일,경상북도 영천시 화산면,경상사고,0,0,1,0,차량단독 - 도로외이탈 - 추락,안전운전불이행,건조,맑음,단일로 - 기타,승용,남,26세,경상,,,,
2020031700100006,2020년 3월 17일 00시,화요일,경상북도 칠곡군 왜관읍,경상사고,0,0,1,0,차량단독 - 공작물충돌,안전운전불이행,건조,맑음,단일로 - 기타,승용,남,36세,경상,,,,
2020031700100015,2020년 3월 17일 01시,화요일,경상북도 경주시 동부동,경상사고,0,0,1,0,차대차 - 측면충돌,안전운전불이행,건조,맑음,교차로 - 교차로안,승용,남,24세,상해없음,이륜,남,17세,경상
2020031700100022,2020년 3월 17일 02시,화요일,경상북도 포항시 북구 덕수동,경상사고,0,0,1,0,차대차 - 측면충돌,신호위반,건조,맑음,교차로 - 교차로안,승용,남,53세,상해없음,승용,남,65세,경상
2020031700100033,2020년 3월 17일 04시,화요일,경상북도 경주시 황오동,경상사고,0,0,1,0,차량단독 - 기타,안전운전불이행,건조,맑음,단일로 - 기타,이륜,남,22세,경상,,,,
2020031700100111,2020년 3월 17일 09시,화요일,경상북도 안동시 옥동,중상사고,0,1,0,0,차대차 - 측면충돌,안전운전불이행,건조,맑음,단일로 - 기타,승용,남,59세,상해없음,승용,여,52세,중상
2020031700100112,2020년 3월 17일 09시,화요일,경상북도 구미시 임수동,경상사고,0,0,2,0,차대차 - 추돌,안전운전불이행,건조,맑음,교차로 - 교차로부근,승용,남,34세,상해없음,승용,남,30세,경상
2020031700100192,2020년 3월 17일 13시,화요일,경상북도 칠곡군 지천면,경상사고,0,0,1,1,차대차 - 측면충돌,안전운전불이행,건조,맑음,단일로 - 기타,승용,여,59세,부상신고,승용,남,56세,경상
2020031700100193,2020년 3월 17일 13시,화요일,경상북도 구미시 구평동,경상사고,0,0,1,0,차대차 - 후진중충돌,안전운전불이행,건조,맑음,교차로 - 교차로횡단보도내,승용,여,57세,상해없음,승용,남,40세,경상
2020031700100220,2020년 3월 17일 14시,화요일,경상북도 영천시 문외동,경상사고,0,0,2,0,차대차 - 기타,안전거리미확보,건조,맑음,단일로 - 기타,승용,여,42세,상해없음,승용,여,39세,경상
2020031700100221,2020년 3월 17일 14시,화요일,경상북도 문경시 흥덕동,경상사고,0,0,1,0,차대차 - 측면충돌,안전운전불이행,건조,맑음,주차장 - 주차장,승용,남,85세,상해없음,승용,여,27세,경상
2020031700100283,2020년 3월 17일 16시,화요일,경상북도 영주시 풍기읍,중상사고,0,1,3,0,차대차 - 측면충돌,교차로운행방법위반,건조,맑음,교차로 - 교차로안,승용,남,59세,경상,승용,여,60세,경상
2020031700100315,2020년 3월 17일 17시,화요일,경상북도 포항시 북구 장성동,중상사고,0,1,0,0,차대사람 - 차도통행중,안전운전불이행,건조,맑음,단일로 - 기타,승용,여,61세,상해없음,보행자,남,47세,중상
2020031700100316,2020년 3월 17일 17시,화요일,경상북도 안동시 용상동,경상사고,0,0,1,0,차대사람 - 횡단중,안전운전불이행,건조,맑음,교차로 - 교차로부근,화물,남,47세,상해없음,보행자,남,17세,경상
2020031700100317,2020년 3월 17일 17시,화요일,경상북도 김천시 아포읍,경상사고,0,0,1,0,차대차 - 추돌,안전운전불이행,건조,맑음,교차로 - 교차로부근,승용,남,26세,상해없음,승용,남,32세,경상
2020031700100318,2020년 3월 17일 17시,화요일,경상북도 구미시 도량동,경상사고,0,0,1,0,차대차 - 측면충돌,안전운전불이행,건조,맑음,교차로 - 교차로안,승용,여,67세,상해없음,승용,남,38세,경상
2020031700100348,2020년 3월 17일 18시,화요일,경상북도 칠곡군 지천면,경상사고,0,0,1,1,차대차 - 측면충돌,교차로운행방법위반,건조,맑음,교차로 - 교차로안,승용,여,57세,부상신고,승용,여,61세,경상
2020031700100349,2020년 3월 17일 18시,화요일,경상북도 경산시 진량읍,중상사고,0,1,0,0,차대차 - 측면충돌,불법유턴,건조,맑음,교차로 - 교차로부근,승용,남,25세,상해없음,화물,남,45세,중상
2020031700100385,2020년 3월 17일 19시,화요일,경상북도 경주시 양북면,중상사고,0,1,0,0,차대차 - 추돌,안전운전불이행,건조,맑음,단일로 - 기타,승용,여,25세,중상,건설기계,남,65세,상해없음
2020031700100386,2020년 3월 17일 19시,화요일,경상북도 경산시 압량면,경상사고,0,0,1,1,차대차 - 측면충돌,교차로운행방법위반,건조,맑음,교차로 - 교차로안,승용,여,52세,부상신고,승용,남,52세,경상
2020031700100412,2020년 3월 17일 20시,화요일,경상북도 포항시 북구 두호동,중상사고,0,1,0,0,차대차 - 측면충돌,교차로운행방법위반,건조,맑음,단일로 - 기타,승용,남,27세,상해없음,이륜,남,44세,중상
2020031800100006,2020년 3월 18일 00시,수요일,경상북도 칠곡군 왜관읍,부상신고사고,0,0,0,1,차량단독 - 공작물충돌,안전운전불이행,건조,맑음,단일로 - 기타,승용,남,34세,부상신고,,,,
2020031800100041,2020년 3월 18일 05시,수요일,경상북도 경주시 황성동,중상사고,0,1,0,0,차대차 - 추돌,안전운전불이행,건조,맑음,교차로 - 교차로부근,승용,남,37세,상해없음,승용,남,34세,중상
2020031800100042,2020년 3월 18일 05시,수요일,경상북도 상주시 낙동면,경상사고,0,0,1,0,차량단독 - 공작물충돌,안전운전불이행,건조,맑음,단일로 - 기타,승용,남,70세,경상,,,,
2020031800100049,2020년 3월 18일 06시,수요일,경상북도 문경시 문경읍,경상사고,0,0,1,0,차량단독 - 공작물충돌,안전운전불이행,건조,맑음,단일로 - 기타,승합,남,55세,경상,,,,
2020031800100068,2020년 3월 18일 07시,수요일,경상북도 경산시 백천동,경상사고,0,0,1,0,차대차 - 측면충돌,중앙선침범,건조,맑음,교차로 - 교차로안,승용,남,52세,상해없음,승용,여,42세,경상
2020031800100118,2020년 3월 18일 09시,수요일,경상북도 고령군 다산면,중상사고,0,1,0,0,차대차 - 추돌,안전거리미확보,건조,맑음,단일로 - 기타,이륜,남,58세,중상,화물,남,53세,상해없음
2020031800100119,2020년 3월 18일 09시,수요일,경상북도 포항시 남구 대잠동,경상사고,0,0,1,0,차대사람 - 기타,안전운전불이행,건조,맑음,기타 - 기타,승용,여,71세,상해없음,보행자,남,55세,경상
2020031800100140,2020년 3월 18일 10시,수요일,경상북도 포항시 북구 청하면,중상사고,0,1,0,0,차량단독 - 기타,안전운전불이행,건조,맑음,단일로 - 기타,화물,남,82세,상해없음,,,,
2020031800100141,2020년 3월 18일 10시,수요일,경상북도 김천시 부곡동,경상사고,0,0,1,0,차대차 - 추돌,안전운전불이행,건조,맑음,교차로 - 교차로안,화물,남,63세,상해없음,화물,남,69세,경상
2020031800100142,2020년 3월 18일 10시,수요일,경상북도 칠곡군 왜관읍,경상사고,0,0,1,0,차대차 - 측면충돌,안전운전불이행,건조,맑음,기타 - 기타,승합,남,57세,상해없음,승용,여,51세,기타불명
2020031800100143,2020년 3월 18일 10시,수요일,경상북도 문경시 모전동,부상신고사고,0,0,0,1,차대차 - 측면충돌,안전운전불이행,건조,맑음,단일로 - 기타,승용,남,44세,상해없음,이륜,남,43세,부상신고
2020031800100144,2020년 3월 18일 10시,수요일,경상북도 봉화군 봉화읍,경상사고,0,0,2,0,차대차 - 측면충돌,안전운전불이행,건조,맑음,기타 - 기타,화물,남,77세,상해없음,승합,남,62세,경상
2020031800100168,2020년 3월 18일 11시,수요일,경상북도 포항시 북구 덕수동,경상사고,0,0,1,0,차대차 - 측면충돌,안전운전불이행,건조,맑음,교차로 - 교차로안,승용,여,54세,상해없음,승용,남,23세,경상
2020031800100169,2020년 3월 18일 11시,수요일,경상북도 의성군 의성읍,경상사고,0,0,1,0,차대차 - 측면충돌,안전운전불이행,건조,맑음,교차로 - 교차로부근,화물,남,57세,상해없음,자전거,남,83세,경상
2020031800100200,2020년 3월 18일 12시,수요일,경상북도 칠곡군 왜관읍,중상사고,0,1,0,0,차대차 - 기타,교차로운행방법위반,건조,맑음,교차로 - 교차로안,승용,남,55세,상해없음,이륜,남,63세,중상
2020031800100218,2020년 3월 18일 13시,수요일,경상북도 영천시 금호읍,경상사고,0,0,1,0,차대차 - 측면충돌,안전운전불이행,건조,맑음,교차로 - 교차로부근,화물,남,74세,상해없음,화물,남,57세,경상
2020031800100253,2020년 3월 18일 14시,수요일,경상북도 안동시 풍천면,사망사고,1,0,0,0,차량단독 - 기타,안전운전불이행,건조,맑음,단일로 - 기타,농기계,남,71세,사망,,,,
2020031800100254,2020년 3월 18일 14시,수요일,경상북도 문경시 흥덕동,중상사고,0,1,0,0,차대차 - 측면충돌,기타,건조,맑음,단일로 - 기타,이륜,남,71세,중상,승용,여,67세,기타불명
2020031800100281,2020년 3월 18일 15시,수요일,경상북도 포항시 북구 죽도동,경상사고,0,0,1,0,차대사람 - 횡단중,안전운전불이행,건조,맑음,기타 - 기타,승용,여,58세,상해없음,보행자,여,55세,경상
2020031800100282,2020년 3월 18일 15시,수요일,경상북도 경산시 진량읍,중상사고,0,1,0,0,차대차 - 추돌,안전운전불이행,건조,맑음,교차로 - 교차로부근,승용,남,67세,상해없음,승용,남,35세,중상
2020031800100283,2020년 3월 18일 15시,수요일,경상북도 예천군 예천읍,중상사고,0,1,0,0,차대차 - 측면충돌,중앙선침범,건조,맑음,단일로 - 기타,화물,남,75세,상해없음,승용,여,48세,중상
2020031800100284,2020년 3월 18일 15시,수요일,경상북도 구미시 공단동,경상사고,0,0,1,0,차대차 - 측면충돌,안전운전불이행,건조,맑음,교차로 - 교차로안,승용,남,41세,상해없음,이륜,남,31세,경상
2020031800100285,2020년 3월 18일 15시,수요일,경상북도 포항시 남구 송도동,중상사고,0,1,0,0,차대차 - 측면충돌,교차로운행방법위반,건조,맑음,교차로 - 교차로안,승용,남,70세,상해없음,이륜,여,32세,중상
2020031800100314,2020년 3월 18일 16시,수요일,경상북도 포항시 북구 대흥동,경상사고,0,0,1,0,차대차 - 기타,신호위반,건조,맑음,교차로 - 교차로부근,이륜,남,27세,상해없음,승용,남,20세,경상
2020031800100315,2020년 3월 18일 16시,수요일,경상북도 안동시 운흥동,중상사고,0,1,6,0,차대차 - 측면충돌,신호위반,건조,맑음,교차로 - 교차로안,승용,여,20세,상해없음,승용,여,39세,경상
2020031800100359,2020년 3월 18일 17시,수요일,경상북도 경주시 황성동,중상사고,0,1,0,0,차대차 - 측면충돌,안전운전불이행,건조,맑음,교차로 - 교차로부근,자전거,남,53세,중상,승용,남,77세,상해없음
2020031800100360,2020년 3월 18일 17시,수요일,경상북도 구미시 구포동,경상사고,0,0,3,0,차대차 - 추돌,안전운전불이행,건조,맑음,교차로 - 교차로부근,승용,남,52세,상해없음,승용,여,40세,경상
2020031800100455,2020년 3월 18일 20시,수요일,경상북도 경주시 동부동,부상신고사고,0,0,0,4,차대차 - 측면충돌,안전거리미확보,건조,맑음,교차로 - 교차로부근,승용,남,72세,상해없음,승용,남,18세,부상신고
2020031800100456,2020년 3월 18일 20시,수요일,경상북도 영주시 문정동,경상사고,0,0,1,0,차대차 - 기타,안전운전불이행,건조,맑음,단일로 - 기타,승용,남,51세,기타불명,승용,남,27세,경상
2020031800100457,2020년 3월 18일 20시,수요일,경상북도 칠곡군 석적읍,경상사고,0,0,1,0,차대차 - 기타,안전운전불이행,건조,기타,교차로 - 교차로안,승용,남,34세,상해없음,승용,남,24세,경상
2020031900100059,2020년 3월 19일 07시,목요일,경상북도 포항시 북구 죽도동,경상사고,0,0,2,0,차대차 - 측면충돌,교차로운행방법위반,건조,맑음,교차로 - 교차로안,승용,남,30세,상해없음,승용,남,63세,경상
2020031900100060,2020년 3월 19일 07시,목요일,경상북도 구미시 임은동,중상사고,0,1,0,0,차대사람 - 횡단중,중앙선침범,건조,맑음,단일로 - 기타,승합,남,63세,상해없음,보행자,남,54세,중상
2020031900100080,2020년 3월 19일 08시,목요일,경상북도 포항시 남구 이동,경상사고,0,0,2,0,차대차 - 측면충돌,안전거리미확보,건조,맑음,교차로 - 교차로부근,승용,남,74세,상해없음,특수,남,40세,경상
2020031900100099,2020년 3월 19일 09시,목요일,경상북도 포항시 북구 창포동,경상사고,0,0,1,0,차대차 - 기타,안전운전불이행,건조,맑음,단일로 - 기타,승용,남,60세,상해없음,승용,여,34세,경상
2020031900100109,2020년 3월 19일 10시,목요일,경상북도 김천시 신음동,경상사고,0,0,1,0,차대차 - 측면충돌,교차로운행방법위반,건조,맑음,교차로 - 교차로안,승용,남,37세,상해없음,이륜,남,19세,경상
2020031900100163,2020년 3월 19일 12시,목요일,경상북도 칠곡군 동명면,경상사고,0,0,1,0,차대사람 - 기타,안전운전불이행,건조,맑음,단일로 - 기타,건설기계,남,54세,상해없음,보행자,남,52세,경상
2020031900100164,2020년 3월 19일 12시,목요일,경상북도 구미시 상모동,경상사고,0,0,1,0,차대차 - 측면충돌,안전운전불이행,건조,맑음,교차로 - 교차로안,승용,여,51세,상해없음,이륜,남,47세,경상
2020031900100184,2020년 3월 19일 13시,목요일,경상북도 포항시 북구 죽도동,경상사고,0,0,1,0,차대사람 - 기타,안전운전불이행,건조,맑음,단일로 - 기타,승용,여,54세,상해없음,보행자,남,35세,경상
2020031900100185,2020년 3월 19일 13시,목요일,경상북도 안동시 풍산읍,경상사고,0,0,1,0,차대차 - 측면충돌,안전운전불이행,건조,맑음,단일로 - 기타,이륜,남,77세,경상,화물,남,44세,상해없음
2020031900100209,2020년 3월 19일 14시,목요일,경상북도 김천시 덕곡동,경상사고,0,0,2,0,차대차 - 추돌,안전운전불이행,건조,맑음,교차로 - 교차로부근,승용,남,33세,상해없음,승용,남,69세,경상
2020031900100210,2020년 3월 19일 14시,목요일,경상북도 포항시 남구 인덕동,경상사고,0,0,3,0,차대차 - 추돌,안전운전불이행,건조,맑음,교차로 - 교차로안,승용,남,35세,상해없음,승용,여,55세,경상
2020031900100271,2020년 3월 19일 16시,목요일,경상북도 고령군 다산면,경상사고,0,0,3,0,차대차 - 추돌,안전운전불이행,건조,맑음,교차로 - 교차로안,화물,남,51세,경상,화물,여,56세,경상
2020031900100307,2020년 3월 19일 17시,목요일,경상북도 경주시 외동읍,경상사고,0,0,1,0,차대사람 - 차도통행중,안전운전불이행,건조,맑음,교차로 - 교차로안,승용,남,49세,상해없음,보행자,남,59세,경상
2020031900100349,2020년 3월 19일 18시,목요일,경상북도 경주시 양남면,중상사고,0,1,0,0,차량단독 - 도로외이탈 - 기타,안전운전불이행,건조,흐림,단일로 - 지하차도(도로)내,이륜,남,75세,중상,,,,
2020031900100389,2020년 3월 19일 19시,목요일,경상북도 칠곡군 왜관읍,경상사고,0,0,3,0,차대차 - 측면충돌,기타,건조,맑음,교차로 - 교차로안,승용,남,70세,경상,승용,여,45세,경상
2020031900100406,2020년 3월 19일 20시,목요일,경상북도 포항시 북구 우현동,경상사고,0,0,2,0,차대차 - 기타,안전운전불이행,건조,맑음,단일로 - 기타,승용,남,63세,상해없음,승용,남,39세,경상
2020031900100407,2020년 3월 19일 20시,목요일,경상북도 고령군 운수면,부상신고사고,0,0,0,1,차량단독 - 전도전복 - 전복,안전운전불이행,건조,맑음,단일로 - 기타,승용,남,62세,부상신고,,,,
2020031900100431,2020년 3월 19일 21시,목요일,경상북도 칠곡군 석적읍,경상사고,0,0,4,0,차대차 - 측면충돌,기타,건조,맑음,교차로 - 교차로안,승용,남,30세,상해없음,승용,남,33세,경상
2020031900100432,2020년 3월 19일 21시,목요일,경상북도 영천시 화남면,경상사고,0,0,1,0,차량단독 - 전도전복 - 전도,안전운전불이행,건조,맑음,단일로 - 기타,이륜,남,52세,경상,,,,
2020031900100446,2020년 3월 19일 22시,목요일,경상북도 칠곡군 동명면,중상사고,0,1,0,0,차대사람 - 차도통행중,안전운전불이행,건조,맑음,단일로 - 기타,승용,남,56세,상해없음,보행자,남,52세,중상
2020031900100461,2020년 3월 19일 23시,목요일,경상북도 상주시 낙양동,사망사고,1,0,0,0,차대사람 - 횡단중,안전운전불이행,건조,맑음,교차로 - 교차로횡단보도내,승용,남,44세,상해없음,보행자,남,56세,사망
2020031900100462,2020년 3월 19일 23시,목요일,경상북도 영주시 휴천동,경상사고,0,0,3,0,차대차 - 추돌,안전운전불이행,건조,맑음,단일로 - 기타,승용,남,49세,경상,화물,남,53세,경상
2020031900100463,2020년 3월 19일 23시,목요일,경상북도 영천시 쌍계동,경상사고,0,0,1,0,차량단독 - 도로외이탈 - 기타,안전운전불이행,건조,맑음,단일로 - 기타,승용,남,58세,경상,,,,
2020032000100070,2020년 3월 20일 06시,금요일,경상북도 경산시 자인면,경상사고,0,0,1,0,차대차 - 측면충돌,안전운전불이행,기타,맑음,단일로 - 기타,승용,여,44세,기타불명,화물,남,53세,경상
2020032000100081,2020년 3월 20일 07시,금요일,경상북도 구미시 임은동,중상사고,0,1,1,0,차대차 - 측면충돌,교차로운행방법위반,건조,맑음,교차로 - 교차로안,승용,남,34세,경상,화물,남,57세,중상
2020032000100113,2020년 3월 20일 08시,금요일,경상북도 경주시 용강동,중상사고,0,1,0,0,차대사람 - 횡단중,안전운전불이행,건조,맑음,교차로 - 교차로부근,승용,여,43세,상해없음,보행자,남,67세,중상
2020032000100114,2020년 3월 20일 08시,금요일,경상북도 예천군 예천읍,중상사고,0,1,0,0,차대차 - 측면충돌,안전운전불이행,건조,맑음,교차로 - 교차로안,승용,여,59세,상해없음,이륜,남,78세,중상
2020032000100141,2020년 3월 20일 09시,금요일,경상북도 김천시 개령면,중상사고,0,1,1,0,차대차 - 측면충돌,교차로운행방법위반,건조,맑음,교차로 - 교차로안,화물,남,34세,상해없음,승합,남,42세,경상
2020032000100142,2020년 3월 20일 09시,금요일,경상북도 구미시 송정동,경상사고,0,0,1,0,차대차 - 후진중충돌,안전운전불이행,건조,맑음,단일로 - 기타,승용,여,60세,상해없음,자전거,남,78세,경상
2020032000100165,2020년 3월 20일 10시,금요일,경상북도 칠곡군 왜관읍,중상사고,0,1,0,0,차대차 - 측면충돌,신호위반,건조,맑음,교차로 - 교차로안,이륜,남,83세,중상,승용,남,50세,상해없음
2020032000100166,2020년 3월 20일 10시,금요일,경상북도 칠곡군 동명면,경상사고,0,0,1,0,차대차 - 기타,안전운전불이행,건조,맑음,단일로 - 기타,화물,남,70세,상해없음,화물,남,52세,경상