사고번호,사고일시,요일,시군구,사고내용,사망자수,중상자수,경상자수,부상신고자수,사고유형,법규위반,노면상태,기상상태,도로형태,가해운전자 차종,가해운전자 성별,가해운전자 연령,가해운전자 상해정도,피해운전자 차종,피해운전자 성별,피해운전자 연령,피해운전자 상해정도
2020032000100167,2020년 3월 20일 10시,금요일,경상북도 성주군 용암면,중상사고,0,2,0,0,차량단독 - 전도전복 - 전복,과속,건조,맑음,단일로 - 기타,승용,남,77세,상해없음,,,,
2020032000100189,2020년 3월 20일 11시,금요일,경상북도 칠곡군 동명면,경상사고,0,0,1,0,차대차 - 측면충돌,안전운전불이행,건조,맑음,단일로 - 기타,화물,남,61세,상해없음,화물,남,39세,경상
2020032000100223,2020년 3월 20일 12시,금요일,경상북도 포항시 북구 대흥동,경상사고,0,0,1,0,차대사람 - 기타,안전운전불이행,건조,맑음,단일로 - 기타,자전거,여,67세,기타불명,보행자,남,3세,경상
2020032000100224,2020년 3월 20일 12시,금요일,경상북도 칠곡군 왜관읍,경상사고,0,0,1,0,차대차 - 추돌,안전운전불이행,건조,맑음,단일로 - 기타,화물,남,54세,상해없음,승용,남,28세,경상
2020032000100225,2020년 3월 20일 12시,금요일,경상북도 영덕군 영해면,중상사고,0,1,0,0,차대사람 - 차도통행중,안전운전불이행,건조,맑음,단일로 - 기타,승용,남,73세,상해없음,보행자,여,75세,중상
2020032000100226,2020년 3월 20일 12시,금요일,경상북도 포항시 남구 대잠동,경상사고,0,0,4,0,차대차 - 측면충돌,신호위반,건조,맑음,교차로 - 교차로안,승용,여,68세,상해없음,승합,남,41세,경상
2020032000100227,2020년 3월 20일 12시,금요일,경상북도 경산시 하양읍,중상사고,0,1,1,0,차대차 - 측면충돌,안전운전불이행,건조,맑음,단일로 - 기타,승용,여,47세,중상,승용,남,49세,상해없음
2020032000100297,2020년 3월 20일 14시,금요일,경상북도 경산시 하양읍,경상사고,0,0,1,0,차대차 - 기타,안전운전불이행,건조,맑음,교차로 - 교차로안,이륜,남,57세,경상,승용,남,35세,상해없음
2020032000100341,2020년 3월 20일 15시,금요일,경상북도 안동시 수상동,경상사고,0,0,3,0,차대차 - 기타,안전거리미확보,건조,맑음,단일로 - 기타,화물,남,38세,상해없음,승용,남,47세,경상
2020032000100342,2020년 3월 20일 15시,금요일,경상북도 칠곡군 왜관읍,경상사고,0,0,1,0,차대차 - 기타,차로위반,건조,맑음,교차로 - 교차로부근,이륜,남,80세,경상,승용,여,49세,상해없음
2020032000100343,2020년 3월 20일 15시,금요일,경상북도 울진군 온정면,중상사고,0,1,0,0,차대차 - 추돌,안전운전불이행,건조,맑음,단일로 - 교량,화물,남,63세,상해없음,농기계,남,77세,중상
2020032000100381,2020년 3월 20일 16시,금요일,경상북도 안동시 명륜동,경상사고,0,0,1,0,차대사람 - 횡단중,보행자보호의무위반,건조,맑음,단일로 - 기타,승용,여,25세,상해없음,보행자,여,54세,경상
2020032000100382,2020년 3월 20일 16시,금요일,경상북도 영천시 완산동,경상사고,0,0,2,0,차대차 - 측면충돌,교차로운행방법위반,건조,맑음,교차로 - 교차로안,승용,여,50세,경상,승용,남,65세,경상
2020032000100497,2020년 3월 20일 19시,금요일,경상북도 봉화군 봉성면,경상사고,0,0,1,1,차대차 - 기타,안전운전불이행,건조,맑음,단일로 - 기타,승용,남,21세,경상,화물,남,51세,부상신고
2020032100100026,2020년 3월 21일 01시,토요일,경상북도 경산시 정평동,중상사고,0,1,1,0,차대차 - 추돌,안전운전불이행,건조,맑음,단일로 - 기타,승용,남,58세,상해없음,승용,남,27세,경상
2020032100100094,2020년 3월 21일 07시,토요일,경상북도 봉화군 상운면,중상사고,0,1,1,0,차대차 - 측면충돌,기타,건조,맑음,교차로 - 교차로안,화물,남,58세,상해없음,화물,여,54세,경상
2020032100100107,2020년 3월 21일 08시,토요일,경상북도 영천시 망정동,경상사고,0,0,3,0,차대차 - 추돌,안전운전불이행,건조,맑음,교차로 - 교차로부근,화물,남,36세,상해없음,승용,여,33세,경상
2020032100100108,2020년 3월 21일 08시,토요일,경상북도 구미시 진평동,경상사고,0,0,3,0,차대차 - 측면충돌,직진우회전진행방해,건조,맑음,교차로 - 교차로안,승용,남,58세,경상,승용,남,24세,경상
2020032100100121,2020년 3월 21일 09시,토요일,경상북도 포항시 북구 장성동,경상사고,0,0,1,0,차대차 - 측면충돌,신호위반,건조,맑음,교차로 - 교차로안,승용,남,65세,상해없음,승용,남,60세,경상
2020032100100122,2020년 3월 21일 09시,토요일,경상북도 의성군 구천면,중상사고,0,1,0,0,차대차 - 추돌,안전운전불이행,건조,맑음,단일로 - 기타,화물,남,70세,상해없음,이륜,남,80세,중상
2020032100100155,2020년 3월 21일 10시,토요일,경상북도 구미시 옥계동,경상사고,0,0,2,0,차대차 - 기타,교차로운행방법위반,건조,맑음,교차로 - 교차로안,승용,남,32세,상해없음,승용,남,39세,경상
2020032100100156,2020년 3월 21일 10시,토요일,경상북도 포항시 남구 송내동,경상사고,0,0,2,0,차대차 - 기타,안전운전불이행,건조,맑음,단일로 - 기타,승용,여,49세,상해없음,승용,남,29세,경상
2020032100100193,2020년 3월 21일 11시,토요일,경상북도 포항시 남구 구룡포읍,중상사고,0,1,0,0,차대사람 - 기타,안전운전불이행,건조,맑음,단일로 - 기타,승용,남,47세,상해없음,보행자,여,71세,중상
2020032100100256,2020년 3월 21일 13시,토요일,경상북도 영천시 망정동,경상사고,0,0,1,0,차대차 - 추돌,안전운전불이행,건조,맑음,기타 - 기타,승용,남,55세,상해없음,승용,여,64세,경상
2020032100100291,2020년 3월 21일 14시,토요일,경상북도 청도군 운문면,중상사고,0,1,0,0,차량단독 - 공작물충돌,안전운전불이행,건조,맑음,단일로 - 기타,이륜,남,29세,중상,,,,
2020032100100332,2020년 3월 21일 15시,토요일,경상북도 포항시 북구 장성동,경상사고,0,0,2,0,차대차 - 측면충돌,안전운전불이행,건조,맑음,단일로 - 기타,승용,남,55세,경상,승용,여,32세,경상
2020032100100360,2020년 3월 21일 16시,토요일,경상북도 성주군 용암면,경상사고,0,0,1,0,차대차 - 측면충돌,신호위반,건조,맑음,교차로 - 교차로안,승용,남,36세,상해없음,화물,남,58세,경상
2020032100100361,2020년 3월 21일 16시,토요일,경상북도 고령군 다산면,중상사고,0,2,0,0,차대차 - 정면충돌,신호위반,건조,맑음,교차로 - 교차로안,승용,남,31세,중상,승용,남,39세,중상
2020032100100397,2020년 3월 21일 17시,토요일,경상북도 경주시 외동읍,경상사고,0,0,1,0,차대사람 - 기타,안전운전불이행,건조,맑음,기타 - 기타,승용,남,53세,상해없음,보행자,남,55세,경상
2020032100100398,2020년 3월 21일 17시,토요일,경상북도 포항시 북구 청하면,중상사고,0,1,1,0,차대차 - 기타,중앙선침범,건조,맑음,단일로 - 기타,승용,여,36세,상해없음,승용,남,45세,경상
2020032100100399,2020년 3월 21일 17시,토요일,경상북도 예천군 용문면,경상사고,0,0,4,0,차대차 - 추돌,안전운전불이행,건조,맑음,단일로 - 기타,화물,남,18세,상해없음,승용,여,48세,경상
2020032100100485,2020년 3월 21일 20시,토요일,경상북도 상주시 모서면,중상사고,0,1,1,0,차대차 - 측면충돌,교차로운행방법위반,건조,맑음,단일로 - 기타,화물,남,66세,상해없음,화물,남,56세,중상
2020032100100486,2020년 3월 21일 20시,토요일,경상북도 칠곡군 북삼읍,경상사고,0,0,1,0,차대차 - 기타,안전운전불이행,건조,기타,기타 - 기타,승용,여,40세,상해없음,화물,남,35세,상해없음
2020032100100487,2020년 3월 21일 20시,토요일,경상북도 영천시 임고면,경상사고,0,0,1,0,차량단독 - 전도전복 - 전도,안전운전불이행,건조,맑음,교차로 - 교차로부근,원동기,남,49세,경상,,,,
2020032100100488,2020년 3월 21일 20시,토요일,경상북도 포항시 남구 해도동,경상사고,0,0,1,0,차대사람 - 기타,안전운전불이행,건조,맑음,단일로 - 기타,승용,여,32세,상해없음,보행자,남,14세,경상
2020032100100511,2020년 3월 21일 21시,토요일,경상북도 경주시 성동동,중상사고,0,1,3,0,차대차 - 추돌,안전운전불이행,건조,맑음,교차로 - 교차로안,승용,남,31세,상해없음,승용,남,27세,중상
2020032100100512,2020년 3월 21일 21시,토요일,경상북도 포항시 남구 오천읍,경상사고,0,0,2,0,차대차 - 측면충돌,안전운전불이행,건조,맑음,단일로 - 기타,승용,여,25세,상해없음,이륜,남,20세,경상
2020032100100533,2020년 3월 21일 22시,토요일,경상북도 경주시 용강동,경상사고,0,0,1,0,차대차 - 기타,안전운전불이행,건조,맑음,교차로 - 교차로부근,승용,여,40세,상해없음,승용,여,24세,상해없음
2020032100100534,2020년 3월 21일 22시,토요일,경상북도 구미시 상모동,경상사고,0,0,1,0,차량단독 - 공작물충돌,안전운전불이행,건조,맑음,기타 - 기타,승용,여,43세,경상,,,,
2020032200100014,2020년 3월 22일 00시,일요일,경상북도 경주시 배반동,중상사고,0,1,0,0,차량단독 - 기타,안전운전불이행,건조,맑음,교차로 - 교차로부근,승용,여,27세,중상,,,,
2020032200100015,2020년 3월 22일 00시,일요일,경상북도 포항시 남구 상도동,중상사고,0,1,0,0,차대차 - 추돌,안전운전불이행,건조,맑음,교차로 - 교차로부근,승용,남,40세,상해없음,이륜,남,31세,중상
2020032200100030,2020년 3월 22일 01시,일요일,경상북도 구미시 도량동,중상사고,0,1,0,0,차대사람 - 횡단중,보행자보호의무위반,건조,맑음,단일로 - 기타,승용,남,48세,상해없음,보행자,남,42세,중상
2020032200100134,2020년 3월 22일 11시,일요일,경상북도 경산시 하양읍,중상사고,0,1,0,0,차량단독 - 전도전복 - 전도,안전운전불이행,건조,맑음,단일로 - 기타,이륜,남,39세,중상,,,,
2020032200100175,2020년 3월 22일 13시,일요일,경상북도 경주시 용강동,부상신고사고,0,0,0,1,차량단독 - 공작물충돌,안전운전불이행,건조,맑음,교차로 - 교차로안,승용,여,27세,부상신고,,,,
2020032200100176,2020년 3월 22일 13시,일요일,경상북도 구미시 남통동,중상사고,0,1,4,0,차대차 - 측면충돌,기타,건조,맑음,단일로 - 기타,승용,남,26세,상해없음,승용,남,46세,경상
2020032200100177,2020년 3월 22일 13시,일요일,경상북도 포항시 남구 구룡포읍,경상사고,0,0,1,0,차대차 - 기타,안전운전불이행,건조,맑음,단일로 - 기타,자전거,여,46세,경상,승용,남,62세,상해없음
2020032200100229,2020년 3월 22일 15시,일요일,경상북도 울진군 온정면,경상사고,0,0,1,0,차대차 - 측면충돌,안전운전불이행,건조,맑음,교차로 - 교차로안,화물,남,55세,상해없음,이륜,남,45세,경상
2020032200100257,2020년 3월 22일 16시,일요일,경상북도 구미시 해평면,경상사고,0,0,1,0,차대차 - 기타,안전운전불이행,건조,맑음,교차로 - 교차로안,원동기,남,70세,경상,승용,남,46세,상해없음
2020032200100310,2020년 3월 22일 18시,일요일,경상북도 김천시 황금동,중상사고,0,1,0,0,차대사람 - 기타,중앙선침범,건조,맑음,기타 - 기타,승용,남,53세,상해없음,보행자,남,84세,중상
2020032200100334,2020년 3월 22일 19시,일요일,경상북도 성주군 벽진면,경상사고,0,0,1,0,차대차 - 정면충돌,신호위반,건조,맑음,교차로 - 교차로안,승용,여,58세,상해없음,승용,남,52세,경상
2020032200100335,2020년 3월 22일 19시,일요일,경상북도 포항시 남구 오천읍,중상사고,0,1,0,0,차대차 - 측면충돌,직진우회전진행방해,건조,맑음,교차로 - 교차로안,승용,남,58세,상해없음,이륜,남,24세,중상
2020032200100336,2020년 3월 22일 19시,일요일,경상북도 상주시 화서면,경상사고,0,0,1,0,차대차 - 추돌,안전운전불이행,건조,맑음,단일로 - 기타,승용,남,25세,상해없음,화물,남,65세,경상
2020032200100358,2020년 3월 22일 20시,일요일,경상북도 경주시 안강읍,중상사고,0,1,0,0,차대사람 - 차도통행중,안전운전불이행,건조,맑음,단일로 - 기타,승용,남,36세,상해없음,보행자,여,65세,중상
2020032200100387,2020년 3월 22일 22시,일요일,경상북도 경주시 동천동,경상사고,0,0,2,0,차대차 - 측면충돌,안전운전불이행,건조,맑음,교차로 - 교차로안,승용,여,26세,상해없음,승용,남,44세,경상
2020032300100033,2020년 3월 23일 05시,월요일,경상북도 상주시 무양동,경상사고,0,0,1,0,차대사람 - 차도통행중,안전운전불이행,건조,맑음,단일로 - 기타,이륜,남,70세,경상,보행자,기타불명,미분류,기타불명
2020032300100034,2020년 3월 23일 05시,월요일,경상북도 문경시 공평동,경상사고,0,0,2,0,차대차 - 측면충돌,신호위반,건조,맑음,교차로 - 교차로안,승용,남,56세,경상,화물,남,59세,경상
2020032300100057,2020년 3월 23일 07시,월요일,경상북도 경주시 외동읍,중상사고,0,1,0,0,차대차 - 측면충돌,신호위반,건조,맑음,교차로 - 교차로안,승용,여,47세,상해없음,승용,여,44세,중상
2020032300100095,2020년 3월 23일 08시,월요일,경상북도 경주시 양북면,경상사고,0,0,1,0,차대차 - 측면충돌,안전운전불이행,건조,맑음,교차로 - 교차로안,승용,남,45세,경상,건설기계,남,62세,상해없음
2020032300100096,2020년 3월 23일 08시,월요일,경상북도 경주시 용강동,중상사고,0,1,0,0,차대차 - 측면충돌,안전운전불이행,건조,맑음,주차장 - 주차장,승용,여,52세,상해없음,자전거,여,61세,중상
2020032300100097,2020년 3월 23일 08시,월요일,경상북도 김천시 대항면,경상사고,0,0,2,0,차대차 - 측면충돌,교차로운행방법위반,건조,맑음,교차로 - 교차로안,승용,여,56세,경상,승용,여,25세,경상
2020032300100131,2020년 3월 23일 09시,월요일,경상북도 의성군 의성읍,중상사고,0,1,0,0,차대차 - 측면충돌,안전운전불이행,건조,맑음,교차로 - 교차로안,승용,여,37세,상해없음,자전거,남,84세,중상
2020032300100168,2020년 3월 23일 10시,월요일,경상북도 영주시 하망동,부상신고사고,0,0,0,1,차대차 - 측면충돌,안전운전불이행,건조,맑음,교차로 - 교차로부근,이륜,남,76세,부상신고,화물,남,60세,상해없음
2020032300100212,2020년 3월 23일 11시,월요일,경상북도 포항시 북구 창포동,중상사고,0,1,0,0,차대차 - 측면충돌,차로위반,건조,맑음,단일로 - 기타,승용,여,45세,상해없음,이륜,여,72세,중상
2020032300100213,2020년 3월 23일 11시,월요일,경상북도 안동시 목성동,경상사고,0,0,2,0,차대차 - 정면충돌,중앙선침범,건조,맑음,단일로 - 기타,승용,남,81세,경상,승용,여,66세,경상
2020032300100214,2020년 3월 23일 11시,월요일,경상북도 영천시 서산동,경상사고,0,0,1,0,차량단독 - 공작물충돌,안전운전불이행,건조,맑음,단일로 - 기타,승용,남,77세,상해없음,,,,
2020032300100215,2020년 3월 23일 11시,월요일,경상북도 경산시 정평동,경상사고,0,0,1,0,차대차 - 측면충돌,안전운전불이행,건조,맑음,단일로 - 기타,승용,여,58세,상해없음,자전거,남,51세,경상
2020032300100235,2020년 3월 23일 12시,월요일,경상북도 경주시 성동동,사망사고,1,0,0,0,차대사람 - 횡단중,안전운전불이행,건조,맑음,교차로 - 교차로안,화물,남,66세,상해없음,보행자,여,80세,사망
2020032300100236,2020년 3월 23일 12시,월요일,경상북도 안동시 북후면,경상사고,0,0,1,0,차대차 - 측면충돌,직진우회전진행방해,건조,맑음,교차로 - 교차로안,사륜오토바이(ATV),남,52세,경상,승합,남,41세,상해없음
2020032300100237,2020년 3월 23일 12시,월요일,경상북도 영주시 하망동,부상신고사고,0,0,0,1,차대차 - 기타,안전운전불이행,건조,맑음,교차로 - 교차로횡단보도내,승용,남,75세,상해없음,자전거,남,62세,부상신고
2020032300100262,2020년 3월 23일 13시,월요일,경상북도 경주시 외동읍,중상사고,0,1,1,0,차대차 - 측면충돌,신호위반,건조,맑음,교차로 - 교차로안,농기계,남,81세,중상,화물,남,34세,경상
2020032300100264,2020년 3월 23일 13시,월요일,경상북도 포항시 남구 연일읍,경상사고,0,0,1,0,차대차 - 추돌,안전운전불이행,건조,맑음,교차로 - 교차로부근,이륜,남,18세,상해없음,화물,남,44세,경상
2020032300100291,2020년 3월 23일 14시,월요일,경상북도 경주시 성동동,중상사고,0,1,0,0,차대사람 - 횡단중,보행자보호의무위반,건조,맑음,교차로 - 교차로횡단보도내,승용,여,52세,상해없음,보행자,여,48세,중상
2020032300100292,2020년 3월 23일 14시,월요일,경상북도 구미시 산동면,사망사고,1,0,0,0,차대사람 - 기타,안전운전불이행,건조,맑음,단일로 - 기타,화물,여,61세,상해없음,보행자,여,79세,사망
2020032300100358,2020년 3월 23일 16시,월요일,경상북도 경주시 신평동,경상사고,0,0,2,0,차대차 - 후진중충돌,안전운전불이행,건조,맑음,단일로 - 기타,승용,남,25세,상해없음,승용,남,25세,경상
2020032300100359,2020년 3월 23일 16시,월요일,경상북도 김천시 모암동,중상사고,0,1,0,0,차대차 - 측면충돌,교차로운행방법위반,건조,맑음,교차로 - 교차로부근,승용,남,49세,상해없음,이륜,여,65세,중상
2020032300100382,2020년 3월 23일 17시,월요일,경상북도 성주군 선남면,경상사고,0,0,1,0,차대차 - 측면충돌,안전운전불이행,건조,맑음,기타 - 기타,화물,남,55세,상해없음,승용,남,28세,경상
2020032300100383,2020년 3월 23일 17시,월요일,경상북도 구미시 구평동,경상사고,0,0,1,0,차대차 - 기타,안전운전불이행,건조,맑음,교차로 - 교차로횡단보도내,이륜,남,42세,상해없음,자전거,남,12세,경상
2020032300100425,2020년 3월 23일 18시,월요일,경상북도 포항시 북구 덕수동,경상사고,0,0,1,0,차대차 - 측면충돌,안전거리미확보,건조,맑음,단일로 - 기타,승용,남,33세,상해없음,승용,남,18세,경상
2020032300100426,2020년 3월 23일 18시,월요일,경상북도 안동시 옥동,부상신고사고,0,0,0,1,차대차 - 측면충돌,안전운전불이행,건조,맑음,교차로 - 교차로안,이륜,남,19세,부상신고,승용,여,18세,상해없음
2020032300100427,2020년 3월 23일 18시,월요일,경상북도 영천시 금호읍,경상사고,0,0,1,0,차대차 - 측면충돌,안전운전불이행,건조,맑음,교차로 - 교차로안,화물,남,49세,상해없음,승용,남,29세,경상
2020032300100428,2020년 3월 23일 18시,월요일,경상북도 포항시 남구 해도동,경상사고,0,0,1,0,차대차 - 측면충돌,안전운전불이행,건조,맑음,교차로 - 교차로안,기타불명,기타불명,미분류,기타불명,자전거,남,65세,경상
2020032300100453,2020년 3월 23일 19시,월요일,경상북도 포항시 북구 장성동,경상사고,0,0,1,0,차대차 - 추돌,안전운전불이행,건조,맑음,교차로 - 교차로부근,승용,남,21세,상해없음,승용,남,60세,경상
2020032300100454,2020년 3월 23일 19시,월요일,경상북도 포항시 북구 창포동,중상사고,0,1,0,0,차대차 - 측면충돌,교차로운행방법위반,건조,맑음,교차로 - 교차로안,화물,남,70세,상해없음,승용,여,60세,중상
2020032300100455,2020년 3월 23일 19시,월요일,경상북도 안동시 송현동,경상사고,0,0,1,0,차대차 - 추돌,안전운전불이행,건조,맑음,기타 - 기타,화물,남,55세,상해없음,승용,여,38세,경상
2020032300100456,2020년 3월 23일 19시,월요일,경상북도 구미시 원평동,부상신고사고,0,0,0,1,차대차 - 추돌,안전운전불이행,건조,맑음,단일로 - 기타,승용,여,25세,상해없음,승용,여,52세,부상신고
2020032300100501,2020년 3월 23일 20시,월요일,경상북도 포항시 북구 흥해읍,중상사고,0,1,1,0,차량단독 - 전도전복 - 전도,안전운전불이행,건조,맑음,단일로 - 기타,승용,남,18세,경상,,,,
2020032300100502,2020년 3월 23일 20시,월요일,경상북도 영주시 봉현면,경상사고,0,0,2,0,차대차 - 추돌,안전운전불이행,건조,맑음,단일로 - 기타,승용,남,41세,경상,화물,남,60세,기타불명
2020032300100503,2020년 3월 23일 20시,월요일,경상북도 고령군 성산면,중상사고,0,2,1,0,차대차 - 정면충돌,중앙선침범,건조,맑음,단일로 - 기타,승용,여,48세,상해없음,승용,남,41세,중상
2020032300100504,2020년 3월 23일 20시,월요일,경상북도 구미시 황상동,경상사고,0,0,1,1,차대차 - 추돌,안전거리미확보,건조,맑음,교차로 - 교차로부근,화물,남,36세,부상신고,승용,여,40세,경상
2020032300100530,2020년 3월 23일 21시,월요일,경상북도 포항시 남구 오천읍,중상사고,0,1,3,0,차대차 - 기타,안전운전불이행,건조,맑음,단일로 - 기타,원동기,남,36세,중상,승용,남,49세,경상
2020032300100551,2020년 3월 23일 22시,월요일,경상북도 칠곡군 북삼읍,중상사고,0,1,0,1,차대차 - 측면충돌,안전운전불이행,건조,맑음,단일로 - 기타,승용,남,31세,부상신고,승용,여,42세,중상
2020032400100011,2020년 3월 24일 00시,화요일,경상북도 포항시 북구 죽도동,경상사고,0,0,1,0,차대차 - 기타,직진우회전진행방해,건조,맑음,교차로 - 교차로안,승용,남,71세,상해없음,승용,남,69세,상해없음
2020032400100036,2020년 3월 24일 04시,화요일,경상북도 칠곡군 가산면,부상신고사고,0,0,0,1,차량단독 - 공작물충돌,안전운전불이행,건조,맑음,단일로 - 기타,승용,남,34세,부상신고,,,,
2020032400100037,2020년 3월 24일 04시,화요일,경상북도 구미시 인의동,부상신고사고,0,0,0,1,차대차 - 추돌,안전운전불이행,건조,맑음,단일로 - 기타,이륜,여,28세,부상신고,특수,남,30세,기타불명
2020032400100064,2020년 3월 24일 07시,화요일,경상북도 칠곡군 석적읍,경상사고,0,0,1,0,차대차 - 기타,교차로운행방법위반,건조,맑음,교차로 - 교차로안,특수,남,39세,상해없음,승용,남,40세,경상
2020032400100065,2020년 3월 24일 07시,화요일,경상북도 구미시 공단동,경상사고,0,0,1,0,차대차 - 정면충돌,신호위반,건조,맑음,교차로 - 교차로안,승용,남,23세,상해없음,승용,남,38세,경상
2020032400100101,2020년 3월 24일 08시,화요일,경상북도 울진군 죽변면,경상사고,0,0,1,0,차대차 - 측면충돌,교차로운행방법위반,건조,맑음,교차로 - 교차로안,승용,남,63세,상해없음,승용,여,32세,경상
2020032400100102,2020년 3월 24일 08시,화요일,경상북도 구미시 선산읍,경상사고,0,0,1,0,차대차 - 기타,교차로운행방법위반,건조,맑음,교차로 - 교차로안,승용,남,44세,상해없음,승용,여,58세,경상
2020032400100103,2020년 3월 24일 08시,화요일,경상북도 포항시 남구 지곡동,경상사고,0,0,2,0,차대차 - 기타,직진우회전진행방해,건조,맑음,교차로 - 교차로안,승용,여,43세,경상,화물,남,54세,경상
2020032400100126,2020년 3월 24일 09시,화요일,경상북도 성주군 선남면,경상사고,0,0,2,0,차대차 - 추돌,안전운전불이행,건조,맑음,교차로 - 교차로부근,화물,남,57세,상해없음,승용,여,59세,경상
2020032400100159,2020년 3월 24일 10시,화요일,경상북도 포항시 북구 송라면,경상사고,0,0,1,0,차대차 - 기타,신호위반,건조,맑음,교차로 - 교차로안,건설기계,남,53세,상해없음,승용,여,45세,경상
2020032400100161,2020년 3월 24일 10시,화요일,경상북도 영주시 풍기읍,경상사고,0,0,1,0,차량단독 - 공작물충돌,안전운전불이행,건조,맑음,단일로 - 기타,화물,여,54세,상해없음,,,,
2020032400100190,2020년 3월 24일 11시,화요일,경상북도 영주시 휴천동,경상사고,0,0,2,0,차대차 - 기타,교차로운행방법위반,건조,맑음,교차로 - 교차로안,승용,남,79세,경상,승용,여,58세,경상
2020032400100191,2020년 3월 24일 11시,화요일,경상북도 문경시 점촌동,중상사고,0,1,0,0,차대차 - 정면충돌,안전운전불이행,건조,맑음,교차로 - 교차로부근,이륜,남,18세,상해없음,자전거,남,76세,중상
2020032400100220,2020년 3월 24일 12시,화요일,경상북도 포항시 남구 대잠동,경상사고,0,0,2,0,차대차 - 측면충돌,교차로운행방법위반,건조,맑음,교차로 - 교차로안,승용,여,47세,상해없음,승용,남,27세,경상
2020032400100243,2020년 3월 24일 13시,화요일,경상북도 경주시 성동동,경상사고,0,0,2,0,차대차 - 측면충돌,안전운전불이행,건조,맑음,단일로 - 지하차도(도로)내,승용,여,52세,경상,승용,남,21세,경상
2020032400100244,2020년 3월 24일 13시,화요일,경상북도 영덕군 영덕읍,경상사고,0,0,1,0,차대차 - 측면충돌,교차로운행방법위반,건조,맑음,교차로 - 교차로안,특수,남,30세,상해없음,승용,남,53세,경상
2020032400100283,2020년 3월 24일 14시,화요일,경상북도 구미시 선산읍,경상사고,0,0,1,0,차대차 - 기타,안전거리미확보,건조,맑음,교차로 - 교차로부근,건설기계,남,52세,상해없음,승용,남,49세,경상
2020032400100323,2020년 3월 24일 15시,화요일,경상북도 영덕군 영해면,경상사고,0,0,1,0,차대차 - 측면충돌,직진우회전진행방해,건조,맑음,교차로 - 교차로안,승용,남,54세,상해없음,승용,여,66세,경상
2020032400100324,2020년 3월 24일 15시,화요일,경상북도 포항시 남구 오천읍,중상사고,0,1,0,0,차대차 - 기타,안전운전불이행,건조,맑음,단일로 - 기타,승용,여,37세,상해없음,이륜,남,20세,중상
2020032400100352,2020년 3월 24일 16시,화요일,경상북도 의성군 사곡면,경상사고,0,0,2,0,차대차 - 측면충돌,안전운전불이행,건조,맑음,단일로 - 기타,화물,남,60세,상해없음,승용,남,56세,경상
2020032400100353,2020년 3월 24일 16시,화요일,경상북도 영주시 영주동,경상사고,0,0,1,0,차대사람 - 기타,안전운전불이행,건조,맑음,교차로 - 교차로안,승용,여,57세,상해없음,보행자,여,79세,경상
2020032400100354,2020년 3월 24일 16시,화요일,경상북도 포항시 남구 해도동,경상사고,0,0,1,0,차대사람 - 기타,보행자보호의무위반,건조,맑음,단일로 - 기타,승용,남,54세,상해없음,보행자,남,54세,경상
2020032400100394,2020년 3월 24일 17시,화요일,경상북도 김천시 신음동,경상사고,0,0,1,0,차대차 - 측면충돌,안전운전불이행,건조,맑음,단일로 - 기타,화물,남,58세,상해없음,이륜,남,63세,경상
2020032400100395,2020년 3월 24일 17시,화요일,경상북도 포항시 남구 청림동,중상사고,0,1,0,0,차량단독 - 공작물충돌,안전운전불이행,건조,맑음,단일로 - 기타,화물,남,61세,중상,,,,
2020032400100423,2020년 3월 24일 18시,화요일,경상북도 경주시 황오동,중상사고,0,1,2,0,차대차 - 측면충돌,신호위반,건조,맑음,교차로 - 교차로안,승용,남,36세,경상,승용,남,65세,중상
2020032400100424,2020년 3월 24일 18시,화요일,경상북도 포항시 북구 흥해읍,중상사고,0,1,0,0,차대사람 - 차도통행중,안전운전불이행,건조,맑음,단일로 - 기타,승용,여,24세,상해없음,보행자,여,81세,중상
2020032400100425,2020년 3월 24일 18시,화요일,경상북도 안동시 태화동,경상사고,0,0,1,0,차대차 - 측면충돌,신호위반,건조,맑음,교차로 - 교차로안,이륜,남,50세,경상,승용,남,32세,상해없음
2020032400100426,2020년 3월 24일 18시,화요일,경상북도 경산시 중방동,중상사고,0,1,0,0,차대차 - 측면충돌,안전운전불이행,건조,맑음,교차로 - 교차로부근,자전거,남,78세,중상,승용,남,63세,상해없음
2020032400100471,2020년 3월 24일 19시,화요일,경상북도 경주시 노동동,경상사고,0,0,2,0,차대차 - 측면충돌,안전운전불이행,건조,맑음,교차로 - 교차로안,승용,남,58세,상해없음,이륜,남,18세,경상
2020032400100472,2020년 3월 24일 19시,화요일,경상북도 경산시 정평동,경상사고,0,0,2,0,차대차 - 추돌,안전거리미확보,건조,맑음,단일로 - 기타,승용,여,56세,상해없음,승용,남,31세,경상
2020032400100497,2020년 3월 24일 20시,화요일,경상북도 경주시 시래동,경상사고,0,0,2,0,차대차 - 추돌,안전운전불이행,건조,맑음,단일로 - 기타,승용,남,59세,상해없음,승용,남,66세,경상
2020032400100498,2020년 3월 24일 20시,화요일,경상북도 김천시 율곡동,경상사고,0,0,1,0,차대차 - 측면충돌,안전거리미확보,건조,기타,교차로 - 교차로횡단보도내,승용,남,18세,상해없음,승용,남,34세,경상