사고번호,사고일시,요일,시군구,사고내용,사망자수,중상자수,경상자수,부상신고자수,사고유형,법규위반,노면상태,기상상태,도로형태,가해운전자 차종,가해운전자 성별,가해운전자 연령,가해운전자 상해정도,피해운전자 차종,피해운전자 성별,피해운전자 연령,피해운전자 상해정도
2020032800100207,2020년 3월 28일 12시,토요일,경상북도 포항시 남구 대도동,경상사고,0,0,1,0,차대차 - 추돌,안전거리미확보,건조,맑음,교차로 - 교차로부근,승용,남,51세,상해없음,이륜,남,42세,경상
2020032800100237,2020년 3월 28일 13시,토요일,경상북도 영천시 대창면,중상사고,0,1,1,0,차대차 - 측면충돌,중앙선침범,건조,맑음,단일로 - 기타,화물,남,67세,상해없음,이륜,남,80세,경상
2020032800100238,2020년 3월 28일 13시,토요일,경상북도 구미시 원평동,경상사고,0,0,1,0,차대차 - 기타,교차로운행방법위반,건조,맑음,교차로 - 교차로안,승용,남,42세,상해없음,승용,여,50세,경상
2020032800100256,2020년 3월 28일 14시,토요일,경상북도 포항시 북구 학산동,부상신고사고,0,0,0,2,차대차 - 후진중충돌,안전운전불이행,건조,맑음,단일로 - 기타,승용,여,28세,상해없음,이륜,남,18세,부상신고
2020032800100257,2020년 3월 28일 14시,토요일,경상북도 칠곡군 왜관읍,경상사고,0,0,1,0,차대차 - 측면충돌,안전운전불이행,건조,맑음,교차로 - 교차로부근,화물,남,71세,상해없음,승용,여,55세,경상
2020032800100258,2020년 3월 28일 14시,토요일,경상북도 경산시 압량면,경상사고,0,0,1,0,차대차 - 측면충돌,안전운전불이행,건조,맑음,단일로 - 기타,화물,남,59세,상해없음,승용,남,71세,경상
2020032800100259,2020년 3월 28일 14시,토요일,경상북도 구미시 옥계동,중상사고,0,1,0,0,차대사람 - 기타,안전운전불이행,건조,맑음,기타 - 기타,승용,여,51세,상해없음,보행자,남,57세,중상
2020032800100294,2020년 3월 28일 15시,토요일,경상북도 경주시 구황동,경상사고,0,0,1,0,차대차 - 추돌,안전거리미확보,건조,흐림,단일로 - 지하차도(도로)내,승용,남,27세,상해없음,승용,여,52세,경상
2020032800100295,2020년 3월 28일 15시,토요일,경상북도 포항시 북구 용흥동,경상사고,0,0,1,0,차대차 - 후진중충돌,안전운전불이행,건조,맑음,단일로 - 기타,승용,여,48세,상해없음,승용,여,30세,경상
2020032800100346,2020년 3월 28일 17시,토요일,경상북도 안동시 일직면,경상사고,0,0,1,0,차대차 - 측면충돌,기타,건조,맑음,교차로 - 교차로안,승용,남,49세,상해없음,승용,남,61세,상해없음
2020032800100347,2020년 3월 28일 17시,토요일,경상북도 영천시 금호읍,경상사고,0,0,1,0,차량단독 - 기타,안전운전불이행,건조,맑음,단일로 - 기타,승용,여,54세,경상,,,,
2020032800100348,2020년 3월 28일 17시,토요일,경상북도 경산시 대동,경상사고,0,0,1,0,차대차 - 측면충돌,신호위반,건조,맑음,교차로 - 교차로안,이륜,남,16세,상해없음,이륜,남,27세,경상
2020032800100376,2020년 3월 28일 18시,토요일,경상북도 봉화군 봉화읍,경상사고,0,0,1,1,차량단독 - 도로외이탈 - 추락,안전운전불이행,건조,맑음,단일로 - 기타,승용,여,62세,경상,,,,
2020032800100412,2020년 3월 28일 19시,토요일,경상북도 칠곡군 지천면,경상사고,0,0,3,0,차대차 - 추돌,안전운전불이행,건조,맑음,단일로 - 기타,승용,남,61세,상해없음,승합,남,65세,경상
2020032800100413,2020년 3월 28일 19시,토요일,경상북도 경산시 압량면,경상사고,0,0,1,0,차대차 - 측면충돌,안전운전불이행,건조,맑음,교차로 - 교차로안,승용,남,36세,기타불명,승용,남,36세,경상
2020032800100442,2020년 3월 28일 20시,토요일,경상북도 김천시 율곡동,경상사고,0,0,4,0,차대차 - 측면충돌,차로위반,건조,맑음,단일로 - 기타,화물,남,59세,상해없음,승용,여,39세,경상
2020032800100443,2020년 3월 28일 20시,토요일,경상북도 김천시 신음동,경상사고,0,0,1,0,차대차 - 측면충돌,신호위반,건조,맑음,교차로 - 교차로안,이륜,남,36세,경상,승용,남,20세,상해없음
2020032800100444,2020년 3월 28일 20시,토요일,경상북도 고령군 성산면,경상사고,0,0,1,0,차대사람 - 차도통행중,안전운전불이행,건조,맑음,단일로 - 기타,이륜,남,63세,상해없음,보행자,여,44세,경상
2020032800100473,2020년 3월 28일 21시,토요일,경상북도 영천시 금호읍,경상사고,0,0,3,0,차대차 - 추돌,안전운전불이행,건조,맑음,교차로 - 교차로부근,승용,남,55세,상해없음,승용,남,54세,경상
2020032800100495,2020년 3월 28일 22시,토요일,경상북도 영천시 창구동,부상신고사고,0,0,0,1,차대차 - 측면충돌,안전운전불이행,건조,맑음,단일로 - 기타,승용,남,48세,부상신고,화물,기타불명,미분류,기타불명
2020032800100496,2020년 3월 28일 22시,토요일,경상북도 포항시 남구 오천읍,경상사고,0,0,1,0,차대차 - 정면충돌,중앙선침범,건조,맑음,교차로 - 교차로안,승용,남,42세,상해없음,승용,여,42세,경상
2020032900100010,2020년 3월 29일 00시,일요일,경상북도 안동시 금곡동,경상사고,0,0,1,0,차량단독 - 공작물충돌,안전운전불이행,건조,맑음,단일로 - 기타,화물,남,46세,경상,,,,
2020032900100011,2020년 3월 29일 00시,일요일,경상북도 칠곡군 석적읍,부상신고사고,0,0,0,1,차량단독 - 공작물충돌,안전운전불이행,건조,맑음,교차로 - 교차로안,승용,남,26세,부상신고,,,,
2020032900100012,2020년 3월 29일 00시,일요일,경상북도 구미시 공단동,경상사고,0,0,4,0,차대차 - 기타,안전운전불이행,건조,맑음,교차로 - 교차로부근,승용,남,57세,상해없음,승용,남,37세,경상
2020032900100066,2020년 3월 29일 05시,일요일,경상북도 경산시 진량읍,중상사고,0,1,0,0,차대차 - 측면충돌,교차로운행방법위반,건조,맑음,교차로 - 교차로안,승용,남,24세,상해없음,승용,남,27세,중상
2020032900100067,2020년 3월 29일 05시,일요일,경상북도 성주군 초전면,경상사고,0,0,1,0,차량단독 - 공작물충돌,안전운전불이행,건조,맑음,단일로 - 기타,승용,남,37세,경상,,,,
2020032900100084,2020년 3월 29일 08시,일요일,경상북도 경주시 현곡면,중상사고,0,1,0,0,차대차 - 정면충돌,중앙선침범,건조,맑음,교차로 - 교차로부근,승용,남,18세,상해없음,승용,여,46세,중상
2020032900100092,2020년 3월 29일 09시,일요일,경상북도 봉화군 명호면,중상사고,0,1,0,0,차대사람 - 기타,안전운전불이행,건조,맑음,주차장 - 주차장,승용,여,66세,상해없음,보행자,여,48세,중상
2020032900100093,2020년 3월 29일 09시,일요일,경상북도 구미시 남통동,경상사고,0,0,1,0,차대차 - 추돌,안전운전불이행,건조,맑음,단일로 - 기타,원동기,남,24세,경상,승용,남,55세,상해없음
2020032900100127,2020년 3월 29일 11시,일요일,경상북도 의성군 봉양면,중상사고,0,1,0,0,차량단독 - 전도전복 - 전도,안전운전불이행,건조,맑음,기타 - 기타,승용,남,60세,상해없음,,,,
2020032900100163,2020년 3월 29일 13시,일요일,경상북도 상주시 서문동,경상사고,0,0,1,0,차대차 - 측면충돌,안전운전불이행,건조,맑음,교차로 - 교차로부근,승용,남,34세,상해없음,이륜,남,23세,경상
2020032900100191,2020년 3월 29일 14시,일요일,경상북도 경산시 삼북동,중상사고,0,1,0,0,차대차 - 측면충돌,교차로운행방법위반,건조,맑음,교차로 - 교차로안,승용,여,33세,상해없음,이륜,남,25세,중상
2020032900100192,2020년 3월 29일 14시,일요일,경상북도 구미시 원평동,중상사고,0,1,2,1,차대차 - 측면충돌,교차로운행방법위반,건조,맑음,교차로 - 교차로안,승용,남,37세,부상신고,승용,여,48세,경상
2020032900100247,2020년 3월 29일 16시,일요일,경상북도 청도군 운문면,사망사고,1,0,2,0,차대차 - 측면충돌,중앙선침범,건조,맑음,단일로 - 지하차도(도로)내,이륜,남,22세,사망,승용,남,35세,경상
2020032900100271,2020년 3월 29일 17시,일요일,경상북도 구미시 사곡동,경상사고,0,0,6,1,차대차 - 추돌,안전운전불이행,건조,맑음,단일로 - 기타,승용,남,22세,상해없음,승용,여,42세,경상
2020032900100297,2020년 3월 29일 18시,일요일,경상북도 청도군 청도읍,경상사고,0,0,1,0,차대차 - 추돌,안전거리미확보,건조,맑음,교차로 - 교차로부근,화물,남,55세,상해없음,승용,남,48세,경상
2020032900100351,2020년 3월 29일 21시,일요일,경상북도 안동시 운안동,중상사고,0,1,0,0,차대차 - 측면충돌,중앙선침범,건조,맑음,단일로 - 기타,화물,남,77세,상해없음,이륜,남,30세,중상
2020032900100352,2020년 3월 29일 21시,일요일,경상북도 청송군 진보면,중상사고,0,1,0,0,차대사람 - 길가장자리구역통행중,안전운전불이행,건조,맑음,단일로 - 기타,승용,남,26세,상해없음,보행자,남,45세,중상
2020032900100353,2020년 3월 29일 21시,일요일,경상북도 구미시 원평동,경상사고,0,0,3,0,차대차 - 추돌,안전운전불이행,건조,맑음,교차로 - 교차로부근,승용,남,37세,상해없음,승용,여,36세,경상
2020033000100007,2020년 3월 30일 00시,월요일,경상북도 울진군 평해읍,경상사고,0,0,1,0,차대차 - 추돌,안전운전불이행,건조,맑음,교차로 - 교차로부근,승용,남,50세,상해없음,화물,남,25세,경상
2020033000100034,2020년 3월 30일 05시,월요일,경상북도 성주군 선남면,경상사고,0,0,1,0,차량단독 - 기타,안전운전불이행,건조,맑음,단일로 - 기타,이륜,남,40세,경상,,,,
2020033000100035,2020년 3월 30일 05시,월요일,경상북도 구미시 선산읍,중상사고,0,1,0,0,차량단독 - 기타,안전운전불이행,건조,맑음,교차로 - 교차로부근,승용,남,70세,중상,,,,
2020033000100042,2020년 3월 30일 06시,월요일,경상북도 포항시 북구 흥해읍,중상사고,0,1,0,0,차대차 - 측면충돌,교차로운행방법위반,건조,맑음,교차로 - 교차로안,승용,남,27세,상해없음,원동기,남,44세,중상
2020033000100057,2020년 3월 30일 07시,월요일,경상북도 경주시 현곡면,경상사고,0,0,1,0,차대차 - 측면충돌,신호위반,건조,맑음,교차로 - 교차로안,승용,남,35세,상해없음,승용,남,38세,경상
2020033000100058,2020년 3월 30일 07시,월요일,경상북도 예천군 유천면,중상사고,0,1,0,0,차량단독 - 공작물충돌,안전운전불이행,건조,맑음,단일로 - 기타,승용,여,49세,중상,,,,
2020033000100059,2020년 3월 30일 07시,월요일,경상북도 포항시 남구 대도동,경상사고,0,0,1,0,차대차 - 측면충돌,신호위반,건조,맑음,교차로 - 교차로안,승용,남,66세,상해없음,승용,남,46세,경상
2020033000100090,2020년 3월 30일 08시,월요일,경상북도 의성군 의성읍,경상사고,0,0,3,0,차대차 - 추돌,직진우회전진행방해,건조,맑음,교차로 - 교차로안,화물,남,48세,경상,승용,남,33세,경상
2020033000100091,2020년 3월 30일 08시,월요일,경상북도 경산시 진량읍,경상사고,0,0,1,0,차대사람 - 횡단중,보행자보호의무위반,건조,맑음,교차로 - 교차로횡단보도내,승합,남,60세,상해없음,보행자,여,38세,경상
2020033000100092,2020년 3월 30일 08시,월요일,경상북도 봉화군 봉화읍,경상사고,0,0,1,0,차대차 - 후진중충돌,안전운전불이행,건조,맑음,기타 - 기타,승용,남,81세,상해없음,승용,여,38세,경상
2020033000100150,2020년 3월 30일 10시,월요일,경상북도 포항시 남구 효자동,경상사고,0,0,2,0,차대차 - 측면충돌,직진우회전진행방해,건조,맑음,교차로 - 교차로안,승용,남,39세,상해없음,승용,여,36세,경상
2020033000100176,2020년 3월 30일 11시,월요일,경상북도 성주군 벽진면,중상사고,0,1,1,0,차대차 - 추돌,안전운전불이행,건조,맑음,단일로 - 기타,이륜,남,85세,상해없음,이륜,남,77세,중상
2020033000100208,2020년 3월 30일 12시,월요일,경상북도 포항시 북구 두호동,부상신고사고,0,0,0,1,차대차 - 측면충돌,신호위반,건조,맑음,교차로 - 교차로안,승용,남,63세,상해없음,이륜,남,38세,부상신고
2020033000100209,2020년 3월 30일 12시,월요일,경상북도 포항시 북구 남빈동,경상사고,0,0,2,0,차대차 - 측면충돌,신호위반,건조,맑음,교차로 - 교차로안,승용,여,55세,상해없음,승용,남,59세,경상
2020033000100210,2020년 3월 30일 12시,월요일,경상북도 상주시 남성동,경상사고,0,0,1,0,차대차 - 측면충돌,안전운전불이행,건조,맑음,단일로 - 기타,화물,남,44세,상해없음,승용,남,19세,상해없음
2020033000100211,2020년 3월 30일 12시,월요일,경상북도 칠곡군 동명면,경상사고,0,0,1,0,차대차 - 기타,안전거리미확보,건조,맑음,단일로 - 기타,자전거,남,25세,경상,승용,남,63세,상해없음
2020033000100212,2020년 3월 30일 12시,월요일,경상북도 구미시 남통동,중상사고,0,3,0,0,차대차 - 기타,기타,건조,맑음,단일로 - 기타,승용,남,77세,상해없음,승용,여,34세,중상
2020033000100239,2020년 3월 30일 13시,월요일,경상북도 경주시 시래동,경상사고,0,0,1,0,차대차 - 추돌,안전운전불이행,건조,맑음,단일로 - 기타,화물,남,65세,상해없음,승용,여,48세,경상
2020033000100240,2020년 3월 30일 13시,월요일,경상북도 포항시 북구 죽도동,경상사고,0,0,1,0,차대사람 - 기타,안전운전불이행,건조,맑음,단일로 - 기타,승용,여,49세,상해없음,보행자,남,34세,경상
2020033000100241,2020년 3월 30일 13시,월요일,경상북도 구미시 옥계동,중상사고,0,1,0,0,차대차 - 기타,안전운전불이행,건조,맑음,단일로 - 기타,화물,남,69세,상해없음,화물,남,44세,중상
2020033000100276,2020년 3월 30일 14시,월요일,경상북도 경주시 외동읍,중상사고,0,1,0,0,차대차 - 측면충돌,중앙선침범,건조,맑음,교차로 - 교차로안,화물,남,60세,상해없음,승용,여,54세,중상
2020033000100277,2020년 3월 30일 14시,월요일,경상북도 상주시 화남면,경상사고,0,0,1,0,차대사람 - 길가장자리구역통행중,안전운전불이행,건조,맑음,단일로 - 기타,화물,남,65세,상해없음,보행자,남,61세,경상
2020033000100311,2020년 3월 30일 15시,월요일,경상북도 포항시 북구 동빈2가,중상사고,0,2,0,0,차대차 - 측면충돌,신호위반,건조,맑음,교차로 - 교차로안,승용,여,49세,상해없음,승용,남,65세,중상
2020033000100344,2020년 3월 30일 16시,월요일,경상북도 영천시 오수동,경상사고,0,0,1,0,차대차 - 측면충돌,안전운전불이행,건조,맑음,단일로 - 기타,화물,남,52세,상해없음,화물,남,48세,경상
2020033000100411,2020년 3월 30일 18시,월요일,경상북도 경주시 성건동,중상사고,0,1,0,0,차대차 - 기타,안전운전불이행,건조,맑음,교차로 - 교차로부근,자전거,남,68세,상해없음,자전거,남,46세,중상
2020033000100412,2020년 3월 30일 18시,월요일,경상북도 포항시 북구 흥해읍,중상사고,0,1,0,0,차량단독 - 공작물충돌,안전운전불이행,건조,맑음,단일로 - 기타,승용,남,66세,중상,,,,
2020033000100413,2020년 3월 30일 18시,월요일,경상북도 상주시 공성면,중상사고,0,1,0,0,차대차 - 측면충돌,교차로운행방법위반,건조,맑음,교차로 - 교차로안,승용,남,52세,상해없음,이륜,여,59세,중상
2020033000100414,2020년 3월 30일 18시,월요일,경상북도 문경시 모전동,경상사고,0,0,1,0,차대차 - 추돌,기타,건조,맑음,교차로 - 교차로안,이륜,남,26세,경상,승용,남,63세,상해없음
2020033000100489,2020년 3월 30일 20시,월요일,경상북도 포항시 북구 죽도동,경상사고,0,0,1,0,차대차 - 측면충돌,안전운전불이행,건조,맑음,단일로 - 기타,승용,남,41세,상해없음,승용,남,64세,경상
2020033000100534,2020년 3월 30일 23시,월요일,경상북도 김천시 신음동,경상사고,0,0,1,0,차대차 - 측면충돌,차로위반,건조,맑음,단일로 - 기타,승용,남,22세,상해없음,승용,남,40세,경상
2020033100100005,2020년 3월 31일 00시,화요일,경상북도 경산시 삼풍동,경상사고,0,0,1,0,차대차 - 기타,안전운전불이행,건조,맑음,교차로 - 교차로안,승용,남,60세,상해없음,이륜,남,38세,경상
2020033100100006,2020년 3월 31일 00시,화요일,경상북도 구미시 원평동,경상사고,0,0,1,0,차대차 - 정면충돌,중앙선침범,건조,맑음,단일로 - 기타,승용,남,36세,상해없음,화물,남,64세,경상
2020033100100015,2020년 3월 31일 02시,화요일,경상북도 구미시 사곡동,중상사고,0,1,0,0,차대차 - 측면충돌,중앙선침범,건조,맑음,단일로 - 기타,승용,남,37세,중상,화물,남,56세,상해없음
2020033100100034,2020년 3월 31일 05시,화요일,경상북도 경주시 탑동,경상사고,0,0,1,0,차대차 - 측면충돌,안전운전불이행,건조,맑음,교차로 - 교차로안,화물,남,58세,상해없음,승용,여,55세,경상
2020033100100035,2020년 3월 31일 05시,화요일,경상북도 경산시 상방동,경상사고,0,0,1,0,차대차 - 측면충돌,차로위반,건조,맑음,단일로 - 기타,화물,남,47세,상해없음,화물,남,57세,경상
2020033100100036,2020년 3월 31일 05시,화요일,경상북도 포항시 남구 해도동,경상사고,0,0,2,0,차대차 - 측면충돌,안전운전불이행,건조,맑음,교차로 - 교차로안,이륜,남,73세,경상,이륜,남,61세,경상
2020033100100063,2020년 3월 31일 07시,화요일,경상북도 영천시 북안면,중상사고,0,1,0,0,차대차 - 측면충돌,교차로운행방법위반,건조,맑음,교차로 - 교차로안,승용,여,53세,상해없음,농기계,남,57세,중상
2020033100100088,2020년 3월 31일 08시,화요일,경상북도 안동시 운흥동,중상사고,0,1,0,0,차대차 - 추돌,안전운전불이행,건조,흐림,단일로 - 기타,승용,여,28세,상해없음,승용,여,33세,중상
2020033100100089,2020년 3월 31일 08시,화요일,경상북도 경산시 중방동,경상사고,0,0,1,0,차대차 - 기타,안전운전불이행,건조,맑음,단일로 - 기타,화물,남,52세,상해없음,승용,남,41세,경상
2020033100100116,2020년 3월 31일 09시,화요일,경상북도 경주시 용강동,경상사고,0,0,1,0,차대차 - 측면충돌,안전운전불이행,건조,맑음,교차로 - 교차로부근,승용,남,68세,상해없음,승용,남,38세,경상
2020033100100117,2020년 3월 31일 09시,화요일,경상북도 영주시 휴천동,경상사고,0,0,2,0,차대차 - 측면충돌,안전운전불이행,건조,맑음,단일로 - 기타,자전거,남,78세,경상,승용,여,37세,경상
2020033100100118,2020년 3월 31일 09시,화요일,경상북도 영주시 봉현면,경상사고,0,0,1,0,차대차 - 기타,안전운전불이행,건조,맑음,교차로 - 교차로안,화물,남,73세,상해없음,승용,남,61세,경상
2020033100100151,2020년 3월 31일 10시,화요일,경상북도 안동시 남선면,경상사고,0,0,2,0,차대차 - 정면충돌,안전운전불이행,건조,맑음,단일로 - 기타,화물,남,58세,경상,화물,남,28세,경상
2020033100100152,2020년 3월 31일 10시,화요일,경상북도 김천시 감문면,중상사고,0,1,2,0,차대차 - 측면충돌,교차로운행방법위반,건조,맑음,교차로 - 교차로안,승용,남,66세,경상,승용,남,37세,경상
2020033100100153,2020년 3월 31일 10시,화요일,경상북도 칠곡군 약목면,중상사고,0,1,0,0,차대차 - 측면충돌,안전운전불이행,건조,맑음,단일로 - 기타,승용,여,60세,상해없음,이륜,남,84세,중상
2020033100100154,2020년 3월 31일 10시,화요일,경상북도 포항시 남구 상도동,경상사고,0,0,1,0,차대차 - 기타,안전운전불이행,건조,맑음,단일로 - 기타,화물,남,53세,상해없음,승용,남,49세,경상
2020033100100155,2020년 3월 31일 10시,화요일,경상북도 포항시 남구 대송면,경상사고,0,0,1,0,차량단독 - 기타,안전운전불이행,건조,맑음,단일로 - 기타,승용,여,38세,경상,,,,
2020033100100188,2020년 3월 31일 11시,화요일,경상북도 문경시 흥덕동,경상사고,0,0,1,0,차대차 - 측면충돌,안전운전불이행,건조,맑음,교차로 - 교차로안,화물,남,68세,상해없음,이륜,남,67세,경상
2020033100100210,2020년 3월 31일 12시,화요일,경상북도 김천시 대광동,중상사고,0,1,0,0,차대차 - 기타,교차로운행방법위반,건조,맑음,교차로 - 교차로안,승용,남,29세,상해없음,이륜,남,54세,중상
2020033100100211,2020년 3월 31일 12시,화요일,경상북도 구미시 공단동,중상사고,0,1,1,0,차대차 - 추돌,안전운전불이행,건조,맑음,교차로 - 교차로안,승합,여,45세,상해없음,화물,남,47세,중상
2020033100100273,2020년 3월 31일 14시,화요일,경상북도 영덕군 영덕읍,경상사고,0,0,2,0,차대차 - 측면충돌,직진우회전진행방해,건조,맑음,교차로 - 교차로안,화물,남,63세,경상,승용,여,54세,경상
2020033100100274,2020년 3월 31일 14시,화요일,경상북도 예천군 호명면,경상사고,0,0,1,1,차대차 - 측면충돌,교차로운행방법위반,건조,맑음,교차로 - 교차로안,승용,남,73세,부상신고,승용,남,51세,경상
2020033100100304,2020년 3월 31일 15시,화요일,경상북도 경산시 중방동,경상사고,0,0,1,0,차대차 - 측면충돌,차로위반,건조,맑음,단일로 - 지하차도(도로)내,승용,남,64세,상해없음,승용,여,59세,경상
2020033100100305,2020년 3월 31일 15시,화요일,경상북도 구미시 고아읍,중상사고,0,1,0,0,차대차 - 측면충돌,신호위반,건조,맑음,교차로 - 교차로안,승용,여,30세,상해없음,승용,남,47세,중상
2020033100100306,2020년 3월 31일 15시,화요일,경상북도 포항시 남구 송도동,중상사고,0,1,0,0,차대사람 - 차도통행중,안전운전불이행,건조,맑음,교차로 - 교차로안,화물,여,60세,상해없음,보행자,남,59세,중상
2020033100100344,2020년 3월 31일 16시,화요일,경상북도 김천시 양천동,경상사고,0,0,1,0,차대차 - 측면충돌,신호위반,건조,맑음,교차로 - 교차로안,화물,남,72세,상해없음,승용,남,65세,경상
2020033100100345,2020년 3월 31일 16시,화요일,경상북도 영천시 임고면,경상사고,0,0,1,0,차대사람 - 길가장자리구역통행중,안전운전불이행,건조,맑음,단일로 - 기타,기타불명,기타불명,미분류,기타불명,보행자,남,60세,경상
2020033100100387,2020년 3월 31일 17시,화요일,경상북도 영천시 완산동,경상사고,0,0,1,0,차대차 - 측면충돌,안전운전불이행,건조,맑음,교차로 - 교차로안,승용,남,73세,상해없음,이륜,남,49세,경상
2020033100100388,2020년 3월 31일 17시,화요일,경상북도 구미시 인의동,경상사고,0,0,1,0,차대차 - 기타,안전운전불이행,건조,맑음,단일로 - 기타,승용,여,34세,상해없음,승용,남,39세,경상
2020033100100389,2020년 3월 31일 17시,화요일,경상북도 포항시 남구 송내동,경상사고,0,0,1,0,차대차 - 측면충돌,안전운전불이행,건조,맑음,교차로 - 교차로부근,승용,남,27세,상해없음,승용,남,30세,경상
2020033100100420,2020년 3월 31일 18시,화요일,경상북도 포항시 북구 대신동,경상사고,0,0,4,0,차대차 - 측면충돌,교차로운행방법위반,건조,맑음,교차로 - 교차로안,승용,남,42세,기타불명,승용,남,19세,경상
2020033100100442,2020년 3월 31일 19시,화요일,경상북도 포항시 북구 흥해읍,중상사고,0,1,0,0,차대사람 - 기타,안전운전불이행,건조,맑음,단일로 - 기타,승용,남,59세,상해없음,보행자,남,54세,중상
2020033100100534,2020년 3월 31일 23시,화요일,경상북도 포항시 남구 해도동,경상사고,0,0,1,0,차대차 - 측면충돌,안전운전불이행,건조,맑음,교차로 - 교차로안,승용,남,68세,상해없음,이륜,남,40세,경상
2020040100100072,2020년 4월 1일 07시,수요일,경상북도 경산시 평산동,경상사고,0,0,1,0,차대사람 - 길가장자리구역통행중,안전운전불이행,건조,맑음,단일로 - 기타,승용,남,55세,상해없음,보행자,남,65세,경상
2020040100100073,2020년 4월 1일 07시,수요일,경상북도 경산시 대평동,경상사고,0,0,1,1,차대차 - 측면충돌,교차로운행방법위반,건조,맑음,교차로 - 교차로안,승용,남,35세,상해없음,승용,남,25세,부상신고
2020040100100094,2020년 4월 1일 08시,수요일,경상북도 의성군 안계면,중상사고,0,2,0,0,차대차 - 추돌,안전운전불이행,건조,맑음,기타 - 기타,화물,남,73세,중상,승용,남,35세,중상
2020040100100119,2020년 4월 1일 09시,수요일,경상북도 경주시 성동동,경상사고,0,0,1,0,차대차 - 측면충돌,안전운전불이행,건조,맑음,교차로 - 교차로안,승용,여,52세,상해없음,승용,남,53세,경상
2020040100100138,2020년 4월 1일 10시,수요일,경상북도 영천시 조교동,중상사고,0,1,1,0,차대차 - 측면충돌,교차로운행방법위반,건조,맑음,교차로 - 교차로안,화물,남,81세,중상,승용,남,79세,경상
2020040100100139,2020년 4월 1일 10시,수요일,경상북도 영천시 도남동,중상사고,0,1,0,0,차량단독 - 공작물충돌,안전운전불이행,건조,맑음,주차장 - 주차장,승용,남,72세,상해없음,,,,
2020040100100140,2020년 4월 1일 10시,수요일,경상북도 구미시 송정동,중상사고,0,1,0,0,차대차 - 정면충돌,중앙선침범,건조,맑음,단일로 - 기타,승용,남,34세,상해없음,원동기,남,16세,중상
2020040100100167,2020년 4월 1일 11시,수요일,경상북도 경주시 외동읍,중상사고,0,2,0,0,차대차 - 측면충돌,안전운전불이행,건조,맑음,교차로 - 교차로안,승용,남,63세,상해없음,승용,여,60세,중상
2020040100100168,2020년 4월 1일 11시,수요일,경상북도 영천시 고경면,경상사고,0,0,2,0,차대차 - 측면충돌,신호위반,건조,맑음,교차로 - 교차로안,건설기계,남,61세,경상,승합,남,54세,상해없음
2020040100100169,2020년 4월 1일 11시,수요일,경상북도 성주군 성주읍,경상사고,0,0,1,0,차대차 - 측면충돌,안전운전불이행,건조,맑음,단일로 - 기타,이륜,남,80세,경상,승용,여,52세,상해없음
2020040100100201,2020년 4월 1일 12시,수요일,경상북도 안동시 태화동,경상사고,0,0,1,0,차대차 - 측면충돌,안전운전불이행,건조,맑음,단일로 - 기타,자전거,여,74세,경상,승용,남,69세,상해없음
2020040100100202,2020년 4월 1일 12시,수요일,경상북도 영주시 조와동,경상사고,0,0,1,0,차대차 - 정면충돌,중앙선침범,건조,맑음,단일로 - 기타,승용,남,75세,상해없음,승용,여,34세,경상
2020040100100203,2020년 4월 1일 12시,수요일,경상북도 포항시 남구 효자동,경상사고,0,0,1,0,차대차 - 기타,안전운전불이행,건조,맑음,단일로 - 기타,승용,남,68세,상해없음,이륜,남,30세,경상
2020040100100227,2020년 4월 1일 13시,수요일,경상북도 구미시 송정동,경상사고,0,0,2,0,차대차 - 추돌,안전거리미확보,건조,맑음,단일로 - 기타,승용,남,71세,상해없음,승용,남,44세,경상
2020040100100258,2020년 4월 1일 14시,수요일,경상북도 경주시 안강읍,경상사고,0,0,1,0,차대차 - 측면충돌,안전운전불이행,건조,맑음,주차장 - 주차장,승용,남,75세,상해없음,승용,남,51세,경상
2020040100100259,2020년 4월 1일 14시,수요일,경상북도 영천시 야사동,경상사고,0,0,1,0,차대차 - 측면충돌,안전운전불이행,건조,맑음,단일로 - 기타,화물,남,65세,상해없음,승용,남,59세,경상
2020040100100292,2020년 4월 1일 15시,수요일,경상북도 영천시 야사동,중상사고,0,1,0,0,차대차 - 측면충돌,중앙선침범,건조,맑음,단일로 - 기타,승합,남,44세,상해없음,이륜,남,44세,중상
2020040100100293,2020년 4월 1일 15시,수요일,경상북도 구미시 도량동,중상사고,0,1,0,0,차대사람 - 기타,보행자보호의무위반,건조,맑음,교차로 - 교차로안,승용,남,64세,상해없음,보행자,남,60세,중상
2020040100100319,2020년 4월 1일 16시,수요일,경상북도 포항시 북구 장성동,경상사고,0,0,1,0,차대차 - 측면충돌,신호위반,건조,맑음,교차로 - 교차로안,승용,여,52세,상해없음,승용,여,56세,경상
2020040100100320,2020년 4월 1일 16시,수요일,경상북도 안동시 운흥동,중상사고,0,1,0,0,차대차 - 측면충돌,안전운전불이행,건조,맑음,교차로 - 교차로안,승용,남,66세,상해없음,이륜,남,21세,중상
2020040100100321,2020년 4월 1일 16시,수요일,경상북도 상주시 헌신동,경상사고,0,0,2,0,차대차 - 측면충돌,안전운전불이행,건조,맑음,교차로 - 교차로안,화물,남,69세,상해없음,화물,남,76세,경상
2020040100100322,2020년 4월 1일 16시,수요일,경상북도 영주시 휴천동,경상사고,0,0,1,0,차대차 - 정면충돌,교차로운행방법위반,건조,맑음,교차로 - 교차로안,승용,여,43세,경상,승용,남,61세,상해없음