사고번호,사고일시,요일,시군구,사고내용,사망자수,중상자수,경상자수,부상신고자수,사고유형,법규위반,노면상태,기상상태,도로형태,가해운전자 차종,가해운전자 성별,가해운전자 연령,가해운전자 상해정도,피해운전자 차종,피해운전자 성별,피해운전자 연령,피해운전자 상해정도
2020040100100351,2020년 4월 1일 17시,수요일,경상북도 포항시 북구 흥해읍,경상사고,0,0,4,0,차대차 - 기타,안전운전불이행,건조,맑음,단일로 - 기타,승용,남,35세,상해없음,승용,남,18세,경상
2020040100100352,2020년 4월 1일 17시,수요일,경상북도 칠곡군 지천면,중상사고,0,1,0,0,차대차 - 기타,안전운전불이행,건조,맑음,단일로 - 기타,기타불명,기타불명,미분류,기타불명,이륜,남,81세,중상
2020040100100353,2020년 4월 1일 17시,수요일,경상북도 영천시 야사동,중상사고,0,1,0,0,차대차 - 기타,안전운전불이행,건조,맑음,기타 - 기타,원동기,남,68세,상해없음,자전거,남,14세,중상
2020040100100354,2020년 4월 1일 17시,수요일,경상북도 고령군 다산면,경상사고,0,0,1,0,차대차 - 추돌,불법유턴,건조,맑음,단일로 - 기타,화물,남,60세,상해없음,승용,남,76세,경상
2020040100100387,2020년 4월 1일 18시,수요일,경상북도 안동시 옥동,경상사고,0,0,1,0,차대사람 - 기타,안전운전불이행,건조,맑음,단일로 - 기타,승용,남,57세,상해없음,보행자,여,24세,경상
2020040100100430,2020년 4월 1일 19시,수요일,경상북도 경산시 사동,경상사고,0,0,2,0,차대차 - 추돌,안전운전불이행,건조,맑음,단일로 - 기타,승용,남,60세,기타불명,승용,여,69세,경상
2020040100100431,2020년 4월 1일 19시,수요일,경상북도 경산시 압량면,경상사고,0,0,1,0,차대차 - 측면충돌,교차로운행방법위반,건조,맑음,교차로 - 교차로안,화물,남,27세,상해없음,승용,남,38세,경상
2020040100100432,2020년 4월 1일 19시,수요일,경상북도 성주군 벽진면,중상사고,0,1,0,0,차대차 - 추돌,안전운전불이행,건조,흐림,단일로 - 기타,승용,여,60세,상해없음,화물,남,47세,상해없음
2020040100100463,2020년 4월 1일 20시,수요일,경상북도 경주시 시래동,경상사고,0,0,3,0,차대차 - 측면충돌,중앙선침범,건조,맑음,단일로 - 기타,승용,남,72세,상해없음,승용,남,33세,경상
2020040100100464,2020년 4월 1일 20시,수요일,경상북도 경주시 동천동,중상사고,0,1,2,0,차대차 - 측면충돌,안전운전불이행,건조,맑음,단일로 - 기타,승용,여,42세,중상,화물,남,40세,경상
2020040100100518,2020년 4월 1일 22시,수요일,경상북도 경주시 서부동,중상사고,0,2,0,0,차대사람 - 차도통행중,안전운전불이행,건조,맑음,단일로 - 지하차도(도로)내,원동기,남,32세,중상,보행자,남,52세,중상
2020040100100519,2020년 4월 1일 22시,수요일,경상북도 구미시 오태동,경상사고,0,0,1,0,차대차 - 기타,안전운전불이행,건조,맑음,단일로 - 기타,승용,남,53세,상해없음,승용,여,49세,경상
2020040200100021,2020년 4월 2일 01시,목요일,경상북도 경주시 동천동,중상사고,0,1,0,0,차량단독 - 전도전복 - 전도,안전운전불이행,건조,맑음,단일로 - 교량,이륜,남,74세,중상,,,,
2020040200100042,2020년 4월 2일 04시,목요일,경상북도 경산시 진량읍,중상사고,0,1,0,0,차대사람 - 횡단중,신호위반,건조,맑음,교차로 - 교차로횡단보도내,화물,남,79세,상해없음,보행자,여,49세,중상
2020040200100055,2020년 4월 2일 06시,목요일,경상북도 상주시 낙양동,경상사고,0,0,1,0,차량단독 - 전도전복 - 전도,안전운전불이행,건조,맑음,교차로 - 교차로안,이륜,남,17세,경상,,,,
2020040200100131,2020년 4월 2일 09시,목요일,경상북도 경주시 성건동,경상사고,0,0,1,0,차대사람 - 기타,안전운전불이행,건조,맑음,단일로 - 기타,화물,남,73세,상해없음,보행자,여,56세,경상
2020040200100132,2020년 4월 2일 09시,목요일,경상북도 상주시 냉림동,중상사고,0,1,0,0,차대차 - 측면충돌,안전운전불이행,건조,맑음,단일로 - 기타,승용,여,34세,상해없음,자전거,남,77세,중상
2020040200100133,2020년 4월 2일 09시,목요일,경상북도 구미시 광평동,중상사고,0,1,2,0,차대차 - 기타,신호위반,건조,맑음,교차로 - 교차로안,이륜,남,16세,중상,승용,남,43세,경상
2020040200100161,2020년 4월 2일 10시,목요일,경상북도 칠곡군 석적읍,부상신고사고,0,0,0,1,차량단독 - 공작물충돌,안전운전불이행,건조,맑음,교차로 - 교차로안,승용,여,20세,부상신고,,,,
2020040200100196,2020년 4월 2일 11시,목요일,경상북도 경주시 동천동,경상사고,0,0,1,0,차대차 - 측면충돌,중앙선침범,건조,맑음,단일로 - 기타,승용,남,34세,상해없음,이륜,여,54세,경상
2020040200100197,2020년 4월 2일 11시,목요일,경상북도 영천시 망정동,경상사고,0,0,1,0,차대사람 - 횡단중,안전운전불이행,건조,맑음,단일로 - 기타,승용,남,74세,상해없음,보행자,남,미분류,경상
2020040200100198,2020년 4월 2일 11시,목요일,경상북도 경산시 압량면,경상사고,0,0,2,0,차대차 - 측면충돌,교차로운행방법위반,건조,맑음,교차로 - 교차로안,화물,남,66세,경상,승용,남,51세,경상
2020040200100199,2020년 4월 2일 11시,목요일,경상북도 성주군 성주읍,경상사고,0,0,3,0,차대차 - 기타,안전운전불이행,건조,맑음,교차로 - 교차로안,승용,여,51세,경상,화물,남,85세,경상
2020040200100227,2020년 4월 2일 12시,목요일,경상북도 문경시 흥덕동,경상사고,0,0,1,0,차대차 - 측면충돌,교차로운행방법위반,건조,맑음,교차로 - 교차로안,자전거,남,63세,경상,화물,남,47세,상해없음
2020040200100228,2020년 4월 2일 12시,목요일,경상북도 고령군 대가야읍,경상사고,0,0,1,0,차대차 - 측면충돌,중앙선침범,건조,맑음,단일로 - 기타,승용,남,72세,상해없음,승용,남,46세,경상
2020040200100246,2020년 4월 2일 13시,목요일,경상북도 안동시 옥동,경상사고,0,0,1,0,차대차 - 기타,안전운전불이행,건조,맑음,기타 - 기타,기타불명,여,56세,경상,승용,여,50세,상해없음
2020040200100247,2020년 4월 2일 13시,목요일,경상북도 봉화군 봉성면,경상사고,0,0,1,0,차대사람 - 기타,안전운전불이행,서리/결빙,맑음,주차장 - 주차장,승용,남,46세,상해없음,보행자,남,65세,경상
2020040200100248,2020년 4월 2일 13시,목요일,경상북도 청도군 화양읍,중상사고,0,1,0,0,차대차 - 측면충돌,안전운전불이행,건조,맑음,단일로 - 기타,화물,남,72세,상해없음,자전거,남,82세,중상
2020040200100249,2020년 4월 2일 13시,목요일,경상북도 구미시 송정동,중상사고,0,1,0,0,차대사람 - 횡단중,보행자보호의무위반,건조,맑음,교차로 - 교차로안,승용,남,48세,상해없음,보행자,여,25세,중상
2020040200100304,2020년 4월 2일 14시,목요일,경상북도 경주시 탑동,경상사고,0,0,1,0,차대차 - 추돌,안전운전불이행,건조,맑음,교차로 - 교차로부근,승합,남,62세,상해없음,화물,남,53세,경상
2020040200100305,2020년 4월 2일 14시,목요일,경상북도 포항시 남구 대송면,중상사고,0,1,0,0,차량단독 - 기타,안전운전불이행,건조,맑음,단일로 - 기타,자전거,남,67세,중상,,,,
2020040200100306,2020년 4월 2일 14시,목요일,경상북도 칠곡군 동명면,사망사고,1,1,2,0,차대차 - 추돌,안전운전불이행,건조,맑음,단일로 - 기타,화물,남,35세,사망,건설기계,남,62세,상해없음
2020040200100332,2020년 4월 2일 15시,목요일,경상북도 칠곡군 왜관읍,경상사고,0,0,1,0,차대차 - 정면충돌,교차로운행방법위반,건조,맑음,교차로 - 교차로안,승용,남,30세,상해없음,이륜,남,58세,경상
2020040200100333,2020년 4월 2일 15시,목요일,경상북도 칠곡군 왜관읍,경상사고,0,0,2,0,차대차 - 측면충돌,안전운전불이행,건조,맑음,단일로 - 기타,승용,남,63세,경상,승용,남,58세,경상
2020040200100360,2020년 4월 2일 16시,목요일,경상북도 경주시 율동,중상사고,0,1,0,0,차대차 - 기타,신호위반,건조,맑음,교차로 - 교차로안,승용,여,48세,상해없음,승합,남,53세,중상
2020040200100361,2020년 4월 2일 16시,목요일,경상북도 포항시 북구 장성동,중상사고,0,1,0,0,차대차 - 측면충돌,교차로운행방법위반,건조,맑음,교차로 - 교차로안,승용,남,65세,상해없음,승용,남,66세,중상
2020040200100362,2020년 4월 2일 16시,목요일,경상북도 김천시 개령면,경상사고,0,0,1,0,차대차 - 측면충돌,중앙선침범,건조,맑음,교차로 - 교차로안,화물,남,50세,상해없음,승용,여,36세,경상
2020040200100363,2020년 4월 2일 16시,목요일,경상북도 칠곡군 왜관읍,경상사고,0,0,1,0,차대차 - 측면충돌,교차로운행방법위반,건조,맑음,교차로 - 교차로안,화물,남,59세,상해없음,이륜,남,76세,경상
2020040200100364,2020년 4월 2일 16시,목요일,경상북도 영천시 화북면,중상사고,0,1,3,0,차량단독 - 공작물충돌,안전운전불이행,건조,맑음,단일로 - 기타,승용,여,53세,경상,,,,
2020040200100365,2020년 4월 2일 16시,목요일,경상북도 경산시 하양읍,경상사고,0,0,1,0,차대차 - 추돌,안전거리미확보,건조,맑음,단일로 - 기타,승용,남,30세,상해없음,승용,남,23세,경상
2020040200100397,2020년 4월 2일 17시,목요일,경상북도 포항시 북구 죽도동,중상사고,0,1,0,0,차대차 - 기타,안전운전불이행,건조,맑음,교차로 - 교차로안,승용,여,40세,상해없음,자전거,남,32세,중상
2020040200100398,2020년 4월 2일 17시,목요일,경상북도 예천군 유천면,중상사고,0,1,0,0,차량단독 - 전도전복 - 전도,안전운전불이행,건조,맑음,단일로 - 기타,이륜,남,75세,중상,,,,
2020040200100399,2020년 4월 2일 17시,목요일,경상북도 성주군 벽진면,경상사고,0,0,2,0,차대차 - 측면충돌,안전운전불이행,건조,맑음,교차로 - 교차로안,승합,남,58세,상해없음,승용,여,55세,경상
2020040200100400,2020년 4월 2일 17시,목요일,경상북도 포항시 남구 해도동,경상사고,0,0,4,0,차대차 - 측면충돌,신호위반,건조,맑음,교차로 - 교차로안,승용,남,35세,상해없음,승용,남,45세,경상
2020040200100401,2020년 4월 2일 17시,목요일,경상북도 상주시 낙동면,중상사고,0,1,1,0,차대차 - 추돌,안전운전불이행,건조,맑음,단일로 - 기타,승용,남,55세,중상,승용,남,70세,상해없음
2020040200100445,2020년 4월 2일 18시,목요일,경상북도 안동시 운흥동,경상사고,0,0,1,0,차대차 - 측면충돌,교차로운행방법위반,건조,맑음,교차로 - 교차로안,승용,남,66세,상해없음,승용,여,41세,경상
2020040200100446,2020년 4월 2일 18시,목요일,경상북도 포항시 남구 이동,경상사고,0,0,1,0,차대사람 - 보도통행중,기타,건조,맑음,기타 - 기타,승용,여,49세,상해없음,보행자,여,39세,경상
2020040200100488,2020년 4월 2일 19시,목요일,경상북도 성주군 선남면,중상사고,0,1,0,0,차대사람 - 횡단중,안전운전불이행,건조,맑음,단일로 - 기타,승용,남,39세,상해없음,보행자,여,49세,중상
2020040200100539,2020년 4월 2일 21시,목요일,경상북도 울진군 후포면,중상사고,0,1,0,0,차대차 - 기타,안전운전불이행,건조,맑음,단일로 - 기타,승용,여,62세,상해없음,승용,남,24세,중상
2020040200100585,2020년 4월 2일 23시,목요일,경상북도 칠곡군 가산면,부상신고사고,0,0,0,1,차량단독 - 공작물충돌,안전운전불이행,건조,맑음,교차로 - 교차로안,승용,남,30세,부상신고,,,,
2020040300100016,2020년 4월 3일 02시,금요일,경상북도 구미시 인의동,중상사고,0,1,1,0,차대차 - 측면충돌,신호위반,건조,맑음,교차로 - 교차로안,승용,남,36세,경상,이륜,남,28세,중상
2020040300100035,2020년 4월 3일 05시,금요일,경상북도 포항시 남구 대도동,경상사고,0,0,1,0,차대차 - 측면충돌,안전운전불이행,건조,맑음,교차로 - 교차로부근,화물,남,59세,상해없음,승용,남,31세,경상
2020040300100040,2020년 4월 3일 06시,금요일,경상북도 포항시 남구 대도동,중상사고,0,1,0,0,차대차 - 측면충돌,신호위반,건조,맑음,교차로 - 교차로안,승용,남,26세,상해없음,이륜,남,60세,중상
2020040300100057,2020년 4월 3일 07시,금요일,경상북도 경산시 자인면,중상사고,0,1,0,0,차대차 - 측면충돌,신호위반,건조,맑음,교차로 - 교차로안,화물,남,39세,상해없음,승용,남,45세,중상
2020040300100090,2020년 4월 3일 08시,금요일,경상북도 김천시 양천동,경상사고,0,0,1,0,차대차 - 측면충돌,신호위반,건조,맑음,교차로 - 교차로부근,승합,남,52세,상해없음,승용,남,69세,경상
2020040300100091,2020년 4월 3일 08시,금요일,경상북도 상주시 냉림동,중상사고,0,1,0,0,차대차 - 측면충돌,안전운전불이행,건조,맑음,단일로 - 기타,승용,여,52세,상해없음,이륜,남,78세,중상
2020040300100120,2020년 4월 3일 09시,금요일,경상북도 영덕군 영덕읍,중상사고,0,1,0,0,차량단독 - 도로외이탈 - 추락,안전운전불이행,건조,맑음,단일로 - 기타,화물,남,50세,중상,,,,
2020040300100146,2020년 4월 3일 10시,금요일,경상북도 안동시 남후면,중상사고,0,1,0,0,차대사람 - 기타,안전운전불이행,건조,맑음,기타 - 기타,화물,남,39세,상해없음,보행자,여,64세,중상
2020040300100147,2020년 4월 3일 10시,금요일,경상북도 영천시 금노동,경상사고,0,0,1,0,차대차 - 추돌,안전운전불이행,건조,맑음,교차로 - 교차로부근,승용,남,48세,상해없음,승용,여,59세,경상
2020040300100173,2020년 4월 3일 11시,금요일,경상북도 경주시 내남면,중상사고,0,1,2,0,차대차 - 측면충돌,신호위반,건조,맑음,교차로 - 교차로안,화물,남,69세,상해없음,승용,여,45세,경상
2020040300100174,2020년 4월 3일 11시,금요일,경상북도 포항시 북구 흥해읍,경상사고,0,0,1,0,차대차 - 측면충돌,차로위반,건조,맑음,단일로 - 기타,이륜,남,84세,경상,승용,남,42세,상해없음
2020040300100175,2020년 4월 3일 11시,금요일,경상북도 안동시 와룡면,중상사고,0,1,2,0,차대차 - 기타,기타,건조,맑음,교차로 - 교차로안,승합,남,54세,상해없음,승용,남,50세,상해없음
2020040300100176,2020년 4월 3일 11시,금요일,경상북도 포항시 남구 연일읍,경상사고,0,0,7,0,차대차 - 추돌,안전운전불이행,건조,맑음,단일로 - 기타,건설기계,남,61세,상해없음,승합,남,52세,경상
2020040300100196,2020년 4월 3일 12시,금요일,경상북도 영덕군 창수면,중상사고,0,1,0,0,차대사람 - 기타,안전운전불이행,건조,맑음,단일로 - 기타,화물,남,75세,상해없음,보행자,남,75세,중상
2020040300100197,2020년 4월 3일 12시,금요일,경상북도 영덕군 영덕읍,중상사고,0,2,0,0,차대차 - 측면충돌,직진우회전진행방해,건조,맑음,교차로 - 교차로안,승용,여,52세,중상,승용,여,41세,중상
2020040300100198,2020년 4월 3일 12시,금요일,경상북도 청도군 청도읍,경상사고,0,0,1,0,차대사람 - 차도통행중,안전운전불이행,건조,맑음,단일로 - 지하차도(도로)내,화물,남,56세,상해없음,보행자,남,52세,경상
2020040300100228,2020년 4월 3일 13시,금요일,경상북도 김천시 아포읍,경상사고,0,0,1,0,차대차 - 후진중충돌,안전운전불이행,건조,맑음,주차장 - 주차장,승용,남,73세,상해없음,승용,남,34세,경상
2020040300100229,2020년 4월 3일 13시,금요일,경상북도 예천군 예천읍,중상사고,0,1,0,0,차대차 - 기타,안전거리미확보,건조,맑음,단일로 - 교량,화물,남,70세,상해없음,승용,남,25세,중상
2020040300100294,2020년 4월 3일 15시,금요일,경상북도 안동시 수상동,중상사고,0,1,0,0,차대차 - 측면충돌,안전운전불이행,건조,맑음,단일로 - 기타,화물,남,68세,상해없음,이륜,남,67세,중상
2020040300100328,2020년 4월 3일 16시,금요일,경상북도 포항시 북구 죽도동,경상사고,0,0,3,1,차대차 - 기타,안전운전불이행,건조,맑음,교차로 - 교차로부근,승용,남,69세,상해없음,승용,남,19세,경상
2020040300100329,2020년 4월 3일 16시,금요일,경상북도 영천시 창구동,중상사고,0,1,0,0,차대차 - 측면충돌,안전운전불이행,건조,맑음,단일로 - 기타,승용,남,33세,상해없음,자전거,여,76세,중상
2020040300100330,2020년 4월 3일 16시,금요일,경상북도 구미시 봉곡동,중상사고,0,1,1,0,차대차 - 정면충돌,교차로운행방법위반,건조,맑음,교차로 - 교차로안,승용,남,27세,상해없음,승용,여,31세,중상
2020040300100375,2020년 4월 3일 17시,금요일,경상북도 포항시 북구 양덕동,경상사고,0,0,1,0,차대차 - 기타,신호위반,건조,맑음,단일로 - 기타,승용,남,27세,상해없음,특수,남,48세,경상
2020040300100423,2020년 4월 3일 18시,금요일,경상북도 칠곡군 석적읍,중상사고,0,1,0,0,차대사람 - 횡단중,안전운전불이행,건조,맑음,단일로 - 기타,승용,남,37세,상해없음,보행자,남,69세,중상
2020040300100424,2020년 4월 3일 18시,금요일,경상북도 경산시 하양읍,경상사고,0,0,1,0,차대차 - 측면충돌,안전운전불이행,건조,맑음,단일로 - 기타,승용,남,71세,상해없음,승용,여,28세,경상
2020040300100472,2020년 4월 3일 19시,금요일,경상북도 포항시 북구 용흥동,중상사고,0,1,0,0,차대차 - 측면충돌,차로위반,건조,맑음,교차로 - 교차로부근,승용,남,55세,상해없음,이륜,남,24세,중상
2020040300100473,2020년 4월 3일 19시,금요일,경상북도 포항시 남구 대잠동,경상사고,0,0,1,0,차대차 - 기타,안전운전불이행,건조,맑음,단일로 - 교량,승용,여,44세,상해없음,승용,여,23세,경상
2020040300100538,2020년 4월 3일 21시,금요일,경상북도 포항시 북구 항구동,경상사고,0,0,1,0,차대사람 - 기타,안전운전불이행,건조,맑음,단일로 - 기타,승용,남,42세,상해없음,보행자,남,22세,경상
2020040300100539,2020년 4월 3일 21시,금요일,경상북도 경산시 옥산동,경상사고,0,0,1,0,차대사람 - 기타,안전운전불이행,건조,맑음,교차로 - 교차로횡단보도내,기타불명,기타불명,미분류,기타불명,보행자,남,52세,경상
2020040400100043,2020년 4월 4일 03시,토요일,경상북도 경주시 천북면,중상사고,0,1,0,0,차대차 - 측면충돌,안전운전불이행,건조,맑음,단일로 - 기타,승용,남,29세,중상,특수,남,43세,상해없음
2020040400100062,2020년 4월 4일 05시,토요일,경상북도 영주시 풍기읍,경상사고,0,0,3,0,차대차 - 측면충돌,교차로운행방법위반,건조,맑음,교차로 - 교차로안,화물,남,63세,경상,승용,남,58세,경상
2020040400100063,2020년 4월 4일 05시,토요일,경상북도 김천시 아포읍,중상사고,0,2,1,0,차대차 - 측면충돌,안전운전불이행,건조,맑음,단일로 - 기타,화물,남,60세,상해없음,승합,남,46세,중상
2020040400100086,2020년 4월 4일 07시,토요일,경상북도 예천군 호명면,경상사고,0,0,1,0,차대차 - 측면충돌,신호위반,건조,맑음,교차로 - 교차로안,승용,남,70세,상해없음,승합,남,57세,경상
2020040400100117,2020년 4월 4일 09시,토요일,경상북도 고령군 다산면,중상사고,0,2,1,0,차대차 - 정면충돌,교차로운행방법위반,건조,맑음,교차로 - 교차로안,화물,남,47세,중상,승용,남,34세,중상
2020040400100149,2020년 4월 4일 10시,토요일,경상북도 예천군 예천읍,중상사고,0,1,3,0,차대차 - 측면충돌,직진우회전진행방해,건조,맑음,교차로 - 교차로안,승용,여,22세,경상,승용,남,60세,경상
2020040400100187,2020년 4월 4일 11시,토요일,경상북도 영천시 신령면,경상사고,0,0,2,0,차대차 - 측면충돌,안전운전불이행,건조,맑음,교차로 - 교차로안,승용,남,49세,경상,승용,여,51세,경상
2020040400100188,2020년 4월 4일 11시,토요일,경상북도 영천시 자양면,경상사고,0,0,3,1,차대차 - 추돌,안전운전불이행,건조,맑음,단일로 - 기타,화물,남,60세,상해없음,승용,남,65세,경상
2020040400100189,2020년 4월 4일 11시,토요일,경상북도 포항시 남구 송도동,중상사고,0,1,0,0,차대차 - 기타,안전운전불이행,건조,맑음,단일로 - 기타,승용,여,46세,상해없음,자전거,여,57세,중상
2020040400100190,2020년 4월 4일 11시,토요일,경상북도 포항시 남구 오천읍,경상사고,0,0,1,0,차량단독 - 공작물충돌,안전운전불이행,건조,맑음,단일로 - 기타,이륜,여,24세,경상,,,,
2020040400100219,2020년 4월 4일 12시,토요일,경상북도 안동시 용상동,경상사고,0,0,1,0,차대차 - 측면충돌,안전운전불이행,건조,맑음,교차로 - 교차로부근,이륜,남,19세,경상,화물,남,48세,상해없음
2020040400100254,2020년 4월 4일 13시,토요일,경상북도 안동시 옥동,중상사고,0,1,0,0,차대사람 - 횡단중,보행자보호의무위반,건조,맑음,교차로 - 교차로횡단보도내,승용,남,65세,상해없음,보행자,여,55세,중상
2020040400100255,2020년 4월 4일 13시,토요일,경상북도 경산시 하양읍,경상사고,0,0,2,0,차대차 - 측면충돌,기타,건조,맑음,단일로 - 기타,승합,남,57세,상해없음,승용,여,27세,경상
2020040400100290,2020년 4월 4일 14시,토요일,경상북도 칠곡군 왜관읍,경상사고,0,0,1,0,차대차 - 기타,안전운전불이행,건조,맑음,기타 - 기타,화물,남,41세,상해없음,자전거,남,62세,경상
2020040400100291,2020년 4월 4일 14시,토요일,경상북도 포항시 남구 구룡포읍,경상사고,0,0,2,0,차대차 - 후진중충돌,안전운전불이행,건조,맑음,교차로 - 교차로횡단보도내,승용,남,74세,상해없음,승용,남,40세,경상
2020040400100329,2020년 4월 4일 15시,토요일,경상북도 경주시 외동읍,중상사고,0,1,0,0,차대차 - 측면충돌,기타,건조,맑음,교차로 - 교차로안,승용,남,57세,상해없음,승용,여,51세,중상
2020040400100330,2020년 4월 4일 15시,토요일,경상북도 청도군 운문면,경상사고,0,0,2,0,차대차 - 추돌,안전거리미확보,건조,맑음,교차로 - 교차로부근,승용,여,68세,상해없음,승용,여,37세,상해없음
2020040400100379,2020년 4월 4일 16시,토요일,경상북도 칠곡군 왜관읍,경상사고,0,0,1,0,차대차 - 기타,안전운전불이행,건조,맑음,단일로 - 기타,승용,여,62세,상해없음,승용,여,52세,경상
2020040400100380,2020년 4월 4일 16시,토요일,경상북도 영천시 야사동,경상사고,0,0,1,0,차대차 - 측면충돌,안전운전불이행,건조,맑음,단일로 - 기타,승용,남,44세,상해없음,이륜,남,61세,경상
2020040400100381,2020년 4월 4일 16시,토요일,경상북도 문경시 마성면,경상사고,0,0,3,0,차대차 - 정면충돌,안전운전불이행,건조,맑음,단일로 - 기타,개인형이동수단(PM),남,84세,경상,승용,남,30세,경상
2020040400100421,2020년 4월 4일 17시,토요일,경상북도 김천시 아포읍,경상사고,0,0,2,0,차대차 - 후진중충돌,안전운전불이행,건조,맑음,교차로 - 교차로부근,승용,여,23세,상해없음,승용,여,65세,경상
2020040400100422,2020년 4월 4일 17시,토요일,경상북도 의성군 안계면,중상사고,0,1,1,0,차대차 - 측면충돌,기타,건조,맑음,교차로 - 교차로안,승용,남,48세,경상,승용,남,59세,중상
2020040400100457,2020년 4월 4일 18시,토요일,경상북도 포항시 북구 두호동,중상사고,0,1,0,0,차대사람 - 횡단중,신호위반,건조,맑음,교차로 - 교차로부근,이륜,남,16세,기타불명,보행자,남,53세,중상
2020040400100458,2020년 4월 4일 18시,토요일,경상북도 김천시 신음동,중상사고,0,1,1,0,차대차 - 측면충돌,신호위반,건조,맑음,교차로 - 교차로안,이륜,남,30세,중상,승용,여,32세,경상
2020040400100459,2020년 4월 4일 18시,토요일,경상북도 경산시 중방동,경상사고,0,0,1,0,차대차 - 측면충돌,안전운전불이행,건조,맑음,단일로 - 기타,화물,남,41세,상해없음,승용,남,78세,경상
2020040400100492,2020년 4월 4일 19시,토요일,경상북도 포항시 북구 우현동,경상사고,0,0,1,0,차대차 - 측면충돌,직진우회전진행방해,건조,맑음,교차로 - 교차로안,자전거,남,61세,경상,승용,남,48세,상해없음
2020040400100493,2020년 4월 4일 19시,토요일,경상북도 경산시 압량면,경상사고,0,0,1,0,차대차 - 기타,안전운전불이행,건조,맑음,단일로 - 기타,승용,남,30세,상해없음,승용,남,28세,경상
2020040400100526,2020년 4월 4일 20시,토요일,경상북도 김천시 대항면,경상사고,0,0,1,0,차대차 - 기타,안전운전불이행,건조,기타,단일로 - 기타,승용,여,59세,상해없음,승용,남,56세,경상
2020040400100527,2020년 4월 4일 20시,토요일,경상북도 칠곡군 약목면,부상신고사고,0,0,0,1,차량단독 - 전도전복 - 전복,안전운전불이행,건조,기타,단일로 - 기타,승용,남,45세,부상신고,,,,
2020040400100545,2020년 4월 4일 21시,토요일,경상북도 김천시 아포읍,경상사고,0,0,1,0,차대차 - 추돌,안전운전불이행,건조,맑음,교차로 - 교차로부근,승용,남,48세,상해없음,화물,남,61세,경상
2020040400100572,2020년 4월 4일 22시,토요일,경상북도 안동시 옥동,경상사고,0,0,1,0,차대차 - 측면충돌,안전운전불이행,건조,맑음,교차로 - 교차로부근,승용,여,26세,상해없음,이륜,남,39세,경상
2020040400100573,2020년 4월 4일 22시,토요일,경상북도 포항시 남구 청림동,경상사고,0,0,2,0,차대차 - 기타,안전운전불이행,건조,맑음,교차로 - 교차로부근,승용,남,32세,상해없음,승용,여,39세,경상
2020040400100595,2020년 4월 4일 23시,토요일,경상북도 포항시 북구 장성동,중상사고,0,1,0,0,차대차 - 측면충돌,안전운전불이행,건조,맑음,단일로 - 기타,이륜,남,22세,중상,승용,남,60세,상해없음
2020040500100013,2020년 4월 5일 00시,일요일,경상북도 문경시 점촌동,경상사고,0,0,1,0,차대차 - 기타,안전운전불이행,건조,맑음,교차로 - 교차로안,이륜,남,39세,경상,승합,남,29세,상해없음
2020040500100040,2020년 4월 5일 02시,일요일,경상북도 안동시 송현동,사망사고,1,0,0,0,차대차 - 기타,과속,건조,맑음,단일로 - 기타,승용,여,25세,상해없음,승용,여,42세,상해없음
2020040500100050,2020년 4월 5일 03시,일요일,경상북도 포항시 남구 대도동,중상사고,0,1,0,0,차량단독 - 기타,안전운전불이행,건조,맑음,교차로 - 교차로안,승용,여,28세,중상,,,,
2020040500100056,2020년 4월 5일 04시,일요일,경상북도 칠곡군 북삼읍,부상신고사고,0,0,0,1,차대차 - 측면충돌,안전운전불이행,건조,맑음,단일로 - 기타,승용,남,37세,부상신고,화물,남,42세,기타불명
2020040500100057,2020년 4월 5일 04시,일요일,경상북도 경산시 진량읍,중상사고,0,1,0,0,차대사람 - 기타,안전운전불이행,건조,맑음,주차장 - 주차장,승용,남,26세,상해없음,보행자,남,29세,중상
2020040500100076,2020년 4월 5일 07시,일요일,경상북도 상주시 사벌면,경상사고,0,0,2,0,차대차 - 측면충돌,교차로운행방법위반,건조,맑음,교차로 - 교차로안,승용,여,60세,경상,화물,남,58세,경상
2020040500100141,2020년 4월 5일 11시,일요일,경상북도 포항시 북구 기계면,중상사고,0,1,0,0,차량단독 - 도로외이탈 - 기타,안전운전불이행,건조,맑음,단일로 - 기타,승용,남,79세,중상,,,,
2020040500100164,2020년 4월 5일 12시,일요일,경상북도 안동시 옥야동,중상사고,0,1,2,0,차대차 - 측면충돌,신호위반,건조,맑음,교차로 - 교차로안,승용,여,39세,상해없음,승용,여,44세,중상
2020040500100165,2020년 4월 5일 12시,일요일,경상북도 칠곡군 왜관읍,중상사고,0,1,0,0,차대차 - 측면충돌,직진우회전진행방해,건조,맑음,교차로 - 교차로안,승용,여,49세,상해없음,이륜,남,82세,중상
2020040500100193,2020년 4월 5일 13시,일요일,경상북도 경주시 서악동,중상사고,0,1,1,0,차대차 - 추돌,안전운전불이행,건조,맑음,단일로 - 지하차도(도로)내,이륜,남,42세,중상,이륜,남,42세,상해없음
2020040500100194,2020년 4월 5일 13시,일요일,경상북도 구미시 비산동,경상사고,0,0,1,0,차대차 - 기타,신호위반,건조,맑음,단일로 - 교량,승용,남,25세,상해없음,자전거,여,8세,경상
2020040500100261,2020년 4월 5일 15시,일요일,경상북도 포항시 북구 죽도동,중상사고,0,1,0,0,차대차 - 기타,안전운전불이행,건조,맑음,교차로 - 교차로안,자전거,남,76세,중상,승용,여,30세,상해없음