사고번호,사고일시,요일,시군구,사고내용,사망자수,중상자수,경상자수,부상신고자수,사고유형,법규위반,노면상태,기상상태,도로형태,가해운전자 차종,가해운전자 성별,가해운전자 연령,가해운전자 상해정도,피해운전자 차종,피해운전자 성별,피해운전자 연령,피해운전자 상해정도
2020041300100392,2020년 4월 13일 17시,월요일,경상북도 영천시 북안면,경상사고,0,0,1,0,차대차 - 추돌,안전거리미확보,건조,맑음,단일로 - 기타,승용,남,73세,상해없음,승용,남,58세,상해없음
2020041300100393,2020년 4월 13일 17시,월요일,경상북도 경산시 중방동,경상사고,0,0,1,0,차대차 - 측면충돌,안전운전불이행,건조,맑음,교차로 - 교차로횡단보도내,승용,남,63세,상해없음,자전거,남,59세,경상
2020041300100394,2020년 4월 13일 17시,월요일,경상북도 경산시 중방동,경상사고,0,0,2,0,차대차 - 추돌,안전운전불이행,건조,맑음,단일로 - 기타,승용,여,53세,상해없음,승용,남,49세,경상
2020041300100440,2020년 4월 13일 18시,월요일,경상북도 상주시 모서면,중상사고,0,1,0,0,차대차 - 측면충돌,중앙선침범,건조,맑음,단일로 - 기타,화물,남,64세,상해없음,화물,남,27세,중상
2020041300100441,2020년 4월 13일 18시,월요일,경상북도 경산시 중방동,경상사고,0,0,1,0,차대차 - 측면충돌,교차로운행방법위반,건조,맑음,교차로 - 교차로안,화물,남,61세,기타불명,승용,남,60세,기타불명
2020041300100483,2020년 4월 13일 19시,월요일,경상북도 안동시 운흥동,경상사고,0,0,1,1,차대차 - 측면충돌,교차로운행방법위반,건조,맑음,교차로 - 교차로안,승용,남,29세,상해없음,승용,여,66세,상해없음
2020041300100484,2020년 4월 13일 19시,월요일,경상북도 칠곡군 왜관읍,경상사고,0,0,1,1,차대사람 - 횡단중,중앙선침범,건조,맑음,교차로 - 교차로부근,이륜,남,18세,부상신고,보행자,남,61세,경상
2020041300100520,2020년 4월 13일 20시,월요일,경상북도 영주시 아지동,경상사고,0,0,1,0,차대차 - 기타,안전운전불이행,건조,맑음,단일로 - 기타,화물,남,49세,상해없음,화물,남,49세,경상
2020041300100562,2020년 4월 13일 21시,월요일,경상북도 구미시 지산동,중상사고,0,1,0,0,차대차 - 측면충돌,신호위반,건조,맑음,교차로 - 교차로안,승용,여,23세,상해없음,승용,여,69세,중상
2020041400100031,2020년 4월 14일 02시,화요일,경상북도 칠곡군 왜관읍,경상사고,0,0,1,0,차대차 - 측면충돌,안전운전불이행,건조,맑음,단일로 - 기타,승용,여,25세,상해없음,이륜,남,83세,경상
2020041400100032,2020년 4월 14일 02시,화요일,경상북도 구미시 황상동,경상사고,0,0,10,0,차대차 - 추돌,안전운전불이행,건조,맑음,교차로 - 교차로안,승용,남,23세,상해없음,승합,남,24세,경상
2020041400100053,2020년 4월 14일 06시,화요일,경상북도 경주시 사정동,경상사고,0,0,1,0,차대차 - 측면충돌,신호위반,건조,맑음,교차로 - 교차로안,화물,남,57세,상해없음,승용,남,68세,경상
2020041400100068,2020년 4월 14일 07시,화요일,경상북도 김천시 신음동,경상사고,0,0,2,0,차대차 - 측면충돌,안전운전불이행,건조,맑음,교차로 - 교차로안,승용,남,35세,경상,승용,여,27세,경상
2020041400100097,2020년 4월 14일 08시,화요일,경상북도 포항시 남구 효자동,중상사고,0,1,0,0,차대차 - 측면충돌,교차로운행방법위반,건조,맑음,단일로 - 기타,승용,여,28세,상해없음,자전거,남,22세,중상
2020041400100130,2020년 4월 14일 09시,화요일,경상북도 경주시 시래동,경상사고,0,0,1,0,차대사람 - 보도통행중,안전운전불이행,건조,맑음,단일로 - 기타,승용,남,75세,상해없음,보행자,여,72세,경상
2020041400100131,2020년 4월 14일 09시,화요일,경상북도 예천군 호명면,중상사고,0,1,0,0,차대사람 - 횡단중,안전운전불이행,건조,맑음,단일로 - 기타,건설기계,남,55세,상해없음,보행자,남,55세,중상
2020041400100132,2020년 4월 14일 09시,화요일,경상북도 경산시 압량면,경상사고,0,0,3,0,차대차 - 측면충돌,중앙선침범,젖음/습기,맑음,단일로 - 기타,승용,여,44세,상해없음,승용,남,52세,경상
2020041400100144,2020년 4월 14일 10시,화요일,경상북도 경주시 외동읍,경상사고,0,0,1,0,차대차 - 측면충돌,안전운전불이행,건조,맑음,단일로 - 기타,특수,남,56세,상해없음,승용,여,53세,경상
2020041400100155,2020년 4월 14일 10시,화요일,경상북도 포항시 북구 장성동,경상사고,0,0,1,0,차대차 - 기타,안전운전불이행,건조,맑음,교차로 - 교차로부근,승용,남,75세,상해없음,승합,남,46세,경상
2020041400100156,2020년 4월 14일 10시,화요일,경상북도 청도군 각남면,경상사고,0,0,1,0,차대차 - 측면충돌,신호위반,건조,맑음,교차로 - 교차로안,건설기계,남,58세,상해없음,승용,남,76세,경상
2020041400100186,2020년 4월 14일 11시,화요일,경상북도 영양군 영양읍,경상사고,0,0,1,0,차대차 - 측면충돌,안전운전불이행,건조,맑음,단일로 - 기타,승용,남,79세,상해없음,이륜,여,74세,경상
2020041400100253,2020년 4월 14일 13시,화요일,경상북도 경주시 탑동,중상사고,0,1,0,0,차대사람 - 횡단중,신호위반,건조,맑음,교차로 - 교차로안,승용,남,37세,상해없음,보행자,여,84세,중상
2020041400100254,2020년 4월 14일 13시,화요일,경상북도 포항시 북구 양덕동,중상사고,0,2,1,0,차대차 - 측면충돌,안전운전불이행,건조,맑음,교차로 - 교차로안,승용,남,65세,경상,승용,남,75세,중상
2020041400100316,2020년 4월 14일 15시,화요일,경상북도 경주시 강동면,중상사고,0,1,0,0,차대사람 - 기타,안전운전불이행,건조,맑음,단일로 - 기타,승용,남,61세,상해없음,보행자,여,83세,중상
2020041400100317,2020년 4월 14일 15시,화요일,경상북도 칠곡군 왜관읍,경상사고,0,0,1,0,차대차 - 측면충돌,안전운전불이행,건조,맑음,단일로 - 기타,원동기,남,38세,경상,승용,여,34세,상해없음
2020041400100318,2020년 4월 14일 15시,화요일,경상북도 성주군 초전면,중상사고,0,1,0,0,차대차 - 측면충돌,안전운전불이행,건조,맑음,교차로 - 교차로부근,승용,여,35세,상해없음,사륜오토바이(ATV),남,83세,중상
2020041400100346,2020년 4월 14일 16시,화요일,경상북도 김천시 봉산면,경상사고,0,0,1,0,차대차 - 측면충돌,안전운전불이행,건조,맑음,교차로 - 교차로부근,승용,여,63세,상해없음,승용,여,30세,경상
2020041400100347,2020년 4월 14일 16시,화요일,경상북도 칠곡군 북삼읍,경상사고,0,0,1,0,차대차 - 측면충돌,안전운전불이행,건조,맑음,교차로 - 교차로안,승합,남,70세,상해없음,이륜,남,47세,경상
2020041400100348,2020년 4월 14일 16시,화요일,경상북도 칠곡군 왜관읍,경상사고,0,0,1,0,차대차 - 측면충돌,안전운전불이행,건조,맑음,단일로 - 기타,승용,여,50세,경상,승합,남,31세,상해없음
2020041400100349,2020년 4월 14일 16시,화요일,경상북도 구미시 상모동,중상사고,0,1,0,0,차대차 - 측면충돌,안전운전불이행,건조,맑음,단일로 - 기타,승용,남,42세,상해없음,이륜,남,44세,중상
2020041400100350,2020년 4월 14일 16시,화요일,경상북도 성주군 초전면,경상사고,0,0,1,0,차대사람 - 기타,안전운전불이행,건조,맑음,주차장 - 주차장,승용,여,64세,상해없음,보행자,남,36세,경상
2020041400100393,2020년 4월 14일 17시,화요일,경상북도 경주시 성건동,경상사고,0,0,1,0,차대차 - 추돌,안전운전불이행,건조,맑음,단일로 - 기타,승용,남,41세,상해없음,승용,남,52세,경상
2020041400100394,2020년 4월 14일 17시,화요일,경상북도 경주시 외동읍,사망사고,1,0,0,0,차대차 - 측면충돌,안전운전불이행,건조,맑음,교차로 - 교차로안,이륜,남,62세,사망,화물,남,38세,상해없음
2020041400100395,2020년 4월 14일 17시,화요일,경상북도 경주시 외동읍,중상사고,0,1,0,0,차대차 - 측면충돌,안전운전불이행,건조,맑음,단일로 - 기타,승합,여,54세,상해없음,이륜,남,45세,중상
2020041400100396,2020년 4월 14일 17시,화요일,경상북도 경주시 외동읍,경상사고,0,0,1,0,차대차 - 측면충돌,안전운전불이행,건조,맑음,단일로 - 기타,승용,남,61세,상해없음,승용,남,29세,경상
2020041400100397,2020년 4월 14일 17시,화요일,경상북도 포항시 북구 학산동,경상사고,0,0,1,0,차대차 - 추돌,안전운전불이행,건조,맑음,단일로 - 기타,승용,남,61세,상해없음,승용,남,28세,경상
2020041400100398,2020년 4월 14일 17시,화요일,경상북도 안동시 송현동,경상사고,0,0,1,0,차대사람 - 기타,기타,건조,맑음,기타 - 기타,이륜,남,25세,기타불명,보행자,남,24세,경상
2020041400100399,2020년 4월 14일 17시,화요일,경상북도 상주시 함창읍,부상신고사고,0,0,0,1,차대차 - 측면충돌,교차로운행방법위반,건조,맑음,교차로 - 교차로안,승용,남,74세,부상신고,화물,남,41세,상해없음
2020041400100400,2020년 4월 14일 17시,화요일,경상북도 영천시 고경면,경상사고,0,0,1,0,차대차 - 측면충돌,안전운전불이행,건조,맑음,교차로 - 교차로부근,화물,남,44세,상해없음,이륜,남,73세,경상
2020041400100401,2020년 4월 14일 17시,화요일,경상북도 경산시 진량읍,중상사고,0,2,1,0,차대차 - 정면충돌,과속,건조,맑음,단일로 - 지하차도(도로)내,승용,남,23세,중상,승용,남,59세,중상
2020041400100402,2020년 4월 14일 17시,화요일,경상북도 포항시 남구 구룡포읍,중상사고,0,1,0,0,차대사람 - 기타,안전운전불이행,건조,맑음,단일로 - 기타,승용,여,63세,상해없음,보행자,남,57세,중상
2020041400100403,2020년 4월 14일 17시,화요일,경상북도 포항시 남구 효자동,경상사고,0,0,1,0,차대차 - 추돌,안전운전불이행,건조,맑음,단일로 - 기타,승용,여,35세,상해없음,승용,남,39세,경상
2020041400100447,2020년 4월 14일 18시,화요일,경상북도 안동시 태화동,중상사고,0,1,0,0,차대차 - 측면충돌,안전거리미확보,건조,맑음,교차로 - 교차로부근,승용,남,65세,상해없음,승용,남,36세,중상
2020041400100448,2020년 4월 14일 18시,화요일,경상북도 김천시 대광동,경상사고,0,0,1,0,차대차 - 추돌,안전운전불이행,건조,맑음,단일로 - 기타,승용,남,63세,상해없음,승용,여,36세,경상
2020041400100449,2020년 4월 14일 18시,화요일,경상북도 칠곡군 왜관읍,중상사고,0,1,0,0,차대사람 - 보도통행중,안전운전불이행,건조,맑음,단일로 - 기타,승용,여,43세,기타불명,보행자,남,66세,중상
2020041400100450,2020년 4월 14일 18시,화요일,경상북도 성주군 선남면,경상사고,0,0,1,0,차대차 - 측면충돌,안전운전불이행,건조,맑음,교차로 - 교차로부근,승용,남,25세,상해없음,승용,남,28세,경상
2020041400100451,2020년 4월 14일 18시,화요일,경상북도 구미시 형곡동,경상사고,0,0,2,0,차대차 - 기타,안전거리미확보,건조,맑음,단일로 - 기타,원동기,남,39세,경상,승용,남,45세,경상
2020041400100452,2020년 4월 14일 18시,화요일,경상북도 구미시 공단동,경상사고,0,0,1,0,차대차 - 추돌,안전운전불이행,건조,맑음,교차로 - 교차로안,승용,남,56세,상해없음,승용,남,39세,경상
2020041400100520,2020년 4월 14일 20시,화요일,경상북도 영천시 고경면,경상사고,0,0,1,0,차대차 - 추돌,안전운전불이행,건조,맑음,교차로 - 교차로부근,승용,남,47세,경상,승용,남,29세,상해없음
2020041400100521,2020년 4월 14일 20시,화요일,경상북도 울진군 울진읍,중상사고,0,1,0,0,차대사람 - 횡단중,보행자보호의무위반,건조,맑음,교차로 - 교차로안,승용,남,53세,상해없음,보행자,여,60세,중상
2020041400100548,2020년 4월 14일 21시,화요일,경상북도 안동시 옥동,경상사고,0,0,1,0,차대차 - 측면충돌,안전거리미확보,건조,맑음,단일로 - 기타,승용,남,24세,상해없음,승용,남,28세,경상
2020041400100569,2020년 4월 14일 22시,화요일,경상북도 경주시 외동읍,경상사고,0,0,1,0,차대차 - 측면충돌,안전운전불이행,건조,맑음,단일로 - 기타,승용,남,45세,상해없음,승용,남,50세,경상
2020041400100570,2020년 4월 14일 22시,화요일,경상북도 경산시 진량읍,경상사고,0,0,1,0,차대차 - 측면충돌,중앙선침범,건조,맑음,단일로 - 기타,승용,남,67세,상해없음,승용,남,37세,경상
2020041400100571,2020년 4월 14일 22시,화요일,경상북도 구미시 송정동,경상사고,0,0,1,0,차대사람 - 기타,안전운전불이행,건조,맑음,단일로 - 기타,승용,여,24세,상해없음,보행자,남,54세,경상
2020041400100597,2020년 4월 14일 23시,화요일,경상북도 경주시 내남면,경상사고,0,0,1,0,차대차 - 기타,안전운전불이행,건조,맑음,단일로 - 기타,승용,남,34세,상해없음,승용,남,47세,경상
2020041400100598,2020년 4월 14일 23시,화요일,경상북도 포항시 북구 중앙동,경상사고,0,0,2,0,차대차 - 추돌,안전운전불이행,건조,맑음,교차로 - 교차로안,승용,남,55세,경상,승용,남,55세,경상
2020041500100008,2020년 4월 15일 00시,수요일,경상북도 칠곡군 북삼읍,경상사고,0,0,1,0,차대사람 - 기타,안전운전불이행,건조,흐림,단일로 - 기타,승용,남,38세,상해없음,보행자,남,35세,경상
2020041500100009,2020년 4월 15일 00시,수요일,경상북도 칠곡군 왜관읍,부상신고사고,0,0,0,1,차량단독 - 공작물충돌,안전운전불이행,건조,맑음,교차로 - 교차로안,승용,남,36세,부상신고,,,,
2020041500100028,2020년 4월 15일 01시,수요일,경상북도 김천시 신음동,경상사고,0,0,1,0,차량단독 - 공작물충돌,안전운전불이행,건조,맑음,단일로 - 기타,승용,남,27세,경상,,,,
2020041500100041,2020년 4월 15일 02시,수요일,경상북도 안동시 천리동,경상사고,0,0,1,0,차대사람 - 횡단중,안전운전불이행,건조,맑음,교차로 - 교차로안,건설기계,남,57세,상해없음,보행자,여,83세,경상
2020041500100042,2020년 4월 15일 02시,수요일,경상북도 포항시 남구 상도동,경상사고,0,0,1,0,차대차 - 기타,안전운전불이행,건조,맑음,단일로 - 기타,승용,남,45세,상해없음,승용,여,56세,경상
2020041500100061,2020년 4월 15일 05시,수요일,경상북도 구미시 황상동,경상사고,0,0,1,0,차대차 - 정면충돌,중앙선침범,건조,맑음,단일로 - 기타,승용,남,41세,상해없음,승용,남,47세,경상
2020041500100071,2020년 4월 15일 06시,수요일,경상북도 안동시 서후면,경상사고,0,0,2,0,차대차 - 측면충돌,안전운전불이행,건조,맑음,교차로 - 교차로안,승용,여,65세,경상,화물,남,43세,경상
2020041500100112,2020년 4월 15일 09시,수요일,경상북도 경주시 안강읍,경상사고,0,0,2,0,차대차 - 측면충돌,안전운전불이행,건조,맑음,교차로 - 교차로안,승용,여,55세,상해없음,화물,남,60세,경상
2020041500100113,2020년 4월 15일 09시,수요일,경상북도 봉화군 물야면,중상사고,0,1,1,0,차대차 - 측면충돌,중앙선침범,건조,맑음,단일로 - 기타,건설기계,남,52세,경상,화물,남,55세,중상
2020041500100114,2020년 4월 15일 09시,수요일,경상북도 구미시 도개면,경상사고,0,0,1,0,차대차 - 정면충돌,신호위반,건조,맑음,교차로 - 교차로안,건설기계,남,55세,상해없음,화물,남,57세,경상
2020041500100157,2020년 4월 15일 11시,수요일,경상북도 안동시 북후면,부상신고사고,0,0,0,1,차대차 - 기타,중앙선침범,건조,맑음,단일로 - 기타,건설기계,남,62세,상해없음,이륜,남,67세,부상신고
2020041500100158,2020년 4월 15일 11시,수요일,경상북도 경산시 하양읍,경상사고,0,0,1,0,차대차 - 후진중충돌,안전운전불이행,건조,맑음,교차로 - 교차로부근,승용,남,66세,상해없음,승용,남,42세,경상
2020041500100240,2020년 4월 15일 14시,수요일,경상북도 경주시 신평동,중상사고,0,2,0,0,차량단독 - 기타,안전운전불이행,건조,맑음,단일로 - 기타,이륜,여,24세,중상,,,,
2020041500100241,2020년 4월 15일 14시,수요일,경상북도 포항시 북구 창포동,경상사고,0,0,1,0,차대차 - 측면충돌,신호위반,건조,맑음,교차로 - 교차로부근,이륜,남,37세,경상,승용,여,52세,상해없음
2020041500100242,2020년 4월 15일 14시,수요일,경상북도 구미시 봉곡동,중상사고,0,1,0,0,차대사람 - 기타,안전운전불이행,건조,맑음,교차로 - 교차로부근,승용,남,36세,기타불명,보행자,남,61세,중상
2020041500100310,2020년 4월 15일 16시,수요일,경상북도 청도군 매전면,중상사고,0,1,1,0,차대차 - 추돌,안전거리미확보,건조,맑음,단일로 - 기타,이륜,남,34세,상해없음,승용,남,26세,경상
2020041500100311,2020년 4월 15일 16시,수요일,경상북도 군위군 부계면,경상사고,0,0,1,0,차대차 - 후진중충돌,안전운전불이행,건조,맑음,기타 - 기타,승용,여,48세,상해없음,승용,남,42세,상해없음
2020041500100341,2020년 4월 15일 17시,수요일,경상북도 김천시 남면,경상사고,0,0,1,0,차량단독 - 공작물충돌,안전운전불이행,건조,맑음,단일로 - 기타,승용,남,57세,경상,,,,
2020041500100372,2020년 4월 15일 18시,수요일,경상북도 상주시 함창읍,중상사고,0,1,0,0,차량단독 - 도로외이탈 - 추락,안전운전불이행,건조,맑음,기타 - 기타,이륜,남,64세,중상,,,,
2020041500100373,2020년 4월 15일 18시,수요일,경상북도 구미시 도량동,중상사고,0,1,0,0,차대차 - 측면충돌,안전운전불이행,건조,맑음,교차로 - 교차로부근,승용,여,41세,상해없음,이륜,남,37세,중상
2020041500100374,2020년 4월 15일 18시,수요일,경상북도 구미시 선산읍,경상사고,0,0,2,0,차대차 - 기타,안전운전불이행,건조,맑음,단일로 - 기타,화물,남,32세,상해없음,화물,남,55세,경상
2020041500100422,2020년 4월 15일 20시,수요일,경상북도 청도군 운문면,경상사고,0,0,3,0,차대차 - 추돌,안전운전불이행,건조,맑음,단일로 - 지하차도(도로)내,승용,남,37세,상해없음,승용,여,45세,경상
2020041500100443,2020년 4월 15일 21시,수요일,경상북도 구미시 공단동,경상사고,0,0,1,0,차량단독 - 기타,안전운전불이행,건조,맑음,단일로 - 기타,자전거,남,53세,경상,,,,
2020041500100463,2020년 4월 15일 22시,수요일,경상북도 포항시 북구 죽도동,경상사고,0,0,2,0,차대차 - 기타,신호위반,건조,맑음,교차로 - 교차로안,이륜,남,21세,경상,승용,남,55세,경상
2020041500100464,2020년 4월 15일 22시,수요일,경상북도 칠곡군 지천면,경상사고,0,0,1,0,차대사람 - 기타,안전운전불이행,건조,흐림,단일로 - 기타,기타불명,기타불명,미분류,기타불명,보행자,남,28세,경상
2020041600100107,2020년 4월 16일 09시,목요일,경상북도 포항시 북구 우현동,중상사고,0,1,2,0,차대차 - 측면충돌,안전운전불이행,건조,맑음,교차로 - 교차로안,승용,여,39세,경상,승용,여,46세,경상
2020041600100129,2020년 4월 16일 10시,목요일,경상북도 포항시 북구 청하면,경상사고,0,0,1,0,차대차 - 정면충돌,중앙선침범,건조,맑음,단일로 - 기타,승용,남,73세,상해없음,승용,여,61세,경상
2020041600100180,2020년 4월 16일 12시,목요일,경상북도 경주시 안강읍,중상사고,0,1,0,0,차대차 - 측면충돌,안전운전불이행,건조,맑음,단일로 - 기타,승용,여,54세,상해없음,이륜,남,95세,중상
2020041600100181,2020년 4월 16일 12시,목요일,경상북도 문경시 점촌동,사망사고,1,0,0,0,차대차 - 추돌,안전운전불이행,건조,맑음,단일로 - 터널,승용,남,69세,상해없음,이륜,남,71세,사망
2020041600100213,2020년 4월 16일 13시,목요일,경상북도 경산시 계양동,경상사고,0,0,1,0,차대차 - 측면충돌,차로위반,건조,맑음,교차로 - 교차로안,승용,남,22세,상해없음,승용,남,27세,경상
2020041600100244,2020년 4월 16일 14시,목요일,경상북도 경주시 황오동,중상사고,0,1,0,0,차대사람 - 차도통행중,안전운전불이행,건조,맑음,단일로 - 기타,자전거,남,64세,상해없음,보행자,여,69세,중상
2020041600100245,2020년 4월 16일 14시,목요일,경상북도 청송군 청송읍,경상사고,0,0,1,0,차대차 - 정면충돌,중앙선침범,건조,맑음,단일로 - 기타,화물,남,58세,상해없음,화물,남,60세,경상
2020041600100286,2020년 4월 16일 15시,목요일,경상북도 경주시 성건동,경상사고,0,0,1,0,차대차 - 측면충돌,안전운전불이행,건조,맑음,단일로 - 기타,자전거,남,85세,경상,화물,남,49세,상해없음
2020041600100287,2020년 4월 16일 15시,목요일,경상북도 안동시 운흥동,경상사고,0,0,1,0,차대차 - 측면충돌,안전운전불이행,건조,맑음,단일로 - 기타,승용,남,35세,상해없음,승용,여,51세,경상
2020041600100316,2020년 4월 16일 16시,목요일,경상북도 구미시 황상동,중상사고,0,1,0,0,차대사람 - 횡단중,안전운전불이행,건조,맑음,단일로 - 기타,승용,남,34세,상해없음,보행자,여,31세,중상
2020041600100345,2020년 4월 16일 17시,목요일,경상북도 문경시 모전동,중상사고,0,1,0,0,차대사람 - 횡단중,안전운전불이행,건조,맑음,단일로 - 기타,승합,남,42세,상해없음,보행자,남,4세,중상
2020041600100346,2020년 4월 16일 17시,목요일,경상북도 고령군 대가야읍,경상사고,0,0,1,0,차대차 - 측면충돌,안전거리미확보,건조,맑음,단일로 - 기타,이륜,남,57세,경상,승용,여,48세,상해없음
2020041600100347,2020년 4월 16일 17시,목요일,경상북도 포항시 남구 오천읍,경상사고,0,0,1,0,차대차 - 측면충돌,안전운전불이행,건조,맑음,교차로 - 교차로안,승용,남,39세,상해없음,이륜,남,29세,경상
2020041600100384,2020년 4월 16일 18시,목요일,경상북도 경주시 외동읍,경상사고,0,0,2,0,차대차 - 측면충돌,신호위반,건조,맑음,교차로 - 교차로안,승용,여,49세,상해없음,승용,남,33세,경상
2020041600100385,2020년 4월 16일 18시,목요일,경상북도 상주시 가장동,경상사고,0,0,3,0,차대차 - 추돌,안전운전불이행,건조,맑음,단일로 - 기타,화물,남,52세,상해없음,승용,여,66세,경상
2020041600100421,2020년 4월 16일 19시,목요일,경상북도 포항시 북구 우현동,경상사고,0,0,2,0,차대차 - 측면충돌,교차로운행방법위반,건조,맑음,교차로 - 교차로안,승합,남,57세,경상,승용,여,59세,경상
2020041600100453,2020년 4월 16일 20시,목요일,경상북도 경산시 하양읍,경상사고,0,0,1,0,차대차 - 측면충돌,중앙선침범,건조,맑음,단일로 - 기타,화물,남,69세,상해없음,승용,남,56세,경상
2020041600100454,2020년 4월 16일 20시,목요일,경상북도 구미시 원평동,부상신고사고,0,0,0,1,차대차 - 추돌,안전운전불이행,건조,맑음,교차로 - 교차로안,이륜,남,16세,부상신고,승용,남,29세,상해없음
2020041600100484,2020년 4월 16일 21시,목요일,경상북도 영천시 야사동,중상사고,0,1,1,0,차대차 - 측면충돌,안전운전불이행,건조,맑음,교차로 - 교차로안,화물,남,49세,상해없음,승용,남,28세,중상
2020041700100026,2020년 4월 17일 02시,금요일,경상북도 구미시 원평동,경상사고,0,0,1,0,차대사람 - 기타,안전운전불이행,건조,맑음,기타 - 기타,승용,여,24세,상해없음,보행자,남,26세,경상
2020041700100063,2020년 4월 17일 07시,금요일,경상북도 포항시 북구 동빈2가,경상사고,0,0,1,0,차대사람 - 기타,안전운전불이행,건조,맑음,단일로 - 기타,자전거,남,36세,상해없음,보행자,남,71세,경상
2020041700100088,2020년 4월 17일 08시,금요일,경상북도 의성군 다인면,경상사고,0,0,1,0,차대차 - 기타,안전운전불이행,젖음/습기,비,단일로 - 기타,화물,남,56세,상해없음,승용,여,66세,경상
2020041700100089,2020년 4월 17일 08시,금요일,경상북도 예천군 풍양면,중상사고,0,2,0,0,차대차 - 측면충돌,안전운전불이행,젖음/습기,맑음,교차로 - 교차로안,승용,남,42세,중상,화물,남,70세,중상
2020041700100090,2020년 4월 17일 08시,금요일,경상북도 포항시 남구 효자동,중상사고,0,1,0,0,차대사람 - 횡단중,보행자보호의무위반,건조,맑음,교차로 - 교차로횡단보도내,승용,여,49세,상해없음,보행자,여,58세,중상
2020041700100112,2020년 4월 17일 09시,금요일,경상북도 영주시 풍기읍,중상사고,0,1,0,0,차대차 - 기타,교차로운행방법위반,젖음/습기,비,교차로 - 교차로안,승용,여,50세,상해없음,자전거,여,75세,중상
2020041700100113,2020년 4월 17일 09시,금요일,경상북도 경산시 중방동,경상사고,0,0,2,0,차대차 - 추돌,안전거리미확보,젖음/습기,맑음,단일로 - 기타,승용,남,39세,상해없음,승용,여,41세,경상
2020041700100140,2020년 4월 17일 10시,금요일,경상북도 영천시 화산면,경상사고,0,0,1,0,차량단독 - 공작물충돌,안전운전불이행,젖음/습기,비,단일로 - 기타,승용,남,63세,경상,,,,
2020041700100141,2020년 4월 17일 10시,금요일,경상북도 청송군 청송읍,경상사고,0,0,1,0,차대차 - 후진중충돌,안전운전불이행,젖음/습기,비,교차로 - 교차로부근,승용,남,65세,상해없음,승용,여,67세,경상
2020041700100164,2020년 4월 17일 11시,금요일,경상북도 안동시 도산면,중상사고,0,2,1,0,차량단독 - 공작물충돌,안전운전불이행,젖음/습기,맑음,단일로 - 기타,화물,남,54세,경상,,,,
2020041700100165,2020년 4월 17일 11시,금요일,경상북도 칠곡군 북삼읍,중상사고,0,1,0,1,차대차 - 측면충돌,안전운전불이행,젖음/습기,비,교차로 - 교차로안,승용,여,49세,부상신고,승용,남,32세,중상
2020041700100166,2020년 4월 17일 11시,금요일,경상북도 칠곡군 약목면,경상사고,0,0,2,0,차대차 - 측면충돌,중앙선침범,젖음/습기,비,단일로 - 기타,특수,남,38세,상해없음,승용,남,63세,경상
2020041700100167,2020년 4월 17일 11시,금요일,경상북도 영천시 문내동,경상사고,0,0,1,0,차대사람 - 횡단중,안전운전불이행,젖음/습기,비,단일로 - 기타,승용,남,63세,상해없음,보행자,남,39세,경상
2020041700100190,2020년 4월 17일 12시,금요일,경상북도 안동시 태화동,경상사고,0,0,1,0,차대차 - 측면충돌,안전운전불이행,건조,맑음,교차로 - 교차로부근,승용,남,45세,상해없음,이륜,남,57세,경상
2020041700100225,2020년 4월 17일 13시,금요일,경상북도 경주시 외동읍,경상사고,0,0,1,0,차대차 - 기타,안전운전불이행,젖음/습기,비,단일로 - 기타,화물,남,62세,상해없음,화물,여,36세,경상
2020041700100226,2020년 4월 17일 13시,금요일,경상북도 영천시 문외동,경상사고,0,0,1,0,차대차 - 측면충돌,교차로운행방법위반,젖음/습기,비,교차로 - 교차로안,승용,여,57세,상해없음,승용,남,69세,경상
2020041700100227,2020년 4월 17일 13시,금요일,경상북도 봉화군 소천면,사망사고,1,0,0,0,차대사람 - 기타,안전운전불이행,건조,맑음,기타 - 기타,화물,남,62세,상해없음,보행자,여,71세,사망
2020041700100228,2020년 4월 17일 13시,금요일,경상북도 영양군 영양읍,중상사고,0,4,0,0,차대차 - 측면충돌,중앙선침범,젖음/습기,비,단일로 - 기타,화물,남,54세,중상,승용,남,30세,중상
2020041700100254,2020년 4월 17일 14시,금요일,경상북도 경주시 외동읍,경상사고,0,0,2,0,차대차 - 측면충돌,중앙선침범,젖음/습기,비,교차로 - 교차로부근,화물,남,39세,상해없음,승용,남,54세,경상
2020041700100255,2020년 4월 17일 14시,금요일,경상북도 포항시 북구 죽도동,경상사고,0,0,1,0,차대차 - 측면충돌,안전운전불이행,젖음/습기,비,단일로 - 기타,승합,남,47세,상해없음,승용,남,26세,경상
2020041700100256,2020년 4월 17일 14시,금요일,경상북도 영천시 고경면,경상사고,0,0,3,0,차대차 - 기타,안전운전불이행,젖음/습기,비,교차로 - 교차로안,승용,남,42세,경상,승용,여,23세,경상
2020041700100288,2020년 4월 17일 15시,금요일,경상북도 칠곡군 가산면,경상사고,0,0,1,0,차대차 - 기타,안전운전불이행,건조,맑음,단일로 - 기타,승용,여,45세,상해없음,이륜,남,58세,경상
2020041700100289,2020년 4월 17일 15시,금요일,경상북도 구미시 원평동,경상사고,0,0,1,0,차대차 - 후진중충돌,안전운전불이행,건조,맑음,기타 - 기타,승용,여,34세,상해없음,승용,여,48세,경상
2020041700100326,2020년 4월 17일 16시,금요일,경상북도 영주시 봉현면,사망사고,1,0,0,0,차대사람 - 기타,안전운전불이행,건조,흐림,단일로 - 기타,승용,남,76세,상해없음,보행자,여,73세,사망