사고번호,사고일시,요일,시군구,사고내용,사망자수,중상자수,경상자수,부상신고자수,사고유형,법규위반,노면상태,기상상태,도로형태,가해운전자 차종,가해운전자 성별,가해운전자 연령,가해운전자 상해정도,피해운전자 차종,피해운전자 성별,피해운전자 연령,피해운전자 상해정도
2020041700100327,2020년 4월 17일 16시,금요일,경상북도 청도군 화양읍,경상사고,0,0,1,0,차대차 - 기타,안전운전불이행,건조,흐림,단일로 - 기타,승합,남,63세,상해없음,승용,여,35세,경상
2020041700100356,2020년 4월 17일 17시,금요일,경상북도 안동시 정하동,경상사고,0,0,2,0,차대차 - 측면충돌,안전운전불이행,건조,맑음,교차로 - 교차로안,승용,남,41세,경상,승용,남,67세,경상
2020041700100357,2020년 4월 17일 17시,금요일,경상북도 문경시 점촌동,중상사고,0,1,1,0,차대차 - 측면충돌,안전운전불이행,젖음/습기,비,교차로 - 교차로안,화물,남,70세,상해없음,승용,여,48세,중상
2020041700100358,2020년 4월 17일 17시,금요일,경상북도 경산시 사정동,경상사고,0,0,1,0,차대차 - 추돌,안전거리미확보,건조,맑음,교차로 - 교차로부근,화물,남,55세,상해없음,승용,여,60세,경상
2020041700100422,2020년 4월 17일 19시,금요일,경상북도 포항시 북구 용흥동,경상사고,0,0,3,0,차대차 - 측면충돌,안전운전불이행,젖음/습기,비,교차로 - 교차로안,승용,남,59세,상해없음,승용,남,34세,경상
2020041700100423,2020년 4월 17일 19시,금요일,경상북도 영주시 가흥동,부상신고사고,0,0,0,1,차대차 - 측면충돌,교차로운행방법위반,건조,맑음,교차로 - 교차로안,승용,남,46세,상해없음,이륜,남,27세,부상신고
2020041700100424,2020년 4월 17일 19시,금요일,경상북도 칠곡군 왜관읍,경상사고,0,0,2,0,차대차 - 후진중충돌,안전운전불이행,젖음/습기,비,단일로 - 기타,승용,남,47세,상해없음,승용,남,35세,경상
2020041700100425,2020년 4월 17일 19시,금요일,경상북도 경산시 사동,경상사고,0,0,1,0,차대차 - 측면충돌,신호위반,젖음/습기,맑음,교차로 - 교차로부근,승용,여,48세,상해없음,승용,남,23세,경상
2020041700100426,2020년 4월 17일 19시,금요일,경상북도 경산시 계양동,중상사고,0,1,0,0,차대차 - 기타,안전운전불이행,젖음/습기,비,단일로 - 기타,승용,남,58세,기타불명,승용,남,60세,중상
2020041700100427,2020년 4월 17일 19시,금요일,경상북도 구미시 옥계동,중상사고,0,1,1,0,차대차 - 기타,중앙선침범,젖음/습기,비,단일로 - 기타,승용,남,18세,상해없음,승용,여,51세,경상
2020041700100428,2020년 4월 17일 19시,금요일,경상북도 구미시 인의동,경상사고,0,0,2,0,차대차 - 추돌,안전운전불이행,젖음/습기,비,교차로 - 교차로부근,승용,남,48세,상해없음,승용,남,45세,경상
2020041700100455,2020년 4월 17일 20시,금요일,경상북도 칠곡군 왜관읍,부상신고사고,0,0,0,1,차량단독 - 기타,안전운전불이행,젖음/습기,비,단일로 - 기타,승용,남,45세,부상신고,,,,
2020041700100456,2020년 4월 17일 20시,금요일,경상북도 구미시 봉곡동,경상사고,0,0,2,0,차대차 - 기타,안전운전불이행,젖음/습기,흐림,교차로 - 교차로부근,승용,남,67세,상해없음,승용,남,26세,경상
2020041700100484,2020년 4월 17일 21시,금요일,경상북도 고령군 개진면,중상사고,0,1,1,0,차대차 - 측면충돌,교차로운행방법위반,젖음/습기,흐림,교차로 - 교차로안,승용,남,33세,경상,이륜,남,51세,중상
2020041700100485,2020년 4월 17일 21시,금요일,경상북도 구미시 원평동,경상사고,0,0,1,0,차대차 - 기타,안전운전불이행,젖음/습기,흐림,교차로 - 교차로안,승용,남,43세,상해없음,이륜,남,51세,경상
2020041700100512,2020년 4월 17일 22시,금요일,경상북도 포항시 북구 항구동,경상사고,0,0,2,0,차대차 - 기타,중앙선침범,건조,맑음,단일로 - 기타,승용,남,55세,상해없음,승용,남,37세,경상
2020041700100544,2020년 4월 17일 23시,금요일,경상북도 경주시 구정동,경상사고,0,0,1,0,차대차 - 추돌,안전운전불이행,건조,맑음,단일로 - 기타,승용,남,52세,상해없음,승용,남,42세,경상
2020041700100545,2020년 4월 17일 23시,금요일,경상북도 예천군 예천읍,중상사고,0,1,0,0,차량단독 - 공작물충돌,안전운전불이행,젖음/습기,안개,교차로 - 교차로부근,화물,남,38세,중상,,,,
2020041800100069,2020년 4월 18일 06시,토요일,경상북도 영덕군 영해면,중상사고,0,2,0,0,차대차 - 측면충돌,직진우회전진행방해,건조,맑음,교차로 - 교차로안,화물,남,67세,상해없음,이륜,남,32세,중상
2020041800100070,2020년 4월 18일 06시,토요일,경상북도 포항시 남구 구룡포읍,중상사고,0,1,1,0,차대차 - 추돌,안전운전불이행,건조,맑음,단일로 - 기타,승용,남,22세,경상,승용,남,57세,중상
2020041800100086,2020년 4월 18일 07시,토요일,경상북도 경주시 외동읍,경상사고,0,0,1,0,차대차 - 추돌,안전운전불이행,건조,맑음,단일로 - 기타,승용,남,47세,상해없음,승용,여,25세,경상
2020041800100087,2020년 4월 18일 07시,토요일,경상북도 포항시 북구 용흥동,중상사고,0,1,0,0,차량단독 - 공작물충돌,안전운전불이행,건조,맑음,단일로 - 기타,승용,여,49세,중상,,,,
2020041800100088,2020년 4월 18일 07시,토요일,경상북도 포항시 남구 대잠동,경상사고,0,0,3,0,차대차 - 측면충돌,안전거리미확보,건조,맑음,교차로 - 교차로안,승용,남,39세,경상,승용,남,29세,경상
2020041800100125,2020년 4월 18일 09시,토요일,경상북도 김천시 백옥동,중상사고,0,1,0,0,차대사람 - 기타,안전운전불이행,건조,맑음,단일로 - 기타,화물,남,72세,상해없음,보행자,여,74세,중상
2020041800100126,2020년 4월 18일 09시,토요일,경상북도 영천시 화북면,중상사고,0,1,0,0,차대사람 - 횡단중,보행자보호의무위반,젖음/습기,맑음,교차로 - 교차로횡단보도내,승용,남,27세,상해없음,보행자,여,80세,중상
2020041800100127,2020년 4월 18일 09시,토요일,경상북도 경산시 대평동,중상사고,0,1,1,0,차대차 - 측면충돌,과속,건조,맑음,교차로 - 교차로안,승용,남,52세,중상,승용,남,60세,경상
2020041800100176,2020년 4월 18일 11시,토요일,경상북도 경주시 동천동,중상사고,0,1,0,0,차대차 - 측면충돌,안전운전불이행,건조,맑음,교차로 - 교차로안,승용,여,58세,상해없음,자전거,여,75세,중상
2020041800100177,2020년 4월 18일 11시,토요일,경상북도 경주시 내남면,경상사고,0,0,1,0,차량단독 - 공작물충돌,안전운전불이행,건조,맑음,단일로 - 기타,화물,남,45세,경상,,,,
2020041800100178,2020년 4월 18일 11시,토요일,경상북도 문경시 문경읍,경상사고,0,0,1,0,차대차 - 정면충돌,안전운전불이행,건조,맑음,단일로 - 기타,자전거,여,28세,경상,승용,남,80세,상해없음
2020041800100179,2020년 4월 18일 11시,토요일,경상북도 경산시 중방동,경상사고,0,0,1,0,차대차 - 측면충돌,신호위반,건조,맑음,교차로 - 교차로안,승용,여,59세,상해없음,승용,여,29세,경상
2020041800100180,2020년 4월 18일 11시,토요일,경상북도 울진군 북면,경상사고,0,0,3,0,차대차 - 추돌,기타,건조,맑음,단일로 - 기타,화물,남,66세,상해없음,승용,남,63세,경상
2020041800100278,2020년 4월 18일 14시,토요일,경상북도 포항시 북구 장성동,중상사고,0,1,0,0,차대차 - 정면충돌,기타,건조,맑음,단일로 - 기타,화물,남,49세,상해없음,이륜,남,77세,중상
2020041800100279,2020년 4월 18일 14시,토요일,경상북도 영천시 야사동,경상사고,0,0,1,0,차대차 - 측면충돌,안전운전불이행,건조,맑음,단일로 - 기타,이륜,남,18세,상해없음,이륜,남,39세,상해없음
2020041800100280,2020년 4월 18일 14시,토요일,경상북도 포항시 남구 대도동,중상사고,0,1,0,0,차대차 - 측면충돌,안전운전불이행,건조,맑음,교차로 - 교차로부근,화물,남,60세,상해없음,이륜,남,28세,중상
2020041800100281,2020년 4월 18일 14시,토요일,경상북도 포항시 남구 인덕동,경상사고,0,0,2,0,차대차 - 측면충돌,안전운전불이행,건조,맑음,교차로 - 교차로안,승용,여,52세,상해없음,승용,남,32세,경상
2020041800100282,2020년 4월 18일 14시,토요일,경상북도 포항시 남구 대도동,경상사고,0,0,1,0,차대차 - 추돌,안전운전불이행,건조,맑음,단일로 - 기타,승합,남,56세,상해없음,승용,여,47세,경상
2020041800100327,2020년 4월 18일 15시,토요일,경상북도 안동시 광석동,중상사고,0,1,0,0,차대사람 - 기타,보행자보호의무위반,건조,맑음,교차로 - 교차로부근,화물,남,46세,상해없음,보행자,여,17세,중상
2020041800100356,2020년 4월 18일 16시,토요일,경상북도 포항시 북구 여천동,중상사고,0,1,0,0,차대사람 - 횡단중,보행자보호의무위반,건조,맑음,교차로 - 교차로횡단보도내,승용,여,51세,상해없음,보행자,남,47세,중상
2020041800100357,2020년 4월 18일 16시,토요일,경상북도 영천시 완산동,경상사고,0,0,1,0,차대차 - 측면충돌,안전운전불이행,건조,맑음,교차로 - 교차로부근,승용,남,78세,상해없음,승용,여,35세,경상
2020041800100394,2020년 4월 18일 17시,토요일,경상북도 경주시 건천읍,사망사고,1,0,0,0,차량단독 - 도로외이탈 - 추락,안전운전불이행,건조,맑음,단일로 - 기타,승용,여,60세,사망,,,,
2020041800100395,2020년 4월 18일 17시,토요일,경상북도 경산시 신천동,경상사고,0,0,1,0,차대차 - 후진중충돌,안전운전불이행,건조,맑음,기타 - 기타,승용,여,63세,상해없음,승용,여,45세,경상
2020041800100430,2020년 4월 18일 18시,토요일,경상북도 경주시 내남면,경상사고,0,0,1,0,차량단독 - 전도전복 - 전도,안전운전불이행,건조,맑음,단일로 - 기타,화물,남,48세,경상,,,,
2020041800100431,2020년 4월 18일 18시,토요일,경상북도 안동시 남문동,경상사고,0,0,1,0,차대차 - 측면충돌,안전거리미확보,건조,맑음,단일로 - 기타,이륜,남,55세,경상,승용,여,27세,상해없음
2020041800100453,2020년 4월 18일 19시,토요일,경상북도 경주시 성건동,경상사고,0,0,1,0,차대차 - 측면충돌,안전운전불이행,건조,맑음,교차로 - 교차로안,이륜,여,43세,경상,승용,남,23세,상해없음
2020041800100493,2020년 4월 18일 21시,토요일,경상북도 경주시 외동읍,부상신고사고,0,0,0,1,차대차 - 기타,안전운전불이행,건조,맑음,단일로 - 기타,승용,남,39세,상해없음,승용,여,43세,부상신고
2020041800100500,2020년 4월 18일 21시,토요일,경상북도 경주시 율동,중상사고,0,1,0,0,차대차 - 측면충돌,안전운전불이행,건조,맑음,단일로 - 기타,승용,남,31세,상해없음,승용,남,64세,중상
2020041800100514,2020년 4월 18일 22시,토요일,경상북도 경산시 상방동,경상사고,0,0,1,0,차대차 - 측면충돌,안전거리미확보,건조,맑음,단일로 - 기타,이륜,남,32세,상해없음,승용,남,43세,경상
2020041800100542,2020년 4월 18일 23시,토요일,경상북도 칠곡군 지천면,중상사고,0,1,0,0,차대사람 - 차도통행중,안전운전불이행,건조,맑음,단일로 - 기타,승용,남,35세,상해없음,보행자,남,64세,중상
2020041900100012,2020년 4월 19일 00시,일요일,경상북도 경주시 황오동,경상사고,0,0,1,0,차대사람 - 길가장자리구역통행중,안전운전불이행,건조,맑음,단일로 - 기타,승용,남,24세,상해없음,보행자,남,61세,경상
2020041900100013,2020년 4월 19일 00시,일요일,경상북도 안동시 용상동,중상사고,0,1,0,0,차대사람 - 횡단중,보행자보호의무위반,건조,맑음,단일로 - 기타,승용,여,60세,상해없음,보행자,남,58세,중상
2020041900100014,2020년 4월 19일 00시,일요일,경상북도 김천시 성내동,중상사고,0,1,0,0,차대차 - 측면충돌,과속,건조,기타,교차로 - 교차로횡단보도내,승용,남,19세,상해없음,이륜,남,25세,중상
2020041900100015,2020년 4월 19일 00시,일요일,경상북도 경산시 조영동,경상사고,0,0,1,0,차대사람 - 기타,안전운전불이행,건조,맑음,교차로 - 교차로안,승용,남,18세,상해없음,보행자,남,25세,경상
2020041900100076,2020년 4월 19일 08시,일요일,경상북도 구미시 선산읍,중상사고,0,1,0,0,차대차 - 측면충돌,안전운전불이행,건조,맑음,교차로 - 교차로안,이륜,남,70세,중상,승용,남,27세,상해없음
2020041900100087,2020년 4월 19일 09시,일요일,경상북도 안동시 풍천면,중상사고,0,1,0,0,차대차 - 정면충돌,직진우회전진행방해,건조,맑음,교차로 - 교차로안,농기계,남,73세,중상,건설기계,남,59세,상해없음
2020041900100098,2020년 4월 19일 10시,일요일,경상북도 경산시 대평동,중상사고,0,1,0,0,차대차 - 측면충돌,안전운전불이행,건조,맑음,교차로 - 교차로횡단보도내,승용,남,32세,상해없음,자전거,남,83세,중상
2020041900100110,2020년 4월 19일 11시,일요일,경상북도 경주시 안강읍,중상사고,0,1,0,0,차대사람 - 횡단중,안전운전불이행,건조,맑음,주차장 - 주차장,특수,남,62세,상해없음,보행자,여,81세,중상
2020041900100111,2020년 4월 19일 11시,일요일,경상북도 경주시 황성동,부상신고사고,0,0,0,1,차대사람 - 차도통행중,안전운전불이행,건조,맑음,교차로 - 교차로부근,기타불명,기타불명,미분류,기타불명,보행자,남,76세,부상신고
2020041900100157,2020년 4월 19일 13시,일요일,경상북도 문경시 점촌동,경상사고,0,0,3,0,차대차 - 측면충돌,교차로운행방법위반,건조,맑음,교차로 - 교차로안,승용,여,24세,경상,승용,여,52세,경상
2020041900100181,2020년 4월 19일 14시,일요일,경상북도 구미시 남통동,중상사고,0,2,0,0,차대차 - 추돌,안전운전불이행,젖음/습기,비,단일로 - 기타,승용,남,47세,상해없음,승용,남,66세,중상
2020041900100182,2020년 4월 19일 14시,일요일,경상북도 구미시 옥계동,부상신고사고,0,0,0,2,차대차 - 기타,안전운전불이행,건조,맑음,단일로 - 기타,이륜,남,36세,부상신고,이륜,남,30세,부상신고
2020041900100276,2020년 4월 19일 18시,일요일,경상북도 안동시 와룡면,경상사고,0,0,1,0,차대차 - 측면충돌,안전운전불이행,건조,맑음,단일로 - 기타,승용,남,54세,상해없음,화물,여,62세,경상
2020041900100277,2020년 4월 19일 18시,일요일,경상북도 영주시 상망동,경상사고,0,0,1,0,차대차 - 기타,안전운전불이행,젖음/습기,비,교차로 - 교차로안,승용,남,46세,상해없음,승용,남,62세,경상
2020041900100278,2020년 4월 19일 18시,일요일,경상북도 영천시 야사동,경상사고,0,0,1,0,차대차 - 측면충돌,안전운전불이행,젖음/습기,비,단일로 - 기타,승용,남,60세,상해없음,승용,여,29세,경상
2020041900100313,2020년 4월 19일 19시,일요일,경상북도 경주시 현곡면,중상사고,0,1,0,0,차대사람 - 차도통행중,기타,젖음/습기,비,단일로 - 기타,자전거,여,39세,상해없음,보행자,남,31세,중상
2020041900100343,2020년 4월 19일 20시,일요일,경상북도 경산시 계양동,중상사고,0,1,0,0,차대사람 - 횡단중,보행자보호의무위반,젖음/습기,비,교차로 - 교차로횡단보도내,이륜,남,41세,상해없음,보행자,남,51세,중상
2020041900100396,2020년 4월 19일 22시,일요일,경상북도 구미시 임수동,경상사고,0,0,4,0,차대차 - 기타,안전운전불이행,젖음/습기,비,교차로 - 교차로안,승용,남,52세,상해없음,승용,남,25세,경상
2020041900100408,2020년 4월 19일 23시,일요일,경상북도 경주시 외동읍,경상사고,0,0,1,0,차대사람 - 횡단중,보행자보호의무위반,젖음/습기,비,교차로 - 교차로횡단보도내,기타불명,기타불명,미분류,기타불명,보행자,여,59세,경상
2020042000100037,2020년 4월 20일 05시,월요일,경상북도 경주시 동천동,경상사고,0,0,1,0,차대차 - 측면충돌,안전운전불이행,건조,맑음,교차로 - 교차로안,자전거,남,64세,경상,승용,남,49세,상해없음
2020042000100045,2020년 4월 20일 06시,월요일,경상북도 영덕군 강구면,경상사고,0,0,2,0,차대차 - 추돌,안전운전불이행,건조,맑음,교차로 - 교차로부근,화물,남,46세,상해없음,승용,남,65세,경상
2020042000100046,2020년 4월 20일 06시,월요일,경상북도 구미시 진평동,중상사고,0,1,0,0,차대차 - 기타,안전운전불이행,건조,맑음,교차로 - 교차로안,승용,남,41세,상해없음,승용,남,41세,중상
2020042000100047,2020년 4월 20일 06시,월요일,경상북도 포항시 남구 청림동,경상사고,0,0,1,0,차대차 - 추돌,안전운전불이행,건조,맑음,단일로 - 기타,승용,남,30세,상해없음,승용,여,23세,경상
2020042000100060,2020년 4월 20일 07시,월요일,경상북도 경주시 동천동,경상사고,0,0,1,0,차대차 - 측면충돌,중앙선침범,건조,맑음,단일로 - 기타,화물,남,55세,상해없음,승용,여,51세,경상
2020042000100089,2020년 4월 20일 08시,월요일,경상북도 상주시 개운동,사망사고,1,0,0,0,차량단독 - 전도전복 - 전도,안전운전불이행,건조,맑음,단일로 - 기타,이륜,남,84세,사망,,,,
2020042000100090,2020년 4월 20일 08시,월요일,경상북도 구미시 진평동,부상신고사고,0,0,0,1,차대차 - 측면충돌,안전운전불이행,건조,맑음,교차로 - 교차로안,승용,남,29세,상해없음,이륜,남,48세,부상신고
2020042000100117,2020년 4월 20일 09시,월요일,경상북도 포항시 남구 오천읍,경상사고,0,0,1,0,차대사람 - 차도통행중,안전거리미확보,건조,맑음,교차로 - 교차로부근,승용,여,61세,상해없음,보행자,남,58세,경상
2020042000100144,2020년 4월 20일 10시,월요일,경상북도 성주군 용암면,경상사고,0,0,1,0,차대차 - 측면충돌,안전운전불이행,건조,맑음,교차로 - 교차로안,화물,남,63세,상해없음,승용,남,60세,경상
2020042000100169,2020년 4월 20일 11시,월요일,경상북도 포항시 남구 이동,경상사고,0,0,1,0,차대차 - 추돌,안전거리미확보,건조,맑음,교차로 - 교차로부근,승용,여,35세,상해없음,승용,여,63세,경상
2020042000100207,2020년 4월 20일 12시,월요일,경상북도 포항시 북구 용흥동,중상사고,0,1,0,0,차대사람 - 기타,안전운전불이행,건조,맑음,단일로 - 기타,이륜,남,24세,상해없음,보행자,여,58세,중상
2020042000100208,2020년 4월 20일 12시,월요일,경상북도 영덕군 영해면,경상사고,0,0,1,0,차대차 - 측면충돌,직진우회전진행방해,건조,맑음,교차로 - 교차로안,승용,남,74세,상해없음,승용,남,81세,경상
2020042000100209,2020년 4월 20일 12시,월요일,경상북도 군위군 의흥면,경상사고,0,0,1,0,차대차 - 측면충돌,안전운전불이행,건조,맑음,단일로 - 기타,승용,남,49세,상해없음,승용,여,67세,경상
2020042000100210,2020년 4월 20일 12시,월요일,경상북도 포항시 남구 효자동,경상사고,0,0,1,0,차대차 - 측면충돌,안전운전불이행,건조,맑음,교차로 - 교차로안,이륜,남,41세,상해없음,화물,남,36세,경상
2020042000100238,2020년 4월 20일 13시,월요일,경상북도 문경시 영순면,경상사고,0,0,1,0,차대사람 - 차도통행중,안전운전불이행,건조,맑음,교차로 - 교차로부근,화물,남,57세,상해없음,보행자,남,61세,경상
2020042000100276,2020년 4월 20일 14시,월요일,경상북도 경주시 성건동,경상사고,0,0,1,0,차대차 - 측면충돌,신호위반,건조,맑음,교차로 - 교차로안,승용,남,41세,상해없음,이륜,남,59세,경상
2020042000100346,2020년 4월 20일 16시,월요일,경상북도 안동시 옥동,경상사고,0,0,1,0,차대차 - 측면충돌,신호위반,건조,맑음,교차로 - 교차로안,승용,여,51세,상해없음,승용,여,47세,경상
2020042000100347,2020년 4월 20일 16시,월요일,경상북도 경산시 계양동,경상사고,0,0,1,0,차대사람 - 길가장자리구역통행중,안전운전불이행,건조,맑음,교차로 - 교차로부근,승용,여,52세,상해없음,보행자,남,47세,경상
2020042000100377,2020년 4월 20일 17시,월요일,경상북도 구미시 고아읍,부상신고사고,0,0,0,1,차대차 - 측면충돌,안전운전불이행,건조,맑음,단일로 - 기타,화물,남,65세,상해없음,자전거,여,75세,부상신고
2020042000100378,2020년 4월 20일 17시,월요일,경상북도 포항시 남구 해도동,경상사고,0,0,1,0,차대차 - 정면충돌,안전운전불이행,건조,맑음,교차로 - 교차로안,화물,남,64세,상해없음,승용,여,41세,경상
2020042000100379,2020년 4월 20일 17시,월요일,경상북도 포항시 남구 상도동,경상사고,0,0,1,0,차대사람 - 기타,안전운전불이행,건조,맑음,단일로 - 기타,승용,여,69세,상해없음,보행자,여,21세,경상
2020042000100407,2020년 4월 20일 18시,월요일,경상북도 안동시 태화동,경상사고,0,0,1,0,차대사람 - 기타,안전운전불이행,건조,맑음,단일로 - 기타,승용,남,46세,상해없음,보행자,남,38세,경상
2020042000100408,2020년 4월 20일 18시,월요일,경상북도 영천시 성내동,경상사고,0,0,1,0,차대차 - 측면충돌,기타,건조,맑음,단일로 - 기타,자전거,여,47세,경상,승용,여,54세,상해없음
2020042000100497,2020년 4월 20일 21시,월요일,경상북도 포항시 남구 오천읍,경상사고,0,0,1,0,차대차 - 측면충돌,안전운전불이행,건조,맑음,단일로 - 기타,승용,남,20세,상해없음,이륜,남,18세,경상
2020042000100498,2020년 4월 20일 21시,월요일,경상북도 포항시 남구 오천읍,경상사고,0,0,1,0,차대차 - 기타,안전운전불이행,건조,맑음,단일로 - 기타,승용,여,31세,기타불명,이륜,남,22세,경상
2020042000100510,2020년 4월 20일 22시,월요일,경상북도 안동시 평화동,중상사고,0,1,0,0,차대사람 - 횡단중,신호위반,건조,맑음,교차로 - 교차로횡단보도내,승용,남,25세,상해없음,보행자,남,14세,중상
2020042100100004,2020년 4월 21일 00시,화요일,경상북도 포항시 북구 죽도동,중상사고,0,1,0,0,차대차 - 추돌,안전운전불이행,건조,맑음,교차로 - 교차로부근,이륜,남,34세,상해없음,승용,남,36세,중상
2020042100100005,2020년 4월 21일 00시,화요일,경상북도 경산시 압량면,경상사고,0,0,1,0,차대차 - 후진중충돌,안전운전불이행,건조,맑음,단일로 - 기타,승용,남,56세,상해없음,승용,남,37세,경상
2020042100100092,2020년 4월 21일 08시,화요일,경상북도 영덕군 강구면,중상사고,0,1,0,0,차대차 - 측면충돌,안전운전불이행,건조,맑음,단일로 - 기타,이륜,남,38세,중상,승용,남,44세,상해없음
2020042100100093,2020년 4월 21일 08시,화요일,경상북도 구미시 산동면,경상사고,0,0,1,0,차대차 - 기타,안전운전불이행,건조,맑음,교차로 - 교차로부근,화물,남,41세,상해없음,자전거,여,27세,경상
2020042100100124,2020년 4월 21일 09시,화요일,경상북도 칠곡군 약목면,경상사고,0,0,1,0,차대차 - 측면충돌,신호위반,건조,맑음,단일로 - 기타,승용,남,83세,상해없음,화물,남,52세,경상
2020042100100125,2020년 4월 21일 09시,화요일,경상북도 경산시 대평동,경상사고,0,0,1,0,차대차 - 기타,교차로운행방법위반,건조,맑음,교차로 - 교차로안,승용,남,55세,상해없음,승용,여,61세,경상
2020042100100149,2020년 4월 21일 10시,화요일,경상북도 경산시 하양읍,중상사고,0,1,2,0,차대차 - 추돌,안전거리미확보,건조,맑음,교차로 - 교차로부근,화물,남,70세,상해없음,승용,여,54세,경상
2020042100100150,2020년 4월 21일 10시,화요일,경상북도 구미시 진평동,중상사고,0,1,0,0,차대사람 - 횡단중,보행자보호의무위반,건조,맑음,기타 - 기타,승합,남,51세,상해없음,보행자,여,61세,중상
2020042100100173,2020년 4월 21일 11시,화요일,경상북도 구미시 원평동,경상사고,0,0,1,0,차대사람 - 기타,안전운전불이행,건조,맑음,단일로 - 기타,승용,남,67세,상해없음,보행자,여,73세,경상
2020042100100199,2020년 4월 21일 12시,화요일,경상북도 칠곡군 석적읍,경상사고,0,0,1,0,차대차 - 측면충돌,안전운전불이행,건조,맑음,교차로 - 교차로부근,승용,남,67세,상해없음,화물,남,58세,경상
2020042100100200,2020년 4월 21일 12시,화요일,경상북도 예천군 호명면,중상사고,0,2,1,0,차대차 - 추돌,안전운전불이행,건조,맑음,단일로 - 기타,승용,남,65세,상해없음,승용,남,23세,중상
2020042100100202,2020년 4월 21일 12시,화요일,경상북도 상주시 사벌면,중상사고,0,1,2,0,차대차 - 추돌,안전운전불이행,건조,맑음,단일로 - 기타,화물,남,48세,중상,화물,남,49세,경상
2020042100100235,2020년 4월 21일 13시,화요일,경상북도 김천시 율곡동,경상사고,0,0,1,0,차대차 - 측면충돌,안전운전불이행,건조,맑음,교차로 - 교차로안,승용,남,42세,상해없음,승용,남,28세,경상
2020042100100236,2020년 4월 21일 13시,화요일,경상북도 칠곡군 석적읍,경상사고,0,0,1,0,차대차 - 추돌,안전운전불이행,건조,맑음,교차로 - 교차로부근,화물,남,58세,상해없음,화물,남,36세,경상
2020042100100264,2020년 4월 21일 14시,화요일,경상북도 경주시 구정동,경상사고,0,0,2,0,차대차 - 추돌,안전운전불이행,건조,맑음,교차로 - 교차로부근,화물,남,52세,상해없음,승용,남,33세,경상
2020042100100265,2020년 4월 21일 14시,화요일,경상북도 김천시 평화동,경상사고,0,0,2,0,차대사람 - 횡단중,신호위반,건조,맑음,단일로 - 기타,승용,여,60세,상해없음,보행자,여,27세,경상
2020042100100266,2020년 4월 21일 14시,화요일,경상북도 포항시 남구 오천읍,중상사고,0,1,0,0,차대차 - 추돌,안전운전불이행,건조,맑음,교차로 - 교차로부근,승용,여,36세,상해없음,승용,여,68세,중상
2020042100100368,2020년 4월 21일 17시,화요일,경상북도 안동시 서후면,경상사고,0,0,2,0,차대차 - 측면충돌,직진우회전진행방해,건조,맑음,교차로 - 교차로안,승용,남,64세,경상,승용,여,61세,경상
2020042100100369,2020년 4월 21일 17시,화요일,경상북도 상주시 복룡동,경상사고,0,0,1,0,차대차 - 측면충돌,안전운전불이행,건조,맑음,단일로 - 기타,승용,남,49세,상해없음,이륜,남,64세,경상
2020042100100370,2020년 4월 21일 17시,화요일,경상북도 칠곡군 석적읍,경상사고,0,0,1,0,차대차 - 추돌,안전거리미확보,건조,맑음,교차로 - 교차로부근,승용,여,48세,상해없음,승용,남,58세,경상
2020042100100371,2020년 4월 21일 17시,화요일,경상북도 포항시 남구 인덕동,경상사고,0,0,3,0,차대차 - 추돌,안전운전불이행,건조,맑음,교차로 - 교차로부근,이륜,남,40세,경상,승용,남,45세,경상
2020042100100372,2020년 4월 21일 17시,화요일,경상북도 포항시 남구 일월동,경상사고,0,0,1,0,차량단독 - 기타,안전운전불이행,건조,맑음,교차로 - 교차로부근,자전거,남,38세,경상,,,,
2020042100100435,2020년 4월 21일 19시,화요일,경상북도 경주시 구정동,중상사고,0,2,0,0,차대차 - 측면충돌,신호위반,건조,맑음,교차로 - 교차로안,승용,여,69세,중상,승용,남,31세,중상
2020042100100436,2020년 4월 21일 19시,화요일,경상북도 영천시 문외동,경상사고,0,0,1,0,차대차 - 추돌,안전운전불이행,건조,맑음,교차로 - 교차로부근,승용,여,40세,상해없음,승용,남,33세,경상
2020042100100437,2020년 4월 21일 19시,화요일,경상북도 구미시 도량동,경상사고,0,0,3,0,차대차 - 기타,안전운전불이행,건조,맑음,기타 - 기타,승용,여,57세,기타불명,승합,여,29세,경상
2020042100100438,2020년 4월 21일 19시,화요일,경상북도 포항시 남구 장흥동,중상사고,0,1,1,0,차대차 - 추돌,안전운전불이행,건조,맑음,교차로 - 교차로부근,승용,남,51세,상해없음,승용,남,44세,중상
2020042100100464,2020년 4월 21일 20시,화요일,경상북도 김천시 개령면,경상사고,0,0,1,0,차대차 - 측면충돌,안전운전불이행,건조,맑음,교차로 - 교차로안,승용,여,24세,상해없음,승용,여,57세,경상
2020042100100465,2020년 4월 21일 20시,화요일,경상북도 구미시 고아읍,경상사고,0,0,1,0,차대차 - 추돌,안전운전불이행,건조,맑음,단일로 - 기타,승용,남,42세,상해없음,승용,여,67세,경상
2020042100100491,2020년 4월 21일 21시,화요일,경상북도 영천시 완산동,경상사고,0,0,1,0,차대차 - 측면충돌,안전운전불이행,건조,맑음,단일로 - 교량,승용,여,51세,경상,승합,남,58세,상해없음