사고번호,사고일시,요일,시군구,사고내용,사망자수,중상자수,경상자수,부상신고자수,사고유형,법규위반,노면상태,기상상태,도로형태,가해운전자 차종,가해운전자 성별,가해운전자 연령,가해운전자 상해정도,피해운전자 차종,피해운전자 성별,피해운전자 연령,피해운전자 상해정도
2020042100100492,2020년 4월 21일 21시,화요일,경상북도 고령군 대가야읍,중상사고,0,1,0,0,차대차 - 정면충돌,교차로운행방법위반,건조,맑음,교차로 - 교차로안,이륜,남,67세,중상,화물,남,57세,상해없음
2020042100100493,2020년 4월 21일 21시,화요일,경상북도 영양군 입암면,중상사고,0,1,1,0,차대차 - 측면충돌,신호위반,건조,맑음,교차로 - 교차로안,화물,남,46세,중상,승용,여,34세,경상
2020042100100538,2020년 4월 21일 23시,화요일,경상북도 구미시 옥계동,경상사고,0,0,1,0,차대차 - 기타,안전거리미확보,건조,맑음,단일로 - 기타,승용,남,57세,상해없음,승용,남,34세,상해없음
2020042100100539,2020년 4월 21일 23시,화요일,경상북도 청도군 청도읍,경상사고,0,0,4,0,차대차 - 추돌,안전거리미확보,건조,맑음,단일로 - 기타,화물,남,50세,상해없음,화물,남,64세,경상
2020042200100063,2020년 4월 22일 06시,수요일,경상북도 안동시 옥동,경상사고,0,0,1,0,차대차 - 기타,안전운전불이행,건조,맑음,단일로 - 기타,승용,남,50세,상해없음,이륜,남,41세,경상
2020042200100082,2020년 4월 22일 07시,수요일,경상북도 포항시 남구 송내동,중상사고,0,1,0,0,차대차 - 정면충돌,중앙선침범,건조,맑음,단일로 - 기타,승용,남,28세,상해없음,승용,남,41세,중상
2020042200100110,2020년 4월 22일 08시,수요일,경상북도 경주시 황성동,경상사고,0,0,1,0,차대차 - 기타,안전운전불이행,건조,맑음,단일로 - 기타,승용,여,54세,상해없음,승합,남,42세,상해없음
2020042200100160,2020년 4월 22일 10시,수요일,경상북도 포항시 남구 대잠동,중상사고,0,2,0,0,차대사람 - 횡단중,보행자보호의무위반,건조,맑음,교차로 - 교차로횡단보도내,승용,여,44세,상해없음,보행자,여,65세,중상
2020042200100161,2020년 4월 22일 10시,수요일,경상북도 포항시 남구 청림동,경상사고,0,0,1,0,차대사람 - 기타,기타,건조,맑음,단일로 - 기타,승합,남,59세,상해없음,보행자,여,75세,경상
2020042200100188,2020년 4월 22일 11시,수요일,경상북도 경주시 황성동,중상사고,0,1,0,0,차대차 - 정면충돌,과속,건조,맑음,교차로 - 교차로안,이륜,남,38세,중상,이륜,남,55세,상해없음
2020042200100189,2020년 4월 22일 11시,수요일,경상북도 김천시 평화동,중상사고,0,2,1,0,차대차 - 측면충돌,교차로운행방법위반,건조,맑음,교차로 - 교차로안,이륜,남,18세,중상,특수,남,50세,상해없음
2020042200100190,2020년 4월 22일 11시,수요일,경상북도 구미시 공단동,중상사고,0,1,0,0,차대차 - 측면충돌,중앙선침범,건조,맑음,교차로 - 교차로부근,승용,남,47세,상해없음,승용,남,38세,중상
2020042200100222,2020년 4월 22일 12시,수요일,경상북도 구미시 임은동,경상사고,0,0,1,0,차대사람 - 길가장자리구역통행중,안전운전불이행,건조,맑음,단일로 - 기타,승용,남,53세,상해없음,보행자,남,30세,경상
2020042200100247,2020년 4월 22일 13시,수요일,경상북도 안동시 옥야동,경상사고,0,0,1,0,차대차 - 추돌,안전거리미확보,건조,맑음,단일로 - 기타,승용,남,68세,상해없음,승용,여,56세,경상
2020042200100248,2020년 4월 22일 13시,수요일,경상북도 김천시 평화동,중상사고,0,1,0,0,차대차 - 기타,교차로운행방법위반,건조,맑음,교차로 - 교차로안,승용,남,51세,상해없음,이륜,남,23세,중상
2020042200100249,2020년 4월 22일 13시,수요일,경상북도 영천시 완산동,경상사고,0,0,1,0,차대차 - 측면충돌,안전운전불이행,건조,맑음,단일로 - 기타,승용,여,48세,상해없음,승용,여,57세,경상
2020042200100250,2020년 4월 22일 13시,수요일,경상북도 성주군 성주읍,경상사고,0,0,1,0,차대차 - 측면충돌,안전운전불이행,건조,맑음,교차로 - 교차로안,승용,남,36세,상해없음,화물,남,39세,경상
2020042200100307,2020년 4월 22일 15시,수요일,경상북도 포항시 남구 연일읍,경상사고,0,0,1,0,차량단독 - 공작물충돌,안전운전불이행,건조,맑음,주차장 - 주차장,승용,여,60세,경상,,,,
2020042200100344,2020년 4월 22일 16시,수요일,경상북도 김천시 덕곡동,중상사고,0,1,0,0,차대차 - 측면충돌,안전운전불이행,건조,맑음,교차로 - 교차로안,화물,남,67세,상해없음,승용,남,30세,중상
2020042200100381,2020년 4월 22일 17시,수요일,경상북도 경주시 성동동,중상사고,0,1,0,0,차대차 - 기타,안전운전불이행,건조,맑음,단일로 - 기타,화물,남,55세,상해없음,승합,남,58세,상해없음
2020042200100382,2020년 4월 22일 17시,수요일,경상북도 경산시 진량읍,경상사고,0,0,1,0,차대차 - 추돌,안전운전불이행,건조,맑음,단일로 - 기타,승용,기타불명,미분류,기타불명,승용,여,25세,경상
2020042200100415,2020년 4월 22일 18시,수요일,경상북도 구미시 지산동,중상사고,0,1,0,0,차대차 - 기타,안전운전불이행,건조,맑음,단일로 - 기타,화물,남,45세,상해없음,자전거,남,62세,중상
2020042200100439,2020년 4월 22일 19시,수요일,경상북도 경주시 내남면,경상사고,0,0,1,0,차량단독 - 기타,안전운전불이행,건조,맑음,단일로 - 기타,이륜,남,60세,경상,,,,
2020042200100440,2020년 4월 22일 19시,수요일,경상북도 포항시 북구 학잠동,경상사고,0,0,1,0,차대차 - 측면충돌,안전운전불이행,건조,맑음,단일로 - 기타,이륜,남,65세,경상,승용,남,27세,기타불명
2020042200100441,2020년 4월 22일 19시,수요일,경상북도 포항시 북구 용흥동,경상사고,0,0,1,0,차대차 - 기타,안전운전불이행,건조,맑음,단일로 - 기타,승용,여,52세,상해없음,승용,여,40세,경상
2020042200100442,2020년 4월 22일 19시,수요일,경상북도 안동시 태화동,경상사고,0,0,2,0,차대차 - 추돌,안전운전불이행,건조,맑음,단일로 - 기타,화물,남,61세,상해없음,승용,남,36세,경상
2020042200100443,2020년 4월 22일 19시,수요일,경상북도 구미시 황상동,경상사고,0,0,1,1,차대사람 - 기타,안전운전불이행,건조,맑음,교차로 - 교차로횡단보도내,이륜,남,28세,부상신고,보행자,여,49세,경상
2020042200100494,2020년 4월 22일 21시,수요일,경상북도 문경시 모전동,경상사고,0,0,1,0,차대차 - 측면충돌,안전운전불이행,건조,맑음,교차로 - 교차로안,승용,남,64세,상해없음,승용,여,39세,경상
2020042200100516,2020년 4월 22일 22시,수요일,경상북도 포항시 남구 송도동,경상사고,0,0,1,0,차대차 - 후진중충돌,기타,건조,맑음,단일로 - 기타,승용,남,40세,상해없음,승용,남,71세,경상
2020042200100536,2020년 4월 22일 23시,수요일,경상북도 포항시 북구 청하면,경상사고,0,0,3,0,차량단독 - 공작물충돌,안전운전불이행,건조,맑음,단일로 - 기타,승용,남,53세,경상,,,,
2020042200100537,2020년 4월 22일 23시,수요일,경상북도 문경시 흥덕동,경상사고,0,0,1,0,차대차 - 측면충돌,직진우회전진행방해,건조,맑음,교차로 - 교차로안,승용,남,47세,상해없음,이륜,남,56세,경상
2020042200100538,2020년 4월 22일 23시,수요일,경상북도 청도군 화양읍,경상사고,0,0,1,0,차대차 - 측면충돌,안전운전불이행,건조,맑음,단일로 - 기타,승용,남,49세,경상,화물,남,40세,기타불명
2020042300100006,2020년 4월 23일 00시,목요일,경상북도 경산시 진량읍,경상사고,0,0,1,0,차대차 - 추돌,안전운전불이행,건조,맑음,교차로 - 교차로부근,승용,남,38세,상해없음,화물,남,31세,경상
2020042300100019,2020년 4월 23일 01시,목요일,경상북도 청송군 부남면,중상사고,0,1,0,0,차량단독 - 공작물충돌,안전운전불이행,건조,맑음,단일로 - 기타,승용,남,66세,중상,,,,
2020042300100026,2020년 4월 23일 02시,목요일,경상북도 경산시 남천면,중상사고,0,2,1,0,차대차 - 기타,안전운전불이행,건조,맑음,단일로 - 기타,화물,남,68세,중상,승용,남,55세,중상
2020042300100050,2020년 4월 23일 05시,목요일,경상북도 경주시 성건동,경상사고,0,0,1,0,차대차 - 측면충돌,안전운전불이행,건조,흐림,단일로 - 기타,승용,남,29세,경상,화물,여,60세,기타불명
2020042300100081,2020년 4월 23일 07시,목요일,경상북도 포항시 북구 죽도동,경상사고,0,0,2,0,차대차 - 추돌,안전운전불이행,건조,맑음,단일로 - 기타,승합,남,50세,상해없음,화물,남,49세,상해없음
2020042300100082,2020년 4월 23일 07시,목요일,경상북도 칠곡군 석적읍,중상사고,0,1,1,0,차대차 - 기타,안전운전불이행,건조,맑음,단일로 - 기타,승용,여,31세,상해없음,승용,남,65세,중상
2020042300100106,2020년 4월 23일 08시,목요일,경상북도 예천군 예천읍,중상사고,0,1,0,0,차대차 - 후진중충돌,안전운전불이행,건조,맑음,단일로 - 기타,승용,남,65세,상해없음,승용,남,40세,중상
2020042300100107,2020년 4월 23일 08시,목요일,경상북도 구미시 양호동,중상사고,0,2,2,0,차대차 - 기타,안전운전불이행,건조,맑음,단일로 - 기타,승용,남,46세,상해없음,승용,남,32세,중상
2020042300100191,2020년 4월 23일 11시,목요일,경상북도 상주시 남성동,경상사고,0,0,1,0,차대차 - 추돌,안전운전불이행,건조,맑음,단일로 - 기타,승용,남,83세,상해없음,화물,남,73세,경상
2020042300100236,2020년 4월 23일 13시,목요일,경상북도 구미시 임수동,중상사고,0,1,2,0,차대차 - 추돌,안전거리미확보,건조,맑음,교차로 - 교차로부근,승합,남,35세,상해없음,화물,남,47세,중상
2020042300100256,2020년 4월 23일 14시,목요일,경상북도 경주시 외동읍,중상사고,0,1,0,0,차대차 - 측면충돌,직진우회전진행방해,건조,맑음,교차로 - 교차로안,승용,남,22세,상해없음,이륜,남,71세,중상
2020042300100257,2020년 4월 23일 14시,목요일,경상북도 안동시 명륜동,경상사고,0,0,1,0,차대차 - 측면충돌,안전운전불이행,건조,맑음,교차로 - 교차로안,화물,남,35세,상해없음,이륜,남,31세,경상
2020042300100258,2020년 4월 23일 14시,목요일,경상북도 영주시 휴천동,중상사고,0,1,0,0,차대사람 - 횡단중,안전운전불이행,건조,맑음,단일로 - 기타,승용,남,81세,상해없음,보행자,여,66세,중상
2020042300100259,2020년 4월 23일 14시,목요일,경상북도 문경시 흥덕동,경상사고,0,0,2,0,차대차 - 측면충돌,중앙선침범,건조,맑음,교차로 - 교차로부근,화물,남,69세,경상,승용,여,28세,경상
2020042300100293,2020년 4월 23일 15시,목요일,경상북도 의성군 의성읍,경상사고,0,0,2,0,차대차 - 측면충돌,중앙선침범,건조,맑음,단일로 - 기타,승용,남,43세,상해없음,화물,여,19세,상해없음
2020042300100327,2020년 4월 23일 16시,목요일,경상북도 영천시 금호읍,중상사고,0,1,1,0,차대차 - 추돌,안전운전불이행,건조,맑음,단일로 - 기타,화물,남,64세,경상,화물,기타불명,미분류,기타불명
2020042300100328,2020년 4월 23일 16시,목요일,경상북도 예천군 개포면,중상사고,0,1,0,0,차대차 - 측면충돌,과속,건조,맑음,교차로 - 교차로안,승용,남,60세,상해없음,이륜,남,77세,중상
2020042300100329,2020년 4월 23일 16시,목요일,경상북도 포항시 남구 장기면,경상사고,0,0,2,0,차대차 - 측면충돌,중앙선침범,건조,맑음,단일로 - 기타,승합,남,52세,상해없음,승용,남,58세,경상
2020042300100369,2020년 4월 23일 17시,목요일,경상북도 경주시 황남동,경상사고,0,0,1,0,차대사람 - 차도통행중,안전운전불이행,건조,맑음,단일로 - 기타,승용,남,26세,상해없음,보행자,여,28세,경상
2020042300100370,2020년 4월 23일 17시,목요일,경상북도 경산시 삼북동,중상사고,0,1,0,0,차대차 - 측면충돌,교차로운행방법위반,건조,맑음,교차로 - 교차로안,승용,남,63세,상해없음,이륜,남,25세,중상
2020042300100420,2020년 4월 23일 18시,목요일,경상북도 포항시 남구 오천읍,경상사고,0,0,1,0,차대차 - 측면충돌,직진우회전진행방해,건조,맑음,교차로 - 교차로안,승용,남,45세,상해없음,승용,남,45세,경상
2020042300100457,2020년 4월 23일 19시,목요일,경상북도 영덕군 병곡면,중상사고,0,1,0,0,차대차 - 측면충돌,신호위반,건조,맑음,교차로 - 교차로부근,승용,남,45세,상해없음,승용,여,43세,중상
2020042300100485,2020년 4월 23일 20시,목요일,경상북도 경주시 외동읍,경상사고,0,0,1,0,차대차 - 추돌,안전운전불이행,건조,맑음,단일로 - 기타,화물,남,49세,상해없음,승용,남,50세,경상
2020042300100510,2020년 4월 23일 21시,목요일,경상북도 경주시 동천동,경상사고,0,0,1,0,차대차 - 측면충돌,안전운전불이행,건조,맑음,단일로 - 기타,승용,여,39세,상해없음,이륜,남,22세,경상
2020042300100511,2020년 4월 23일 21시,목요일,경상북도 포항시 남구 해도동,경상사고,0,0,1,0,차대차 - 추돌,안전운전불이행,건조,맑음,교차로 - 교차로부근,승용,남,67세,상해없음,승용,여,38세,경상
2020042400100038,2020년 4월 24일 02시,금요일,경상북도 구미시 선산읍,중상사고,0,1,0,0,차대차 - 기타,안전운전불이행,건조,맑음,단일로 - 기타,승용,남,37세,중상,건설기계,남,52세,상해없음
2020042400100050,2020년 4월 24일 05시,금요일,경상북도 포항시 북구 장성동,경상사고,0,0,1,0,차대차 - 기타,안전운전불이행,건조,맑음,단일로 - 기타,승용,남,49세,상해없음,승용,남,57세,경상
2020042400100067,2020년 4월 24일 06시,금요일,경상북도 경주시 외동읍,중상사고,0,1,0,1,차대차 - 추돌,안전거리미확보,건조,맑음,교차로 - 교차로부근,승용,여,56세,부상신고,승용,남,38세,중상
2020042400100084,2020년 4월 24일 07시,금요일,경상북도 칠곡군 동명면,경상사고,0,0,1,0,차대차 - 측면충돌,안전운전불이행,건조,맑음,단일로 - 기타,화물,남,62세,상해없음,승용,남,57세,경상
2020042400100111,2020년 4월 24일 08시,금요일,경상북도 고령군 다산면,중상사고,0,1,1,0,차대차 - 추돌,안전운전불이행,건조,맑음,교차로 - 교차로안,승용,남,53세,상해없음,승용,여,47세,중상
2020042400100112,2020년 4월 24일 08시,금요일,경상북도 구미시 옥계동,경상사고,0,0,1,0,차대차 - 기타,안전운전불이행,건조,맑음,단일로 - 기타,승용,남,32세,상해없음,승용,남,33세,경상
2020042400100143,2020년 4월 24일 09시,금요일,경상북도 영덕군 남정면,경상사고,0,0,4,0,차대차 - 추돌,안전운전불이행,건조,맑음,단일로 - 기타,화물,여,55세,상해없음,승용,남,39세,경상
2020042400100173,2020년 4월 24일 10시,금요일,경상북도 예천군 예천읍,중상사고,0,2,0,0,차대차 - 측면충돌,교차로운행방법위반,건조,맑음,교차로 - 교차로안,화물,남,82세,상해없음,이륜,남,72세,중상
2020042400100215,2020년 4월 24일 11시,금요일,경상북도 의성군 단밀면,경상사고,0,0,1,0,차대차 - 기타,직진우회전진행방해,젖음/습기,맑음,교차로 - 교차로안,건설기계,남,63세,상해없음,이륜,남,24세,경상
2020042400100216,2020년 4월 24일 11시,금요일,경상북도 경산시 진량읍,경상사고,0,0,2,0,차대차 - 측면충돌,안전거리미확보,건조,맑음,교차로 - 교차로부근,승용,남,35세,경상,화물,남,42세,경상
2020042400100246,2020년 4월 24일 12시,금요일,경상북도 영주시 휴천동,경상사고,0,0,2,0,차대차 - 추돌,안전운전불이행,건조,맑음,교차로 - 교차로안,승용,남,77세,경상,승용,여,43세,경상
2020042400100284,2020년 4월 24일 13시,금요일,경상북도 안동시 옥동,경상사고,0,0,3,0,차대차 - 측면충돌,안전운전불이행,건조,맑음,교차로 - 교차로안,승용,남,41세,상해없음,승용,남,64세,경상
2020042400100285,2020년 4월 24일 13시,금요일,경상북도 안동시 남문동,중상사고,0,1,0,0,차대사람 - 차도통행중,안전운전불이행,건조,맑음,교차로 - 교차로안,승용,여,54세,상해없음,보행자,여,71세,중상
2020042400100286,2020년 4월 24일 13시,금요일,경상북도 김천시 성내동,사망사고,1,0,0,0,차대차 - 측면충돌,기타,건조,맑음,교차로 - 교차로안,승용,남,59세,상해없음,이륜,남,73세,사망
2020042400100311,2020년 4월 24일 14시,금요일,경상북도 안동시 태화동,경상사고,0,0,1,0,차대사람 - 보도통행중,보행자보호의무위반,건조,맑음,교차로 - 교차로횡단보도내,원동기,남,26세,상해없음,보행자,여,59세,경상
2020042400100312,2020년 4월 24일 14시,금요일,경상북도 경산시 하양읍,경상사고,0,0,2,0,차대차 - 추돌,안전운전불이행,건조,맑음,단일로 - 기타,승용,남,26세,상해없음,건설기계,남,56세,경상
2020042400100313,2020년 4월 24일 14시,금요일,경상북도 청도군 각북면,중상사고,0,1,0,0,차량단독 - 공작물충돌,안전운전불이행,건조,맑음,단일로 - 지하차도(도로)내,화물,남,59세,상해없음,,,,
2020042400100399,2020년 4월 24일 16시,금요일,경상북도 경산시 중방동,중상사고,0,1,0,0,차대차 - 기타,안전운전불이행,건조,맑음,단일로 - 기타,승용,여,72세,기타불명,자전거,남,82세,중상
2020042400100400,2020년 4월 24일 16시,금요일,경상북도 구미시 상모동,경상사고,0,0,1,0,차대차 - 후진중충돌,안전운전불이행,건조,맑음,단일로 - 기타,승용,남,22세,상해없음,승용,여,39세,경상
2020042400100401,2020년 4월 24일 16시,금요일,경상북도 포항시 남구 해도동,중상사고,0,1,1,0,차대차 - 기타,안전운전불이행,건조,맑음,교차로 - 교차로안,이륜,여,47세,경상,이륜,남,65세,중상
2020042400100444,2020년 4월 24일 17시,금요일,경상북도 경산시 평산동,중상사고,0,1,0,0,차대사람 - 횡단중,안전운전불이행,건조,맑음,교차로 - 교차로안,승용,남,66세,상해없음,보행자,남,83세,중상
2020042400100496,2020년 4월 24일 18시,금요일,경상북도 포항시 북구 양덕동,중상사고,0,1,0,0,차대차 - 측면충돌,기타,건조,맑음,교차로 - 교차로부근,승용,남,42세,상해없음,자전거,남,12세,중상
2020042400100497,2020년 4월 24일 18시,금요일,경상북도 영주시 가흥동,경상사고,0,0,1,0,차대차 - 측면충돌,교차로운행방법위반,건조,맑음,교차로 - 교차로안,승용,여,54세,상해없음,승용,여,63세,경상
2020042400100498,2020년 4월 24일 18시,금요일,경상북도 칠곡군 석적읍,중상사고,0,1,1,0,차대차 - 측면충돌,차로위반,건조,맑음,단일로 - 기타,화물,남,48세,중상,승용,여,25세,상해없음
2020042400100529,2020년 4월 24일 19시,금요일,경상북도 포항시 북구 우현동,경상사고,0,0,3,0,차대차 - 기타,안전운전불이행,건조,맑음,단일로 - 기타,승용,남,48세,상해없음,승용,여,51세,경상
2020042400100530,2020년 4월 24일 19시,금요일,경상북도 구미시 원평동,중상사고,0,1,0,0,차대차 - 측면충돌,교차로운행방법위반,건조,맑음,교차로 - 교차로안,이륜,남,51세,중상,승용,여,62세,상해없음
2020042400100531,2020년 4월 24일 19시,금요일,경상북도 포항시 남구 대도동,중상사고,0,1,0,0,차대차 - 측면충돌,안전운전불이행,건조,맑음,교차로 - 교차로부근,승용,남,44세,상해없음,이륜,남,52세,중상
2020042400100563,2020년 4월 24일 20시,금요일,경상북도 경산시 백천동,경상사고,0,0,1,0,차대차 - 측면충돌,안전운전불이행,건조,맑음,단일로 - 기타,승용,여,57세,상해없음,이륜,남,27세,경상
2020042400100564,2020년 4월 24일 20시,금요일,경상북도 구미시 원평동,경상사고,0,0,4,0,차대차 - 기타,교차로운행방법위반,건조,맑음,교차로 - 교차로안,화물,남,55세,상해없음,승용,남,21세,경상
2020042400100600,2020년 4월 24일 21시,금요일,경상북도 경주시 동천동,경상사고,0,0,1,0,차대차 - 측면충돌,교차로운행방법위반,건조,맑음,교차로 - 교차로안,승용,남,31세,상해없음,승용,여,54세,경상
2020042400100621,2020년 4월 24일 22시,금요일,경상북도 경주시 안강읍,경상사고,0,0,1,0,차대사람 - 차도통행중,안전운전불이행,건조,맑음,단일로 - 기타,승용,남,29세,상해없음,보행자,남,48세,경상
2020042400100622,2020년 4월 24일 22시,금요일,경상북도 경산시 상방동,경상사고,0,0,2,0,차대차 - 측면충돌,중앙선침범,건조,맑음,단일로 - 지하차도(도로)내,승용,남,41세,상해없음,승용,남,51세,상해없음
2020042400100623,2020년 4월 24일 22시,금요일,경상북도 경산시 사정동,중상사고,0,1,0,0,차대사람 - 횡단중,안전운전불이행,건조,맑음,단일로 - 기타,승용,남,36세,상해없음,보행자,남,56세,중상
2020042400100624,2020년 4월 24일 22시,금요일,경상북도 포항시 남구 구룡포읍,중상사고,0,1,0,0,차대차 - 측면충돌,안전운전불이행,건조,맑음,단일로 - 기타,승용,남,47세,상해없음,자전거,남,55세,중상
2020042400100641,2020년 4월 24일 23시,금요일,경상북도 경주시 성건동,경상사고,0,0,1,0,차대사람 - 길가장자리구역통행중,안전운전불이행,건조,맑음,교차로 - 교차로부근,승용,여,48세,상해없음,보행자,남,59세,경상
2020042400100642,2020년 4월 24일 23시,금요일,경상북도 영주시 휴천동,경상사고,0,0,1,0,차대차 - 측면충돌,안전운전불이행,건조,맑음,교차로 - 교차로안,승용,남,46세,경상,승용,여,26세,상해없음
2020042400100643,2020년 4월 24일 23시,금요일,경상북도 칠곡군 약목면,경상사고,0,0,2,0,차대차 - 측면충돌,안전운전불이행,건조,맑음,단일로 - 기타,화물,남,64세,경상,승용,남,56세,경상
2020042400100644,2020년 4월 24일 23시,금요일,경상북도 경산시 조영동,부상신고사고,0,0,0,1,차대사람 - 기타,안전운전불이행,건조,맑음,교차로 - 교차로안,승용,남,29세,상해없음,보행자,남,27세,부상신고
2020042400100645,2020년 4월 24일 23시,금요일,경상북도 구미시 진평동,경상사고,0,0,1,0,차대차 - 측면충돌,신호위반,건조,맑음,교차로 - 교차로안,승용,남,32세,상해없음,승용,남,58세,경상
2020042500100041,2020년 4월 25일 02시,토요일,경상북도 구미시 도량동,중상사고,0,2,0,0,차대차 - 측면충돌,안전거리미확보,건조,맑음,단일로 - 기타,승용,남,54세,상해없음,승용,남,46세,중상
2020042500100058,2020년 4월 25일 04시,토요일,경상북도 경주시 안강읍,중상사고,0,1,0,0,차량단독 - 공작물충돌,안전운전불이행,건조,맑음,단일로 - 기타,승용,남,51세,중상,,,,
2020042500100095,2020년 4월 25일 07시,토요일,경상북도 경주시 조양동,중상사고,0,1,0,0,차대차 - 측면충돌,신호위반,건조,맑음,교차로 - 교차로안,이륜,남,41세,중상,화물,남,70세,상해없음
2020042500100113,2020년 4월 25일 08시,토요일,경상북도 포항시 북구 남빈동,경상사고,0,0,2,0,차대차 - 측면충돌,신호위반,건조,맑음,교차로 - 교차로안,승용,여,41세,상해없음,승용,남,48세,경상
2020042500100144,2020년 4월 25일 09시,토요일,경상북도 구미시 도량동,경상사고,0,0,1,0,차대차 - 기타,안전거리미확보,건조,맑음,단일로 - 기타,승용,여,33세,상해없음,승용,여,63세,경상
2020042500100173,2020년 4월 25일 10시,토요일,경상북도 칠곡군 석적읍,중상사고,0,1,0,0,차대차 - 정면충돌,안전운전불이행,건조,맑음,단일로 - 기타,승용,남,36세,상해없음,자전거,여,47세,중상
2020042500100174,2020년 4월 25일 10시,토요일,경상북도 성주군 초전면,중상사고,0,1,0,0,차대사람 - 횡단중,안전운전불이행,건조,맑음,단일로 - 기타,승용,여,55세,상해없음,보행자,남,65세,중상
2020042500100196,2020년 4월 25일 11시,토요일,경상북도 영천시 금노동,경상사고,0,0,2,0,차대차 - 측면충돌,안전운전불이행,건조,맑음,교차로 - 교차로부근,승용,여,61세,경상,승용,남,34세,경상
2020042500100234,2020년 4월 25일 12시,토요일,경상북도 경주시 강동면,중상사고,0,1,0,0,차대사람 - 차도통행중,안전운전불이행,건조,맑음,교차로 - 교차로안,승용,여,66세,상해없음,보행자,여,74세,중상
2020042500100235,2020년 4월 25일 12시,토요일,경상북도 경주시 보문동,중상사고,0,1,0,0,차대차 - 측면충돌,교차로운행방법위반,건조,맑음,교차로 - 교차로안,승용,여,48세,상해없음,이륜,남,39세,중상
2020042500100236,2020년 4월 25일 12시,토요일,경상북도 안동시 안기동,경상사고,0,0,1,0,차대차 - 측면충돌,안전운전불이행,건조,맑음,단일로 - 기타,승용,남,71세,상해없음,승용,여,55세,경상
2020042500100237,2020년 4월 25일 12시,토요일,경상북도 구미시 공단동,경상사고,0,0,2,0,차대차 - 기타,교차로운행방법위반,건조,맑음,교차로 - 교차로안,승용,남,30세,상해없음,승용,여,47세,경상
2020042500100275,2020년 4월 25일 13시,토요일,경상북도 봉화군 법전면,경상사고,0,0,3,0,차대차 - 기타,안전운전불이행,건조,맑음,단일로 - 기타,승용,남,50세,상해없음,승용,남,18세,경상
2020042500100298,2020년 4월 25일 14시,토요일,경상북도 포항시 북구 흥해읍,경상사고,0,0,2,0,차대차 - 측면충돌,차로위반,건조,맑음,단일로 - 기타,건설기계,남,57세,상해없음,승용,남,59세,경상
2020042500100299,2020년 4월 25일 14시,토요일,경상북도 상주시 낙양동,경상사고,0,0,1,0,차대차 - 측면충돌,안전운전불이행,건조,맑음,교차로 - 교차로안,승용,남,68세,상해없음,승용,남,57세,경상
2020042500100329,2020년 4월 25일 15시,토요일,경상북도 경주시 신평동,경상사고,0,0,1,0,차대차 - 추돌,안전운전불이행,건조,맑음,교차로 - 교차로부근,승용,남,33세,상해없음,승용,남,17세,경상
2020042500100330,2020년 4월 25일 15시,토요일,경상북도 경주시 진현동,경상사고,0,0,4,1,차대차 - 측면충돌,안전운전불이행,건조,맑음,단일로 - 기타,승용,남,22세,경상,승용,남,23세,부상신고
2020042500100331,2020년 4월 25일 15시,토요일,경상북도 포항시 북구 흥해읍,경상사고,0,0,1,0,차대차 - 측면충돌,중앙선침범,건조,맑음,단일로 - 기타,화물,남,38세,상해없음,승용,남,37세,경상
2020042500100332,2020년 4월 25일 15시,토요일,경상북도 영주시 풍기읍,경상사고,0,0,1,0,차대차 - 측면충돌,교차로운행방법위반,건조,맑음,교차로 - 교차로안,승용,남,34세,상해없음,승용,남,60세,경상
2020042500100370,2020년 4월 25일 16시,토요일,경상북도 구미시 해평면,부상신고사고,0,0,0,1,차량단독 - 기타,안전운전불이행,건조,맑음,기타 - 기타,기타불명,남,65세,부상신고,,,,
2020042500100403,2020년 4월 25일 17시,토요일,경상북도 경주시 하동,경상사고,0,0,3,0,차대차 - 측면충돌,안전운전불이행,건조,맑음,단일로 - 기타,승용,남,67세,경상,승용,남,58세,경상
2020042500100404,2020년 4월 25일 17시,토요일,경상북도 영덕군 강구면,경상사고,0,0,1,0,차대사람 - 횡단중,안전운전불이행,건조,맑음,단일로 - 기타,승용,남,26세,상해없음,보행자,남,7세,경상
2020042500100405,2020년 4월 25일 17시,토요일,경상북도 구미시 지산동,경상사고,0,0,2,0,차대차 - 기타,안전거리미확보,건조,맑음,단일로 - 기타,승용,남,53세,상해없음,승용,남,37세,경상
2020042500100475,2020년 4월 25일 19시,토요일,경상북도 경산시 옥산동,중상사고,0,1,0,0,차대차 - 측면충돌,교차로운행방법위반,건조,맑음,교차로 - 교차로안,이륜,남,28세,중상,승용,여,56세,상해없음
2020042500100509,2020년 4월 25일 20시,토요일,경상북도 포항시 북구 두호동,중상사고,0,1,0,0,차대차 - 기타,안전운전불이행,건조,맑음,단일로 - 기타,승용,남,52세,상해없음,이륜,남,60세,중상
2020042500100539,2020년 4월 25일 21시,토요일,경상북도 영천시 완산동,경상사고,0,0,1,0,차대차 - 기타,안전운전불이행,건조,맑음,단일로 - 기타,건설기계,남,56세,상해없음,승용,남,30세,상해없음
2020042500100540,2020년 4월 25일 21시,토요일,경상북도 경산시 자인면,경상사고,0,0,1,0,차량단독 - 기타,안전운전불이행,건조,맑음,교차로 - 교차로부근,승용,남,42세,경상,,,,
2020042500100588,2020년 4월 25일 23시,토요일,경상북도 구미시 오태동,경상사고,0,0,1,0,차대차 - 추돌,안전운전불이행,건조,맑음,단일로 - 기타,이륜,남,50세,경상,승용,남,39세,상해없음