사고번호,사고일시,요일,시군구,사고내용,사망자수,중상자수,경상자수,부상신고자수,사고유형,법규위반,노면상태,기상상태,도로형태,가해운전자 차종,가해운전자 성별,가해운전자 연령,가해운전자 상해정도,피해운전자 차종,피해운전자 성별,피해운전자 연령,피해운전자 상해정도
2020042600100010,2020년 4월 26일 00시,일요일,경상북도 구미시 원평동,경상사고,0,0,1,0,차대사람 - 길가장자리구역통행중,안전운전불이행,건조,맑음,단일로 - 기타,승용,남,21세,상해없음,보행자,여,18세,경상
2020042600100025,2020년 4월 26일 01시,일요일,경상북도 경주시 강동면,중상사고,0,1,0,0,차대차 - 추돌,안전운전불이행,건조,맑음,단일로 - 기타,승용,남,40세,상해없음,화물,남,54세,중상
2020042600100026,2020년 4월 26일 01시,일요일,경상북도 구미시 지산동,경상사고,0,0,1,0,차대차 - 기타,중앙선침범,건조,맑음,단일로 - 기타,승용,남,54세,상해없음,이륜,남,45세,경상
2020042600100043,2020년 4월 26일 02시,일요일,경상북도 구미시 장천면,사망사고,1,0,0,0,차량단독 - 공작물충돌,안전운전불이행,건조,맑음,단일로 - 기타,이륜,남,26세,사망,,,,
2020042600100053,2020년 4월 26일 03시,일요일,경상북도 포항시 남구 오천읍,중상사고,0,1,1,0,차량단독 - 기타,안전운전불이행,건조,맑음,단일로 - 기타,이륜,남,24세,경상,,,,
2020042600100073,2020년 4월 26일 06시,일요일,경상북도 김천시 황금동,중상사고,0,1,0,0,차대차 - 측면충돌,안전운전불이행,건조,맑음,교차로 - 교차로안,승용,여,54세,상해없음,화물,남,64세,중상
2020042600100074,2020년 4월 26일 06시,일요일,경상북도 경산시 하양읍,경상사고,0,0,1,0,차량단독 - 전도전복 - 전도,안전운전불이행,건조,맑음,단일로 - 기타,이륜,남,25세,경상,,,,
2020042600100080,2020년 4월 26일 07시,일요일,경상북도 문경시 점촌동,경상사고,0,0,2,0,차대차 - 측면충돌,직진우회전진행방해,건조,맑음,교차로 - 교차로안,승용,남,46세,경상,승용,남,73세,경상
2020042600100094,2020년 4월 26일 08시,일요일,경상북도 경주시 노서동,중상사고,0,1,0,0,차대차 - 기타,안전운전불이행,건조,맑음,단일로 - 기타,승합,남,49세,상해없음,원동기,여,68세,중상
2020042600100108,2020년 4월 26일 09시,일요일,경상북도 안동시 송현동,경상사고,0,0,1,0,차대차 - 측면충돌,신호위반,건조,맑음,교차로 - 교차로안,승용,여,41세,상해없음,승용,남,44세,경상
2020042600100131,2020년 4월 26일 10시,일요일,경상북도 포항시 북구 동빈1가,경상사고,0,0,1,0,차대차 - 측면충돌,안전운전불이행,건조,맑음,단일로 - 기타,자전거,남,67세,경상,승용,남,24세,상해없음
2020042600100132,2020년 4월 26일 10시,일요일,경상북도 상주시 연원동,경상사고,0,0,1,0,차량단독 - 공작물충돌,안전운전불이행,건조,맑음,단일로 - 기타,승용,남,63세,경상,,,,
2020042600100160,2020년 4월 26일 11시,일요일,경상북도 포항시 남구 송도동,중상사고,0,1,0,0,차대사람 - 횡단중,안전운전불이행,건조,맑음,교차로 - 교차로안,승용,여,73세,상해없음,보행자,여,75세,중상
2020042600100176,2020년 4월 26일 12시,일요일,경상북도 김천시 대덕면,중상사고,0,1,0,0,차대차 - 정면충돌,중앙선침범,건조,맑음,단일로 - 기타,승용,남,66세,상해없음,이륜,남,46세,중상
2020042600100177,2020년 4월 26일 12시,일요일,경상북도 영천시 화남면,경상사고,0,0,3,0,차대차 - 추돌,안전운전불이행,건조,맑음,교차로 - 교차로부근,승용,여,82세,경상,승용,남,60세,경상
2020042600100178,2020년 4월 26일 12시,일요일,경상북도 포항시 남구 인덕동,경상사고,0,0,3,0,차대차 - 측면충돌,직진우회전진행방해,건조,맑음,교차로 - 교차로안,승용,남,50세,상해없음,승용,남,28세,경상
2020042600100196,2020년 4월 26일 13시,일요일,경상북도 경주시 안강읍,경상사고,0,0,1,0,차대차 - 측면충돌,안전운전불이행,건조,맑음,교차로 - 교차로안,승용,여,49세,상해없음,원동기,남,39세,경상
2020042600100220,2020년 4월 26일 14시,일요일,경상북도 칠곡군 북삼읍,경상사고,0,0,1,1,차대차 - 측면충돌,직진우회전진행방해,건조,맑음,교차로 - 교차로안,승용,남,50세,부상신고,승용,남,47세,상해없음
2020042600100221,2020년 4월 26일 14시,일요일,경상북도 문경시 동로면,중상사고,0,1,1,0,차대차 - 정면충돌,중앙선침범,건조,맑음,단일로 - 기타,이륜,남,52세,경상,이륜,여,27세,중상
2020042600100254,2020년 4월 26일 15시,일요일,경상북도 의성군 다인면,중상사고,0,1,0,0,차대차 - 측면충돌,중앙선침범,건조,맑음,단일로 - 기타,화물,남,66세,상해없음,이륜,남,32세,중상
2020042600100255,2020년 4월 26일 15시,일요일,경상북도 칠곡군 왜관읍,중상사고,0,1,0,1,차대차 - 측면충돌,직진우회전진행방해,건조,맑음,교차로 - 교차로안,승용,남,29세,부상신고,승용,여,55세,중상
2020042600100256,2020년 4월 26일 15시,일요일,경상북도 구미시 고아읍,중상사고,0,2,0,0,차대차 - 기타,안전운전불이행,건조,맑음,교차로 - 교차로안,승용,남,72세,상해없음,승용,남,78세,중상
2020042600100292,2020년 4월 26일 16시,일요일,경상북도 영덕군 축산면,중상사고,0,1,3,0,차대차 - 추돌,안전거리미확보,건조,맑음,단일로 - 기타,승용,남,71세,상해없음,승용,여,64세,경상
2020042600100293,2020년 4월 26일 16시,일요일,경상북도 청도군 각북면,경상사고,0,0,1,0,차량단독 - 기타,안전운전불이행,건조,맑음,단일로 - 기타,화물,여,58세,경상,,,,
2020042600100328,2020년 4월 26일 17시,일요일,경상북도 경산시 계양동,중상사고,0,1,0,0,차대차 - 추돌,안전운전불이행,건조,맑음,교차로 - 교차로부근,화물,남,58세,상해없음,이륜,남,32세,중상
2020042600100357,2020년 4월 26일 18시,일요일,경상북도 포항시 북구 양덕동,경상사고,0,0,2,0,차대차 - 기타,직진우회전진행방해,건조,맑음,교차로 - 교차로안,승용,남,48세,상해없음,승용,남,49세,경상
2020042600100358,2020년 4월 26일 18시,일요일,경상북도 김천시 덕곡동,중상사고,0,1,0,0,차대차 - 측면충돌,안전운전불이행,건조,맑음,교차로 - 교차로부근,승용,남,45세,상해없음,이륜,남,45세,중상
2020042600100359,2020년 4월 26일 18시,일요일,경상북도 포항시 남구 오천읍,경상사고,0,0,1,0,차대차 - 정면충돌,안전운전불이행,건조,맑음,교차로 - 교차로안,승용,여,36세,상해없음,이륜,남,37세,경상
2020042600100388,2020년 4월 26일 19시,일요일,경상북도 경산시 중방동,중상사고,0,2,2,0,차대차 - 추돌,안전운전불이행,건조,맑음,단일로 - 지하차도(도로)내,승합,남,47세,상해없음,승용,여,33세,중상
2020042600100389,2020년 4월 26일 19시,일요일,경상북도 포항시 남구 오천읍,경상사고,0,0,1,0,차대차 - 기타,직진우회전진행방해,건조,맑음,교차로 - 교차로안,화물,남,60세,상해없음,이륜,남,24세,경상
2020042600100406,2020년 4월 26일 20시,일요일,경상북도 구미시 송정동,경상사고,0,0,2,0,차대차 - 측면충돌,안전운전불이행,건조,맑음,단일로 - 기타,승용,남,67세,상해없음,승용,남,45세,경상
2020042600100431,2020년 4월 26일 21시,일요일,경상북도 포항시 북구 송라면,경상사고,0,0,2,0,차대차 - 추돌,안전거리미확보,건조,맑음,단일로 - 기타,승용,여,41세,경상,승합,남,44세,경상
2020042600100432,2020년 4월 26일 21시,일요일,경상북도 안동시 남후면,중상사고,0,1,7,0,차량단독 - 기타,안전운전불이행,건조,맑음,단일로 - 기타,승합,남,68세,경상,,,,
2020042600100433,2020년 4월 26일 21시,일요일,경상북도 포항시 남구 해도동,중상사고,0,1,1,0,차대차 - 측면충돌,중앙선침범,건조,맑음,단일로 - 기타,승용,남,67세,경상,이륜,남,39세,중상
2020042600100434,2020년 4월 26일 21시,일요일,경상북도 영천시 임고면,중상사고,0,1,0,0,차량단독 - 공작물충돌,안전운전불이행,건조,맑음,단일로 - 기타,승용,여,34세,상해없음,,,,
2020042600100452,2020년 4월 26일 22시,일요일,경상북도 포항시 남구 오천읍,중상사고,0,1,0,0,차대사람 - 기타,안전운전불이행,건조,맑음,단일로 - 기타,승용,여,50세,상해없음,보행자,남,50세,중상
2020042600100466,2020년 4월 26일 23시,일요일,경상북도 칠곡군 석적읍,부상신고사고,0,0,0,1,차대차 - 기타,안전운전불이행,건조,맑음,주차장 - 주차장,승용,남,37세,부상신고,승용,남,40세,기타불명
2020042700100035,2020년 4월 27일 05시,월요일,경상북도 영천시 금노동,경상사고,0,0,1,0,차대차 - 측면충돌,신호위반,건조,맑음,교차로 - 교차로안,화물,남,81세,상해없음,승용,남,54세,경상
2020042700100036,2020년 4월 27일 05시,월요일,경상북도 영천시 완산동,경상사고,0,0,1,0,차대사람 - 기타,안전운전불이행,건조,맑음,단일로 - 기타,승용,남,77세,상해없음,보행자,여,67세,경상
2020042700100063,2020년 4월 27일 07시,월요일,경상북도 경주시 외동읍,경상사고,0,0,1,0,차대차 - 정면충돌,안전운전불이행,건조,맑음,교차로 - 교차로안,승용,남,30세,상해없음,승용,남,51세,경상
2020042700100064,2020년 4월 27일 07시,월요일,경상북도 영천시 도동,중상사고,0,1,1,0,차대차 - 측면충돌,안전운전불이행,건조,맑음,교차로 - 교차로부근,승용,남,23세,상해없음,승용,남,31세,중상
2020042700100065,2020년 4월 27일 07시,월요일,경상북도 문경시 흥덕동,중상사고,0,1,3,1,차대차 - 측면충돌,교차로운행방법위반,건조,맑음,교차로 - 교차로안,승용,남,46세,경상,승용,남,63세,경상
2020042700100096,2020년 4월 27일 08시,월요일,경상북도 포항시 북구 우현동,경상사고,0,0,1,0,차대차 - 측면충돌,안전운전불이행,건조,맑음,교차로 - 교차로부근,승용,남,81세,상해없음,승용,남,26세,상해없음
2020042700100097,2020년 4월 27일 08시,월요일,경상북도 경산시 대동,경상사고,0,0,1,0,차대차 - 측면충돌,안전운전불이행,건조,맑음,교차로 - 교차로부근,이륜,남,20세,상해없음,승용,남,40세,경상
2020042700100098,2020년 4월 27일 08시,월요일,경상북도 포항시 남구 대잠동,경상사고,0,0,2,0,차대차 - 추돌,안전운전불이행,건조,맑음,단일로 - 교량,승용,남,43세,상해없음,화물,남,26세,경상
2020042700100122,2020년 4월 27일 09시,월요일,경상북도 포항시 북구 죽도동,경상사고,0,0,3,0,차대차 - 추돌,안전거리미확보,건조,맑음,교차로 - 교차로부근,화물,남,58세,상해없음,승용,남,69세,경상
2020042700100123,2020년 4월 27일 09시,월요일,경상북도 김천시 덕곡동,경상사고,0,0,1,0,차대차 - 측면충돌,신호위반,건조,맑음,교차로 - 교차로안,화물,남,63세,상해없음,승용,여,73세,경상
2020042700100157,2020년 4월 27일 10시,월요일,경상북도 포항시 북구 청하면,중상사고,0,1,2,0,차대차 - 측면충돌,안전운전불이행,건조,맑음,단일로 - 기타,승용,여,59세,상해없음,승용,남,71세,중상
2020042700100194,2020년 4월 27일 11시,월요일,경상북도 안동시 옥야동,경상사고,0,0,1,0,차대차 - 측면충돌,안전운전불이행,건조,맑음,교차로 - 교차로부근,승용,남,77세,상해없음,이륜,남,78세,경상
2020042700100195,2020년 4월 27일 11시,월요일,경상북도 김천시 농소면,경상사고,0,0,2,0,차대차 - 측면충돌,안전운전불이행,건조,맑음,교차로 - 교차로부근,화물,남,32세,상해없음,승용,여,53세,경상
2020042700100196,2020년 4월 27일 11시,월요일,경상북도 고령군 대가야읍,경상사고,0,0,1,0,차대차 - 후진중충돌,안전운전불이행,건조,맑음,단일로 - 기타,화물,남,64세,상해없음,화물,남,74세,경상
2020042700100197,2020년 4월 27일 11시,월요일,경상북도 포항시 남구 상도동,경상사고,0,0,1,0,차대차 - 측면충돌,안전운전불이행,건조,맑음,단일로 - 기타,승용,남,61세,상해없음,승용,남,44세,경상
2020042700100224,2020년 4월 27일 12시,월요일,경상북도 경주시 노서동,중상사고,0,1,0,0,차대차 - 측면충돌,신호위반,건조,맑음,교차로 - 교차로횡단보도내,승용,남,78세,상해없음,자전거,남,82세,중상
2020042700100225,2020년 4월 27일 12시,월요일,경상북도 경산시 압량면,경상사고,0,0,3,0,차대차 - 측면충돌,안전운전불이행,건조,맑음,교차로 - 교차로안,승용,여,52세,상해없음,승용,여,30세,경상
2020042700100226,2020년 4월 27일 12시,월요일,경상북도 문경시 마성면,경상사고,0,0,1,0,차대차 - 추돌,안전운전불이행,건조,맑음,단일로 - 기타,화물,남,42세,상해없음,화물,남,59세,경상
2020042700100269,2020년 4월 27일 13시,월요일,경상북도 경산시 하양읍,중상사고,0,1,0,0,차대사람 - 기타,안전운전불이행,건조,맑음,단일로 - 기타,승용,남,28세,상해없음,보행자,남,56세,중상
2020042700100270,2020년 4월 27일 13시,월요일,경상북도 경산시 조영동,사망사고,1,0,0,0,차량단독 - 전도전복 - 전도,안전운전불이행,건조,맑음,단일로 - 기타,이륜,남,82세,사망,,,,
2020042700100271,2020년 4월 27일 13시,월요일,경상북도 경산시 임당동,경상사고,0,0,1,0,차대차 - 측면충돌,교차로운행방법위반,건조,맑음,교차로 - 교차로안,승용,남,43세,상해없음,사륜오토바이(ATV),남,54세,경상
2020042700100302,2020년 4월 27일 14시,월요일,경상북도 칠곡군 약목면,부상신고사고,0,0,0,1,차대차 - 측면충돌,교차로운행방법위반,건조,맑음,교차로 - 교차로안,승용,여,54세,상해없음,이륜,남,70세,부상신고
2020042700100303,2020년 4월 27일 14시,월요일,경상북도 봉화군 소천면,경상사고,0,0,1,0,차대차 - 기타,중앙선침범,건조,맑음,기타 - 기타,승용,남,58세,상해없음,승용,남,61세,경상
2020042700100340,2020년 4월 27일 15시,월요일,경상북도 영주시 장수면,중상사고,0,1,0,0,차대차 - 측면충돌,교차로운행방법위반,건조,맑음,교차로 - 교차로안,승용,여,50세,상해없음,이륜,남,61세,중상
2020042700100341,2020년 4월 27일 15시,월요일,경상북도 칠곡군 약목면,중상사고,0,1,0,0,차대차 - 측면충돌,교차로운행방법위반,건조,맑음,교차로 - 교차로안,승용,여,55세,상해없음,이륜,남,85세,중상
2020042700100342,2020년 4월 27일 15시,월요일,경상북도 문경시 흥덕동,경상사고,0,0,1,0,차대사람 - 차도통행중,안전운전불이행,건조,맑음,단일로 - 기타,승용,여,44세,상해없음,보행자,여,72세,경상
2020042700100378,2020년 4월 27일 16시,월요일,경상북도 경주시 서부동,중상사고,0,1,0,0,차대차 - 측면충돌,안전운전불이행,건조,맑음,교차로 - 교차로안,자전거,여,69세,중상,승용,남,59세,상해없음
2020042700100379,2020년 4월 27일 16시,월요일,경상북도 김천시 모암동,중상사고,0,1,1,0,차대차 - 측면충돌,중앙선침범,건조,맑음,교차로 - 교차로횡단보도내,이륜,남,75세,중상,화물,남,35세,경상
2020042700100380,2020년 4월 27일 16시,월요일,경상북도 구미시 황상동,중상사고,0,1,0,0,차대차 - 측면충돌,신호위반,건조,맑음,단일로 - 기타,승용,여,37세,상해없음,자전거,남,68세,중상
2020042700100430,2020년 4월 27일 17시,월요일,경상북도 포항시 북구 두호동,경상사고,0,0,1,0,차대차 - 기타,안전운전불이행,건조,맑음,단일로 - 기타,승용,남,57세,상해없음,자전거,남,21세,경상
2020042700100431,2020년 4월 27일 17시,월요일,경상북도 영주시 가흥동,중상사고,0,1,5,0,차대차 - 추돌,안전운전불이행,건조,맑음,교차로 - 교차로안,승용,여,41세,경상,승용,여,40세,경상
2020042700100432,2020년 4월 27일 17시,월요일,경상북도 구미시 선산읍,중상사고,0,1,0,0,차대사람 - 기타,안전운전불이행,건조,맑음,단일로 - 기타,승용,여,54세,상해없음,보행자,남,63세,중상
2020042700100467,2020년 4월 27일 18시,월요일,경상북도 포항시 남구 연일읍,경상사고,0,0,1,0,차대차 - 추돌,안전거리미확보,건조,맑음,단일로 - 기타,승용,남,35세,상해없음,화물,남,45세,경상
2020042700100545,2020년 4월 27일 20시,월요일,경상북도 포항시 북구 죽도동,경상사고,0,0,2,0,차대차 - 측면충돌,직진우회전진행방해,건조,맑음,교차로 - 교차로안,승용,남,37세,경상,화물,남,61세,상해없음
2020042700100546,2020년 4월 27일 20시,월요일,경상북도 칠곡군 왜관읍,경상사고,0,0,1,0,차대차 - 추돌,안전운전불이행,건조,기타,교차로 - 교차로부근,승용,남,71세,기타불명,승용,여,67세,경상
2020042700100575,2020년 4월 27일 21시,월요일,경상북도 경주시 양북면,부상신고사고,0,0,0,1,차량단독 - 기타,안전운전불이행,건조,맑음,교차로 - 교차로부근,원동기,남,54세,부상신고,,,,
2020042700100576,2020년 4월 27일 21시,월요일,경상북도 경산시 진량읍,중상사고,0,1,0,0,차대차 - 측면충돌,신호위반,건조,맑음,교차로 - 교차로안,화물,남,50세,상해없음,화물,남,31세,중상
2020042700100596,2020년 4월 27일 22시,월요일,경상북도 포항시 북구 죽도동,경상사고,0,0,1,0,차대차 - 기타,안전운전불이행,건조,맑음,단일로 - 기타,승용,남,57세,경상,승용,남,68세,상해없음
2020042700100597,2020년 4월 27일 22시,월요일,경상북도 포항시 남구 연일읍,경상사고,0,0,1,0,차대차 - 기타,안전운전불이행,건조,맑음,교차로 - 교차로안,승용,여,58세,상해없음,승용,여,24세,경상
2020042700100618,2020년 4월 27일 23시,월요일,경상북도 칠곡군 왜관읍,경상사고,0,0,1,0,차대사람 - 횡단중,안전운전불이행,건조,맑음,교차로 - 교차로안,승용,남,30세,상해없음,보행자,남,58세,경상
2020042800100018,2020년 4월 28일 01시,화요일,경상북도 문경시 가은읍,경상사고,0,0,1,0,차대차 - 측면충돌,기타,건조,맑음,교차로 - 교차로안,승용,남,64세,상해없음,이륜,여,77세,경상
2020042800100025,2020년 4월 28일 02시,화요일,경상북도 칠곡군 석적읍,경상사고,0,0,2,0,차대차 - 추돌,안전운전불이행,건조,맑음,단일로 - 기타,승용,남,38세,상해없음,승용,남,61세,경상
2020042800100042,2020년 4월 28일 04시,화요일,경상북도 구미시 임수동,경상사고,0,0,1,0,차대차 - 기타,신호위반,건조,맑음,교차로 - 교차로안,승용,남,39세,상해없음,승용,남,33세,경상
2020042800100043,2020년 4월 28일 04시,화요일,경상북도 포항시 남구 연일읍,경상사고,0,0,1,0,차대차 - 추돌,안전운전불이행,건조,맑음,단일로 - 기타,승용,남,19세,상해없음,화물,남,47세,경상
2020042800100058,2020년 4월 28일 06시,화요일,경상북도 칠곡군 지천면,부상신고사고,0,0,0,1,차대차 - 측면충돌,중앙선침범,건조,맑음,단일로 - 기타,승용,여,56세,부상신고,승합,남,61세,상해없음
2020042800100059,2020년 4월 28일 06시,화요일,경상북도 구미시 원평동,경상사고,0,0,2,0,차대차 - 측면충돌,안전운전불이행,건조,맑음,교차로 - 교차로안,승용,남,68세,상해없음,화물,남,49세,경상
2020042800100073,2020년 4월 28일 07시,화요일,경상북도 예천군 예천읍,사망사고,1,0,0,0,차대사람 - 기타,안전운전불이행,건조,맑음,단일로 - 기타,화물,남,33세,상해없음,보행자,남,58세,사망
2020042800100074,2020년 4월 28일 07시,화요일,경상북도 구미시 황상동,경상사고,0,0,1,0,차대차 - 측면충돌,안전운전불이행,건조,맑음,단일로 - 기타,승용,남,29세,상해없음,승용,남,42세,경상
2020042800100105,2020년 4월 28일 08시,화요일,경상북도 영천시 조교동,중상사고,0,1,0,0,차대차 - 측면충돌,교차로운행방법위반,건조,맑음,교차로 - 교차로안,승용,여,60세,상해없음,자전거,여,70세,중상
2020042800100106,2020년 4월 28일 08시,화요일,경상북도 영천시 화산면,경상사고,0,0,1,0,차대차 - 측면충돌,안전운전불이행,건조,맑음,교차로 - 교차로안,승용,여,56세,상해없음,화물,남,46세,경상
2020042800100107,2020년 4월 28일 08시,화요일,경상북도 예천군 예천읍,중상사고,0,1,1,0,차대차 - 추돌,안전운전불이행,건조,맑음,단일로 - 기타,승용,여,32세,중상,건설기계,남,48세,경상
2020042800100108,2020년 4월 28일 08시,화요일,경상북도 구미시 임수동,경상사고,0,0,1,0,차대차 - 측면충돌,안전운전불이행,건조,맑음,단일로 - 기타,승용,여,25세,상해없음,자전거,남,26세,경상
2020042800100109,2020년 4월 28일 08시,화요일,경상북도 구미시 광평동,경상사고,0,0,1,0,차대차 - 측면충돌,직진우회전진행방해,건조,맑음,교차로 - 교차로안,승용,남,41세,상해없음,승용,여,44세,경상
2020042800100143,2020년 4월 28일 09시,화요일,경상북도 봉화군 봉화읍,경상사고,0,0,1,0,차대차 - 기타,안전운전불이행,건조,맑음,단일로 - 기타,승용,여,67세,경상,승용,남,69세,상해없음
2020042800100144,2020년 4월 28일 09시,화요일,경상북도 포항시 남구 오천읍,경상사고,0,0,2,0,차대차 - 측면충돌,안전운전불이행,건조,맑음,교차로 - 교차로안,승합,남,77세,상해없음,승용,여,41세,경상
2020042800100179,2020년 4월 28일 10시,화요일,경상북도 안동시 도산면,중상사고,0,2,0,0,차대차 - 정면충돌,안전운전불이행,건조,맑음,단일로 - 기타,승용,여,62세,중상,화물,여,58세,중상
2020042800100180,2020년 4월 28일 10시,화요일,경상북도 상주시 사벌면,중상사고,0,1,1,0,차대차 - 추돌,안전운전불이행,건조,맑음,단일로 - 기타,화물,남,57세,상해없음,화물,남,40세,중상
2020042800100217,2020년 4월 28일 11시,화요일,경상북도 안동시 용상동,경상사고,0,0,1,0,차대차 - 측면충돌,안전운전불이행,건조,맑음,교차로 - 교차로안,승용,남,67세,상해없음,승용,여,63세,경상
2020042800100218,2020년 4월 28일 11시,화요일,경상북도 안동시 송현동,경상사고,0,0,1,0,차대차 - 추돌,안전운전불이행,건조,맑음,단일로 - 기타,승합,남,54세,상해없음,화물,남,26세,경상
2020042800100219,2020년 4월 28일 11시,화요일,경상북도 구미시 공단동,경상사고,0,0,1,0,차대사람 - 기타,안전운전불이행,건조,맑음,단일로 - 기타,승용,남,45세,상해없음,보행자,남,25세,경상
2020042800100276,2020년 4월 28일 13시,화요일,경상북도 포항시 북구 대흥동,경상사고,0,0,1,0,차량단독 - 공작물충돌,안전운전불이행,건조,맑음,단일로 - 기타,승용,남,26세,상해없음,,,,
2020042800100277,2020년 4월 28일 13시,화요일,경상북도 안동시 금곡동,중상사고,0,1,0,0,차대차 - 측면충돌,안전운전불이행,건조,맑음,단일로 - 기타,승용,여,28세,상해없음,자전거,남,80세,중상
2020042800100278,2020년 4월 28일 13시,화요일,경상북도 경산시 옥산동,경상사고,0,0,1,0,차대사람 - 기타,안전운전불이행,건조,맑음,단일로 - 기타,승용,여,44세,상해없음,보행자,여,26세,경상
2020042800100313,2020년 4월 28일 14시,화요일,경상북도 영주시 가흥동,경상사고,0,0,1,0,차대차 - 측면충돌,교차로운행방법위반,건조,맑음,교차로 - 교차로횡단보도내,화물,남,41세,상해없음,자전거,남,43세,경상
2020042800100314,2020년 4월 28일 14시,화요일,경상북도 영천시 완산동,경상사고,0,0,1,0,차대차 - 측면충돌,안전운전불이행,건조,맑음,교차로 - 교차로안,승용,남,65세,상해없음,승용,남,65세,경상
2020042800100369,2020년 4월 28일 15시,화요일,경상북도 울진군 평해읍,경상사고,0,0,2,0,차대차 - 측면충돌,교차로운행방법위반,건조,맑음,교차로 - 교차로안,화물,남,57세,상해없음,승용,여,71세,경상
2020042800100407,2020년 4월 28일 16시,화요일,경상북도 구미시 원평동,경상사고,0,0,1,0,차대차 - 측면충돌,안전운전불이행,건조,맑음,교차로 - 교차로부근,승용,남,61세,상해없음,자전거,남,66세,경상
2020042800100441,2020년 4월 28일 17시,화요일,경상북도 의성군 안계면,경상사고,0,0,1,0,차대차 - 측면충돌,직진우회전진행방해,건조,맑음,교차로 - 교차로안,승용,여,61세,상해없음,승용,남,51세,경상
2020042800100442,2020년 4월 28일 17시,화요일,경상북도 칠곡군 북삼읍,중상사고,0,2,0,0,차대차 - 측면충돌,기타,건조,맑음,교차로 - 교차로안,화물,남,49세,상해없음,이륜,남,79세,중상
2020042800100443,2020년 4월 28일 17시,화요일,경상북도 구미시 공단동,경상사고,0,0,1,0,차대차 - 기타,안전운전불이행,건조,맑음,교차로 - 교차로안,승용,남,55세,상해없음,이륜,여,51세,경상
2020042800100444,2020년 4월 28일 17시,화요일,경상북도 포항시 남구 오천읍,경상사고,0,0,1,0,차대차 - 측면충돌,교차로운행방법위반,건조,맑음,교차로 - 교차로안,화물,남,62세,상해없음,승용,남,46세,경상
2020042800100492,2020년 4월 28일 18시,화요일,경상북도 포항시 남구 오천읍,경상사고,0,0,2,0,차대차 - 측면충돌,안전운전불이행,건조,맑음,교차로 - 교차로안,승용,남,32세,경상,승용,남,29세,경상
2020042800100533,2020년 4월 28일 19시,화요일,경상북도 김천시 교동,중상사고,0,1,0,0,차대차 - 정면충돌,신호위반,건조,맑음,교차로 - 교차로안,이륜,남,14세,기타불명,승용,남,60세,상해없음
2020042800100534,2020년 4월 28일 19시,화요일,경상북도 경산시 진량읍,경상사고,0,0,1,0,차대차 - 측면충돌,교차로운행방법위반,건조,맑음,교차로 - 교차로안,승용,남,65세,상해없음,화물,남,51세,경상
2020042800100560,2020년 4월 28일 20시,화요일,경상북도 영주시 봉현면,경상사고,0,0,2,0,차대차 - 측면충돌,안전운전불이행,건조,맑음,교차로 - 교차로안,승합,남,40세,경상,승용,여,25세,경상
2020042800100561,2020년 4월 28일 20시,화요일,경상북도 영천시 완산동,경상사고,0,0,2,0,차대차 - 측면충돌,차로위반,건조,맑음,교차로 - 교차로안,승용,여,27세,상해없음,승용,남,29세,경상
2020042800100562,2020년 4월 28일 20시,화요일,경상북도 구미시 수점동,중상사고,0,1,0,0,차대사람 - 횡단중,안전운전불이행,건조,맑음,단일로 - 기타,승용,남,28세,상해없음,보행자,여,69세,중상
2020042800100590,2020년 4월 28일 21시,화요일,경상북도 구미시 임수동,중상사고,0,1,3,0,차대차 - 추돌,안전운전불이행,건조,맑음,교차로 - 교차로부근,승용,남,77세,중상,승용,남,38세,경상
2020042800100613,2020년 4월 28일 22시,화요일,경상북도 구미시 해평면,중상사고,0,1,1,1,차대차 - 추돌,안전운전불이행,건조,맑음,단일로 - 기타,승용,남,59세,부상신고,승용,남,28세,경상
2020042900100021,2020년 4월 29일 01시,수요일,경상북도 구미시 산동면,중상사고,0,1,0,0,차량단독 - 기타,안전운전불이행,건조,맑음,단일로 - 기타,승용,남,37세,상해없음,,,,
2020042900100052,2020년 4월 29일 06시,수요일,경상북도 구미시 무을면,중상사고,0,1,0,1,차대차 - 측면충돌,교차로운행방법위반,건조,맑음,교차로 - 교차로안,승용,여,59세,부상신고,승용,여,65세,중상
2020042900100125,2020년 4월 29일 09시,수요일,경상북도 경주시 안강읍,중상사고,0,1,0,0,차대차 - 측면충돌,안전운전불이행,건조,맑음,교차로 - 교차로안,화물,남,46세,상해없음,자전거,여,20세,중상
2020042900100126,2020년 4월 29일 09시,수요일,경상북도 경주시 용강동,경상사고,0,0,1,0,차대차 - 측면충돌,안전운전불이행,건조,맑음,교차로 - 교차로안,승용,남,38세,상해없음,이륜,남,81세,경상
2020042900100127,2020년 4월 29일 09시,수요일,경상북도 안동시 송현동,경상사고,0,0,1,0,차대사람 - 기타,안전운전불이행,건조,맑음,단일로 - 기타,승용,남,58세,상해없음,보행자,여,50세,경상
2020042900100128,2020년 4월 29일 09시,수요일,경상북도 구미시 해평면,경상사고,0,0,2,0,차대차 - 기타,안전운전불이행,건조,맑음,교차로 - 교차로안,승용,여,63세,경상,화물,남,52세,경상
2020042900100158,2020년 4월 29일 10시,수요일,경상북도 포항시 북구 죽도동,경상사고,0,0,1,0,차대차 - 측면충돌,안전운전불이행,건조,맑음,교차로 - 교차로안,승용,여,71세,상해없음,승용,여,65세,경상