사고번호,사고일시,요일,시군구,사고내용,사망자수,중상자수,경상자수,부상신고자수,사고유형,법규위반,노면상태,기상상태,도로형태,가해운전자 차종,가해운전자 성별,가해운전자 연령,가해운전자 상해정도,피해운전자 차종,피해운전자 성별,피해운전자 연령,피해운전자 상해정도
2020042900100193,2020년 4월 29일 11시,수요일,경상북도 경주시 동천동,경상사고,0,0,1,0,차대차 - 측면충돌,신호위반,건조,맑음,교차로 - 교차로횡단보도내,승용,여,34세,상해없음,자전거,여,52세,경상
2020042900100194,2020년 4월 29일 11시,수요일,경상북도 경주시 용강동,경상사고,0,0,1,0,차대차 - 측면충돌,안전운전불이행,건조,맑음,교차로 - 교차로안,화물,남,77세,상해없음,승용,여,23세,경상
2020042900100195,2020년 4월 29일 11시,수요일,경상북도 상주시 함창읍,중상사고,0,4,3,0,차대차 - 측면충돌,신호위반,건조,맑음,교차로 - 교차로안,화물,남,65세,상해없음,승합,남,34세,중상
2020042900100196,2020년 4월 29일 11시,수요일,경상북도 포항시 남구 대잠동,경상사고,0,0,1,0,차대차 - 후진중충돌,불법유턴,건조,맑음,단일로 - 기타,승용,남,36세,상해없음,승용,여,38세,경상
2020042900100232,2020년 4월 29일 12시,수요일,경상북도 포항시 북구 죽도동,경상사고,0,0,1,0,차대사람 - 차도통행중,안전운전불이행,건조,맑음,단일로 - 기타,승용,남,70세,상해없음,보행자,남,58세,상해없음
2020042900100233,2020년 4월 29일 12시,수요일,경상북도 경산시 사정동,경상사고,0,0,1,0,차대차 - 기타,신호위반,건조,맑음,단일로 - 지하차도(도로)내,화물,남,38세,상해없음,이륜,남,40세,경상
2020042900100234,2020년 4월 29일 12시,수요일,경상북도 성주군 성주읍,경상사고,0,0,1,0,차대차 - 후진중충돌,안전운전불이행,건조,맑음,단일로 - 기타,승용,남,71세,상해없음,승용,여,50세,경상
2020042900100235,2020년 4월 29일 12시,수요일,경상북도 구미시 송정동,경상사고,0,0,1,0,차대사람 - 횡단중,보행자보호의무위반,건조,맑음,교차로 - 교차로횡단보도내,승용,남,36세,상해없음,보행자,여,46세,경상
2020042900100263,2020년 4월 29일 13시,수요일,경상북도 안동시 운안동,중상사고,0,1,0,0,차대차 - 후진중충돌,불법유턴,건조,맑음,교차로 - 교차로부근,승용,남,47세,상해없음,승용,남,42세,상해없음
2020042900100264,2020년 4월 29일 13시,수요일,경상북도 칠곡군 약목면,경상사고,0,0,2,0,차대차 - 측면충돌,안전운전불이행,건조,맑음,교차로 - 교차로안,이륜,남,75세,경상,승용,남,53세,경상
2020042900100299,2020년 4월 29일 14시,수요일,경상북도 포항시 남구 동해면,중상사고,0,1,0,0,차량단독 - 전도전복 - 전도,안전운전불이행,건조,맑음,단일로 - 기타,이륜,남,80세,중상,,,,
2020042900100300,2020년 4월 29일 14시,수요일,경상북도 포항시 남구 대잠동,경상사고,0,0,1,0,차대차 - 측면충돌,안전운전불이행,건조,맑음,교차로 - 교차로부근,자전거,남,43세,경상,승용,남,28세,상해없음
2020042900100339,2020년 4월 29일 15시,수요일,경상북도 경주시 동천동,중상사고,0,1,0,0,차대차 - 측면충돌,안전운전불이행,건조,맑음,교차로 - 교차로부근,승용,여,50세,상해없음,이륜,남,52세,중상
2020042900100340,2020년 4월 29일 15시,수요일,경상북도 경주시 탑동,중상사고,0,1,0,0,차대차 - 측면충돌,신호위반,건조,맑음,교차로 - 교차로안,승용,남,77세,상해없음,승용,남,33세,중상
2020042900100341,2020년 4월 29일 15시,수요일,경상북도 포항시 북구 항구동,중상사고,0,1,0,0,차대차 - 측면충돌,중앙선침범,건조,맑음,교차로 - 교차로안,승용,남,62세,상해없음,이륜,남,64세,중상
2020042900100342,2020년 4월 29일 15시,수요일,경상북도 안동시 당북동,중상사고,0,1,0,0,차대차 - 측면충돌,직진우회전진행방해,건조,맑음,교차로 - 교차로안,이륜,남,63세,중상,승용,여,56세,상해없음
2020042900100343,2020년 4월 29일 15시,수요일,경상북도 포항시 남구 오천읍,경상사고,0,0,1,0,차대차 - 측면충돌,안전운전불이행,건조,맑음,단일로 - 기타,승용,여,41세,상해없음,이륜,여,32세,경상
2020042900100390,2020년 4월 29일 16시,수요일,경상북도 상주시 서문동,경상사고,0,0,6,0,차대차 - 측면충돌,안전운전불이행,건조,맑음,교차로 - 교차로안,승용,남,70세,상해없음,승용,남,62세,경상
2020042900100391,2020년 4월 29일 16시,수요일,경상북도 청도군 이서면,중상사고,0,1,0,0,차대차 - 측면충돌,직진우회전진행방해,건조,맑음,교차로 - 교차로안,이륜,여,67세,중상,승용,남,69세,상해없음
2020042900100392,2020년 4월 29일 16시,수요일,경상북도 성주군 대가면,경상사고,0,0,1,0,차대사람 - 기타,안전운전불이행,건조,맑음,단일로 - 기타,승용,여,34세,상해없음,보행자,남,34세,경상
2020042900100442,2020년 4월 29일 17시,수요일,경상북도 포항시 북구 기계면,경상사고,0,0,1,0,차대차 - 측면충돌,안전운전불이행,건조,맑음,단일로 - 기타,승용,남,68세,상해없음,이륜,여,68세,경상
2020042900100443,2020년 4월 29일 17시,수요일,경상북도 상주시 냉림동,중상사고,0,1,0,0,차대차 - 측면충돌,중앙선침범,건조,맑음,단일로 - 기타,화물,남,44세,상해없음,이륜,남,39세,중상
2020042900100444,2020년 4월 29일 17시,수요일,경상북도 경산시 사정동,경상사고,0,0,1,0,차대사람 - 기타,안전운전불이행,건조,맑음,교차로 - 교차로부근,승용,여,36세,기타불명,보행자,남,49세,경상
2020042900100496,2020년 4월 29일 18시,수요일,경상북도 경주시 노서동,중상사고,0,1,0,0,차대차 - 측면충돌,안전운전불이행,건조,맑음,단일로 - 기타,승용,남,57세,상해없음,자전거,남,62세,중상
2020042900100497,2020년 4월 29일 18시,수요일,경상북도 상주시 남성동,중상사고,0,1,1,0,차대차 - 측면충돌,신호위반,건조,맑음,교차로 - 교차로안,승용,여,45세,경상,승용,남,19세,중상
2020042900100498,2020년 4월 29일 18시,수요일,경상북도 구미시 형곡동,경상사고,0,0,3,0,차대차 - 측면충돌,안전운전불이행,건조,맑음,단일로 - 기타,승용,여,47세,경상,승용,여,49세,경상
2020042900100542,2020년 4월 29일 19시,수요일,경상북도 상주시 내서면,중상사고,0,1,0,0,차대차 - 추돌,안전운전불이행,건조,맑음,단일로 - 기타,화물,남,66세,상해없음,농기계,남,79세,중상
2020042900100543,2020년 4월 29일 19시,수요일,경상북도 구미시 진평동,경상사고,0,0,1,0,차대차 - 후진중충돌,안전운전불이행,건조,맑음,단일로 - 기타,승용,남,46세,상해없음,원동기,남,37세,경상
2020042900100544,2020년 4월 29일 19시,수요일,경상북도 구미시 사곡동,경상사고,0,0,1,0,차대차 - 측면충돌,안전운전불이행,건조,맑음,교차로 - 교차로안,원동기,남,52세,경상,승용,여,35세,상해없음
2020042900100588,2020년 4월 29일 20시,수요일,경상북도 봉화군 법전면,부상신고사고,0,0,0,2,차대차 - 추돌,안전운전불이행,건조,맑음,단일로 - 기타,승용,남,68세,상해없음,승용,여,50세,부상신고
2020042900100624,2020년 4월 29일 21시,수요일,경상북도 상주시 낙양동,중상사고,0,1,0,0,차대차 - 정면충돌,중앙선침범,건조,맑음,교차로 - 교차로부근,승용,여,57세,상해없음,이륜,남,16세,중상
2020042900100625,2020년 4월 29일 21시,수요일,경상북도 영주시 가흥동,경상사고,0,0,1,0,차대차 - 측면충돌,안전운전불이행,건조,맑음,단일로 - 기타,승합,남,59세,상해없음,승용,남,29세,경상
2020042900100626,2020년 4월 29일 21시,수요일,경상북도 포항시 남구 송도동,경상사고,0,0,1,0,차대차 - 기타,신호위반,건조,맑음,교차로 - 교차로안,승용,남,70세,상해없음,자전거,남,38세,경상
2020042900100653,2020년 4월 29일 22시,수요일,경상북도 영천시 문외동,중상사고,0,1,0,0,차대차 - 기타,안전운전불이행,건조,맑음,교차로 - 교차로부근,승용,남,34세,중상,화물,남,57세,기타불명
2020042900100654,2020년 4월 29일 22시,수요일,경상북도 성주군 선남면,중상사고,0,1,1,0,차대차 - 추돌,안전운전불이행,건조,맑음,단일로 - 기타,이륜,남,32세,경상,승용,남,26세,상해없음
2020043000100006,2020년 4월 30일 00시,목요일,경상북도 안동시 금곡동,경상사고,0,0,3,0,차대차 - 측면충돌,직진우회전진행방해,건조,맑음,교차로 - 교차로안,승용,남,61세,경상,승용,남,26세,경상
2020043000100090,2020년 4월 30일 06시,목요일,경상북도 경주시 동천동,경상사고,0,0,1,0,차대차 - 추돌,안전운전불이행,건조,맑음,교차로 - 교차로부근,화물,남,48세,상해없음,승용,여,38세,경상
2020043000100091,2020년 4월 30일 06시,목요일,경상북도 포항시 북구 죽도동,경상사고,0,0,1,0,차대차 - 측면충돌,안전운전불이행,건조,맑음,교차로 - 교차로안,화물,남,69세,상해없음,자전거,여,71세,경상
2020043000100110,2020년 4월 30일 07시,목요일,경상북도 경주시 외동읍,중상사고,0,2,0,0,차대차 - 측면충돌,안전운전불이행,건조,맑음,교차로 - 교차로안,승용,남,30세,상해없음,승용,남,62세,중상
2020043000100111,2020년 4월 30일 07시,목요일,경상북도 의성군 의성읍,경상사고,0,0,1,0,차량단독 - 도로외이탈 - 추락,안전운전불이행,건조,맑음,단일로 - 기타,승용,여,53세,경상,,,,
2020043000100135,2020년 4월 30일 09시,목요일,경상북도 상주시 화서면,경상사고,0,0,3,0,차대차 - 측면충돌,교차로운행방법위반,건조,맑음,교차로 - 교차로안,화물,남,54세,경상,화물,남,54세,경상
2020043000100136,2020년 4월 30일 09시,목요일,경상북도 칠곡군 왜관읍,중상사고,0,1,0,0,차대차 - 측면충돌,중앙선침범,건조,맑음,단일로 - 교량,승용,여,60세,상해없음,이륜,남,80세,중상
2020043000100161,2020년 4월 30일 10시,목요일,경상북도 의성군 다인면,중상사고,0,1,0,0,차대차 - 정면충돌,중앙선침범,건조,맑음,단일로 - 기타,이륜,남,48세,중상,화물,남,57세,상해없음
2020043000100162,2020년 4월 30일 10시,목요일,경상북도 영덕군 병곡면,부상신고사고,0,0,0,1,차량단독 - 기타,안전운전불이행,건조,맑음,단일로 - 기타,이륜,남,18세,부상신고,,,,
2020043000100194,2020년 4월 30일 11시,목요일,경상북도 봉화군 봉화읍,부상신고사고,0,0,0,1,차대차 - 측면충돌,안전운전불이행,건조,맑음,단일로 - 기타,화물,남,48세,상해없음,승합,여,57세,부상신고
2020043000100195,2020년 4월 30일 11시,목요일,경상북도 포항시 남구 송도동,경상사고,0,0,1,0,차대차 - 측면충돌,안전운전불이행,건조,맑음,교차로 - 교차로안,승용,여,65세,경상,승용,남,71세,상해없음
2020043000100196,2020년 4월 30일 11시,목요일,경상북도 영천시 본촌동,경상사고,0,0,1,0,차대차 - 측면충돌,안전운전불이행,건조,맑음,단일로 - 기타,승용,남,66세,상해없음,승용,여,25세,경상
2020043000100230,2020년 4월 30일 12시,목요일,경상북도 경산시 하양읍,경상사고,0,0,3,0,차대차 - 추돌,안전거리미확보,건조,맑음,단일로 - 기타,승용,여,61세,경상,승용,남,55세,상해없음
2020043000100274,2020년 4월 30일 13시,목요일,경상북도 칠곡군 왜관읍,경상사고,0,0,1,0,차대차 - 추돌,안전운전불이행,건조,맑음,단일로 - 기타,승용,여,36세,상해없음,승용,여,50세,경상
2020043000100275,2020년 4월 30일 13시,목요일,경상북도 예천군 예천읍,중상사고,0,1,0,0,차대사람 - 보도통행중,안전운전불이행,건조,맑음,단일로 - 기타,화물,남,52세,상해없음,보행자,여,81세,중상
2020043000100318,2020년 4월 30일 14시,목요일,경상북도 영주시 이산면,경상사고,0,0,2,0,차대차 - 추돌,안전운전불이행,건조,맑음,단일로 - 기타,화물,남,42세,경상,건설기계,남,24세,경상
2020043000100319,2020년 4월 30일 14시,목요일,경상북도 문경시 흥덕동,경상사고,0,0,1,0,차대차 - 측면충돌,직진우회전진행방해,건조,맑음,교차로 - 교차로안,이륜,남,72세,상해없음,이륜,남,76세,상해없음
2020043000100401,2020년 4월 30일 16시,목요일,경상북도 안동시 송천동,중상사고,0,1,0,0,차대사람 - 횡단중,안전운전불이행,건조,맑음,교차로 - 교차로안,화물,남,69세,상해없음,보행자,여,76세,중상
2020043000100402,2020년 4월 30일 16시,목요일,경상북도 영천시 문외동,경상사고,0,0,1,0,차대차 - 측면충돌,교차로운행방법위반,건조,맑음,교차로 - 교차로안,승용,남,27세,상해없음,승용,남,39세,경상
2020043000100403,2020년 4월 30일 16시,목요일,경상북도 군위군 효령면,경상사고,0,0,1,0,차대차 - 측면충돌,안전운전불이행,건조,맑음,교차로 - 교차로안,화물,여,59세,상해없음,승용,여,54세,경상
2020043000100441,2020년 4월 30일 17시,목요일,경상북도 상주시 서성동,경상사고,0,0,5,0,차대차 - 측면충돌,안전운전불이행,건조,맑음,교차로 - 교차로안,승용,여,40세,상해없음,승용,남,42세,경상
2020043000100442,2020년 4월 30일 17시,목요일,경상북도 포항시 남구 인덕동,중상사고,0,1,6,0,차대차 - 측면충돌,기타,건조,맑음,교차로 - 교차로안,승합,남,49세,경상,승용,여,29세,중상
2020043000100468,2020년 4월 30일 18시,목요일,경상북도 경주시 노서동,중상사고,0,1,1,0,차대차 - 측면충돌,안전거리미확보,건조,맑음,단일로 - 기타,화물,남,54세,상해없음,승용,남,19세,중상
2020043000100469,2020년 4월 30일 18시,목요일,경상북도 영주시 가흥동,중상사고,0,1,0,0,차대차 - 측면충돌,교차로운행방법위반,건조,맑음,교차로 - 교차로안,화물,남,38세,상해없음,이륜,남,40세,중상
2020043000100470,2020년 4월 30일 18시,목요일,경상북도 포항시 남구 인덕동,경상사고,0,0,1,0,차대차 - 기타,직진우회전진행방해,건조,맑음,교차로 - 교차로안,이륜,남,53세,경상,승합,남,70세,상해없음
2020043000100471,2020년 4월 30일 18시,목요일,경상북도 상주시 낙동면,경상사고,0,0,1,0,차대차 - 기타,안전운전불이행,건조,맑음,단일로 - 기타,승합,남,26세,상해없음,승용,남,37세,경상
2020043000100509,2020년 4월 30일 19시,목요일,경상북도 영주시 하망동,경상사고,0,0,1,0,차대차 - 기타,안전운전불이행,건조,맑음,단일로 - 기타,승합,남,63세,상해없음,이륜,남,34세,경상
2020043000100510,2020년 4월 30일 19시,목요일,경상북도 구미시 옥계동,경상사고,0,0,1,0,차대차 - 추돌,안전운전불이행,건조,맑음,단일로 - 기타,승용,남,48세,상해없음,승용,남,32세,경상
2020043000100526,2020년 4월 30일 20시,목요일,경상북도 상주시 중덕동,사망사고,1,0,0,0,차대차 - 추돌,안전운전불이행,건조,맑음,단일로 - 기타,승용,남,47세,상해없음,이륜,여,61세,사망
2020043000100527,2020년 4월 30일 20시,목요일,경상북도 상주시 공성면,경상사고,0,0,2,0,차대차 - 측면충돌,안전운전불이행,건조,맑음,단일로 - 기타,승용,남,71세,상해없음,승용,남,29세,경상
2020043000100528,2020년 4월 30일 20시,목요일,경상북도 영천시 완산동,경상사고,0,0,2,0,차대차 - 측면충돌,신호위반,건조,맑음,교차로 - 교차로안,승용,남,58세,경상,승용,남,37세,경상
2020043000100529,2020년 4월 30일 20시,목요일,경상북도 구미시 황상동,중상사고,0,1,0,0,차대차 - 기타,안전운전불이행,건조,맑음,교차로 - 교차로부근,승용,남,54세,상해없음,승용,여,23세,중상
2020043000100557,2020년 4월 30일 21시,목요일,경상북도 경주시 황오동,중상사고,0,1,1,0,차대사람 - 횡단중,신호위반,건조,맑음,교차로 - 교차로횡단보도내,승용,남,56세,상해없음,보행자,여,60세,중상
2020043000100558,2020년 4월 30일 21시,목요일,경상북도 경주시 인왕동,경상사고,0,0,3,0,차대차 - 측면충돌,안전운전불이행,건조,맑음,교차로 - 교차로부근,승용,남,59세,경상,승용,남,32세,상해없음
2020043000100559,2020년 4월 30일 21시,목요일,경상북도 구미시 황상동,중상사고,0,1,0,0,차대차 - 기타,교차로운행방법위반,건조,맑음,단일로 - 기타,승용,남,66세,상해없음,승용,여,55세,중상
2020043000100560,2020년 4월 30일 21시,목요일,경상북도 구미시 비산동,중상사고,0,1,0,0,차대차 - 추돌,안전운전불이행,건조,맑음,교차로 - 교차로안,승용,남,61세,상해없음,이륜,남,32세,중상
2020043000100579,2020년 4월 30일 22시,목요일,경상북도 경주시 동천동,경상사고,0,0,2,0,차대차 - 측면충돌,안전운전불이행,건조,맑음,교차로 - 교차로안,승용,남,37세,상해없음,승용,여,50세,경상
2020043000100580,2020년 4월 30일 22시,목요일,경상북도 안동시 풍산읍,경상사고,0,0,1,0,차대차 - 기타,안전운전불이행,건조,맑음,교차로 - 교차로부근,자전거,남,55세,경상,화물,남,51세,상해없음
2020050100100020,2020년 5월 1일 01시,금요일,경상북도 김천시 지좌동,경상사고,0,0,1,0,차대차 - 측면충돌,신호위반,건조,기타,교차로 - 교차로안,승용,남,27세,상해없음,승용,남,52세,경상
2020050100100021,2020년 5월 1일 01시,금요일,경상북도 영주시 가흥동,경상사고,0,0,2,0,차대차 - 측면충돌,교차로운행방법위반,건조,맑음,교차로 - 교차로안,승용,남,60세,상해없음,승용,남,57세,상해없음
2020050100100050,2020년 5월 1일 06시,금요일,경상북도 청송군 진보면,중상사고,0,1,0,0,차대차 - 정면충돌,직진우회전진행방해,건조,맑음,교차로 - 교차로안,승합,남,41세,상해없음,자전거,남,51세,중상
2020050100100074,2020년 5월 1일 08시,금요일,경상북도 경주시 성동동,중상사고,0,1,0,0,차대사람 - 차도통행중,안전운전불이행,건조,맑음,교차로 - 교차로부근,승용,남,63세,상해없음,보행자,남,52세,중상
2020050100100075,2020년 5월 1일 08시,금요일,경상북도 영천시 금노동,중상사고,0,2,0,0,차대차 - 측면충돌,신호위반,건조,맑음,교차로 - 교차로부근,승용,남,28세,상해없음,승합,남,66세,상해없음
2020050100100076,2020년 5월 1일 08시,금요일,경상북도 경산시 압량면,경상사고,0,0,1,0,차대차 - 측면충돌,신호위반,건조,맑음,교차로 - 교차로안,이륜,남,45세,경상,승용,남,28세,상해없음
2020050100100103,2020년 5월 1일 09시,금요일,경상북도 경주시 천군동,경상사고,0,0,4,0,차대차 - 측면충돌,안전운전불이행,건조,맑음,교차로 - 교차로안,승용,여,20세,상해없음,승용,남,45세,경상
2020050100100104,2020년 5월 1일 09시,금요일,경상북도 김천시 모암동,중상사고,0,1,0,0,차대차 - 측면충돌,안전운전불이행,건조,맑음,단일로 - 기타,이륜,남,83세,중상,승용,남,60세,상해없음
2020050100100130,2020년 5월 1일 10시,금요일,경상북도 문경시 모전동,중상사고,0,1,0,1,차대차 - 측면충돌,교차로운행방법위반,건조,맑음,교차로 - 교차로횡단보도내,원동기,남,86세,부상신고,승용,남,48세,상해없음
2020050100100131,2020년 5월 1일 10시,금요일,경상북도 봉화군 춘양면,중상사고,0,1,0,0,차대차 - 정면충돌,안전운전불이행,건조,맑음,기타 - 기타,승용,남,75세,상해없음,승용,여,71세,중상
2020050100100168,2020년 5월 1일 11시,금요일,경상북도 칠곡군 왜관읍,부상신고사고,0,0,0,1,차대차 - 측면충돌,직진우회전진행방해,건조,맑음,교차로 - 교차로안,승용,남,29세,부상신고,화물,남,43세,상해없음
2020050100100206,2020년 5월 1일 12시,금요일,경상북도 경주시 강동면,경상사고,0,0,1,0,차대차 - 측면충돌,안전운전불이행,건조,맑음,단일로 - 지하차도(도로)내,자전거,여,31세,경상,화물,남,71세,상해없음
2020050100100207,2020년 5월 1일 12시,금요일,경상북도 경주시 구정동,경상사고,0,0,2,0,차대차 - 추돌,안전운전불이행,건조,맑음,단일로 - 기타,화물,남,66세,상해없음,승용,여,56세,경상
2020050100100208,2020년 5월 1일 12시,금요일,경상북도 안동시 안흥동,경상사고,0,0,1,0,차대차 - 측면충돌,안전운전불이행,건조,맑음,교차로 - 교차로안,화물,남,73세,상해없음,건설기계,남,65세,경상
2020050100100209,2020년 5월 1일 12시,금요일,경상북도 김천시 신음동,경상사고,0,0,1,0,차대사람 - 횡단중,교차로운행방법위반,건조,맑음,교차로 - 교차로안,승용,여,48세,상해없음,보행자,남,67세,경상
2020050100100211,2020년 5월 1일 12시,금요일,경상북도 영천시 조교동,경상사고,0,0,1,0,차대차 - 기타,안전운전불이행,건조,맑음,단일로 - 기타,승용,남,45세,상해없음,자전거,남,79세,경상
2020050100100212,2020년 5월 1일 12시,금요일,경상북도 포항시 남구 오천읍,중상사고,0,1,4,0,차대차 - 추돌,안전거리미확보,건조,맑음,교차로 - 교차로부근,승용,여,53세,상해없음,승용,남,47세,경상
2020050100100251,2020년 5월 1일 13시,금요일,경상북도 포항시 북구 장성동,경상사고,0,0,1,0,차대차 - 측면충돌,안전운전불이행,건조,맑음,단일로 - 기타,승용,여,51세,상해없음,자전거,남,13세,경상
2020050100100252,2020년 5월 1일 13시,금요일,경상북도 포항시 북구 상원동,경상사고,0,0,2,0,차대차 - 측면충돌,안전운전불이행,건조,맑음,교차로 - 교차로안,승용,남,64세,상해없음,승용,여,40세,경상
2020050100100253,2020년 5월 1일 13시,금요일,경상북도 청도군 금천면,중상사고,0,1,0,0,차대사람 - 길가장자리구역통행중,안전운전불이행,건조,맑음,교차로 - 교차로부근,화물,남,73세,상해없음,보행자,여,66세,중상
2020050100100254,2020년 5월 1일 13시,금요일,경상북도 포항시 남구 구룡포읍,경상사고,0,0,2,0,차대차 - 측면충돌,차로위반,건조,맑음,교차로 - 교차로부근,승용,남,55세,상해없음,승용,남,30세,경상
2020050100100255,2020년 5월 1일 13시,금요일,경상북도 포항시 남구 구룡포읍,중상사고,0,2,0,0,차대차 - 기타,안전운전불이행,건조,맑음,단일로 - 기타,승용,남,57세,상해없음,승용,남,77세,중상
2020050100100290,2020년 5월 1일 14시,금요일,경상북도 영양군 입암면,중상사고,0,1,0,0,차대차 - 기타,안전운전불이행,건조,맑음,단일로 - 기타,농기계,남,58세,중상,승용,남,35세,기타불명
2020050100100323,2020년 5월 1일 15시,금요일,경상북도 포항시 남구 구룡포읍,경상사고,0,0,2,0,차대차 - 기타,안전운전불이행,건조,맑음,단일로 - 기타,승용,여,24세,경상,승용,남,56세,경상
2020050100100368,2020년 5월 1일 16시,금요일,경상북도 포항시 북구 남빈동,경상사고,0,0,1,0,차대차 - 기타,신호위반,건조,맑음,교차로 - 교차로안,승용,남,36세,상해없음,승용,남,21세,경상
2020050100100369,2020년 5월 1일 16시,금요일,경상북도 문경시 산양면,중상사고,0,1,0,0,차대차 - 추돌,안전운전불이행,건조,맑음,기타 - 기타,승용,남,54세,상해없음,승용,남,63세,중상
2020050100100370,2020년 5월 1일 16시,금요일,경상북도 문경시 산양면,중상사고,0,1,0,0,차대차 - 기타,안전운전불이행,건조,맑음,단일로 - 기타,화물,남,60세,상해없음,승용,남,63세,중상
2020050100100411,2020년 5월 1일 17시,금요일,경상북도 상주시 남적동,사망사고,1,1,0,0,차량단독 - 전도전복 - 전도,안전운전불이행,건조,맑음,단일로 - 기타,이륜,남,16세,사망,,,,
2020050100100450,2020년 5월 1일 18시,금요일,경상북도 상주시 신봉동,경상사고,0,0,1,0,차대차 - 추돌,안전운전불이행,건조,맑음,교차로 - 교차로부근,승용,여,41세,상해없음,승용,남,44세,경상
2020050100100451,2020년 5월 1일 18시,금요일,경상북도 영주시 영주동,경상사고,0,0,1,0,차대차 - 측면충돌,안전운전불이행,건조,맑음,교차로 - 교차로안,승용,여,69세,상해없음,승용,남,19세,경상
2020050100100452,2020년 5월 1일 18시,금요일,경상북도 울진군 후포면,중상사고,0,1,0,0,차대차 - 측면충돌,교차로운행방법위반,건조,맑음,교차로 - 교차로안,승용,여,48세,중상,승용,여,52세,상해없음
2020050100100453,2020년 5월 1일 18시,금요일,경상북도 포항시 남구 해도동,중상사고,0,1,1,0,차대차 - 정면충돌,안전운전불이행,건조,맑음,교차로 - 교차로안,승용,남,57세,경상,승용,남,33세,중상
2020050100100476,2020년 5월 1일 19시,금요일,경상북도 의성군 비안면,경상사고,0,0,1,0,차대차 - 측면충돌,안전운전불이행,건조,맑음,단일로 - 기타,이륜,여,51세,경상,농기계,여,51세,기타불명
2020050100100477,2020년 5월 1일 19시,금요일,경상북도 포항시 남구 대잠동,경상사고,0,0,2,0,차대차 - 기타,안전운전불이행,건조,맑음,교차로 - 교차로안,승용,남,76세,상해없음,승용,남,31세,경상
2020050100100508,2020년 5월 1일 20시,금요일,경상북도 영주시 가흥동,중상사고,0,1,0,0,차대사람 - 횡단중,안전운전불이행,건조,맑음,단일로 - 기타,승용,남,33세,상해없음,보행자,남,16세,중상
2020050100100509,2020년 5월 1일 20시,금요일,경상북도 칠곡군 석적읍,중상사고,0,1,1,0,차대차 - 측면충돌,안전운전불이행,건조,맑음,단일로 - 기타,승용,남,26세,상해없음,승용,남,26세,중상
2020050100100510,2020년 5월 1일 20시,금요일,경상북도 청도군 이서면,경상사고,0,0,1,0,차대차 - 정면충돌,안전운전불이행,젖음/습기,흐림,단일로 - 기타,승용,여,53세,상해없음,승용,남,29세,경상
2020050100100511,2020년 5월 1일 20시,금요일,경상북도 구미시 산동면,중상사고,0,1,0,0,차대차 - 측면충돌,안전운전불이행,건조,맑음,교차로 - 교차로안,승용,여,33세,상해없음,이륜,남,49세,중상
2020050100100512,2020년 5월 1일 20시,금요일,경상북도 구미시 옥계동,경상사고,0,0,1,0,차대차 - 기타,교차로운행방법위반,건조,맑음,단일로 - 기타,승용,남,63세,상해없음,이륜,남,45세,경상
2020050100100513,2020년 5월 1일 20시,금요일,경상북도 구미시 송정동,경상사고,0,0,1,0,차대사람 - 횡단중,안전운전불이행,건조,맑음,단일로 - 기타,승용,여,49세,상해없음,보행자,남,32세,경상
2020050100100549,2020년 5월 1일 21시,금요일,경상북도 안동시 풍산읍,중상사고,0,1,0,0,차대차 - 정면충돌,중앙선침범,건조,맑음,단일로 - 기타,승용,남,37세,상해없음,이륜,여,39세,중상
2020050100100572,2020년 5월 1일 22시,금요일,경상북도 문경시 모전동,중상사고,0,1,0,0,차대차 - 측면충돌,안전운전불이행,건조,맑음,교차로 - 교차로부근,승용,남,60세,상해없음,자전거,남,28세,중상
2020050100100595,2020년 5월 1일 23시,금요일,경상북도 김천시 율곡동,중상사고,0,1,2,0,차대차 - 정면충돌,안전운전불이행,건조,맑음,교차로 - 교차로안,승용,남,24세,상해없음,화물,남,56세,경상
2020050200100018,2020년 5월 2일 00시,토요일,경상북도 안동시 신안동,경상사고,0,0,3,0,차대차 - 기타,안전운전불이행,건조,맑음,단일로 - 기타,승용,남,28세,상해없음,승용,남,54세,경상
2020050200100050,2020년 5월 2일 03시,토요일,경상북도 안동시 옥동,경상사고,0,0,1,0,차대사람 - 길가장자리구역통행중,안전운전불이행,건조,맑음,단일로 - 기타,승용,여,19세,상해없음,보행자,여,21세,경상
2020050200100060,2020년 5월 2일 05시,토요일,경상북도 칠곡군 석적읍,경상사고,0,0,1,0,차대차 - 측면충돌,중앙선침범,건조,맑음,단일로 - 기타,승용,남,33세,상해없음,승용,남,34세,경상
2020050200100061,2020년 5월 2일 05시,토요일,경상북도 포항시 남구 청림동,중상사고,0,1,2,0,차대차 - 측면충돌,교차로운행방법위반,건조,맑음,교차로 - 교차로안,승용,여,61세,경상,화물,남,50세,중상
2020050200100095,2020년 5월 2일 08시,토요일,경상북도 김천시 어모면,사망사고,1,0,0,0,차량단독 - 도로외이탈 - 추락,안전운전불이행,건조,맑음,단일로 - 기타,화물,남,71세,사망,,,,
2020050200100096,2020년 5월 2일 08시,토요일,경상북도 영주시 가흥동,경상사고,0,0,1,0,차대차 - 측면충돌,안전운전불이행,건조,맑음,교차로 - 교차로안,화물,남,58세,상해없음,승용,남,34세,경상
2020050200100114,2020년 5월 2일 09시,토요일,경상북도 경주시 광명동,경상사고,0,0,1,0,차대차 - 측면충돌,안전운전불이행,건조,맑음,단일로 - 기타,승용,기타불명,미분류,기타불명,승용,여,53세,경상