사고번호,사고일시,요일,시군구,사고내용,사망자수,중상자수,경상자수,부상신고자수,사고유형,법규위반,노면상태,기상상태,도로형태,가해운전자 차종,가해운전자 성별,가해운전자 연령,가해운전자 상해정도,피해운전자 차종,피해운전자 성별,피해운전자 연령,피해운전자 상해정도
2020050500100204,2020년 5월 5일 14시,화요일,경상북도 포항시 북구 죽도동,경상사고,0,0,1,0,차대차 - 측면충돌,안전운전불이행,젖음/습기,비,단일로 - 기타,건설기계,남,44세,상해없음,승용,여,52세,경상
2020050500100205,2020년 5월 5일 14시,화요일,경상북도 포항시 북구 흥해읍,경상사고,0,0,3,0,차대차 - 추돌,안전운전불이행,젖음/습기,비,단일로 - 기타,화물,남,44세,상해없음,승합,남,45세,경상
2020050500100206,2020년 5월 5일 14시,화요일,경상북도 김천시 덕곡동,중상사고,0,1,0,0,차대차 - 기타,차로위반,젖음/습기,비,단일로 - 기타,승용,남,37세,상해없음,이륜,남,55세,중상
2020050500100207,2020년 5월 5일 14시,화요일,경상북도 구미시 원평동,경상사고,0,0,4,0,차대차 - 정면충돌,안전운전불이행,건조,맑음,단일로 - 기타,승용,남,69세,상해없음,승용,남,45세,경상
2020050500100230,2020년 5월 5일 15시,화요일,경상북도 안동시 길안면,경상사고,0,0,1,0,차대차 - 추돌,안전운전불이행,젖음/습기,흐림,교차로 - 교차로부근,승용,여,52세,경상,화물,남,62세,상해없음
2020050500100231,2020년 5월 5일 15시,화요일,경상북도 영주시 상망동,경상사고,0,0,1,0,차대사람 - 횡단중,안전운전불이행,젖음/습기,비,단일로 - 기타,승용,여,47세,상해없음,보행자,여,19세,경상
2020050500100254,2020년 5월 5일 16시,화요일,경상북도 경산시 대동,경상사고,0,0,1,0,차대차 - 기타,기타,건조,맑음,교차로 - 교차로안,승용,남,41세,상해없음,화물,남,38세,경상
2020050500100290,2020년 5월 5일 17시,화요일,경상북도 포항시 북구 흥해읍,중상사고,0,1,0,0,차량단독 - 공작물충돌,안전운전불이행,젖음/습기,비,단일로 - 교량,이륜,남,51세,상해없음,,,,
2020050500100291,2020년 5월 5일 17시,화요일,경상북도 영주시 풍기읍,중상사고,0,1,0,0,차대차 - 측면충돌,안전운전불이행,젖음/습기,비,교차로 - 교차로안,승합,남,46세,상해없음,승용,남,60세,중상
2020050500100292,2020년 5월 5일 17시,화요일,경상북도 성주군 선남면,경상사고,0,0,1,0,차대차 - 측면충돌,중앙선침범,건조,맑음,단일로 - 기타,승용,여,55세,상해없음,승용,여,48세,경상
2020050500100325,2020년 5월 5일 18시,화요일,경상북도 상주시 화서면,경상사고,0,0,1,0,차량단독 - 공작물충돌,안전운전불이행,젖음/습기,비,단일로 - 기타,화물,남,56세,경상,,,,
2020050500100326,2020년 5월 5일 18시,화요일,경상북도 칠곡군 석적읍,부상신고사고,0,0,0,1,차대차 - 측면충돌,안전운전불이행,건조,맑음,교차로 - 교차로안,이륜,남,20세,부상신고,승용,남,44세,상해없음
2020050500100348,2020년 5월 5일 19시,화요일,경상북도 문경시 점촌동,경상사고,0,0,1,0,차대차 - 기타,안전운전불이행,건조,흐림,교차로 - 교차로안,이륜,남,43세,경상,승용,남,31세,상해없음
2020050500100349,2020년 5월 5일 19시,화요일,경상북도 경산시 옥곡동,중상사고,0,1,1,0,차대차 - 측면충돌,과속,건조,맑음,단일로 - 기타,승용,남,27세,경상,이륜,남,20세,중상
2020050500100381,2020년 5월 5일 20시,화요일,경상북도 포항시 북구 학산동,경상사고,0,0,1,0,차대차 - 기타,교차로운행방법위반,건조,맑음,단일로 - 기타,승용,남,26세,기타불명,승용,여,41세,경상
2020050500100382,2020년 5월 5일 20시,화요일,경상북도 고령군 대가야읍,중상사고,0,1,0,0,차대차 - 측면충돌,교차로운행방법위반,건조,맑음,교차로 - 교차로안,화물,남,62세,상해없음,이륜,여,61세,중상
2020050500100383,2020년 5월 5일 20시,화요일,경상북도 구미시 원평동,경상사고,0,0,1,0,차대사람 - 기타,안전운전불이행,건조,맑음,기타 - 기타,승용,여,20세,상해없음,보행자,남,23세,경상
2020050500100404,2020년 5월 5일 21시,화요일,경상북도 영주시 부석면,사망사고,1,0,0,0,차량단독 - 공작물충돌,안전운전불이행,건조,맑음,단일로 - 기타,화물,남,60세,사망,,,,
2020050600100009,2020년 5월 6일 00시,수요일,경상북도 경산시 하양읍,경상사고,0,0,2,0,차대차 - 측면충돌,안전운전불이행,건조,맑음,단일로 - 기타,승용,남,63세,상해없음,승용,남,37세,경상
2020050600100020,2020년 5월 6일 02시,수요일,경상북도 경주시 서부동,중상사고,0,1,0,0,차대차 - 기타,안전운전불이행,건조,맑음,교차로 - 교차로안,승용,남,30세,상해없음,승용,남,24세,중상
2020050600100044,2020년 5월 6일 06시,수요일,경상북도 의성군 단북면,중상사고,0,1,0,0,차대차 - 측면충돌,안전운전불이행,건조,맑음,교차로 - 교차로안,화물,남,61세,상해없음,이륜,남,79세,중상
2020050600100096,2020년 5월 6일 08시,수요일,경상북도 포항시 북구 덕수동,경상사고,0,0,1,0,차대차 - 추돌,안전거리미확보,건조,맑음,단일로 - 기타,승용,여,36세,상해없음,승용,여,34세,경상
2020050600100128,2020년 5월 6일 09시,수요일,경상북도 상주시 복룡동,중상사고,0,1,2,0,차대차 - 측면충돌,안전운전불이행,건조,맑음,교차로 - 교차로안,이륜,여,61세,중상,승용,남,59세,경상
2020050600100129,2020년 5월 6일 09시,수요일,경상북도 의성군 의성읍,중상사고,0,2,0,0,차대차 - 추돌,안전운전불이행,건조,맑음,교차로 - 교차로안,건설기계,남,49세,중상,건설기계,남,62세,중상
2020050600100130,2020년 5월 6일 09시,수요일,경상북도 영덕군 병곡면,사망사고,1,0,0,0,차대차 - 측면충돌,직진우회전진행방해,건조,맑음,교차로 - 교차로안,승용,남,57세,상해없음,자전거,여,80세,사망
2020050600100131,2020년 5월 6일 09시,수요일,경상북도 성주군 성주읍,중상사고,0,1,0,0,차대차 - 측면충돌,신호위반,건조,맑음,교차로 - 교차로안,화물,남,37세,상해없음,자전거,여,49세,중상
2020050600100132,2020년 5월 6일 09시,수요일,경상북도 고령군 다산면,중상사고,0,1,0,0,차대차 - 기타,직진우회전진행방해,건조,맑음,교차로 - 교차로안,승용,남,84세,상해없음,이륜,남,65세,중상
2020050600100164,2020년 5월 6일 10시,수요일,경상북도 포항시 북구 우현동,경상사고,0,0,1,0,차대차 - 측면충돌,안전운전불이행,건조,맑음,교차로 - 교차로부근,승용,여,51세,상해없음,승용,여,53세,경상
2020050600100165,2020년 5월 6일 10시,수요일,경상북도 김천시 평화동,중상사고,0,1,0,0,차대사람 - 횡단중,보행자보호의무위반,건조,맑음,단일로 - 기타,승용,남,71세,상해없음,보행자,여,73세,중상
2020050600100166,2020년 5월 6일 10시,수요일,경상북도 칠곡군 지천면,경상사고,0,0,1,0,차대차 - 기타,안전운전불이행,건조,맑음,단일로 - 기타,화물,남,39세,상해없음,농기계,남,67세,경상
2020050600100167,2020년 5월 6일 10시,수요일,경상북도 성주군 성주읍,경상사고,0,0,1,0,차대차 - 기타,안전운전불이행,건조,맑음,기타 - 기타,화물,남,28세,상해없음,승용,여,60세,경상
2020050600100168,2020년 5월 6일 10시,수요일,경상북도 포항시 남구 해도동,경상사고,0,0,3,0,차대차 - 측면충돌,신호위반,건조,맑음,교차로 - 교차로안,화물,남,55세,경상,승용,남,41세,경상
2020050600100239,2020년 5월 6일 12시,수요일,경상북도 포항시 북구 장성동,경상사고,0,0,2,0,차대차 - 측면충돌,안전운전불이행,건조,맑음,교차로 - 교차로부근,승용,여,59세,경상,승용,남,64세,경상
2020050600100240,2020년 5월 6일 12시,수요일,경상북도 문경시 흥덕동,경상사고,0,0,2,0,차대차 - 기타,안전운전불이행,건조,맑음,기타 - 기타,화물,남,36세,기타불명,승용,여,47세,경상
2020050600100278,2020년 5월 6일 13시,수요일,경상북도 안동시 정하동,경상사고,0,0,1,0,차대차 - 측면충돌,안전운전불이행,건조,맑음,단일로 - 기타,승용,남,68세,상해없음,이륜,남,24세,경상
2020050600100279,2020년 5월 6일 13시,수요일,경상북도 김천시 부곡동,중상사고,0,1,0,0,차대사람 - 횡단중,안전운전불이행,건조,맑음,단일로 - 기타,승용,남,61세,상해없음,보행자,여,74세,중상
2020050600100280,2020년 5월 6일 13시,수요일,경상북도 영덕군 병곡면,중상사고,0,1,0,0,차대차 - 기타,안전거리미확보,건조,맑음,단일로 - 기타,승용,여,48세,상해없음,승용,여,66세,중상
2020050600100281,2020년 5월 6일 13시,수요일,경상북도 울진군 매화면,사망사고,1,0,0,0,차량단독 - 도로외이탈 - 추락,안전운전불이행,건조,맑음,단일로 - 기타,농기계,남,85세,사망,,,,
2020050600100327,2020년 5월 6일 14시,수요일,경상북도 경주시 용강동,중상사고,0,1,0,1,차대차 - 측면충돌,안전운전불이행,건조,맑음,단일로 - 기타,승용,여,43세,부상신고,승용,여,34세,중상
2020050600100363,2020년 5월 6일 15시,수요일,경상북도 구미시 오태동,경상사고,0,0,1,0,차대차 - 기타,안전운전불이행,건조,맑음,교차로 - 교차로부근,특수,남,45세,상해없음,승용,여,57세,경상
2020050600100411,2020년 5월 6일 16시,수요일,경상북도 포항시 북구 우현동,중상사고,0,1,0,0,차대사람 - 횡단중,보행자보호의무위반,건조,맑음,교차로 - 교차로횡단보도내,승용,여,57세,상해없음,보행자,여,51세,중상
2020050600100412,2020년 5월 6일 16시,수요일,경상북도 칠곡군 기산면,중상사고,0,1,0,0,차대차 - 후진중충돌,안전운전불이행,건조,맑음,단일로 - 기타,건설기계,남,55세,상해없음,사륜오토바이(ATV),여,57세,중상
2020050600100413,2020년 5월 6일 16시,수요일,경상북도 경산시 하양읍,경상사고,0,0,2,0,차대차 - 추돌,안전운전불이행,건조,맑음,단일로 - 기타,이륜,남,27세,상해없음,승용,남,50세,경상
2020050600100414,2020년 5월 6일 16시,수요일,경상북도 고령군 다산면,경상사고,0,0,1,0,차대차 - 측면충돌,직진우회전진행방해,건조,맑음,교차로 - 교차로안,승용,남,66세,상해없음,승용,여,30세,경상
2020050600100415,2020년 5월 6일 16시,수요일,경상북도 포항시 남구 동촌동,경상사고,0,0,6,0,차대차 - 추돌,안전운전불이행,건조,맑음,단일로 - 기타,건설기계,남,29세,상해없음,승합,남,60세,경상
2020050600100467,2020년 5월 6일 17시,수요일,경상북도 경주시 양북면,중상사고,0,1,0,0,차대차 - 측면충돌,중앙선침범,건조,맑음,교차로 - 교차로안,승용,남,70세,상해없음,승용,여,29세,중상
2020050600100468,2020년 5월 6일 17시,수요일,경상북도 포항시 북구 청하면,경상사고,0,0,1,0,차대차 - 측면충돌,직진우회전진행방해,건조,맑음,교차로 - 교차로안,이륜,남,81세,경상,승용,남,67세,상해없음
2020050600100469,2020년 5월 6일 17시,수요일,경상북도 경산시 옥산동,중상사고,0,1,0,0,차대차 - 측면충돌,안전운전불이행,건조,맑음,교차로 - 교차로안,승용,여,67세,상해없음,이륜,남,18세,중상
2020050600100470,2020년 5월 6일 17시,수요일,경상북도 경산시 중방동,경상사고,0,0,1,0,차대사람 - 길가장자리구역통행중,안전운전불이행,건조,맑음,단일로 - 기타,승용,남,65세,기타불명,보행자,남,58세,경상
2020050600100532,2020년 5월 6일 18시,수요일,경상북도 봉화군 봉성면,중상사고,0,1,0,0,차량단독 - 도로외이탈 - 추락,안전운전불이행,건조,맑음,단일로 - 기타,화물,남,83세,중상,,,,
2020050600100533,2020년 5월 6일 18시,수요일,경상북도 구미시 옥계동,경상사고,0,0,1,0,차대차 - 기타,안전운전불이행,건조,맑음,단일로 - 기타,승용,남,67세,상해없음,승용,여,57세,경상
2020050600100573,2020년 5월 6일 19시,수요일,경상북도 문경시 영신동,사망사고,1,0,0,0,차대차 - 측면충돌,과속,건조,맑음,교차로 - 교차로안,승용,남,37세,상해없음,자전거,남,75세,사망
2020050600100595,2020년 5월 6일 20시,수요일,경상북도 포항시 북구 득량동,경상사고,0,0,1,0,차대차 - 측면충돌,안전운전불이행,건조,맑음,교차로 - 교차로부근,승용,여,52세,상해없음,승용,남,62세,상해없음
2020050600100596,2020년 5월 6일 20시,수요일,경상북도 경산시 자인면,사망사고,1,0,0,0,차량단독 - 도로외이탈 - 추락,안전운전불이행,건조,맑음,단일로 - 기타,이륜,남,77세,사망,,,,
2020050600100597,2020년 5월 6일 20시,수요일,경상북도 봉화군 봉화읍,중상사고,0,1,0,0,차대사람 - 기타,안전운전불이행,건조,맑음,주차장 - 주차장,승용,남,36세,상해없음,보행자,남,62세,중상
2020050600100625,2020년 5월 6일 21시,수요일,경상북도 영천시 완산동,경상사고,0,0,1,0,차대차 - 추돌,안전거리미확보,건조,맑음,교차로 - 교차로안,승용,여,38세,상해없음,승용,여,43세,경상
2020050600100649,2020년 5월 6일 22시,수요일,경상북도 경주시 남산동,경상사고,0,0,1,0,차대차 - 측면충돌,중앙선침범,건조,맑음,단일로 - 기타,승용,남,31세,기타불명,승용,남,36세,경상
2020050600100650,2020년 5월 6일 22시,수요일,경상북도 구미시 지산동,부상신고사고,0,0,0,1,차대차 - 기타,안전운전불이행,건조,맑음,교차로 - 교차로부근,이륜,남,28세,부상신고,승용,남,30세,상해없음
2020050600100651,2020년 5월 6일 22시,수요일,경상북도 구미시 공단동,부상신고사고,0,0,0,1,차량단독 - 공작물충돌,안전운전불이행,젖음/습기,흐림,단일로 - 기타,화물,남,58세,부상신고,,,,
2020050600100652,2020년 5월 6일 22시,수요일,경상북도 경산시 옥산동,경상사고,0,0,3,0,차대차 - 추돌,안전운전불이행,건조,맑음,기타 - 기타,승용,남,35세,상해없음,승용,여,54세,경상
2020050600100657,2020년 5월 6일 23시,수요일,경상북도 포항시 남구 대잠동,경상사고,0,0,1,0,철길건널목 - 철길건널목,기타,건조,맑음,단일로 - 철길건널목,승용,남,30세,상해없음,기타불명,남,57세,상해없음
2020050700100025,2020년 5월 7일 01시,목요일,경상북도 구미시 봉곡동,경상사고,0,0,2,0,차대차 - 측면충돌,직진우회전진행방해,건조,맑음,교차로 - 교차로안,승용,남,23세,경상,승용,남,29세,경상
2020050700100045,2020년 5월 7일 04시,목요일,경상북도 포항시 북구 장성동,중상사고,0,1,0,0,차량단독 - 기타,안전운전불이행,건조,맑음,단일로 - 기타,승용,남,63세,상해없음,,,,
2020050700100052,2020년 5월 7일 05시,목요일,경상북도 안동시 정상동,중상사고,0,1,2,0,차량단독 - 도로외이탈 - 추락,안전운전불이행,건조,맑음,단일로 - 교량,승용,남,18세,중상,,,,
2020050700100064,2020년 5월 7일 06시,목요일,경상북도 문경시 모전동,경상사고,0,0,3,0,차대차 - 측면충돌,안전운전불이행,건조,맑음,교차로 - 교차로안,승용,남,44세,상해없음,승용,남,71세,경상
2020050700100065,2020년 5월 7일 06시,목요일,경상북도 포항시 남구 연일읍,경상사고,0,0,6,0,차대차 - 측면충돌,신호위반,건조,맑음,교차로 - 교차로안,승용,남,39세,경상,승용,남,68세,경상
2020050700100129,2020년 5월 7일 08시,목요일,경상북도 상주시 공성면,경상사고,0,0,1,0,차대차 - 측면충돌,교차로운행방법위반,건조,맑음,교차로 - 교차로안,화물,남,56세,상해없음,화물,남,53세,경상
2020050700100130,2020년 5월 7일 08시,목요일,경상북도 칠곡군 석적읍,중상사고,0,1,0,0,차대차 - 측면충돌,신호위반,건조,맑음,교차로 - 교차로안,승합,남,70세,상해없음,이륜,남,35세,중상
2020050700100167,2020년 5월 7일 09시,목요일,경상북도 경주시 황오동,경상사고,0,0,1,0,차대차 - 측면충돌,안전운전불이행,건조,맑음,단일로 - 기타,화물,남,34세,상해없음,자전거,남,63세,경상
2020050700100168,2020년 5월 7일 09시,목요일,경상북도 김천시 봉산면,사망사고,1,0,0,0,차대사람 - 길가장자리구역통행중,안전운전불이행,건조,맑음,단일로 - 기타,승용,남,52세,상해없음,보행자,여,72세,사망
2020050700100169,2020년 5월 7일 09시,목요일,경상북도 상주시 내서면,중상사고,0,1,0,0,차대차 - 정면충돌,안전운전불이행,건조,맑음,단일로 - 기타,승용,남,86세,중상,화물,남,52세,상해없음
2020050700100170,2020년 5월 7일 09시,목요일,경상북도 영주시 휴천동,경상사고,0,0,1,0,차대차 - 후진중충돌,안전운전불이행,건조,맑음,단일로 - 기타,화물,남,73세,상해없음,승용,남,24세,경상
2020050700100207,2020년 5월 7일 10시,목요일,경상북도 경주시 성동동,중상사고,0,1,0,0,차대차 - 기타,안전운전불이행,건조,맑음,교차로 - 교차로부근,승용,남,65세,상해없음,자전거,남,80세,중상
2020050700100208,2020년 5월 7일 10시,목요일,경상북도 예천군 예천읍,중상사고,0,1,0,0,차량단독 - 공작물충돌,안전운전불이행,건조,맑음,단일로 - 기타,화물,남,77세,중상,,,,
2020050700100209,2020년 5월 7일 10시,목요일,경상북도 구미시 고아읍,경상사고,0,0,1,0,차대차 - 추돌,안전운전불이행,건조,맑음,교차로 - 교차로부근,승용,남,65세,상해없음,원동기,남,79세,경상
2020050700100210,2020년 5월 7일 10시,목요일,경상북도 포항시 남구 오천읍,경상사고,0,0,2,0,차대차 - 기타,신호위반,건조,맑음,교차로 - 교차로안,화물,남,34세,경상,승용,남,42세,경상
2020050700100248,2020년 5월 7일 11시,목요일,경상북도 경주시 천북면,경상사고,0,0,1,0,차대사람 - 차도통행중,안전운전불이행,건조,맑음,주차장 - 주차장,승용,남,69세,상해없음,보행자,남,47세,경상
2020050700100249,2020년 5월 7일 11시,목요일,경상북도 포항시 북구 대신동,경상사고,0,0,4,0,차대차 - 측면충돌,신호위반,건조,맑음,단일로 - 기타,화물,남,57세,상해없음,승용,남,43세,경상
2020050700100250,2020년 5월 7일 11시,목요일,경상북도 문경시 점촌동,중상사고,0,1,0,0,차대차 - 측면충돌,안전운전불이행,건조,맑음,교차로 - 교차로안,화물,남,76세,상해없음,자전거,여,71세,중상
2020050700100251,2020년 5월 7일 11시,목요일,경상북도 고령군 성산면,중상사고,0,1,1,0,차대차 - 추돌,안전운전불이행,건조,맑음,단일로 - 기타,화물,남,75세,상해없음,승용,남,32세,중상
2020050700100289,2020년 5월 7일 12시,목요일,경상북도 경주시 동천동,경상사고,0,0,1,0,차대차 - 측면충돌,안전운전불이행,건조,맑음,교차로 - 교차로부근,승용,여,33세,상해없음,승용,남,70세,경상
2020050700100290,2020년 5월 7일 12시,목요일,경상북도 김천시 교동,경상사고,0,0,1,0,차대차 - 후진중충돌,안전운전불이행,건조,맑음,단일로 - 기타,승용,남,78세,상해없음,승용,남,42세,경상
2020050700100291,2020년 5월 7일 12시,목요일,경상북도 상주시 남성동,중상사고,0,1,0,0,차대차 - 측면충돌,안전운전불이행,건조,맑음,교차로 - 교차로부근,화물,남,57세,상해없음,이륜,남,43세,중상
2020050700100292,2020년 5월 7일 12시,목요일,경상북도 구미시 해평면,중상사고,0,1,0,0,차대차 - 기타,안전운전불이행,건조,맑음,단일로 - 기타,승용,남,34세,상해없음,승용,남,62세,중상
2020050700100321,2020년 5월 7일 13시,목요일,경상북도 안동시 운흥동,중상사고,0,1,0,0,차대차 - 측면충돌,안전운전불이행,건조,맑음,교차로 - 교차로안,승용,남,71세,상해없음,승용,남,36세,중상
2020050700100322,2020년 5월 7일 13시,목요일,경상북도 칠곡군 왜관읍,부상신고사고,0,0,0,1,차대차 - 추돌,안전운전불이행,건조,맑음,단일로 - 기타,자전거,남,53세,부상신고,자전거,남,64세,상해없음
2020050700100323,2020년 5월 7일 13시,목요일,경상북도 칠곡군 석적읍,경상사고,0,0,2,0,차대차 - 측면충돌,교차로운행방법위반,건조,맑음,교차로 - 교차로안,승용,여,53세,경상,승용,남,40세,경상
2020050700100324,2020년 5월 7일 13시,목요일,경상북도 구미시 인의동,경상사고,0,0,1,0,차대차 - 기타,안전운전불이행,건조,맑음,단일로 - 기타,승용,여,45세,상해없음,이륜,남,65세,경상
2020050700100363,2020년 5월 7일 14시,목요일,경상북도 경주시 강동면,경상사고,0,0,1,0,차대차 - 측면충돌,안전운전불이행,건조,맑음,교차로 - 교차로안,승용,여,57세,상해없음,승용,여,66세,경상
2020050700100364,2020년 5월 7일 14시,목요일,경상북도 칠곡군 왜관읍,부상신고사고,0,0,0,1,차대차 - 측면충돌,안전운전불이행,건조,맑음,교차로 - 교차로안,승용,여,45세,부상신고,승용,남,54세,상해없음
2020050700100365,2020년 5월 7일 14시,목요일,경상북도 구미시 지산동,경상사고,0,0,1,0,차대차 - 기타,안전운전불이행,건조,맑음,단일로 - 기타,승용,남,53세,상해없음,화물,남,62세,경상
2020050700100399,2020년 5월 7일 15시,목요일,경상북도 포항시 북구 용흥동,중상사고,0,1,1,0,차대차 - 측면충돌,안전운전불이행,건조,맑음,교차로 - 교차로안,승용,여,27세,중상,승용,남,54세,경상
2020050700100400,2020년 5월 7일 15시,목요일,경상북도 김천시 감문면,중상사고,0,1,0,0,차대차 - 측면충돌,교차로운행방법위반,건조,맑음,교차로 - 교차로안,화물,남,62세,상해없음,이륜,남,63세,중상
2020050700100401,2020년 5월 7일 15시,목요일,경상북도 상주시 낙양동,중상사고,0,1,0,0,차대사람 - 기타,기타,건조,맑음,단일로 - 기타,승용,남,58세,상해없음,보행자,여,75세,중상
2020050700100402,2020년 5월 7일 15시,목요일,경상북도 영주시 하망동,중상사고,0,1,0,0,차량단독 - 기타,안전운전불이행,건조,맑음,교차로 - 교차로안,이륜,남,84세,중상,,,,
2020050700100403,2020년 5월 7일 15시,목요일,경상북도 구미시 고아읍,중상사고,0,1,2,0,차대차 - 정면충돌,안전운전불이행,건조,맑음,교차로 - 교차로안,승용,여,50세,경상,승용,남,67세,경상
2020050700100441,2020년 5월 7일 16시,목요일,경상북도 성주군 성주읍,경상사고,0,0,1,0,차대사람 - 기타,안전운전불이행,건조,맑음,주차장 - 주차장,승용,남,70세,기타불명,보행자,남,55세,경상
2020050700100442,2020년 5월 7일 16시,목요일,경상북도 구미시 지산동,경상사고,0,0,3,0,차대차 - 측면충돌,안전운전불이행,건조,맑음,교차로 - 교차로안,건설기계,남,55세,상해없음,승용,남,45세,경상
2020050700100491,2020년 5월 7일 17시,목요일,경상북도 청도군 매전면,경상사고,0,0,3,0,차대차 - 정면충돌,중앙선침범,건조,맑음,단일로 - 기타,화물,남,64세,상해없음,승용,남,43세,경상
2020050700100539,2020년 5월 7일 18시,목요일,경상북도 성주군 성주읍,경상사고,0,0,1,0,차대차 - 추돌,안전거리미확보,건조,맑음,교차로 - 교차로안,승용,남,56세,상해없음,승용,남,41세,경상
2020050700100540,2020년 5월 7일 18시,목요일,경상북도 울진군 금강송면,중상사고,0,1,1,0,차대차 - 정면충돌,중앙선침범,건조,흐림,단일로 - 기타,승용,남,55세,상해없음,화물,남,60세,경상
2020050700100582,2020년 5월 7일 19시,목요일,경상북도 포항시 북구 항구동,경상사고,0,0,1,0,차대차 - 추돌,안전거리미확보,건조,맑음,교차로 - 교차로부근,승용,여,20세,상해없음,화물,남,57세,상해없음
2020050800100041,2020년 5월 8일 05시,금요일,경상북도 칠곡군 북삼읍,경상사고,0,0,2,1,차대차 - 측면충돌,교차로운행방법위반,건조,맑음,교차로 - 교차로안,승용,남,55세,부상신고,승용,남,59세,경상
2020050800100129,2020년 5월 8일 09시,금요일,경상북도 경주시 노서동,중상사고,0,1,0,0,차대사람 - 차도통행중,안전운전불이행,건조,맑음,단일로 - 지하차도(도로)내,승용,여,68세,상해없음,보행자,여,65세,중상
2020050800100130,2020년 5월 8일 09시,금요일,경상북도 경주시 건천읍,경상사고,0,0,1,0,차대차 - 측면충돌,안전운전불이행,건조,맑음,교차로 - 교차로부근,이륜,남,59세,경상,승용,남,46세,상해없음
2020050800100158,2020년 5월 8일 10시,금요일,경상북도 구미시 해평면,경상사고,0,0,1,0,차대차 - 추돌,안전운전불이행,건조,맑음,단일로 - 기타,화물,남,53세,기타불명,승용,남,30세,경상
2020050800100194,2020년 5월 8일 11시,금요일,경상북도 상주시 화서면,중상사고,0,1,1,0,차대차 - 정면충돌,중앙선침범,건조,맑음,단일로 - 기타,승용,남,75세,경상,이륜,여,60세,중상
2020050800100195,2020년 5월 8일 11시,금요일,경상북도 영주시 조와동,경상사고,0,0,1,0,차대차 - 추돌,안전운전불이행,건조,맑음,단일로 - 기타,화물,남,42세,상해없음,승용,여,55세,경상
2020050800100196,2020년 5월 8일 11시,금요일,경상북도 성주군 성주읍,경상사고,0,0,1,0,차대차 - 측면충돌,안전운전불이행,건조,맑음,교차로 - 교차로안,승용,여,51세,경상,화물,남,50세,상해없음
2020050800100197,2020년 5월 8일 11시,금요일,경상북도 성주군 월항면,중상사고,0,1,0,0,차대사람 - 기타,안전운전불이행,건조,맑음,교차로 - 교차로안,화물,남,34세,상해없음,보행자,여,77세,중상
2020050800100198,2020년 5월 8일 11시,금요일,경상북도 고령군 다산면,경상사고,0,0,3,0,차대차 - 측면충돌,직진우회전진행방해,건조,맑음,교차로 - 교차로안,승용,남,55세,경상,승용,남,27세,경상
2020050800100234,2020년 5월 8일 12시,금요일,경상북도 경주시 탑동,경상사고,0,0,1,0,차대차 - 측면충돌,신호위반,건조,맑음,교차로 - 교차로안,승용,여,28세,상해없음,승용,여,28세,경상
2020050800100262,2020년 5월 8일 13시,금요일,경상북도 안동시 당북동,경상사고,0,0,1,0,차대차 - 측면충돌,안전운전불이행,건조,맑음,교차로 - 교차로안,자전거,남,8세,경상,건설기계,남,55세,상해없음
2020050800100263,2020년 5월 8일 13시,금요일,경상북도 봉화군 법전면,중상사고,0,1,2,0,차대차 - 측면충돌,교차로운행방법위반,건조,맑음,교차로 - 교차로안,승용,남,51세,상해없음,승용,남,62세,경상
2020050800100293,2020년 5월 8일 14시,금요일,경상북도 영천시 본촌동,경상사고,0,0,3,0,차대차 - 추돌,안전거리미확보,건조,맑음,교차로 - 교차로안,화물,남,52세,상해없음,승용,남,40세,경상
2020050800100337,2020년 5월 8일 15시,금요일,경상북도 경산시 중방동,경상사고,0,0,1,0,차대차 - 추돌,안전운전불이행,건조,맑음,교차로 - 교차로부근,화물,남,58세,상해없음,승용,여,35세,경상
2020050800100373,2020년 5월 8일 16시,금요일,경상북도 경산시 계양동,중상사고,0,1,1,0,차대차 - 추돌,안전운전불이행,건조,맑음,교차로 - 교차로부근,승용,여,42세,상해없음,승용,남,48세,경상
2020050800100416,2020년 5월 8일 17시,금요일,경상북도 경주시 양남면,경상사고,0,0,1,0,차대차 - 추돌,안전거리미확보,건조,맑음,단일로 - 지하차도(도로)내,승용,남,39세,상해없음,승용,여,61세,경상
2020050800100417,2020년 5월 8일 17시,금요일,경상북도 성주군 성주읍,경상사고,0,0,1,0,차대차 - 측면충돌,안전운전불이행,건조,맑음,교차로 - 교차로안,승용,여,67세,상해없음,승용,여,74세,경상
2020050800100418,2020년 5월 8일 17시,금요일,경상북도 구미시 공단동,경상사고,0,0,1,0,차대사람 - 횡단중,안전운전불이행,건조,맑음,교차로 - 교차로부근,화물,남,55세,상해없음,보행자,여,30세,경상
2020050800100455,2020년 5월 8일 18시,금요일,경상북도 포항시 북구 흥해읍,경상사고,0,0,2,0,차대차 - 측면충돌,직진우회전진행방해,건조,맑음,교차로 - 교차로안,승용,남,42세,상해없음,승용,여,38세,경상
2020050800100456,2020년 5월 8일 18시,금요일,경상북도 영천시 임고면,경상사고,0,0,5,0,차대차 - 측면충돌,안전운전불이행,건조,맑음,교차로 - 교차로안,화물,여,59세,경상,승용,남,52세,경상
2020050800100457,2020년 5월 8일 18시,금요일,경상북도 경산시 자인면,경상사고,0,0,1,0,차대차 - 측면충돌,신호위반,건조,맑음,교차로 - 교차로안,이륜,남,37세,상해없음,승용,남,30세,경상
2020050800100513,2020년 5월 8일 19시,금요일,경상북도 칠곡군 왜관읍,경상사고,0,0,1,0,차대차 - 측면충돌,안전운전불이행,건조,맑음,단일로 - 기타,이륜,남,59세,경상,승용,여,35세,상해없음