사고번호,사고일시,요일,시군구,사고내용,사망자수,중상자수,경상자수,부상신고자수,사고유형,법규위반,노면상태,기상상태,도로형태,가해운전자 차종,가해운전자 성별,가해운전자 연령,가해운전자 상해정도,피해운전자 차종,피해운전자 성별,피해운전자 연령,피해운전자 상해정도
2020052300100241,2020년 5월 23일 12시,토요일,경상북도 구미시 지산동,부상신고사고,0,0,0,1,차대차 - 기타,안전운전불이행,건조,맑음,교차로 - 교차로안,기타불명,기타불명,미분류,기타불명,자전거,남,56세,부상신고
2020052300100288,2020년 5월 23일 13시,토요일,경상북도 의성군 구천면,중상사고,0,2,1,0,차대차 - 측면충돌,직진우회전진행방해,건조,맑음,교차로 - 교차로안,승용,남,29세,경상,승용,여,72세,중상
2020052300100332,2020년 5월 23일 14시,토요일,경상북도 구미시 인의동,경상사고,0,0,2,0,차대차 - 기타,안전운전불이행,건조,맑음,교차로 - 교차로부근,이륜,남,24세,경상,승용,여,50세,경상
2020052300100399,2020년 5월 23일 16시,토요일,경상북도 포항시 북구 장성동,중상사고,0,1,0,0,차대차 - 측면충돌,중앙선침범,건조,맑음,단일로 - 기타,화물,남,53세,상해없음,이륜,남,17세,중상
2020052300100400,2020년 5월 23일 16시,토요일,경상북도 포항시 북구 기계면,경상사고,0,0,4,0,차대차 - 측면충돌,기타,건조,맑음,교차로 - 교차로안,승용,여,60세,상해없음,승용,여,64세,경상
2020052300100401,2020년 5월 23일 16시,토요일,경상북도 포항시 북구 대흥동,중상사고,0,1,1,0,차대차 - 측면충돌,안전운전불이행,건조,맑음,단일로 - 기타,승용,남,24세,상해없음,이륜,남,75세,경상
2020052300100402,2020년 5월 23일 16시,토요일,경상북도 칠곡군 왜관읍,경상사고,0,0,1,0,차대차 - 추돌,안전운전불이행,건조,맑음,교차로 - 교차로부근,화물,남,55세,상해없음,승용,여,55세,경상
2020052300100403,2020년 5월 23일 16시,토요일,경상북도 칠곡군 왜관읍,경상사고,0,0,1,0,차대차 - 정면충돌,안전운전불이행,건조,맑음,단일로 - 기타,승용,여,53세,상해없음,자전거,남,66세,경상
2020052300100448,2020년 5월 23일 17시,토요일,경상북도 경주시 천북면,경상사고,0,0,2,0,차대차 - 기타,안전운전불이행,건조,맑음,교차로 - 교차로부근,승용,여,21세,상해없음,승용,남,39세,경상
2020052300100449,2020년 5월 23일 17시,토요일,경상북도 울릉군 울릉읍,경상사고,0,0,1,0,차대사람 - 횡단중,보행자보호의무위반,건조,맑음,교차로 - 교차로안,이륜,남,54세,상해없음,보행자,여,62세,경상
2020052300100481,2020년 5월 23일 18시,토요일,경상북도 성주군 대가면,경상사고,0,0,1,0,차량단독 - 기타,안전운전불이행,건조,맑음,교차로 - 교차로안,승용,남,65세,경상,,,,
2020052300100482,2020년 5월 23일 18시,토요일,경상북도 포항시 남구 해도동,경상사고,0,0,1,0,차대차 - 측면충돌,안전거리미확보,건조,맑음,교차로 - 교차로안,승용,남,70세,상해없음,승용,남,58세,상해없음
2020052300100509,2020년 5월 23일 19시,토요일,경상북도 영천시 금호읍,경상사고,0,0,4,0,차대차 - 측면충돌,안전운전불이행,건조,맑음,단일로 - 기타,승용,남,29세,경상,화물,남,22세,경상
2020052300100540,2020년 5월 23일 20시,토요일,경상북도 상주시 중동면,중상사고,0,1,2,0,차대차 - 측면충돌,안전운전불이행,건조,맑음,교차로 - 교차로안,승용,남,73세,경상,승용,여,36세,경상
2020052300100541,2020년 5월 23일 20시,토요일,경상북도 구미시 진평동,경상사고,0,0,1,0,차대사람 - 기타,안전운전불이행,건조,맑음,단일로 - 기타,승용,남,57세,상해없음,보행자,남,4세,경상
2020052300100561,2020년 5월 23일 21시,토요일,경상북도 문경시 점촌동,경상사고,0,0,1,0,차대차 - 기타,안전운전불이행,건조,맑음,교차로 - 교차로안,화물,남,53세,상해없음,이륜,남,40세,경상
2020052300100584,2020년 5월 23일 22시,토요일,경상북도 포항시 북구 두호동,경상사고,0,0,2,0,차대차 - 기타,안전운전불이행,건조,맑음,단일로 - 기타,승용,여,38세,경상,이륜,남,18세,경상
2020052300100585,2020년 5월 23일 22시,토요일,경상북도 경산시 임당동,중상사고,0,1,0,0,차대사람 - 차도통행중,안전운전불이행,건조,맑음,교차로 - 교차로안,승용,남,47세,상해없음,보행자,남,33세,중상
2020052300100586,2020년 5월 23일 22시,토요일,경상북도 구미시 지산동,중상사고,0,1,0,0,차대차 - 기타,중앙선침범,건조,맑음,교차로 - 교차로안,승용,남,30세,상해없음,이륜,남,30세,중상
2020052300100611,2020년 5월 23일 23시,토요일,경상북도 포항시 북구 죽도동,경상사고,0,0,1,0,차대차 - 정면충돌,중앙선침범,건조,맑음,단일로 - 기타,승용,여,62세,상해없음,승용,남,61세,경상
2020052300100612,2020년 5월 23일 23시,토요일,경상북도 김천시 지좌동,중상사고,0,1,1,0,차대차 - 측면충돌,신호위반,건조,맑음,교차로 - 교차로안,이륜,남,17세,중상,승용,여,36세,경상
2020052300100613,2020년 5월 23일 23시,토요일,경상북도 상주시 계산동,중상사고,0,1,0,0,차대차 - 기타,안전운전불이행,건조,맑음,단일로 - 기타,승용,여,41세,상해없음,승용,남,49세,중상
2020052400100028,2020년 5월 24일 01시,일요일,경상북도 영주시 풍기읍,중상사고,0,1,1,0,차대차 - 기타,중앙선침범,건조,맑음,단일로 - 기타,승용,남,60세,상해없음,승용,남,25세,경상
2020052400100050,2020년 5월 24일 02시,일요일,경상북도 김천시 부곡동,경상사고,0,0,1,0,차대차 - 측면충돌,안전운전불이행,건조,맑음,교차로 - 교차로부근,이륜,남,19세,경상,승용,남,56세,상해없음
2020052400100077,2020년 5월 24일 05시,일요일,경상북도 칠곡군 북삼읍,부상신고사고,0,0,0,1,차량단독 - 공작물충돌,안전운전불이행,건조,맑음,단일로 - 기타,승용,남,20세,부상신고,,,,
2020052400100099,2020년 5월 24일 07시,일요일,경상북도 영천시 화남면,중상사고,0,1,0,0,차대차 - 측면충돌,안전운전불이행,건조,맑음,단일로 - 기타,승용,남,63세,상해없음,자전거,여,66세,중상
2020052400100100,2020년 5월 24일 07시,일요일,경상북도 성주군 월항면,중상사고,0,1,0,0,차대차 - 기타,안전운전불이행,건조,맑음,교차로 - 교차로안,화물,남,59세,상해없음,승용,여,57세,중상
2020052400100112,2020년 5월 24일 08시,일요일,경상북도 경주시 천북면,경상사고,0,0,1,0,차대차 - 정면충돌,중앙선침범,건조,맑음,교차로 - 교차로부근,건설기계,남,42세,상해없음,승용,여,25세,경상
2020052400100137,2020년 5월 24일 10시,일요일,경상북도 의성군 의성읍,경상사고,0,0,1,0,차대차 - 측면충돌,교차로운행방법위반,건조,맑음,교차로 - 교차로안,승용,남,55세,상해없음,이륜,남,73세,경상
2020052400100157,2020년 5월 24일 11시,일요일,경상북도 경주시 외동읍,경상사고,0,0,1,0,차대차 - 후진중충돌,안전운전불이행,건조,맑음,주차장 - 주차장,화물,남,69세,상해없음,승용,남,45세,상해없음
2020052400100158,2020년 5월 24일 11시,일요일,경상북도 군위군 산성면,경상사고,0,0,3,0,차대차 - 측면충돌,안전운전불이행,건조,맑음,단일로 - 기타,화물,남,61세,상해없음,승용,남,43세,경상
2020052400100181,2020년 5월 24일 12시,일요일,경상북도 상주시 공성면,중상사고,0,1,0,0,차대차 - 측면충돌,안전운전불이행,건조,맑음,교차로 - 교차로안,이륜,여,69세,중상,승용,남,28세,상해없음
2020052400100182,2020년 5월 24일 12시,일요일,경상북도 포항시 남구 장기면,경상사고,0,0,2,0,차대차 - 기타,안전운전불이행,건조,맑음,교차로 - 교차로부근,승용,남,27세,상해없음,승용,여,51세,경상
2020052400100208,2020년 5월 24일 13시,일요일,경상북도 경주시 감포읍,경상사고,0,0,1,0,차대차 - 측면충돌,안전운전불이행,건조,맑음,교차로 - 교차로안,승용,남,62세,경상,승용,여,57세,상해없음
2020052400100209,2020년 5월 24일 13시,일요일,경상북도 칠곡군 왜관읍,부상신고사고,0,0,0,1,차량단독 - 기타,안전운전불이행,젖음/습기,비,교차로 - 교차로안,이륜,남,78세,부상신고,,,,
2020052400100210,2020년 5월 24일 13시,일요일,경상북도 구미시 해평면,중상사고,0,1,1,0,차대차 - 측면충돌,직진우회전진행방해,건조,맑음,교차로 - 교차로안,승용,여,32세,경상,화물,여,60세,중상
2020052400100249,2020년 5월 24일 14시,일요일,경상북도 문경시 유곡동,경상사고,0,0,3,0,차대차 - 추돌,안전운전불이행,건조,맑음,단일로 - 기타,승용,여,34세,상해없음,승용,여,34세,경상
2020052400100271,2020년 5월 24일 15시,일요일,경상북도 경주시 건천읍,중상사고,0,1,0,0,차대차 - 측면충돌,안전운전불이행,건조,맑음,교차로 - 교차로안,승용,남,24세,상해없음,승용,여,59세,중상
2020052400100272,2020년 5월 24일 15시,일요일,경상북도 경주시 천군동,경상사고,0,0,2,0,차대차 - 측면충돌,안전운전불이행,건조,맑음,단일로 - 기타,승용,남,40세,상해없음,이륜,남,19세,경상
2020052400100273,2020년 5월 24일 15시,일요일,경상북도 영주시 부석면,경상사고,0,0,1,0,차대사람 - 기타,안전운전불이행,건조,맑음,단일로 - 기타,승용,여,64세,상해없음,보행자,여,79세,경상
2020052400100327,2020년 5월 24일 17시,일요일,경상북도 경주시 현곡면,경상사고,0,0,1,0,차대차 - 측면충돌,안전운전불이행,건조,맑음,교차로 - 교차로부근,자전거,남,17세,경상,화물,남,52세,상해없음
2020052400100328,2020년 5월 24일 17시,일요일,경상북도 성주군 성주읍,경상사고,0,0,1,0,차대차 - 정면충돌,직진우회전진행방해,건조,맑음,교차로 - 교차로부근,승합,남,40세,기타불명,이륜,남,36세,경상
2020052400100364,2020년 5월 24일 18시,일요일,경상북도 김천시 평화동,중상사고,0,1,0,0,차대차 - 측면충돌,신호위반,건조,맑음,교차로 - 교차로안,이륜,남,20세,중상,화물,남,62세,상해없음
2020052400100386,2020년 5월 24일 19시,일요일,경상북도 경산시 조영동,경상사고,0,0,1,0,차대차 - 측면충돌,안전운전불이행,건조,맑음,단일로 - 기타,승용,여,28세,기타불명,승용,남,28세,경상
2020052400100387,2020년 5월 24일 19시,일요일,경상북도 청도군 화양읍,경상사고,0,0,2,0,차대차 - 측면충돌,신호위반,건조,맑음,교차로 - 교차로안,승용,여,32세,경상,승용,남,29세,경상
2020052400100388,2020년 5월 24일 19시,일요일,경상북도 구미시 오태동,부상신고사고,0,0,0,1,차대차 - 측면충돌,안전운전불이행,건조,맑음,단일로 - 기타,원동기,남,60세,부상신고,승용,여,49세,상해없음
2020052400100444,2020년 5월 24일 21시,일요일,경상북도 경주시 황성동,경상사고,0,0,1,0,차대차 - 측면충돌,안전운전불이행,건조,맑음,교차로 - 교차로안,승용,남,65세,상해없음,승용,남,28세,상해없음
2020052500100100,2020년 5월 25일 08시,월요일,경상북도 김천시 율곡동,경상사고,0,0,1,0,차대차 - 측면충돌,안전운전불이행,건조,맑음,단일로 - 기타,화물,남,66세,상해없음,승용,여,24세,경상
2020052500100101,2020년 5월 25일 08시,월요일,경상북도 칠곡군 왜관읍,경상사고,0,0,1,1,차대차 - 측면충돌,안전운전불이행,건조,맑음,단일로 - 기타,화물,남,57세,부상신고,승용,여,41세,경상
2020052500100135,2020년 5월 25일 09시,월요일,경상북도 구미시 비산동,경상사고,0,0,1,0,차대차 - 측면충돌,안전거리미확보,건조,맑음,단일로 - 기타,건설기계,남,34세,상해없음,승용,남,50세,경상
2020052500100166,2020년 5월 25일 10시,월요일,경상북도 김천시 용두동,중상사고,0,1,0,0,차대사람 - 횡단중,신호위반,건조,맑음,교차로 - 교차로횡단보도내,이륜,남,16세,상해없음,보행자,여,59세,중상
2020052500100197,2020년 5월 25일 11시,월요일,경상북도 김천시 평화동,경상사고,0,0,2,0,차대차 - 측면충돌,안전운전불이행,건조,맑음,단일로 - 기타,승용,남,49세,상해없음,승용,여,36세,경상
2020052500100198,2020년 5월 25일 11시,월요일,경상북도 상주시 인봉동,중상사고,0,1,0,0,차대사람 - 차도통행중,중앙선침범,건조,맑음,단일로 - 기타,승용,여,50세,상해없음,보행자,여,81세,중상
2020052500100199,2020년 5월 25일 11시,월요일,경상북도 문경시 모전동,경상사고,0,0,1,0,차량단독 - 전도전복 - 전도,안전운전불이행,건조,맑음,단일로 - 기타,이륜,남,38세,경상,,,,
2020052500100200,2020년 5월 25일 11시,월요일,경상북도 예천군 호명면,중상사고,0,1,0,0,차대차 - 측면충돌,안전운전불이행,건조,맑음,단일로 - 기타,승용,남,49세,상해없음,이륜,남,80세,중상
2020052500100266,2020년 5월 25일 13시,월요일,경상북도 경주시 동천동,중상사고,0,1,0,0,차대차 - 추돌,안전운전불이행,건조,맑음,교차로 - 교차로부근,승용,여,39세,상해없음,자전거,남,8세,중상
2020052500100267,2020년 5월 25일 13시,월요일,경상북도 안동시 삼산동,경상사고,0,0,1,0,차대사람 - 길가장자리구역통행중,안전운전불이행,건조,맑음,교차로 - 교차로안,승용,남,62세,상해없음,보행자,남,21세,경상
2020052500100268,2020년 5월 25일 13시,월요일,경상북도 봉화군 봉화읍,중상사고,0,1,0,0,차대차 - 기타,안전운전불이행,건조,맑음,단일로 - 기타,화물,남,55세,상해없음,자전거,남,79세,중상
2020052500100300,2020년 5월 25일 14시,월요일,경상북도 칠곡군 왜관읍,경상사고,0,0,1,0,차대차 - 기타,기타,건조,맑음,단일로 - 기타,승용,여,63세,상해없음,자전거,여,69세,경상
2020052500100301,2020년 5월 25일 14시,월요일,경상북도 청도군 각북면,경상사고,0,0,1,0,차대사람 - 보도통행중,안전운전불이행,건조,맑음,단일로 - 기타,승용,남,80세,상해없음,보행자,여,81세,경상
2020052500100302,2020년 5월 25일 14시,월요일,경상북도 구미시 고아읍,경상사고,0,0,1,0,차대차 - 측면충돌,신호위반,건조,맑음,교차로 - 교차로안,승용,남,67세,상해없음,승용,여,57세,경상
2020052500100303,2020년 5월 25일 14시,월요일,경상북도 구미시 봉곡동,중상사고,0,1,0,1,차대차 - 측면충돌,교차로운행방법위반,건조,맑음,교차로 - 교차로안,승용,여,50세,부상신고,승용,여,61세,중상
2020052500100336,2020년 5월 25일 15시,월요일,경상북도 안동시 옥동,경상사고,0,0,1,0,차대차 - 측면충돌,안전운전불이행,건조,맑음,교차로 - 교차로부근,자전거,남,10세,경상,승용,여,32세,상해없음
2020052500100337,2020년 5월 25일 15시,월요일,경상북도 상주시 인봉동,중상사고,0,1,0,0,차대사람 - 횡단중,안전운전불이행,건조,맑음,단일로 - 기타,화물,남,76세,상해없음,보행자,여,80세,중상
2020052500100338,2020년 5월 25일 15시,월요일,경상북도 경산시 사동,경상사고,0,0,2,0,차대차 - 후진중충돌,안전운전불이행,건조,맑음,단일로 - 지하차도(도로)내,승용,여,30세,상해없음,승용,남,40세,경상
2020052500100339,2020년 5월 25일 15시,월요일,경상북도 구미시 사곡동,부상신고사고,0,0,0,1,차대사람 - 기타,안전운전불이행,건조,맑음,단일로 - 기타,기타불명,기타불명,미분류,기타불명,보행자,여,59세,부상신고
2020052500100379,2020년 5월 25일 16시,월요일,경상북도 안동시 남문동,경상사고,0,0,1,0,차대차 - 측면충돌,안전운전불이행,건조,맑음,교차로 - 교차로안,자전거,남,71세,경상,화물,남,42세,상해없음
2020052500100380,2020년 5월 25일 16시,월요일,경상북도 영주시 하망동,경상사고,0,0,1,0,차대차 - 기타,안전운전불이행,건조,맑음,단일로 - 기타,승용,여,53세,상해없음,자전거,남,82세,경상
2020052500100412,2020년 5월 25일 17시,월요일,경상북도 포항시 북구 흥해읍,중상사고,0,1,1,0,차대차 - 측면충돌,안전운전불이행,건조,맑음,교차로 - 교차로안,승용,남,53세,경상,승용,여,51세,중상
2020052500100413,2020년 5월 25일 17시,월요일,경상북도 영천시 완산동,경상사고,0,0,2,0,차대차 - 정면충돌,신호위반,건조,맑음,교차로 - 교차로안,승용,남,41세,상해없음,승용,남,51세,경상
2020052500100414,2020년 5월 25일 17시,월요일,경상북도 구미시 형곡동,경상사고,0,0,1,0,차대차 - 기타,안전운전불이행,건조,맑음,교차로 - 교차로부근,승용,여,40세,상해없음,자전거,남,10세,경상
2020052500100459,2020년 5월 25일 18시,월요일,경상북도 칠곡군 왜관읍,중상사고,0,1,0,0,차대사람 - 횡단중,안전운전불이행,건조,맑음,주차장 - 주차장,승용,남,49세,상해없음,보행자,남,89세,중상
2020052500100500,2020년 5월 25일 19시,월요일,경상북도 칠곡군 왜관읍,경상사고,0,0,1,1,차대차 - 측면충돌,안전운전불이행,건조,맑음,단일로 - 기타,원동기,남,17세,부상신고,원동기,남,17세,경상
2020052500100526,2020년 5월 25일 20시,월요일,경상북도 경주시 용강동,경상사고,0,0,1,0,차대차 - 측면충돌,안전운전불이행,건조,맑음,단일로 - 지하차도(도로)내,승용,남,39세,상해없음,이륜,남,17세,경상
2020052500100555,2020년 5월 25일 21시,월요일,경상북도 경산시 조영동,경상사고,0,0,2,0,차대차 - 측면충돌,안전운전불이행,건조,맑음,단일로 - 기타,승용,남,57세,상해없음,승용,남,48세,경상
2020052500100576,2020년 5월 25일 22시,월요일,경상북도 포항시 북구 두호동,중상사고,0,1,0,0,차대차 - 측면충돌,안전운전불이행,건조,맑음,단일로 - 기타,승용,여,51세,상해없음,이륜,남,33세,중상
2020052500100577,2020년 5월 25일 22시,월요일,경상북도 포항시 북구 죽도동,경상사고,0,0,1,0,차대사람 - 횡단중,신호위반,건조,맑음,교차로 - 교차로횡단보도내,승용,여,52세,상해없음,보행자,남,49세,경상
2020052500100597,2020년 5월 25일 23시,월요일,경상북도 경산시 옥곡동,경상사고,0,0,1,0,차대사람 - 횡단중,안전운전불이행,건조,맑음,교차로 - 교차로횡단보도내,이륜,남,32세,상해없음,보행자,남,65세,경상
2020052500100598,2020년 5월 25일 23시,월요일,경상북도 구미시 사곡동,경상사고,0,0,1,0,차대차 - 기타,안전운전불이행,건조,맑음,단일로 - 기타,승용,여,44세,상해없음,승용,남,46세,경상
2020052600100021,2020년 5월 26일 01시,화요일,경상북도 청도군 풍각면,경상사고,0,0,2,0,차대차 - 후진중충돌,안전운전불이행,건조,맑음,교차로 - 교차로부근,승용,여,44세,상해없음,승용,여,50세,경상
2020052600100035,2020년 5월 26일 02시,화요일,경상북도 포항시 북구 청하면,중상사고,0,2,0,0,차대차 - 기타,안전운전불이행,건조,기타,단일로 - 기타,특수,남,59세,상해없음,승용,남,45세,중상
2020052600100067,2020년 5월 26일 06시,화요일,경상북도 상주시 은척면,중상사고,0,1,0,0,차대차 - 측면충돌,교차로운행방법위반,건조,맑음,교차로 - 교차로안,화물,남,64세,상해없음,화물,남,50세,중상
2020052600100081,2020년 5월 26일 07시,화요일,경상북도 포항시 북구 죽도동,경상사고,0,0,1,0,차대사람 - 차도통행중,안전운전불이행,건조,맑음,단일로 - 기타,승용,여,45세,상해없음,보행자,남,48세,경상
2020052600100082,2020년 5월 26일 07시,화요일,경상북도 안동시 풍산읍,경상사고,0,0,1,0,차대차 - 측면충돌,안전운전불이행,건조,맑음,단일로 - 기타,건설기계,남,62세,상해없음,승용,남,40세,경상
2020052600100083,2020년 5월 26일 07시,화요일,경상북도 청도군 이서면,중상사고,0,1,0,0,차대차 - 측면충돌,신호위반,건조,맑음,교차로 - 교차로안,승용,여,44세,상해없음,이륜,여,73세,중상
2020052600100109,2020년 5월 26일 08시,화요일,경상북도 경주시 충효동,경상사고,0,0,2,0,차대차 - 측면충돌,직진우회전진행방해,건조,맑음,교차로 - 교차로안,승용,남,27세,상해없음,승용,남,26세,경상
2020052600100110,2020년 5월 26일 08시,화요일,경상북도 영주시 휴천동,중상사고,0,1,0,0,차대차 - 기타,안전운전불이행,건조,맑음,단일로 - 기타,화물,남,61세,상해없음,이륜,남,79세,중상
2020052600100111,2020년 5월 26일 08시,화요일,경상북도 칠곡군 석적읍,중상사고,0,3,0,0,차대차 - 추돌,안전거리미확보,건조,맑음,교차로 - 교차로부근,특수,남,56세,상해없음,승용,여,30세,중상
2020052600100112,2020년 5월 26일 08시,화요일,경상북도 봉화군 춘양면,경상사고,0,0,1,0,차대차 - 기타,중앙선침범,건조,맑음,교차로 - 교차로부근,건설기계,남,68세,상해없음,승용,남,21세,경상
2020052600100142,2020년 5월 26일 09시,화요일,경상북도 안동시 풍천면,사망사고,1,0,0,0,차량단독 - 공작물충돌,안전운전불이행,건조,맑음,단일로 - 기타,화물,남,71세,사망,,,,
2020052600100143,2020년 5월 26일 09시,화요일,경상북도 경산시 대동,경상사고,0,0,1,0,차대차 - 기타,안전운전불이행,건조,맑음,단일로 - 기타,화물,남,51세,상해없음,승용,여,45세,경상
2020052600100144,2020년 5월 26일 09시,화요일,경상북도 성주군 금수면,중상사고,0,1,0,0,차대차 - 추돌,안전운전불이행,건조,맑음,단일로 - 기타,건설기계,남,54세,상해없음,원동기,남,76세,중상
2020052600100165,2020년 5월 26일 10시,화요일,경상북도 경주시 성건동,중상사고,0,1,0,0,차대차 - 측면충돌,안전운전불이행,건조,맑음,교차로 - 교차로안,승용,남,63세,상해없음,개인형이동수단(PM),남,78세,중상
2020052600100166,2020년 5월 26일 10시,화요일,경상북도 안동시 풍산읍,사망사고,1,1,2,0,차대차 - 추돌,안전운전불이행,건조,맑음,단일로 - 교량,화물,남,52세,경상,화물,남,59세,중상
2020052600100167,2020년 5월 26일 10시,화요일,경상북도 영주시 풍기읍,중상사고,0,1,0,0,차대차 - 측면충돌,안전운전불이행,건조,맑음,교차로 - 교차로안,이륜,남,70세,중상,화물,남,75세,상해없음
2020052600100168,2020년 5월 26일 10시,화요일,경상북도 구미시 임은동,경상사고,0,0,2,0,차대차 - 기타,신호위반,건조,맑음,교차로 - 교차로안,화물,남,57세,상해없음,승용,남,63세,경상
2020052600100206,2020년 5월 26일 11시,화요일,경상북도 칠곡군 석적읍,경상사고,0,0,1,1,차대차 - 측면충돌,중앙선침범,건조,맑음,교차로 - 교차로부근,승용,여,21세,부상신고,승용,여,68세,경상
2020052600100241,2020년 5월 26일 12시,화요일,경상북도 상주시 성동동,경상사고,0,0,1,0,차대차 - 추돌,안전거리미확보,건조,맑음,단일로 - 기타,승용,남,40세,상해없음,이륜,남,51세,경상
2020052600100242,2020년 5월 26일 12시,화요일,경상북도 구미시 송정동,중상사고,0,1,0,0,차대차 - 기타,안전운전불이행,건조,맑음,단일로 - 기타,승용,여,67세,상해없음,자전거,남,34세,중상
2020052600100280,2020년 5월 26일 13시,화요일,경상북도 포항시 북구 장성동,중상사고,0,1,0,0,차대사람 - 횡단중,보행자보호의무위반,건조,맑음,교차로 - 교차로횡단보도내,승용,여,40세,상해없음,보행자,여,66세,중상
2020052600100281,2020년 5월 26일 13시,화요일,경상북도 울진군 평해읍,경상사고,0,0,1,0,차대차 - 측면충돌,직진우회전진행방해,건조,맑음,교차로 - 교차로안,화물,남,18세,상해없음,화물,남,72세,경상
2020052600100312,2020년 5월 26일 14시,화요일,경상북도 포항시 북구 죽도동,중상사고,0,1,0,0,차대사람 - 횡단중,보행자보호의무위반,건조,맑음,교차로 - 교차로부근,승용,여,55세,상해없음,보행자,여,44세,중상
2020052600100313,2020년 5월 26일 14시,화요일,경상북도 영천시 오미동,중상사고,0,1,2,0,차대차 - 추돌,안전운전불이행,건조,맑음,교차로 - 교차로부근,화물,남,63세,중상,화물,여,47세,경상
2020052600100314,2020년 5월 26일 14시,화요일,경상북도 경산시 중방동,경상사고,0,0,1,0,차대차 - 기타,안전운전불이행,건조,맑음,단일로 - 기타,승용,여,44세,상해없음,이륜,남,34세,경상
2020052600100315,2020년 5월 26일 14시,화요일,경상북도 울릉군 울릉읍,중상사고,0,1,1,0,차대차 - 측면충돌,신호위반,건조,맑음,교차로 - 교차로안,이륜,여,63세,중상,이륜,여,36세,경상
2020052600100316,2020년 5월 26일 14시,화요일,경상북도 군위군 부계면,중상사고,0,1,1,0,차대차 - 추돌,안전운전불이행,건조,맑음,단일로 - 기타,승용,남,28세,상해없음,화물,남,67세,중상
2020052600100350,2020년 5월 26일 15시,화요일,경상북도 경주시 천군동,경상사고,0,0,1,0,차대차 - 측면충돌,안전운전불이행,건조,맑음,교차로 - 교차로안,승용,남,66세,상해없음,승용,남,70세,경상
2020052600100351,2020년 5월 26일 15시,화요일,경상북도 영주시 문정동,중상사고,0,1,0,0,차량단독 - 도로외이탈 - 기타,안전운전불이행,건조,맑음,단일로 - 기타,승용,남,78세,중상,,,,
2020052600100352,2020년 5월 26일 15시,화요일,경상북도 영천시 임고면,중상사고,0,1,0,0,차대사람 - 횡단중,안전운전불이행,건조,맑음,교차로 - 교차로안,화물,남,69세,상해없음,보행자,여,81세,중상
2020052600100353,2020년 5월 26일 15시,화요일,경상북도 경산시 옥산동,경상사고,0,0,1,0,차대차 - 측면충돌,안전운전불이행,건조,맑음,교차로 - 교차로안,승용,여,53세,기타불명,승용,여,39세,경상
2020052600100384,2020년 5월 26일 16시,화요일,경상북도 포항시 북구 양덕동,경상사고,0,0,1,0,차대차 - 기타,안전운전불이행,건조,맑음,단일로 - 기타,승합,남,38세,상해없음,승합,남,62세,경상
2020052600100385,2020년 5월 26일 16시,화요일,경상북도 상주시 남성동,경상사고,0,0,1,0,차대차 - 후진중충돌,안전운전불이행,건조,맑음,교차로 - 교차로안,승용,남,71세,상해없음,이륜,남,23세,경상
2020052600100386,2020년 5월 26일 16시,화요일,경상북도 구미시 도량동,부상신고사고,0,0,0,1,차대차 - 기타,교차로운행방법위반,건조,맑음,교차로 - 교차로횡단보도내,승용,남,36세,상해없음,자전거,남,49세,부상신고
2020052600100420,2020년 5월 26일 17시,화요일,경상북도 경주시 황오동,경상사고,0,0,1,0,차대차 - 측면충돌,안전운전불이행,건조,맑음,교차로 - 교차로안,원동기,남,75세,상해없음,승용,남,28세,경상
2020052600100421,2020년 5월 26일 17시,화요일,경상북도 포항시 북구 신흥동,경상사고,0,0,1,0,차대차 - 측면충돌,안전운전불이행,건조,맑음,단일로 - 기타,승용,남,57세,상해없음,자전거,여,66세,경상
2020052600100422,2020년 5월 26일 17시,화요일,경상북도 경산시 하양읍,경상사고,0,0,1,0,차대사람 - 기타,안전운전불이행,건조,맑음,단일로 - 지하차도(도로)내,자전거,남,30세,상해없음,보행자,여,14세,경상
2020052600100457,2020년 5월 26일 18시,화요일,경상북도 구미시 고아읍,중상사고,0,1,0,0,차대차 - 기타,안전운전불이행,건조,맑음,교차로 - 교차로안,화물,남,52세,상해없음,화물,여,51세,중상
2020052600100522,2020년 5월 26일 20시,화요일,경상북도 성주군 성주읍,경상사고,0,0,1,0,차대차 - 기타,안전운전불이행,건조,맑음,교차로 - 교차로부근,승용,남,20세,상해없음,승용,여,61세,경상
2020052600100576,2020년 5월 26일 22시,화요일,경상북도 구미시 임은동,경상사고,0,0,1,0,차대사람 - 횡단중,안전운전불이행,건조,맑음,단일로 - 기타,원동기,남,41세,상해없음,보행자,남,44세,경상
2020052700100006,2020년 5월 27일 00시,수요일,경상북도 포항시 북구 장성동,경상사고,0,0,1,0,차대차 - 측면충돌,직진우회전진행방해,건조,맑음,교차로 - 교차로안,승용,여,52세,상해없음,승용,여,30세,상해없음
2020052700100077,2020년 5월 27일 07시,수요일,경상북도 포항시 북구 신광면,경상사고,0,0,2,0,차대차 - 측면충돌,중앙선침범,건조,맑음,단일로 - 기타,승용,남,55세,상해없음,승용,남,59세,경상
2020052700100078,2020년 5월 27일 07시,수요일,경상북도 영천시 언하동,경상사고,0,0,1,0,차대차 - 기타,안전운전불이행,건조,맑음,교차로 - 교차로부근,화물,남,68세,상해없음,승용,여,52세,경상
2020052700100079,2020년 5월 27일 07시,수요일,경상북도 문경시 산북면,중상사고,0,1,0,0,차대차 - 정면충돌,안전운전불이행,건조,맑음,단일로 - 기타,화물,여,63세,중상,승용,여,43세,상해없음