사고번호,사고일시,요일,시군구,사고내용,사망자수,중상자수,경상자수,부상신고자수,사고유형,법규위반,노면상태,기상상태,도로형태,가해운전자 차종,가해운전자 성별,가해운전자 연령,가해운전자 상해정도,피해운전자 차종,피해운전자 성별,피해운전자 연령,피해운전자 상해정도
2020052700100080,2020년 5월 27일 07시,수요일,경상북도 경산시 자인면,경상사고,0,0,2,0,차대차 - 측면충돌,교차로운행방법위반,건조,맑음,교차로 - 교차로안,승용,남,41세,상해없음,화물,남,69세,경상
2020052700100144,2020년 5월 27일 09시,수요일,경상북도 포항시 북구 우현동,중상사고,0,1,0,0,차대차 - 측면충돌,안전운전불이행,건조,맑음,단일로 - 기타,승용,남,59세,상해없음,이륜,남,29세,중상
2020052700100180,2020년 5월 27일 10시,수요일,경상북도 포항시 북구 흥해읍,중상사고,0,1,0,0,차대차 - 측면충돌,안전운전불이행,건조,맑음,단일로 - 기타,화물,남,29세,상해없음,화물,남,48세,상해없음
2020052700100181,2020년 5월 27일 10시,수요일,경상북도 경산시 하양읍,중상사고,0,1,0,0,차대차 - 측면충돌,직진우회전진행방해,건조,맑음,교차로 - 교차로안,승용,여,63세,기타불명,승용,여,44세,중상
2020052700100182,2020년 5월 27일 10시,수요일,경상북도 성주군 가천면,중상사고,0,1,0,0,차대사람 - 횡단중,안전운전불이행,건조,맑음,단일로 - 기타,화물,남,63세,기타불명,보행자,남,72세,중상
2020052700100183,2020년 5월 27일 10시,수요일,경상북도 울진군 기성면,중상사고,0,1,0,0,차대차 - 측면충돌,안전운전불이행,건조,맑음,단일로 - 기타,승용,남,53세,상해없음,건설기계,남,57세,중상
2020052700100214,2020년 5월 27일 11시,수요일,경상북도 경주시 외동읍,중상사고,0,1,0,0,차대차 - 측면충돌,안전운전불이행,건조,맑음,교차로 - 교차로부근,화물,남,69세,상해없음,화물,남,56세,기타불명
2020052700100215,2020년 5월 27일 11시,수요일,경상북도 안동시 일직면,중상사고,0,1,0,0,차대차 - 추돌,안전운전불이행,건조,맑음,단일로 - 기타,이륜,남,77세,중상,승용,남,57세,기타불명
2020052700100251,2020년 5월 27일 12시,수요일,경상북도 영천시 고경면,경상사고,0,0,2,0,차대차 - 기타,중앙선침범,건조,맑음,교차로 - 교차로부근,이륜,남,75세,경상,화물,남,46세,경상
2020052700100252,2020년 5월 27일 12시,수요일,경상북도 경산시 사동,중상사고,0,1,0,0,차대차 - 측면충돌,중앙선침범,건조,맑음,단일로 - 기타,승용,남,65세,상해없음,이륜,남,43세,중상
2020052700100253,2020년 5월 27일 12시,수요일,경상북도 성주군 벽진면,경상사고,0,0,3,0,차대차 - 측면충돌,안전운전불이행,건조,맑음,교차로 - 교차로안,화물,남,40세,상해없음,화물,남,61세,경상
2020052700100254,2020년 5월 27일 12시,수요일,경상북도 구미시 신평동,경상사고,0,0,2,0,차대차 - 추돌,안전운전불이행,건조,맑음,교차로 - 교차로부근,승용,여,27세,상해없음,승용,여,49세,경상
2020052700100293,2020년 5월 27일 13시,수요일,경상북도 문경시 마성면,사망사고,1,0,1,0,차대차 - 추돌,안전운전불이행,건조,맑음,단일로 - 기타,화물,남,67세,사망,화물,남,61세,경상
2020052700100332,2020년 5월 27일 14시,수요일,경상북도 영천시 야사동,경상사고,0,0,1,0,차대차 - 측면충돌,안전운전불이행,건조,맑음,단일로 - 기타,자전거,남,65세,경상,승용,여,61세,상해없음
2020052700100368,2020년 5월 27일 15시,수요일,경상북도 경주시 황오동,경상사고,0,0,1,0,차대차 - 측면충돌,안전운전불이행,건조,맑음,교차로 - 교차로부근,이륜,남,77세,경상,화물,남,67세,상해없음
2020052700100369,2020년 5월 27일 15시,수요일,경상북도 포항시 북구 득량동,경상사고,0,0,1,0,차대차 - 측면충돌,안전운전불이행,건조,맑음,교차로 - 교차로부근,승용,여,70세,기타불명,승용,남,69세,경상
2020052700100370,2020년 5월 27일 15시,수요일,경상북도 안동시 송현동,사망사고,1,0,0,0,차대사람 - 횡단중,보행자보호의무위반,건조,맑음,교차로 - 교차로횡단보도내,건설기계,남,59세,상해없음,보행자,여,74세,사망
2020052700100371,2020년 5월 27일 15시,수요일,경상북도 울릉군 울릉읍,경상사고,0,0,1,0,차대차 - 측면충돌,교차로운행방법위반,건조,맑음,교차로 - 교차로안,승용,남,56세,상해없음,이륜,여,55세,경상
2020052700100413,2020년 5월 27일 16시,수요일,경상북도 포항시 북구 장성동,경상사고,0,0,1,0,차대차 - 측면충돌,안전운전불이행,건조,맑음,교차로 - 교차로안,이륜,남,18세,경상,승용,여,64세,상해없음
2020052700100414,2020년 5월 27일 16시,수요일,경상북도 김천시 신음동,중상사고,0,1,0,0,차대차 - 측면충돌,안전운전불이행,건조,맑음,단일로 - 기타,승용,남,72세,상해없음,승용,여,59세,중상
2020052700100415,2020년 5월 27일 16시,수요일,경상북도 칠곡군 지천면,경상사고,0,0,1,0,차대차 - 기타,안전운전불이행,건조,맑음,단일로 - 기타,승용,여,66세,상해없음,승용,남,34세,경상
2020052700100416,2020년 5월 27일 16시,수요일,경상북도 영천시 야사동,경상사고,0,0,1,0,차대사람 - 횡단중,안전운전불이행,건조,맑음,단일로 - 기타,승용,여,41세,상해없음,보행자,여,11세,경상
2020052700100417,2020년 5월 27일 16시,수요일,경상북도 예천군 예천읍,중상사고,0,2,0,0,차대차 - 측면충돌,안전거리미확보,건조,맑음,교차로 - 교차로부근,사륜오토바이(ATV),남,85세,중상,화물,남,24세,중상
2020052700100481,2020년 5월 27일 17시,수요일,경상북도 경주시 황성동,경상사고,0,0,1,0,차대차 - 측면충돌,안전운전불이행,건조,맑음,단일로 - 기타,승합,여,46세,상해없음,이륜,남,19세,경상
2020052700100482,2020년 5월 27일 17시,수요일,경상북도 포항시 북구 송라면,경상사고,0,0,1,0,차대차 - 추돌,안전운전불이행,건조,맑음,단일로 - 기타,화물,남,31세,상해없음,승용,여,77세,경상
2020052700100483,2020년 5월 27일 17시,수요일,경상북도 포항시 남구 연일읍,경상사고,0,0,1,0,차대차 - 추돌,안전거리미확보,건조,맑음,단일로 - 기타,승용,여,32세,상해없음,승용,남,32세,상해없음
2020052700100534,2020년 5월 27일 18시,수요일,경상북도 경산시 용성면,중상사고,0,1,0,0,차대차 - 측면충돌,교차로운행방법위반,건조,맑음,교차로 - 교차로안,이륜,남,68세,중상,승용,여,53세,상해없음
2020052700100535,2020년 5월 27일 18시,수요일,경상북도 구미시 비산동,중상사고,0,1,0,0,차대차 - 측면충돌,신호위반,건조,맑음,단일로 - 교량,승용,남,28세,상해없음,자전거,남,42세,중상
2020052700100580,2020년 5월 27일 19시,수요일,경상북도 상주시 낙양동,경상사고,0,0,1,0,차대차 - 측면충돌,기타,건조,맑음,단일로 - 기타,이륜,남,51세,경상,승용,남,53세,상해없음
2020052700100581,2020년 5월 27일 19시,수요일,경상북도 영천시 망정동,경상사고,0,0,1,0,차량단독 - 기타,안전운전불이행,건조,맑음,단일로 - 기타,이륜,남,17세,경상,,,,
2020052700100582,2020년 5월 27일 19시,수요일,경상북도 구미시 형곡동,경상사고,0,0,1,0,차대차 - 측면충돌,신호위반,건조,맑음,교차로 - 교차로안,승용,여,57세,상해없음,이륜,남,25세,경상
2020052700100606,2020년 5월 27일 20시,수요일,경상북도 경주시 현곡면,중상사고,0,1,0,0,차대차 - 측면충돌,신호위반,건조,맑음,교차로 - 교차로안,승용,남,80세,상해없음,이륜,남,31세,중상
2020052700100607,2020년 5월 27일 20시,수요일,경상북도 칠곡군 석적읍,중상사고,0,1,0,0,차대사람 - 횡단중,보행자보호의무위반,건조,기타,교차로 - 교차로안,승용,여,27세,상해없음,보행자,남,5세,중상
2020052700100644,2020년 5월 27일 21시,수요일,경상북도 안동시 당북동,경상사고,0,0,1,0,차대차 - 측면충돌,신호위반,건조,맑음,교차로 - 교차로안,승용,남,59세,상해없음,이륜,남,45세,경상
2020052700100645,2020년 5월 27일 21시,수요일,경상북도 포항시 남구 해도동,경상사고,0,0,1,0,차대차 - 기타,직진우회전진행방해,건조,맑음,교차로 - 교차로안,이륜,여,46세,경상,승용,남,32세,상해없음
2020052700100671,2020년 5월 27일 22시,수요일,경상북도 경산시 대동,중상사고,0,1,3,0,차대차 - 측면충돌,신호위반,건조,맑음,교차로 - 교차로안,이륜,남,23세,중상,승용,남,36세,경상
2020052700100672,2020년 5월 27일 22시,수요일,경상북도 포항시 남구 동촌동,중상사고,0,1,1,0,차대사람 - 횡단중,과속,건조,맑음,교차로 - 교차로부근,승용,남,65세,경상,보행자,남,44세,중상
2020052700100673,2020년 5월 27일 22시,수요일,경상북도 포항시 남구 동촌동,경상사고,0,0,2,1,차대차 - 추돌,안전거리미확보,건조,맑음,단일로 - 기타,승용,여,48세,부상신고,승용,남,43세,경상
2020052800100016,2020년 5월 28일 01시,목요일,경상북도 경산시 백천동,경상사고,0,0,2,0,차대차 - 측면충돌,안전운전불이행,건조,맑음,교차로 - 교차로안,승용,남,24세,상해없음,승용,여,25세,경상
2020052800100017,2020년 5월 28일 01시,목요일,경상북도 경산시 중산동,경상사고,0,0,1,0,차대차 - 측면충돌,안전운전불이행,건조,맑음,기타 - 기타,승용,남,56세,상해없음,자전거,남,10세,경상
2020052800100025,2020년 5월 28일 02시,목요일,경상북도 경산시 옥산동,경상사고,0,0,2,0,차대차 - 측면충돌,교차로운행방법위반,건조,맑음,교차로 - 교차로안,승용,남,45세,상해없음,승용,남,40세,상해없음
2020052800100056,2020년 5월 28일 05시,목요일,경상북도 울진군 죽변면,중상사고,0,1,0,0,차대차 - 측면충돌,교차로운행방법위반,건조,맑음,교차로 - 교차로안,화물,여,58세,상해없음,승용,남,59세,중상
2020052800100085,2020년 5월 28일 07시,목요일,경상북도 상주시 냉림동,중상사고,0,1,1,0,차대차 - 추돌,안전거리미확보,건조,맑음,교차로 - 교차로부근,승용,여,31세,상해없음,승용,여,59세,중상
2020052800100086,2020년 5월 28일 07시,목요일,경상북도 영덕군 강구면,경상사고,0,0,1,0,차대사람 - 차도통행중,안전운전불이행,건조,맑음,단일로 - 기타,승용,여,25세,상해없음,보행자,남,55세,경상
2020052800100087,2020년 5월 28일 07시,목요일,경상북도 봉화군 춘양면,경상사고,0,0,1,0,차대차 - 추돌,교차로운행방법위반,건조,맑음,교차로 - 교차로안,화물,남,55세,상해없음,이륜,남,79세,경상
2020052800100088,2020년 5월 28일 07시,목요일,경상북도 봉화군 봉화읍,중상사고,0,1,0,0,차대사람 - 기타,안전운전불이행,건조,맑음,기타 - 기타,화물,남,48세,상해없음,보행자,여,72세,중상
2020052800100119,2020년 5월 28일 08시,목요일,경상북도 칠곡군 석적읍,중상사고,0,1,1,0,차대차 - 기타,안전운전불이행,건조,맑음,단일로 - 기타,화물,남,43세,중상,승용,여,43세,경상
2020052800100151,2020년 5월 28일 09시,목요일,경상북도 안동시 당북동,중상사고,0,1,0,0,차대차 - 측면충돌,중앙선침범,건조,맑음,교차로 - 교차로부근,자전거,여,46세,중상,승용,남,65세,상해없음
2020052800100152,2020년 5월 28일 09시,목요일,경상북도 상주시 청리면,사망사고,1,0,0,0,차대차 - 정면충돌,안전운전불이행,건조,맑음,단일로 - 기타,이륜,남,77세,사망,화물,남,62세,상해없음
2020052800100153,2020년 5월 28일 09시,목요일,경상북도 구미시 구평동,경상사고,0,0,1,0,차대차 - 기타,안전운전불이행,건조,맑음,교차로 - 교차로안,승용,여,51세,상해없음,자전거,여,39세,경상
2020052800100218,2020년 5월 28일 11시,목요일,경상북도 포항시 북구 장성동,경상사고,0,0,1,0,차대차 - 기타,안전운전불이행,건조,맑음,교차로 - 교차로부근,승용,여,30세,상해없음,승용,남,27세,경상
2020052800100219,2020년 5월 28일 11시,목요일,경상북도 상주시 낙동면,경상사고,0,0,1,0,차대차 - 추돌,안전운전불이행,건조,맑음,단일로 - 기타,승용,남,38세,상해없음,승용,남,66세,경상
2020052800100220,2020년 5월 28일 11시,목요일,경상북도 영천시 고경면,경상사고,0,0,2,0,차대차 - 측면충돌,안전운전불이행,건조,맑음,교차로 - 교차로안,승용,남,80세,경상,화물,남,67세,경상
2020052800100221,2020년 5월 28일 11시,목요일,경상북도 경산시 백천동,경상사고,0,0,1,0,차대차 - 측면충돌,신호위반,건조,맑음,교차로 - 교차로안,화물,남,61세,상해없음,승용,남,25세,경상
2020052800100222,2020년 5월 28일 11시,목요일,경상북도 포항시 남구 대도동,경상사고,0,0,1,0,차대차 - 후진중충돌,불법유턴,건조,맑음,교차로 - 교차로안,승용,남,52세,상해없음,승용,여,53세,경상
2020052800100259,2020년 5월 28일 12시,목요일,경상북도 포항시 북구 죽도동,경상사고,0,0,2,0,차대차 - 측면충돌,안전운전불이행,건조,맑음,단일로 - 기타,승용,남,64세,경상,승용,여,42세,경상
2020052800100260,2020년 5월 28일 12시,목요일,경상북도 포항시 남구 효자동,경상사고,0,0,1,0,차대사람 - 차도통행중,교차로운행방법위반,건조,맑음,교차로 - 교차로안,승용,여,38세,상해없음,보행자,여,63세,경상
2020052800100300,2020년 5월 28일 13시,목요일,경상북도 영주시 봉현면,중상사고,0,1,0,0,차대차 - 기타,안전운전불이행,건조,맑음,단일로 - 교량,승용,남,65세,상해없음,승용,남,72세,중상
2020052800100301,2020년 5월 28일 13시,목요일,경상북도 칠곡군 왜관읍,경상사고,0,0,1,0,차대차 - 측면충돌,안전운전불이행,건조,맑음,단일로 - 기타,승용,남,45세,상해없음,승용,남,28세,경상
2020052800100302,2020년 5월 28일 13시,목요일,경상북도 고령군 우곡면,중상사고,0,1,2,0,차대차 - 기타,직진우회전진행방해,건조,맑음,교차로 - 교차로안,승용,여,65세,상해없음,승용,남,40세,경상
2020052800100339,2020년 5월 28일 14시,목요일,경상북도 청송군 진보면,사망사고,1,0,0,0,차대차 - 측면충돌,중앙선침범,건조,맑음,단일로 - 지하차도(도로)내,이륜,남,81세,사망,화물,남,76세,상해없음
2020052800100340,2020년 5월 28일 14시,목요일,경상북도 구미시 공단동,경상사고,0,0,1,0,차대차 - 측면충돌,안전운전불이행,건조,맑음,교차로 - 교차로부근,화물,남,70세,상해없음,승용,여,60세,경상
2020052800100372,2020년 5월 28일 15시,목요일,경상북도 포항시 남구 지곡동,경상사고,0,0,2,0,차대차 - 추돌,안전운전불이행,건조,맑음,단일로 - 기타,승용,여,46세,경상,승용,여,46세,경상
2020052800100404,2020년 5월 28일 16시,목요일,경상북도 예천군 예천읍,중상사고,0,1,0,0,차대차 - 측면충돌,직진우회전진행방해,건조,맑음,교차로 - 교차로부근,승합,여,54세,상해없음,이륜,남,80세,중상
2020052800100442,2020년 5월 28일 17시,목요일,경상북도 김천시 감문면,사망사고,1,0,0,0,차량단독 - 기타,안전운전불이행,건조,맑음,단일로 - 기타,화물,남,60세,사망,,,,
2020052800100443,2020년 5월 28일 17시,목요일,경상북도 상주시 낙동면,경상사고,0,0,1,0,차대차 - 기타,안전운전불이행,건조,맑음,단일로 - 기타,승용,남,63세,상해없음,승용,남,36세,경상
2020052800100444,2020년 5월 28일 17시,목요일,경상북도 포항시 남구 청림동,중상사고,0,1,0,0,차대차 - 측면충돌,직진우회전진행방해,건조,맑음,교차로 - 교차로안,화물,남,60세,상해없음,이륜,남,34세,중상
2020052800100479,2020년 5월 28일 18시,목요일,경상북도 경주시 황오동,중상사고,0,2,0,0,차대차 - 측면충돌,직진우회전진행방해,건조,맑음,교차로 - 교차로안,승용,여,50세,상해없음,화물,남,53세,중상
2020052800100480,2020년 5월 28일 18시,목요일,경상북도 포항시 남구 효자동,경상사고,0,0,1,0,차대차 - 추돌,안전운전불이행,건조,맑음,단일로 - 기타,자전거,남,15세,경상,승용,여,42세,기타불명
2020052800100513,2020년 5월 28일 19시,목요일,경상북도 문경시 점촌동,중상사고,0,1,0,0,차대차 - 측면충돌,안전운전불이행,건조,맑음,교차로 - 교차로안,자전거,남,9세,중상,승합,남,57세,상해없음
2020052800100545,2020년 5월 28일 20시,목요일,경상북도 경산시 압량면,경상사고,0,0,1,0,차대차 - 측면충돌,신호위반,건조,맑음,교차로 - 교차로부근,승용,여,39세,상해없음,이륜,남,27세,경상
2020052800100546,2020년 5월 28일 20시,목요일,경상북도 경산시 하양읍,사망사고,1,0,0,0,차대사람 - 횡단중,안전운전불이행,건조,맑음,교차로 - 교차로안,승용,남,40세,상해없음,보행자,여,78세,사망
2020052800100547,2020년 5월 28일 20시,목요일,경상북도 포항시 남구 이동,중상사고,0,1,0,0,차대사람 - 횡단중,안전운전불이행,건조,맑음,교차로 - 교차로횡단보도내,승용,남,35세,상해없음,보행자,여,77세,중상
2020052800100578,2020년 5월 28일 21시,목요일,경상북도 의성군 의성읍,경상사고,0,0,2,0,차대차 - 측면충돌,안전운전불이행,건조,맑음,단일로 - 기타,승용,여,46세,상해없음,승용,남,26세,경상
2020052800100579,2020년 5월 28일 21시,목요일,경상북도 영천시 금호읍,중상사고,0,1,0,0,차대사람 - 횡단중,안전운전불이행,건조,맑음,교차로 - 교차로부근,승용,남,57세,상해없음,보행자,여,67세,중상
2020052800100580,2020년 5월 28일 21시,목요일,경상북도 구미시 봉곡동,경상사고,0,0,1,0,차대차 - 정면충돌,신호위반,건조,맑음,교차로 - 교차로안,승용,남,38세,상해없음,승용,남,33세,경상
2020052800100605,2020년 5월 28일 22시,목요일,경상북도 구미시 송정동,경상사고,0,0,1,0,차대차 - 측면충돌,안전운전불이행,건조,맑음,단일로 - 기타,승용,남,63세,상해없음,승용,남,40세,경상
2020052900100008,2020년 5월 29일 00시,금요일,경상북도 구미시 시미동,부상신고사고,0,0,0,1,차량단독 - 기타,안전운전불이행,건조,맑음,단일로 - 기타,이륜,남,41세,부상신고,,,,
2020052900100046,2020년 5월 29일 05시,금요일,경상북도 포항시 남구 해도동,경상사고,0,0,1,0,차대차 - 추돌,안전운전불이행,건조,맑음,교차로 - 교차로부근,화물,남,79세,상해없음,화물,여,54세,경상
2020052900100075,2020년 5월 29일 07시,금요일,경상북도 경주시 성동동,중상사고,0,1,0,0,차대사람 - 횡단중,안전운전불이행,건조,맑음,단일로 - 지하차도(도로)내,화물,남,53세,상해없음,보행자,여,45세,중상
2020052900100076,2020년 5월 29일 07시,금요일,경상북도 경주시 성건동,경상사고,0,0,2,0,차대차 - 측면충돌,안전운전불이행,건조,맑음,교차로 - 교차로부근,화물,남,61세,상해없음,승합,여,44세,경상
2020052900100077,2020년 5월 29일 07시,금요일,경상북도 경산시 자인면,경상사고,0,0,1,0,차대차 - 추돌,안전거리미확보,건조,맑음,단일로 - 지하차도(도로)내,승용,남,31세,상해없음,승용,남,43세,경상
2020052900100127,2020년 5월 29일 08시,금요일,경상북도 안동시 옥야동,중상사고,0,1,0,0,차대차 - 추돌,안전운전불이행,건조,맑음,단일로 - 기타,승용,여,41세,상해없음,화물,남,60세,중상
2020052900100128,2020년 5월 29일 08시,금요일,경상북도 김천시 봉산면,중상사고,0,1,0,0,차대사람 - 기타,안전운전불이행,건조,맑음,단일로 - 기타,화물,남,60세,상해없음,보행자,남,59세,중상
2020052900100129,2020년 5월 29일 08시,금요일,경상북도 칠곡군 왜관읍,경상사고,0,0,1,1,차대차 - 기타,안전거리미확보,건조,맑음,교차로 - 교차로부근,승용,남,60세,부상신고,승용,남,40세,상해없음
2020052900100130,2020년 5월 29일 08시,금요일,경상북도 칠곡군 석적읍,경상사고,0,0,2,0,차대차 - 측면충돌,신호위반,건조,맑음,교차로 - 교차로안,승용,여,47세,경상,승용,남,48세,경상
2020052900100131,2020년 5월 29일 08시,금요일,경상북도 영천시 문외동,경상사고,0,0,1,0,차대차 - 측면충돌,신호위반,건조,맑음,교차로 - 교차로안,승용,여,29세,상해없음,승합,남,65세,경상
2020052900100173,2020년 5월 29일 09시,금요일,경상북도 경주시 천북면,사망사고,1,0,0,0,차대차 - 측면충돌,안전운전불이행,건조,맑음,단일로 - 기타,화물,남,64세,상해없음,자전거,여,78세,사망
2020052900100174,2020년 5월 29일 09시,금요일,경상북도 김천시 대광동,경상사고,0,0,1,0,차대차 - 추돌,안전운전불이행,건조,맑음,주차장 - 주차장,승용,여,64세,기타불명,승용,여,37세,경상
2020052900100175,2020년 5월 29일 09시,금요일,경상북도 김천시 아포읍,중상사고,0,1,0,0,차대차 - 측면충돌,신호위반,건조,맑음,교차로 - 교차로안,건설기계,남,42세,상해없음,승용,남,68세,중상
2020052900100176,2020년 5월 29일 09시,금요일,경상북도 포항시 남구 송도동,경상사고,0,0,2,0,차대차 - 기타,안전운전불이행,건조,맑음,단일로 - 기타,승용,남,48세,상해없음,승용,여,43세,경상
2020052900100257,2020년 5월 29일 11시,금요일,경상북도 경주시 배반동,경상사고,0,0,1,0,차대차 - 추돌,안전운전불이행,건조,맑음,단일로 - 기타,화물,남,50세,상해없음,승용,여,62세,경상
2020052900100258,2020년 5월 29일 11시,금요일,경상북도 포항시 남구 연일읍,경상사고,0,0,2,0,차대차 - 측면충돌,직진우회전진행방해,건조,맑음,교차로 - 교차로안,승용,여,52세,경상,승용,여,51세,경상
2020052900100293,2020년 5월 29일 12시,금요일,경상북도 문경시 호계면,경상사고,0,0,4,0,차대차 - 측면충돌,안전운전불이행,건조,맑음,교차로 - 교차로안,화물,남,55세,경상,승용,남,22세,상해없음
2020052900100294,2020년 5월 29일 12시,금요일,경상북도 포항시 남구 대송면,경상사고,0,0,1,0,차대차 - 측면충돌,중앙선침범,건조,맑음,교차로 - 교차로부근,자전거,남,53세,경상,승용,여,52세,상해없음
2020052900100358,2020년 5월 29일 14시,금요일,경상북도 경주시 노동동,경상사고,0,0,1,0,차대차 - 추돌,안전거리미확보,건조,맑음,단일로 - 기타,승용,여,63세,상해없음,승용,여,57세,경상
2020052900100359,2020년 5월 29일 14시,금요일,경상북도 고령군 대가야읍,경상사고,0,0,4,0,차대차 - 추돌,안전운전불이행,건조,맑음,교차로 - 교차로안,화물,남,66세,상해없음,승용,남,52세,경상
2020052900100397,2020년 5월 29일 15시,금요일,경상북도 김천시 증산면,사망사고,1,0,0,0,차량단독 - 기타,안전운전불이행,건조,맑음,단일로 - 기타,자전거,남,77세,사망,,,,
2020052900100398,2020년 5월 29일 15시,금요일,경상북도 청도군 금천면,경상사고,0,0,1,0,차대차 - 측면충돌,안전운전불이행,건조,맑음,단일로 - 지하차도(도로)내,승용,남,50세,상해없음,승용,남,46세,상해없음
2020052900100399,2020년 5월 29일 15시,금요일,경상북도 고령군 다산면,중상사고,0,1,0,0,차대차 - 추돌,안전운전불이행,건조,맑음,교차로 - 교차로부근,화물,남,58세,상해없음,승용,남,51세,중상
2020052900100443,2020년 5월 29일 16시,금요일,경상북도 경주시 동천동,중상사고,0,1,0,0,차대차 - 기타,안전운전불이행,건조,맑음,단일로 - 기타,승용,남,40세,상해없음,승용,남,67세,상해없음
2020052900100444,2020년 5월 29일 16시,금요일,경상북도 포항시 북구 죽도동,경상사고,0,0,1,0,차대사람 - 차도통행중,안전운전불이행,건조,맑음,단일로 - 기타,승합,남,61세,상해없음,보행자,남,77세,경상
2020052900100445,2020년 5월 29일 16시,금요일,경상북도 안동시 풍천면,중상사고,0,1,0,0,차대사람 - 횡단중,보행자보호의무위반,건조,맑음,단일로 - 기타,승용,남,61세,상해없음,보행자,여,15세,중상
2020052900100446,2020년 5월 29일 16시,금요일,경상북도 상주시 서문동,중상사고,0,1,0,0,차대차 - 측면충돌,안전운전불이행,건조,맑음,단일로 - 기타,승용,남,61세,상해없음,이륜,남,23세,중상
2020052900100447,2020년 5월 29일 16시,금요일,경상북도 영천시 금노동,중상사고,0,1,0,0,차대사람 - 보도통행중,안전운전불이행,건조,맑음,단일로 - 기타,자전거,남,37세,상해없음,보행자,여,33세,중상
2020052900100448,2020년 5월 29일 16시,금요일,경상북도 구미시 원평동,중상사고,0,1,0,0,차대차 - 기타,안전운전불이행,건조,맑음,교차로 - 교차로부근,승용,남,37세,상해없음,승용,남,19세,중상
2020052900100499,2020년 5월 29일 17시,금요일,경상북도 포항시 북구 송라면,중상사고,0,1,0,0,차량단독 - 도로외이탈 - 기타,안전운전불이행,건조,맑음,교차로 - 교차로부근,건설기계,남,50세,중상,,,,
2020052900100500,2020년 5월 29일 17시,금요일,경상북도 문경시 모전동,경상사고,0,0,1,0,차대차 - 기타,안전운전불이행,건조,맑음,기타 - 기타,승용,남,68세,상해없음,사륜오토바이(ATV),남,53세,경상
2020052900100501,2020년 5월 29일 17시,금요일,경상북도 성주군 벽진면,중상사고,0,1,0,0,차대사람 - 기타,안전운전불이행,건조,맑음,단일로 - 기타,승용,여,56세,상해없음,보행자,남,44세,중상
2020052900100547,2020년 5월 29일 18시,금요일,경상북도 칠곡군 동명면,경상사고,0,0,1,0,차대차 - 추돌,안전운전불이행,건조,맑음,단일로 - 기타,승용,여,35세,상해없음,승용,여,31세,경상
2020052900100548,2020년 5월 29일 18시,금요일,경상북도 영천시 오수동,중상사고,0,1,0,0,차대차 - 정면충돌,안전운전불이행,건조,맑음,교차로 - 교차로안,승용,여,59세,상해없음,이륜,남,63세,중상
2020052900100549,2020년 5월 29일 18시,금요일,경상북도 영천시 고경면,경상사고,0,0,2,0,차대차 - 측면충돌,중앙선침범,건조,맑음,단일로 - 기타,화물,남,82세,경상,승용,남,48세,경상
2020052900100594,2020년 5월 29일 19시,금요일,경상북도 김천시 황금동,중상사고,0,1,1,0,차대차 - 기타,안전운전불이행,건조,맑음,단일로 - 기타,승합,여,48세,경상,승합,남,68세,중상
2020052900100595,2020년 5월 29일 19시,금요일,경상북도 칠곡군 석적읍,중상사고,0,1,0,0,차대차 - 측면충돌,안전운전불이행,건조,맑음,단일로 - 기타,승용,남,46세,상해없음,이륜,남,40세,중상
2020052900100596,2020년 5월 29일 19시,금요일,경상북도 포항시 남구 이동,경상사고,0,0,1,0,차대차 - 기타,안전거리미확보,건조,맑음,단일로 - 기타,승용,남,20세,상해없음,승합,남,57세,경상
2020052900100597,2020년 5월 29일 19시,금요일,경상북도 구미시 옥성면,중상사고,0,2,2,0,차대차 - 추돌,안전거리미확보,건조,맑음,단일로 - 터널,화물,남,60세,상해없음,화물,남,56세,중상
2020052900100641,2020년 5월 29일 20시,금요일,경상북도 안동시 광석동,경상사고,0,0,1,0,차대차 - 측면충돌,안전운전불이행,건조,맑음,교차로 - 교차로안,화물,남,69세,상해없음,이륜,남,37세,경상
2020052900100642,2020년 5월 29일 20시,금요일,경상북도 경산시 사동,사망사고,1,0,0,0,차대사람 - 횡단중,과속,건조,맑음,단일로 - 기타,승합,남,28세,상해없음,보행자,남,48세,사망
2020052900100643,2020년 5월 29일 20시,금요일,경상북도 포항시 남구 대잠동,경상사고,0,0,1,0,차대사람 - 횡단중,보행자보호의무위반,건조,맑음,단일로 - 기타,승용,여,60세,상해없음,보행자,남,11세,경상
2020052900100680,2020년 5월 29일 21시,금요일,경상북도 경산시 삼북동,경상사고,0,0,1,0,차대차 - 추돌,안전거리미확보,건조,맑음,교차로 - 교차로부근,승용,남,40세,상해없음,승용,여,28세,경상
2020052900100681,2020년 5월 29일 21시,금요일,경상북도 포항시 남구 동해면,중상사고,0,1,0,0,차량단독 - 기타,안전운전불이행,건조,맑음,단일로 - 기타,승합,남,44세,상해없음,,,,
2020052900100710,2020년 5월 29일 22시,금요일,경상북도 경주시 황성동,중상사고,0,1,0,0,차대차 - 측면충돌,안전운전불이행,건조,맑음,교차로 - 교차로안,승용,남,61세,상해없음,이륜,남,34세,중상
2020052900100711,2020년 5월 29일 22시,금요일,경상북도 청도군 화양읍,중상사고,0,1,1,0,차량단독 - 공작물충돌,안전운전불이행,건조,맑음,교차로 - 교차로부근,이륜,남,52세,경상,,,,