사고번호,사고일시,요일,시군구,사고내용,사망자수,중상자수,경상자수,부상신고자수,사고유형,법규위반,노면상태,기상상태,도로형태,가해운전자 차종,가해운전자 성별,가해운전자 연령,가해운전자 상해정도,피해운전자 차종,피해운전자 성별,피해운전자 연령,피해운전자 상해정도
2020052900100744,2020년 5월 29일 23시,금요일,경상북도 경주시 성건동,경상사고,0,0,2,1,차대차 - 측면충돌,안전운전불이행,건조,맑음,단일로 - 교량,승용,여,28세,상해없음,승용,여,49세,경상
2020052900100745,2020년 5월 29일 23시,금요일,경상북도 경산시 유곡동,경상사고,0,0,1,0,차대차 - 후진중충돌,안전운전불이행,건조,맑음,단일로 - 기타,화물,남,61세,상해없음,승용,남,63세,경상
2020052900100746,2020년 5월 29일 23시,금요일,경상북도 구미시 신평동,중상사고,0,1,0,0,차대차 - 기타,신호위반,건조,맑음,교차로 - 교차로안,승용,남,23세,상해없음,승용,여,61세,중상
2020052900100747,2020년 5월 29일 23시,금요일,경상북도 구미시 고아읍,경상사고,0,0,1,0,차대차 - 추돌,안전운전불이행,건조,맑음,교차로 - 교차로안,승용,여,52세,상해없음,승용,남,27세,경상
2020053000100008,2020년 5월 30일 00시,토요일,경상북도 칠곡군 왜관읍,중상사고,0,1,0,0,차대사람 - 횡단중,보행자보호의무위반,건조,맑음,단일로 - 기타,승용,남,48세,상해없음,보행자,남,73세,중상
2020053000100076,2020년 5월 30일 05시,토요일,경상북도 청도군 화양읍,중상사고,0,1,0,0,차대차 - 추돌,안전운전불이행,건조,맑음,단일로 - 지하차도(도로)내,승용,남,57세,상해없음,농기계,남,71세,중상
2020053000100100,2020년 5월 30일 07시,토요일,경상북도 포항시 북구 죽도동,중상사고,0,1,0,0,차대차 - 측면충돌,직진우회전진행방해,건조,맑음,교차로 - 교차로안,이륜,남,70세,중상,승용,남,54세,상해없음
2020053000100101,2020년 5월 30일 07시,토요일,경상북도 포항시 북구 흥해읍,경상사고,0,0,1,0,차대차 - 측면충돌,안전운전불이행,건조,맑음,교차로 - 교차로부근,승용,남,55세,상해없음,승용,여,53세,경상
2020053000100102,2020년 5월 30일 07시,토요일,경상북도 성주군 초전면,중상사고,0,1,0,0,차대차 - 측면충돌,안전운전불이행,건조,맑음,단일로 - 기타,농기계,남,71세,상해없음,원동기,남,68세,중상
2020053000100120,2020년 5월 30일 08시,토요일,경상북도 포항시 북구 항구동,경상사고,0,0,1,0,차대차 - 기타,직진우회전진행방해,건조,맑음,교차로 - 교차로안,승용,남,64세,상해없음,자전거,남,48세,경상
2020053000100121,2020년 5월 30일 08시,토요일,경상북도 상주시 복룡동,중상사고,0,1,0,0,차대차 - 측면충돌,안전운전불이행,건조,맑음,단일로 - 기타,개인형이동수단(PM),남,19세,중상,화물,남,56세,상해없음
2020053000100157,2020년 5월 30일 09시,토요일,경상북도 영덕군 남정면,경상사고,0,0,1,0,차대차 - 추돌,안전거리미확보,건조,맑음,교차로 - 교차로안,승용,남,57세,상해없음,승용,남,67세,상해없음
2020053000100188,2020년 5월 30일 10시,토요일,경상북도 상주시 성동동,중상사고,0,1,0,0,차대차 - 측면충돌,안전운전불이행,건조,맑음,단일로 - 기타,승용,여,68세,상해없음,자전거,여,74세,중상
2020053000100189,2020년 5월 30일 10시,토요일,경상북도 울진군 울진읍,중상사고,0,1,0,0,차대사람 - 차도통행중,기타,건조,맑음,단일로 - 기타,승용,남,32세,상해없음,보행자,여,91세,중상
2020053000100190,2020년 5월 30일 10시,토요일,경상북도 구미시 해평면,중상사고,0,1,0,0,차대차 - 기타,안전운전불이행,건조,맑음,단일로 - 기타,화물,남,50세,상해없음,승용,남,22세,상해없음
2020053000100227,2020년 5월 30일 11시,토요일,경상북도 문경시 점촌동,경상사고,0,0,1,0,차대차 - 추돌,기타,건조,맑음,교차로 - 교차로부근,화물,남,47세,상해없음,승용,남,40세,경상
2020053000100228,2020년 5월 30일 11시,토요일,경상북도 경산시 남천면,경상사고,0,0,2,0,차대차 - 기타,안전운전불이행,건조,맑음,단일로 - 기타,건설기계,남,48세,상해없음,승용,여,52세,경상
2020053000100280,2020년 5월 30일 12시,토요일,경상북도 경주시 용강동,경상사고,0,0,1,0,차대차 - 측면충돌,안전운전불이행,건조,맑음,교차로 - 교차로횡단보도내,자전거,여,76세,경상,승용,남,25세,상해없음
2020053000100281,2020년 5월 30일 12시,토요일,경상북도 포항시 남구 연일읍,경상사고,0,0,1,0,차대차 - 기타,안전운전불이행,건조,맑음,단일로 - 기타,이륜,남,38세,경상,승용,남,54세,상해없음
2020053000100326,2020년 5월 30일 13시,토요일,경상북도 상주시 화북면,중상사고,0,1,0,0,차량단독 - 공작물충돌,안전운전불이행,건조,맑음,단일로 - 기타,농기계,남,60세,중상,,,,
2020053000100327,2020년 5월 30일 13시,토요일,경상북도 의성군 봉양면,중상사고,0,2,1,0,차대차 - 측면충돌,신호위반,건조,맑음,교차로 - 교차로안,승용,남,24세,경상,승용,남,46세,중상
2020053000100375,2020년 5월 30일 14시,토요일,경상북도 예천군 호명면,사망사고,1,0,0,0,차대차 - 측면충돌,직진우회전진행방해,건조,맑음,교차로 - 교차로안,화물,남,48세,상해없음,이륜,남,85세,사망
2020053000100406,2020년 5월 30일 15시,토요일,경상북도 포항시 북구 득량동,경상사고,0,0,2,0,차대차 - 기타,안전운전불이행,건조,맑음,단일로 - 기타,승용,남,66세,상해없음,승용,여,59세,경상
2020053000100449,2020년 5월 30일 16시,토요일,경상북도 포항시 북구 신광면,중상사고,0,1,0,0,차량단독 - 공작물충돌,안전운전불이행,건조,맑음,단일로 - 기타,화물,남,59세,중상,,,,
2020053000100450,2020년 5월 30일 16시,토요일,경상북도 영주시 가흥동,경상사고,0,0,1,0,차대차 - 기타,교차로운행방법위반,건조,맑음,교차로 - 교차로안,승용,남,18세,상해없음,이륜,여,45세,경상
2020053000100451,2020년 5월 30일 16시,토요일,경상북도 영주시 가흥동,경상사고,0,0,1,0,차대차 - 기타,교차로운행방법위반,건조,맑음,교차로 - 교차로안,승용,남,63세,상해없음,이륜,남,38세,경상
2020053000100492,2020년 5월 30일 17시,토요일,경상북도 안동시 송현동,경상사고,0,0,1,0,차대차 - 측면충돌,교차로운행방법위반,건조,맑음,교차로 - 교차로부근,승용,여,64세,상해없음,이륜,남,60세,경상
2020053000100493,2020년 5월 30일 17시,토요일,경상북도 포항시 남구 송도동,경상사고,0,0,4,0,차대차 - 기타,직진우회전진행방해,건조,맑음,교차로 - 교차로안,승용,남,57세,상해없음,승용,남,52세,경상
2020053000100524,2020년 5월 30일 18시,토요일,경상북도 구미시 선산읍,중상사고,0,1,0,0,차대차 - 측면충돌,안전운전불이행,건조,맑음,교차로 - 교차로안,승용,여,60세,상해없음,승용,남,76세,상해없음
2020053000100550,2020년 5월 30일 19시,토요일,경상북도 포항시 북구 죽도동,경상사고,0,0,2,0,차대차 - 측면충돌,교차로운행방법위반,건조,맑음,교차로 - 교차로부근,화물,남,58세,상해없음,승용,여,42세,경상
2020053000100551,2020년 5월 30일 19시,토요일,경상북도 영천시 망정동,경상사고,0,0,1,0,차대사람 - 횡단중,보행자보호의무위반,건조,맑음,교차로 - 교차로안,승용,남,52세,상해없음,보행자,남,44세,경상
2020053000100574,2020년 5월 30일 20시,토요일,경상북도 김천시 신음동,경상사고,0,0,1,0,차대차 - 측면충돌,안전운전불이행,건조,맑음,교차로 - 교차로안,승용,여,46세,상해없음,승용,남,26세,경상
2020053000100575,2020년 5월 30일 20시,토요일,경상북도 성주군 선남면,중상사고,0,1,1,0,차대차 - 기타,안전운전불이행,건조,맑음,교차로 - 교차로안,승용,남,50세,상해없음,승용,남,32세,경상
2020053000100635,2020년 5월 30일 22시,토요일,경상북도 안동시 남문동,경상사고,0,0,4,0,차대차 - 측면충돌,교차로운행방법위반,건조,맑음,교차로 - 교차로안,승용,남,53세,상해없음,승용,남,53세,경상
2020053000100636,2020년 5월 30일 22시,토요일,경상북도 김천시 신음동,중상사고,0,1,0,0,차량단독 - 기타,안전운전불이행,건조,맑음,교차로 - 교차로안,이륜,남,21세,중상,,,,
2020053000100637,2020년 5월 30일 22시,토요일,경상북도 칠곡군 동명면,경상사고,0,0,2,0,차대차 - 추돌,안전운전불이행,건조,맑음,단일로 - 기타,화물,남,43세,상해없음,승용,여,57세,경상
2020053100100034,2020년 5월 31일 02시,일요일,경상북도 구미시 선산읍,경상사고,0,0,2,0,차대차 - 측면충돌,안전운전불이행,건조,맑음,교차로 - 교차로부근,이륜,남,15세,상해없음,승합,남,31세,경상
2020053100100042,2020년 5월 31일 03시,일요일,경상북도 포항시 북구 두호동,중상사고,0,1,0,0,차대차 - 측면충돌,교차로운행방법위반,건조,맑음,교차로 - 교차로안,승용,남,18세,상해없음,승용,남,48세,중상
2020053100100068,2020년 5월 31일 06시,일요일,경상북도 칠곡군 석적읍,사망사고,1,0,0,0,차대사람 - 보도통행중,보행자보호의무위반,건조,맑음,교차로 - 교차로횡단보도내,승용,남,41세,상해없음,보행자,남,71세,사망
2020053100100073,2020년 5월 31일 07시,일요일,경상북도 영천시 청통면,중상사고,0,1,0,0,차량단독 - 도로외이탈 - 추락,안전운전불이행,건조,맑음,단일로 - 기타,농기계,남,76세,중상,,,,
2020053100100084,2020년 5월 31일 08시,일요일,경상북도 청도군 청도읍,중상사고,0,1,1,0,차대차 - 추돌,안전운전불이행,건조,맑음,단일로 - 기타,승용,여,33세,상해없음,승용,남,60세,경상
2020053100100113,2020년 5월 31일 10시,일요일,경상북도 상주시 낙양동,경상사고,0,0,1,0,차대차 - 측면충돌,교차로운행방법위반,건조,맑음,교차로 - 교차로안,승용,남,64세,상해없음,자전거,여,66세,경상
2020053100100144,2020년 5월 31일 11시,일요일,경상북도 영천시 금호읍,경상사고,0,0,2,0,차대차 - 정면충돌,안전운전불이행,건조,맑음,주차장 - 주차장,이륜,남,73세,경상,승용,남,38세,경상
2020053100100172,2020년 5월 31일 12시,일요일,경상북도 경주시 보문동,경상사고,0,0,2,0,차대차 - 측면충돌,안전운전불이행,건조,맑음,교차로 - 교차로안,승용,남,24세,경상,승용,남,23세,경상
2020053100100173,2020년 5월 31일 12시,일요일,경상북도 경산시 중방동,경상사고,0,0,2,2,차대차 - 측면충돌,안전거리미확보,건조,맑음,교차로 - 교차로안,승용,남,53세,상해없음,승용,남,20세,부상신고
2020053100100237,2020년 5월 31일 14시,일요일,경상북도 포항시 북구 환호동,경상사고,0,0,1,0,차대차 - 측면충돌,안전운전불이행,건조,맑음,교차로 - 교차로안,승용,남,41세,상해없음,개인형이동수단(PM),남,20세,상해없음
2020053100100264,2020년 5월 31일 15시,일요일,경상북도 김천시 신음동,중상사고,0,1,0,0,차량단독 - 공작물충돌,안전운전불이행,건조,맑음,단일로 - 기타,승용,여,62세,상해없음,,,,
2020053100100265,2020년 5월 31일 15시,일요일,경상북도 구미시 도개면,부상신고사고,0,0,0,1,차대차 - 기타,안전운전불이행,건조,맑음,단일로 - 기타,기타불명,남,41세,부상신고,화물,남,85세,기타불명
2020053100100266,2020년 5월 31일 15시,일요일,경상북도 포항시 남구 호미곶면,경상사고,0,0,4,3,차대차 - 기타,신호위반,건조,맑음,교차로 - 교차로안,승용,여,41세,부상신고,승용,남,48세,경상
2020053100100301,2020년 5월 31일 16시,일요일,경상북도 포항시 남구 호미곶면,부상신고사고,0,0,0,1,차량단독 - 전도전복 - 전복,안전운전불이행,건조,맑음,단일로 - 기타,승용,남,24세,부상신고,,,,
2020053100100339,2020년 5월 31일 17시,일요일,경상북도 경주시 외동읍,중상사고,0,1,1,0,차대차 - 측면충돌,신호위반,건조,맑음,교차로 - 교차로안,승용,남,41세,중상,승용,남,28세,경상
2020053100100340,2020년 5월 31일 17시,일요일,경상북도 포항시 북구 죽도동,경상사고,0,0,8,0,차대차 - 측면충돌,직진우회전진행방해,건조,맑음,교차로 - 교차로안,승용,여,41세,경상,승용,남,37세,경상
2020053100100341,2020년 5월 31일 17시,일요일,경상북도 경산시 진량읍,경상사고,0,0,4,0,차대차 - 측면충돌,신호위반,건조,맑음,교차로 - 교차로안,승용,남,60세,상해없음,승용,남,30세,경상
2020053100100368,2020년 5월 31일 18시,일요일,경상북도 경주시 황성동,경상사고,0,0,1,0,차대차 - 측면충돌,신호위반,건조,맑음,교차로 - 교차로안,승용,여,30세,상해없음,화물,남,49세,경상
2020053100100369,2020년 5월 31일 18시,일요일,경상북도 영천시 완산동,경상사고,0,0,1,0,차대사람 - 기타,안전운전불이행,건조,맑음,교차로 - 교차로안,승용,남,48세,상해없음,보행자,남,48세,경상
2020053100100370,2020년 5월 31일 18시,일요일,경상북도 경산시 압량면,경상사고,0,0,3,0,차대차 - 추돌,안전운전불이행,건조,맑음,교차로 - 교차로부근,승용,여,49세,상해없음,승용,여,43세,경상
2020053100100372,2020년 5월 31일 18시,일요일,경상북도 영천시 신기동,사망사고,3,0,1,0,차량단독 - 공작물충돌,과속,건조,맑음,단일로 - 기타,승용,남,25세,사망,,,,
2020053100100423,2020년 5월 31일 20시,일요일,경상북도 경주시 황성동,경상사고,0,0,1,0,차대차 - 측면충돌,중앙선침범,건조,맑음,단일로 - 기타,승용,남,30세,상해없음,이륜,남,30세,경상
2020053100100424,2020년 5월 31일 20시,일요일,경상북도 문경시 영순면,부상신고사고,0,0,0,2,차대차 - 측면충돌,중앙선침범,건조,맑음,단일로 - 기타,승용,남,44세,상해없음,승용,남,35세,부상신고
2020053100100469,2020년 5월 31일 22시,일요일,경상북도 포항시 북구 용흥동,중상사고,0,1,0,0,차대사람 - 차도통행중,안전운전불이행,건조,맑음,교차로 - 교차로부근,승용,여,57세,상해없음,보행자,여,45세,중상
2020053100100489,2020년 5월 31일 23시,일요일,경상북도 경주시 안강읍,경상사고,0,0,2,0,차대차 - 측면충돌,중앙선침범,건조,맑음,교차로 - 교차로부근,승용,남,34세,상해없음,승용,남,32세,경상
2020060100100011,2020년 6월 1일 00시,월요일,경상북도 영주시 가흥동,경상사고,0,0,1,0,차대차 - 측면충돌,안전운전불이행,건조,맑음,교차로 - 교차로안,이륜,남,54세,경상,승용,남,21세,상해없음
2020060100100025,2020년 6월 1일 03시,월요일,경상북도 포항시 북구 항구동,중상사고,0,1,0,0,차량단독 - 공작물충돌,안전운전불이행,건조,맑음,단일로 - 기타,승용,남,19세,기타불명,,,,
2020060100100045,2020년 6월 1일 05시,월요일,경상북도 칠곡군 북삼읍,중상사고,0,2,1,0,차대차 - 측면충돌,교차로운행방법위반,건조,맑음,교차로 - 교차로안,화물,남,80세,경상,승용,남,59세,중상
2020060100100107,2020년 6월 1일 08시,월요일,경상북도 포항시 북구 죽도동,경상사고,0,0,2,0,차대차 - 측면충돌,안전운전불이행,건조,맑음,단일로 - 기타,승용,여,54세,경상,승용,남,71세,경상
2020060100100108,2020년 6월 1일 08시,월요일,경상북도 안동시 옥동,부상신고사고,0,0,0,1,차대차 - 측면충돌,안전운전불이행,건조,맑음,교차로 - 교차로안,승용,여,57세,상해없음,자전거,남,61세,부상신고
2020060100100109,2020년 6월 1일 08시,월요일,경상북도 칠곡군 석적읍,부상신고사고,0,0,0,1,차대차 - 측면충돌,안전운전불이행,건조,맑음,교차로 - 교차로안,이륜,남,73세,부상신고,화물,남,37세,상해없음
2020060100100145,2020년 6월 1일 09시,월요일,경상북도 경주시 충효동,경상사고,0,0,1,0,차대차 - 추돌,안전운전불이행,건조,맑음,교차로 - 교차로부근,승용,남,72세,상해없음,승용,여,38세,경상
2020060100100146,2020년 6월 1일 09시,월요일,경상북도 경산시 중방동,경상사고,0,0,1,0,차대차 - 추돌,안전운전불이행,건조,맑음,단일로 - 기타,승용,남,77세,상해없음,승용,남,45세,경상
2020060100100220,2020년 6월 1일 11시,월요일,경상북도 영양군 청기면,경상사고,0,0,1,0,차대차 - 측면충돌,안전운전불이행,건조,맑음,단일로 - 교량,화물,남,57세,상해없음,개인형이동수단(PM),여,78세,경상
2020060100100221,2020년 6월 1일 11시,월요일,경상북도 포항시 남구 구룡포읍,경상사고,0,0,2,0,차대차 - 기타,안전운전불이행,건조,맑음,단일로 - 기타,화물,남,53세,상해없음,이륜,남,83세,경상
2020060100100261,2020년 6월 1일 12시,월요일,경상북도 영천시 금노동,경상사고,0,0,1,0,차대차 - 정면충돌,중앙선침범,건조,맑음,단일로 - 기타,승용,남,29세,상해없음,승합,남,65세,경상
2020060100100262,2020년 6월 1일 12시,월요일,경상북도 문경시 모전동,경상사고,0,0,1,0,차대차 - 측면충돌,안전거리미확보,건조,맑음,단일로 - 기타,화물,남,60세,상해없음,승용,남,65세,경상
2020060100100263,2020년 6월 1일 12시,월요일,경상북도 문경시 모전동,경상사고,0,0,1,0,차대차 - 기타,안전거리미확보,건조,흐림,단일로 - 기타,승용,여,42세,상해없음,이륜,남,32세,경상
2020060100100306,2020년 6월 1일 13시,월요일,경상북도 경주시 시래동,경상사고,0,0,1,0,차대차 - 측면충돌,안전운전불이행,건조,맑음,단일로 - 기타,화물,남,48세,상해없음,승용,여,50세,경상
2020060100100307,2020년 6월 1일 13시,월요일,경상북도 영천시 완산동,중상사고,0,1,0,0,차대사람 - 길가장자리구역통행중,안전운전불이행,건조,맑음,단일로 - 기타,승용,여,24세,상해없음,보행자,남,47세,중상
2020060100100308,2020년 6월 1일 13시,월요일,경상북도 성주군 성주읍,경상사고,0,0,1,0,차대차 - 측면충돌,안전운전불이행,건조,맑음,교차로 - 교차로안,승용,남,32세,상해없음,승용,남,28세,경상
2020060100100309,2020년 6월 1일 13시,월요일,경상북도 구미시 고아읍,중상사고,0,1,0,0,차대차 - 기타,안전운전불이행,건조,맑음,교차로 - 교차로부근,화물,남,34세,상해없음,이륜,남,39세,중상
2020060100100310,2020년 6월 1일 13시,월요일,경상북도 포항시 남구 인덕동,경상사고,0,0,4,0,차대차 - 측면충돌,직진우회전진행방해,건조,맑음,교차로 - 교차로안,승용,남,30세,경상,승용,여,27세,경상
2020060100100354,2020년 6월 1일 14시,월요일,경상북도 경주시 구황동,경상사고,0,0,1,0,차대차 - 추돌,안전운전불이행,건조,맑음,교차로 - 교차로부근,승용,남,41세,상해없음,승용,남,50세,경상
2020060100100355,2020년 6월 1일 14시,월요일,경상북도 김천시 어모면,경상사고,0,0,1,0,차대차 - 정면충돌,중앙선침범,건조,맑음,단일로 - 기타,화물,남,58세,경상,화물,남,47세,상해없음
2020060100100408,2020년 6월 1일 15시,월요일,경상북도 상주시 가장동,사망사고,1,0,0,0,차대차 - 추돌,안전운전불이행,건조,맑음,단일로 - 기타,화물,남,55세,사망,화물,남,45세,상해없음
2020060100100458,2020년 6월 1일 16시,월요일,경상북도 상주시 사벌면,중상사고,0,1,0,0,차대차 - 측면충돌,교차로운행방법위반,건조,맑음,교차로 - 교차로안,건설기계,남,51세,상해없음,이륜,남,67세,중상
2020060100100459,2020년 6월 1일 16시,월요일,경상북도 청도군 풍각면,경상사고,0,0,1,0,차대차 - 측면충돌,직진우회전진행방해,건조,맑음,교차로 - 교차로안,승용,남,57세,상해없음,이륜,남,73세,경상
2020060100100460,2020년 6월 1일 16시,월요일,경상북도 구미시 옥계동,경상사고,0,0,1,0,차대차 - 측면충돌,안전운전불이행,건조,맑음,단일로 - 기타,승용,여,37세,기타불명,승용,여,25세,경상
2020060100100512,2020년 6월 1일 17시,월요일,경상북도 경주시 사정동,중상사고,0,1,0,0,차대차 - 측면충돌,신호위반,건조,맑음,교차로 - 교차로안,승용,남,55세,상해없음,승용,남,23세,중상
2020060100100513,2020년 6월 1일 17시,월요일,경상북도 김천시 신음동,부상신고사고,0,0,0,1,차대차 - 측면충돌,안전운전불이행,건조,맑음,단일로 - 기타,승용,남,32세,상해없음,자전거,남,8세,부상신고
2020060100100514,2020년 6월 1일 17시,월요일,경상북도 의성군 의성읍,경상사고,0,0,1,0,차량단독 - 공작물충돌,안전운전불이행,건조,맑음,단일로 - 기타,승용,남,35세,경상,,,,
2020060100100515,2020년 6월 1일 17시,월요일,경상북도 영천시 북안면,중상사고,0,1,0,0,차대차 - 측면충돌,안전운전불이행,건조,맑음,단일로 - 기타,이륜,남,79세,중상,화물,남,54세,기타불명
2020060100100516,2020년 6월 1일 17시,월요일,경상북도 경산시 남산면,경상사고,0,0,1,0,차대차 - 측면충돌,안전운전불이행,건조,맑음,단일로 - 기타,승용,남,72세,상해없음,이륜,남,42세,경상
2020060100100517,2020년 6월 1일 17시,월요일,경상북도 성주군 성주읍,경상사고,0,0,1,0,차대차 - 측면충돌,안전운전불이행,건조,맑음,교차로 - 교차로안,승용,여,31세,상해없음,승용,여,39세,경상
2020060100100518,2020년 6월 1일 17시,월요일,경상북도 구미시 고아읍,경상사고,0,0,1,0,차대차 - 측면충돌,기타,건조,맑음,교차로 - 교차로부근,승용,여,38세,상해없음,자전거,남,11세,경상
2020060100100519,2020년 6월 1일 17시,월요일,경상북도 구미시 원평동,경상사고,0,0,1,0,차대차 - 기타,안전운전불이행,건조,맑음,교차로 - 교차로부근,화물,남,66세,상해없음,승용,여,31세,경상
2020060100100520,2020년 6월 1일 17시,월요일,경상북도 구미시 선산읍,경상사고,0,0,1,0,차대차 - 측면충돌,직진우회전진행방해,건조,맑음,교차로 - 교차로안,승용,남,48세,상해없음,승용,여,66세,경상
2020060100100587,2020년 6월 1일 18시,월요일,경상북도 안동시 풍산읍,경상사고,0,0,3,0,차대차 - 추돌,안전운전불이행,건조,맑음,교차로 - 교차로부근,승용,여,46세,상해없음,승용,남,38세,경상
2020060100100588,2020년 6월 1일 18시,월요일,경상북도 상주시 신봉동,경상사고,0,0,1,0,차대차 - 측면충돌,신호위반,건조,맑음,교차로 - 교차로안,화물,남,55세,상해없음,화물,남,40세,경상
2020060100100652,2020년 6월 1일 20시,월요일,경상북도 구미시 신평동,경상사고,0,0,1,0,차대차 - 기타,안전운전불이행,건조,맑음,단일로 - 기타,승용,남,78세,기타불명,승용,여,57세,경상
2020060100100676,2020년 6월 1일 21시,월요일,경상북도 김천시 율곡동,경상사고,0,0,1,0,차대사람 - 차도통행중,안전운전불이행,건조,맑음,단일로 - 기타,승용,여,51세,상해없음,보행자,여,42세,경상
2020060100100705,2020년 6월 1일 22시,월요일,경상북도 포항시 북구 죽도동,경상사고,0,0,3,0,차대차 - 기타,안전운전불이행,건조,맑음,단일로 - 기타,승용,남,19세,상해없음,승용,여,33세,경상
2020060100100706,2020년 6월 1일 22시,월요일,경상북도 김천시 율곡동,경상사고,0,0,2,0,차대차 - 측면충돌,안전운전불이행,건조,맑음,단일로 - 기타,승용,남,48세,상해없음,승용,여,20세,경상
2020060100100733,2020년 6월 1일 23시,월요일,경상북도 영주시 안정면,경상사고,0,0,1,0,차대사람 - 기타,안전운전불이행,건조,맑음,기타 - 기타,승용,남,58세,상해없음,보행자,남,34세,경상
2020060200100012,2020년 6월 2일 01시,화요일,경상북도 포항시 북구 죽도동,경상사고,0,0,1,0,차대차 - 측면충돌,중앙선침범,건조,맑음,단일로 - 기타,승용,남,62세,상해없음,원동기,남,60세,경상
2020060200100048,2020년 6월 2일 06시,화요일,경상북도 포항시 북구 항구동,중상사고,0,1,0,0,차대차 - 측면충돌,안전운전불이행,건조,맑음,단일로 - 기타,화물,남,47세,상해없음,자전거,남,58세,중상
2020060200100062,2020년 6월 2일 07시,화요일,경상북도 포항시 남구 대잠동,경상사고,0,0,1,0,차대차 - 기타,교차로운행방법위반,건조,맑음,교차로 - 교차로안,승용,남,75세,상해없음,이륜,남,71세,경상
2020060200100101,2020년 6월 2일 08시,화요일,경상북도 경주시 외동읍,중상사고,0,1,1,0,차대차 - 측면충돌,신호위반,건조,맑음,교차로 - 교차로안,화물,남,51세,경상,승용,여,58세,중상
2020060200100102,2020년 6월 2일 08시,화요일,경상북도 포항시 북구 덕수동,경상사고,0,0,1,0,차대사람 - 차도통행중,안전운전불이행,건조,맑음,단일로 - 기타,화물,남,69세,상해없음,보행자,여,23세,경상
2020060200100103,2020년 6월 2일 08시,화요일,경상북도 영주시 하망동,중상사고,0,1,1,0,차대차 - 정면충돌,안전운전불이행,건조,맑음,단일로 - 기타,승용,남,70세,경상,승용,남,73세,중상
2020060200100104,2020년 6월 2일 08시,화요일,경상북도 영천시 화산면,중상사고,0,1,4,0,차대차 - 측면충돌,안전운전불이행,건조,맑음,단일로 - 기타,승용,남,79세,경상,승용,남,35세,경상
2020060200100105,2020년 6월 2일 08시,화요일,경상북도 문경시 점촌동,경상사고,0,0,2,0,차대차 - 측면충돌,직진우회전진행방해,건조,맑음,교차로 - 교차로안,이륜,여,59세,경상,승용,남,67세,경상
2020060200100106,2020년 6월 2일 08시,화요일,경상북도 경산시 옥곡동,경상사고,0,0,2,0,차대차 - 측면충돌,안전운전불이행,건조,맑음,교차로 - 교차로안,승용,남,37세,상해없음,승용,남,61세,경상
2020060200100107,2020년 6월 2일 08시,화요일,경상북도 포항시 남구 오천읍,경상사고,0,0,3,0,차대차 - 측면충돌,직진우회전진행방해,건조,맑음,교차로 - 교차로안,승용,남,39세,경상,승용,여,23세,경상
2020060200100142,2020년 6월 2일 09시,화요일,경상북도 경주시 황오동,중상사고,0,1,1,0,차대차 - 측면충돌,신호위반,건조,맑음,교차로 - 교차로안,승용,여,45세,상해없음,승용,여,27세,경상
2020060200100143,2020년 6월 2일 09시,화요일,경상북도 포항시 북구 양덕동,경상사고,0,0,2,0,차대차 - 측면충돌,안전운전불이행,건조,맑음,단일로 - 기타,승용,남,61세,상해없음,승용,여,39세,경상
2020060200100144,2020년 6월 2일 09시,화요일,경상북도 고령군 성산면,경상사고,0,0,1,0,차대차 - 기타,안전운전불이행,건조,맑음,단일로 - 터널,화물,남,51세,상해없음,건설기계,남,58세,경상
2020060200100179,2020년 6월 2일 10시,화요일,경상북도 포항시 북구 동빈1가,중상사고,0,1,0,0,차대차 - 측면충돌,안전운전불이행,건조,맑음,교차로 - 교차로안,승용,여,59세,상해없음,승용,여,59세,중상
2020060200100180,2020년 6월 2일 10시,화요일,경상북도 영덕군 달산면,중상사고,0,1,0,0,차량단독 - 공작물충돌,안전운전불이행,건조,맑음,단일로 - 기타,승용,남,59세,중상,,,,
2020060200100206,2020년 6월 2일 11시,화요일,경상북도 포항시 북구 청하면,중상사고,0,1,0,0,차대차 - 추돌,안전운전불이행,건조,맑음,단일로 - 기타,화물,남,29세,상해없음,승용,여,52세,중상
2020060200100207,2020년 6월 2일 11시,화요일,경상북도 의성군 의성읍,경상사고,0,0,1,0,차대차 - 측면충돌,안전운전불이행,건조,맑음,기타 - 기타,화물,남,58세,상해없음,자전거,여,11세,경상
2020060200100208,2020년 6월 2일 11시,화요일,경상북도 예천군 용궁면,중상사고,0,1,0,0,차대차 - 추돌,안전운전불이행,건조,맑음,단일로 - 기타,화물,남,67세,상해없음,이륜,남,82세,중상
2020060200100219,2020년 6월 2일 11시,화요일,경상북도 경산시 중산동,경상사고,0,0,3,0,차대차 - 측면충돌,안전운전불이행,건조,맑음,기타 - 기타,승용,여,62세,상해없음,승용,남,48세,경상
2020060200100260,2020년 6월 2일 12시,화요일,경상북도 예천군 예천읍,중상사고,0,1,0,0,차대사람 - 차도통행중,안전운전불이행,건조,맑음,단일로 - 기타,화물,남,69세,상해없음,보행자,남,37세,중상
2020060200100302,2020년 6월 2일 13시,화요일,경상북도 김천시 율곡동,경상사고,0,0,1,0,차대차 - 기타,신호위반,건조,맑음,교차로 - 교차로안,승용,여,64세,상해없음,이륜,남,27세,경상
2020060200100303,2020년 6월 2일 13시,화요일,경상북도 칠곡군 북삼읍,중상사고,0,1,0,0,차대차 - 측면충돌,신호위반,건조,맑음,교차로 - 교차로안,승용,남,50세,상해없음,이륜,남,30세,중상
2020060200100304,2020년 6월 2일 13시,화요일,경상북도 칠곡군 북삼읍,경상사고,0,0,2,0,차대차 - 추돌,안전운전불이행,건조,흐림,교차로 - 교차로부근,승용,남,50세,상해없음,화물,남,52세,경상