사고번호,사고일시,요일,시군구,사고내용,사망자수,중상자수,경상자수,부상신고자수,사고유형,법규위반,노면상태,기상상태,도로형태,가해운전자 차종,가해운전자 성별,가해운전자 연령,가해운전자 상해정도,피해운전자 차종,피해운전자 성별,피해운전자 연령,피해운전자 상해정도
2020060200100305,2020년 6월 2일 13시,화요일,경상북도 칠곡군 왜관읍,경상사고,0,0,1,0,차대차 - 기타,안전운전불이행,건조,맑음,교차로 - 교차로안,이륜,여,45세,경상,승용,남,59세,상해없음
2020060200100306,2020년 6월 2일 13시,화요일,경상북도 경산시 조영동,경상사고,0,0,2,0,차대차 - 측면충돌,과속,건조,맑음,단일로 - 지하차도(도로)내,승용,남,49세,경상,화물,남,55세,경상
2020060200100307,2020년 6월 2일 13시,화요일,경상북도 구미시 장천면,경상사고,0,0,1,0,차대차 - 측면충돌,중앙선침범,건조,흐림,단일로 - 기타,화물,남,52세,상해없음,승용,남,58세,경상
2020060200100341,2020년 6월 2일 14시,화요일,경상북도 포항시 북구 항구동,중상사고,0,1,0,0,차대차 - 기타,안전운전불이행,건조,맑음,교차로 - 교차로안,승용,여,44세,상해없음,화물,남,46세,중상
2020060200100342,2020년 6월 2일 14시,화요일,경상북도 안동시 옥동,경상사고,0,0,2,0,차대차 - 측면충돌,안전운전불이행,건조,맑음,단일로 - 기타,승용,남,77세,상해없음,승용,남,59세,경상
2020060200100343,2020년 6월 2일 14시,화요일,경상북도 구미시 원평동,경상사고,0,0,1,0,차대사람 - 기타,안전운전불이행,건조,맑음,단일로 - 기타,화물,남,59세,상해없음,보행자,남,62세,경상
2020060200100377,2020년 6월 2일 15시,화요일,경상북도 포항시 남구 일월동,경상사고,0,0,2,0,차대차 - 측면충돌,기타,건조,맑음,교차로 - 교차로부근,특수,남,55세,경상,승용,남,74세,경상
2020060200100420,2020년 6월 2일 16시,화요일,경상북도 포항시 북구 죽도동,경상사고,0,0,1,0,차대차 - 측면충돌,중앙선침범,건조,맑음,단일로 - 기타,승용,남,46세,상해없음,이륜,남,23세,경상
2020060200100421,2020년 6월 2일 16시,화요일,경상북도 영천시 망정동,경상사고,0,0,1,0,차대차 - 측면충돌,안전거리미확보,건조,맑음,교차로 - 교차로안,이륜,남,77세,경상,화물,남,48세,상해없음
2020060200100456,2020년 6월 2일 17시,화요일,경상북도 칠곡군 석적읍,경상사고,0,0,1,0,차대차 - 측면충돌,안전운전불이행,건조,맑음,교차로 - 교차로안,화물,남,49세,상해없음,승용,남,36세,경상
2020060200100457,2020년 6월 2일 17시,화요일,경상북도 영덕군 남정면,중상사고,0,2,0,0,차대차 - 측면충돌,교차로운행방법위반,건조,맑음,교차로 - 교차로안,화물,남,58세,중상,승용,여,62세,중상
2020060200100458,2020년 6월 2일 17시,화요일,경상북도 성주군 성주읍,경상사고,0,0,1,0,차대차 - 측면충돌,안전운전불이행,건조,맑음,교차로 - 교차로안,승용,남,44세,상해없음,승용,여,60세,경상
2020060200100490,2020년 6월 2일 18시,화요일,경상북도 경주시 안강읍,경상사고,0,0,2,0,차대차 - 추돌,안전운전불이행,건조,맑음,교차로 - 교차로안,승용,남,28세,상해없음,승용,남,19세,경상
2020060200100491,2020년 6월 2일 18시,화요일,경상북도 안동시 대석동,경상사고,0,0,1,0,차대차 - 기타,안전운전불이행,건조,맑음,교차로 - 교차로부근,승합,남,37세,상해없음,승용,여,68세,경상
2020060200100492,2020년 6월 2일 18시,화요일,경상북도 영주시 휴천동,경상사고,0,0,2,0,차대차 - 측면충돌,교차로운행방법위반,건조,맑음,교차로 - 교차로안,승용,여,39세,경상,승합,남,85세,상해없음
2020060200100547,2020년 6월 2일 20시,화요일,경상북도 김천시 용두동,경상사고,0,0,1,0,차대차 - 측면충돌,신호위반,건조,맑음,교차로 - 교차로안,이륜,남,23세,경상,승용,남,26세,상해없음
2020060200100574,2020년 6월 2일 21시,화요일,경상북도 칠곡군 석적읍,중상사고,0,1,0,0,차량단독 - 공작물충돌,안전운전불이행,건조,맑음,단일로 - 기타,이륜,남,53세,중상,,,,
2020060200100617,2020년 6월 2일 23시,화요일,경상북도 포항시 북구 양덕동,경상사고,0,0,1,0,차대차 - 측면충돌,안전운전불이행,건조,맑음,단일로 - 기타,승용,남,56세,상해없음,승용,여,43세,상해없음
2020060200100618,2020년 6월 2일 23시,화요일,경상북도 김천시 부곡동,중상사고,0,1,0,0,차대사람 - 차도통행중,안전운전불이행,건조,맑음,단일로 - 기타,승용,남,57세,상해없음,보행자,남,30세,중상
2020060300100008,2020년 6월 3일 00시,수요일,경상북도 김천시 부곡동,경상사고,0,0,1,0,차대차 - 추돌,안전운전불이행,건조,맑음,단일로 - 기타,승용,남,49세,상해없음,승용,남,28세,경상
2020060300100009,2020년 6월 3일 00시,수요일,경상북도 문경시 모전동,중상사고,0,2,3,0,차대차 - 측면충돌,직진우회전진행방해,건조,맑음,교차로 - 교차로안,승용,남,22세,경상,승용,남,67세,중상
2020060300100010,2020년 6월 3일 00시,수요일,경상북도 구미시 광평동,경상사고,0,0,1,0,차대사람 - 기타,안전운전불이행,건조,맑음,단일로 - 기타,승용,남,41세,상해없음,보행자,남,58세,경상
2020060300100011,2020년 6월 3일 00시,수요일,경상북도 문경시 유곡동,경상사고,0,0,1,0,차대차 - 추돌,안전운전불이행,건조,맑음,단일로 - 기타,화물,남,67세,상해없음,특수,남,57세,경상
2020060300100040,2020년 6월 3일 04시,수요일,경상북도 안동시 정하동,경상사고,0,0,1,0,차대차 - 기타,안전운전불이행,건조,맑음,교차로 - 교차로안,이륜,남,30세,경상,승용,여,59세,상해없음
2020060300100053,2020년 6월 3일 06시,수요일,경상북도 영덕군 남정면,경상사고,0,0,2,0,차대차 - 측면충돌,신호위반,건조,맑음,교차로 - 교차로안,승용,남,53세,경상,화물,여,61세,경상
2020060300100069,2020년 6월 3일 07시,수요일,경상북도 경주시 현곡면,경상사고,0,0,2,0,차대차 - 측면충돌,중앙선침범,건조,맑음,단일로 - 교량,승용,여,30세,상해없음,승합,남,50세,경상
2020060300100070,2020년 6월 3일 07시,수요일,경상북도 포항시 북구 득량동,중상사고,0,1,0,0,차대차 - 측면충돌,신호위반,건조,맑음,교차로 - 교차로부근,자전거,남,65세,중상,승용,여,25세,상해없음
2020060300100071,2020년 6월 3일 07시,수요일,경상북도 군위군 의흥면,경상사고,0,0,1,0,차대사람 - 횡단중,보행자보호의무위반,건조,맑음,교차로 - 교차로횡단보도내,승용,남,64세,상해없음,보행자,남,87세,경상
2020060300100099,2020년 6월 3일 08시,수요일,경상북도 경주시 황오동,경상사고,0,0,1,1,차대차 - 측면충돌,직진우회전진행방해,건조,맑음,교차로 - 교차로안,승용,남,29세,부상신고,승용,남,54세,경상
2020060300100100,2020년 6월 3일 08시,수요일,경상북도 김천시 덕곡동,경상사고,0,0,1,0,차대차 - 추돌,안전운전불이행,건조,맑음,교차로 - 교차로안,승용,남,44세,상해없음,승용,여,53세,경상
2020060300100101,2020년 6월 3일 08시,수요일,경상북도 청도군 화양읍,중상사고,0,1,0,0,차대사람 - 기타,안전운전불이행,건조,맑음,단일로 - 기타,승용,남,32세,상해없음,보행자,남,48세,중상
2020060300100102,2020년 6월 3일 08시,수요일,경상북도 구미시 옥계동,경상사고,0,0,1,0,차대차 - 추돌,안전운전불이행,건조,맑음,단일로 - 터널,승용,남,34세,상해없음,승용,여,40세,경상
2020060300100138,2020년 6월 3일 09시,수요일,경상북도 상주시 계산동,경상사고,0,0,1,0,차대차 - 측면충돌,안전운전불이행,건조,맑음,교차로 - 교차로부근,자전거,남,12세,경상,승용,남,66세,상해없음
2020060300100157,2020년 6월 3일 10시,수요일,경상북도 안동시 풍산읍,경상사고,0,0,1,0,차대차 - 추돌,안전운전불이행,건조,맑음,교차로 - 교차로안,화물,남,64세,상해없음,승용,여,51세,경상
2020060300100158,2020년 6월 3일 10시,수요일,경상북도 예천군 지보면,중상사고,0,1,0,0,차대차 - 측면충돌,안전운전불이행,건조,맑음,단일로 - 기타,사륜오토바이(ATV),여,71세,중상,화물,남,42세,상해없음
2020060300100194,2020년 6월 3일 11시,수요일,경상북도 경주시 성동동,중상사고,0,1,0,0,차대차 - 측면충돌,신호위반,건조,맑음,단일로 - 기타,승용,여,41세,상해없음,승용,여,30세,중상
2020060300100195,2020년 6월 3일 11시,수요일,경상북도 포항시 북구 여천동,경상사고,0,0,1,0,차대차 - 측면충돌,안전운전불이행,건조,맑음,단일로 - 기타,자전거,남,72세,경상,화물,남,54세,상해없음
2020060300100196,2020년 6월 3일 11시,수요일,경상북도 문경시 흥덕동,사망사고,1,0,0,0,차대차 - 기타,신호위반,건조,맑음,교차로 - 교차로안,자전거,남,61세,사망,화물,남,47세,상해없음
2020060300100223,2020년 6월 3일 12시,수요일,경상북도 문경시 점촌동,경상사고,0,0,1,0,차대사람 - 횡단중,보행자보호의무위반,건조,맑음,교차로 - 교차로횡단보도내,승용,남,55세,상해없음,보행자,남,67세,경상
2020060300100225,2020년 6월 3일 12시,수요일,경상북도 포항시 남구 인덕동,경상사고,0,0,1,0,차대차 - 측면충돌,안전운전불이행,건조,맑음,교차로 - 교차로안,자전거,남,39세,경상,승용,남,65세,상해없음
2020060300100256,2020년 6월 3일 13시,수요일,경상북도 경주시 내남면,중상사고,0,1,0,0,차대차 - 후진중충돌,기타,건조,맑음,교차로 - 교차로부근,건설기계,남,43세,상해없음,화물,남,56세,중상
2020060300100257,2020년 6월 3일 13시,수요일,경상북도 경산시 중방동,부상신고사고,0,0,0,1,차대사람 - 기타,안전운전불이행,건조,맑음,단일로 - 기타,기타불명,기타불명,미분류,기타불명,보행자,여,70세,부상신고
2020060300100258,2020년 6월 3일 13시,수요일,경상북도 고령군 쌍림면,중상사고,0,1,0,0,차대차 - 측면충돌,교차로운행방법위반,건조,맑음,교차로 - 교차로안,건설기계,남,55세,상해없음,이륜,남,68세,중상
2020060300100259,2020년 6월 3일 13시,수요일,경상북도 포항시 남구 대도동,부상신고사고,0,0,0,1,차대차 - 측면충돌,안전운전불이행,건조,맑음,교차로 - 교차로안,이륜,남,52세,부상신고,승용,남,25세,상해없음
2020060300100293,2020년 6월 3일 14시,수요일,경상북도 칠곡군 왜관읍,중상사고,0,1,0,0,차대차 - 기타,신호위반,건조,맑음,교차로 - 교차로안,화물,남,64세,상해없음,승용,남,29세,중상
2020060300100294,2020년 6월 3일 14시,수요일,경상북도 포항시 남구 연일읍,경상사고,0,0,1,3,차대차 - 측면충돌,기타,건조,맑음,교차로 - 교차로안,승용,여,46세,경상,승용,남,18세,부상신고
2020060300100337,2020년 6월 3일 15시,수요일,경상북도 포항시 남구 대송면,부상신고사고,0,0,0,1,차대차 - 기타,신호위반,건조,맑음,교차로 - 교차로안,이륜,남,69세,부상신고,승용,남,69세,상해없음
2020060300100421,2020년 6월 3일 17시,수요일,경상북도 안동시 상아동,경상사고,0,0,1,0,차대차 - 기타,중앙선침범,건조,맑음,단일로 - 기타,승용,여,48세,상해없음,승용,남,58세,경상
2020060300100422,2020년 6월 3일 17시,수요일,경상북도 칠곡군 석적읍,경상사고,0,0,1,1,차대차 - 측면충돌,직진우회전진행방해,건조,맑음,교차로 - 교차로안,승용,여,47세,부상신고,승용,여,30세,경상
2020060300100423,2020년 6월 3일 17시,수요일,경상북도 영천시 문외동,경상사고,0,0,1,0,차대사람 - 횡단중,보행자보호의무위반,건조,맑음,단일로 - 기타,승용,남,78세,상해없음,보행자,여,42세,경상
2020060300100483,2020년 6월 3일 18시,수요일,경상북도 안동시 광석동,중상사고,0,1,0,0,차대사람 - 횡단중,보행자보호의무위반,건조,맑음,교차로 - 교차로횡단보도내,승용,여,42세,상해없음,보행자,남,50세,중상
2020060300100484,2020년 6월 3일 18시,수요일,경상북도 의성군 의성읍,중상사고,0,1,0,0,차대차 - 측면충돌,직진우회전진행방해,건조,맑음,교차로 - 교차로안,화물,남,44세,상해없음,승용,남,39세,중상
2020060300100485,2020년 6월 3일 18시,수요일,경상북도 예천군 개포면,중상사고,0,2,0,0,차량단독 - 공작물충돌,안전운전불이행,건조,맑음,교차로 - 교차로안,승용,남,22세,중상,,,,
2020060300100525,2020년 6월 3일 19시,수요일,경상북도 김천시 아포읍,경상사고,0,0,1,0,차대사람 - 길가장자리구역통행중,안전운전불이행,건조,맑음,단일로 - 기타,승용,여,47세,상해없음,보행자,여,57세,경상
2020060300100526,2020년 6월 3일 19시,수요일,경상북도 구미시 원평동,경상사고,0,0,1,0,차대사람 - 기타,안전운전불이행,건조,맑음,단일로 - 기타,승용,여,53세,상해없음,보행자,남,42세,경상
2020060300100527,2020년 6월 3일 19시,수요일,경상북도 구미시 공단동,경상사고,0,0,1,0,차대차 - 기타,안전운전불이행,건조,맑음,교차로 - 교차로부근,승용,남,32세,상해없음,이륜,남,26세,경상
2020060300100552,2020년 6월 3일 20시,수요일,경상북도 경주시 황성동,경상사고,0,0,1,0,차대사람 - 기타,안전운전불이행,건조,맑음,단일로 - 기타,자전거,여,18세,상해없음,보행자,여,57세,경상
2020060300100553,2020년 6월 3일 20시,수요일,경상북도 영천시 청통면,경상사고,0,0,1,0,차대사람 - 길가장자리구역통행중,안전운전불이행,건조,맑음,단일로 - 기타,승용,남,57세,상해없음,보행자,남,70세,경상
2020060300100599,2020년 6월 3일 22시,수요일,경상북도 경산시 대평동,경상사고,0,0,1,0,차대차 - 추돌,안전운전불이행,건조,맑음,교차로 - 교차로부근,이륜,남,20세,상해없음,이륜,남,25세,경상
2020060300100600,2020년 6월 3일 22시,수요일,경상북도 포항시 남구 대도동,중상사고,0,1,0,0,차대차 - 측면충돌,교차로운행방법위반,건조,맑음,단일로 - 기타,승용,남,40세,상해없음,이륜,남,28세,중상
2020060300100621,2020년 6월 3일 23시,수요일,경상북도 경주시 용강동,부상신고사고,0,0,0,1,차량단독 - 공작물충돌,안전운전불이행,건조,맑음,교차로 - 교차로안,승용,남,37세,부상신고,,,,
2020060300100622,2020년 6월 3일 23시,수요일,경상북도 구미시 광평동,경상사고,0,0,1,0,차량단독 - 공작물충돌,안전운전불이행,건조,맑음,교차로 - 교차로안,승용,여,28세,경상,,,,
2020060400100007,2020년 6월 4일 00시,목요일,경상북도 영주시 휴천동,중상사고,0,2,0,0,차대사람 - 기타,안전운전불이행,건조,맑음,단일로 - 기타,승용,남,57세,상해없음,보행자,남,20세,중상
2020060400100008,2020년 6월 4일 00시,목요일,경상북도 영천시 문외동,경상사고,0,0,1,0,차대차 - 측면충돌,안전운전불이행,건조,맑음,단일로 - 기타,승용,남,57세,상해없음,이륜,남,16세,경상
2020060400100009,2020년 6월 4일 00시,목요일,경상북도 경산시 와촌면,중상사고,0,2,1,0,차량단독 - 공작물충돌,안전운전불이행,건조,맑음,단일로 - 기타,승용,남,22세,중상,,,,
2020060400100034,2020년 6월 4일 03시,목요일,경상북도 포항시 북구 덕수동,경상사고,0,0,1,0,차대차 - 측면충돌,신호위반,건조,맑음,교차로 - 교차로부근,승용,남,51세,상해없음,화물,여,51세,경상
2020060400100044,2020년 6월 4일 05시,목요일,경상북도 포항시 북구 죽도동,경상사고,0,0,1,0,차대차 - 기타,신호위반,건조,맑음,교차로 - 교차로안,승합,남,67세,상해없음,승용,여,49세,경상
2020060400100076,2020년 6월 4일 07시,목요일,경상북도 영천시 망정동,중상사고,0,1,0,0,차대사람 - 횡단중,보행자보호의무위반,건조,맑음,단일로 - 기타,승용,남,51세,상해없음,보행자,여,69세,중상
2020060400100102,2020년 6월 4일 08시,목요일,경상북도 상주시 남성동,경상사고,0,0,1,0,차대차 - 측면충돌,교차로운행방법위반,건조,맑음,교차로 - 교차로안,승용,남,35세,상해없음,자전거,여,17세,경상
2020060400100190,2020년 6월 4일 11시,목요일,경상북도 포항시 북구 흥해읍,경상사고,0,0,1,0,차대차 - 측면충돌,안전운전불이행,건조,맑음,단일로 - 기타,자전거,남,79세,경상,화물,남,76세,상해없음
2020060400100228,2020년 6월 4일 12시,목요일,경상북도 경주시 강동면,중상사고,0,1,2,0,차대차 - 추돌,신호위반,건조,맑음,단일로 - 터널,건설기계,남,65세,상해없음,승용,남,28세,경상
2020060400100229,2020년 6월 4일 12시,목요일,경상북도 경주시 서부동,부상신고사고,0,0,0,1,차대차 - 측면충돌,안전운전불이행,건조,맑음,단일로 - 기타,이륜,남,40세,부상신고,화물,남,61세,상해없음
2020060400100230,2020년 6월 4일 12시,목요일,경상북도 경산시 중방동,부상신고사고,0,0,0,1,차량단독 - 기타,안전운전불이행,건조,맑음,단일로 - 기타,승합,남,38세,상해없음,,,,
2020060400100308,2020년 6월 4일 14시,목요일,경상북도 의성군 단촌면,경상사고,0,0,2,0,차대차 - 추돌,안전운전불이행,건조,맑음,교차로 - 교차로부근,건설기계,남,55세,상해없음,승용,여,54세,경상
2020060400100349,2020년 6월 4일 15시,목요일,경상북도 경주시 현곡면,중상사고,0,1,0,0,차대차 - 측면충돌,안전운전불이행,건조,맑음,주차장 - 주차장,승용,여,61세,상해없음,승용,여,51세,중상
2020060400100350,2020년 6월 4일 15시,목요일,경상북도 영천시 금호읍,경상사고,0,0,3,0,차대차 - 추돌,안전운전불이행,건조,맑음,교차로 - 교차로부근,승용,남,40세,상해없음,승용,남,51세,경상
2020060400100351,2020년 6월 4일 15시,목요일,경상북도 경산시 하양읍,경상사고,0,0,3,0,차대차 - 후진중충돌,불법유턴,건조,맑음,교차로 - 교차로안,승용,여,48세,기타불명,승용,여,40세,경상
2020060400100393,2020년 6월 4일 16시,목요일,경상북도 경주시 황성동,중상사고,0,1,1,0,차대사람 - 횡단중,보행자보호의무위반,건조,맑음,교차로 - 교차로횡단보도내,승용,남,46세,상해없음,보행자,여,13세,중상
2020060400100394,2020년 6월 4일 16시,목요일,경상북도 포항시 북구 장성동,경상사고,0,0,1,1,차대차 - 기타,직진우회전진행방해,건조,맑음,교차로 - 교차로안,승용,남,31세,부상신고,승용,남,59세,경상
2020060400100395,2020년 6월 4일 16시,목요일,경상북도 영주시 영주동,경상사고,0,0,1,0,차대차 - 측면충돌,기타,건조,맑음,단일로 - 교량,승용,남,25세,상해없음,승용,남,52세,경상
2020060400100396,2020년 6월 4일 16시,목요일,경상북도 칠곡군 석적읍,경상사고,0,0,1,0,차대차 - 측면충돌,안전운전불이행,건조,맑음,단일로 - 기타,이륜,남,54세,경상,승용,남,66세,상해없음
2020060400100397,2020년 6월 4일 16시,목요일,경상북도 구미시 봉곡동,경상사고,0,0,1,0,차대차 - 기타,직진우회전진행방해,건조,맑음,교차로 - 교차로안,승용,남,21세,기타불명,승용,남,28세,경상
2020060400100398,2020년 6월 4일 16시,목요일,경상북도 포항시 남구 대잠동,경상사고,0,0,2,0,차대차 - 측면충돌,직진우회전진행방해,건조,맑음,교차로 - 교차로안,이륜,남,25세,경상,승용,여,48세,경상
2020060400100443,2020년 6월 4일 17시,목요일,경상북도 포항시 북구 장성동,중상사고,0,1,0,0,차대차 - 측면충돌,차로위반,건조,맑음,단일로 - 기타,승용,남,27세,상해없음,이륜,남,66세,중상
2020060400100444,2020년 6월 4일 17시,목요일,경상북도 포항시 북구 흥해읍,경상사고,0,0,2,0,차대차 - 측면충돌,과속,건조,맑음,교차로 - 교차로안,승용,남,58세,상해없음,승용,남,51세,경상
2020060400100492,2020년 6월 4일 18시,목요일,경상북도 영천시 망정동,경상사고,0,0,1,0,차대차 - 측면충돌,안전운전불이행,건조,맑음,교차로 - 교차로안,승용,남,20세,상해없음,이륜,남,44세,경상
2020060400100493,2020년 6월 4일 18시,목요일,경상북도 문경시 마성면,경상사고,0,0,1,1,차대차 - 측면충돌,안전운전불이행,건조,맑음,주차장 - 주차장,승용,남,23세,부상신고,기타불명,남,31세,경상
2020060400100566,2020년 6월 4일 20시,목요일,경상북도 포항시 북구 흥해읍,중상사고,0,1,0,0,차대차 - 측면충돌,안전거리미확보,건조,맑음,단일로 - 기타,승용,여,47세,상해없음,이륜,남,74세,중상
2020060400100567,2020년 6월 4일 20시,목요일,경상북도 경산시 계양동,중상사고,0,2,0,0,차대사람 - 횡단중,보행자보호의무위반,건조,맑음,교차로 - 교차로횡단보도내,승합,남,65세,상해없음,보행자,남,72세,중상
2020060400100594,2020년 6월 4일 21시,목요일,경상북도 포항시 북구 덕산동,중상사고,0,1,0,0,차대차 - 기타,안전운전불이행,건조,맑음,교차로 - 교차로안,이륜,남,56세,중상,승용,남,69세,상해없음
2020060400100628,2020년 6월 4일 22시,목요일,경상북도 칠곡군 북삼읍,중상사고,0,1,1,1,차대차 - 측면충돌,교차로운행방법위반,건조,맑음,교차로 - 교차로안,승용,남,55세,부상신고,승용,남,60세,중상
2020060400100629,2020년 6월 4일 22시,목요일,경상북도 구미시 원평동,중상사고,0,1,0,0,차대차 - 추돌,안전운전불이행,건조,맑음,단일로 - 기타,이륜,남,50세,중상,승용,남,55세,상해없음
2020060400100645,2020년 6월 4일 23시,목요일,경상북도 청도군 이서면,중상사고,0,1,1,0,차대차 - 측면충돌,교차로운행방법위반,건조,흐림,교차로 - 교차로안,화물,남,72세,경상,승용,여,40세,중상
2020060500100014,2020년 6월 5일 00시,금요일,경상북도 포항시 남구 대잠동,경상사고,0,0,4,0,차대차 - 측면충돌,직진우회전진행방해,건조,맑음,교차로 - 교차로안,승용,남,65세,경상,승용,남,26세,경상
2020060500100046,2020년 6월 5일 04시,금요일,경상북도 포항시 북구 죽도동,중상사고,0,2,0,0,차대차 - 측면충돌,안전운전불이행,건조,맑음,교차로 - 교차로안,승용,남,54세,상해없음,승용,남,55세,중상
2020060500100089,2020년 6월 5일 07시,금요일,경상북도 의성군 단밀면,중상사고,0,1,0,0,차대차 - 측면충돌,직진우회전진행방해,건조,맑음,교차로 - 교차로안,승용,여,53세,중상,화물,남,50세,상해없음
2020060500100090,2020년 6월 5일 07시,금요일,경상북도 칠곡군 왜관읍,경상사고,0,0,2,0,차대차 - 추돌,안전거리미확보,건조,맑음,단일로 - 기타,승용,남,70세,경상,승용,남,31세,경상
2020060500100123,2020년 6월 5일 08시,금요일,경상북도 칠곡군 동명면,경상사고,0,0,1,0,차량단독 - 도로외이탈 - 추락,안전운전불이행,건조,맑음,단일로 - 기타,승용,여,28세,경상,,,,
2020060500100153,2020년 6월 5일 09시,금요일,경상북도 청도군 청도읍,중상사고,0,1,0,0,차대사람 - 횡단중,안전운전불이행,건조,맑음,단일로 - 지하차도(도로)내,화물,남,60세,상해없음,보행자,여,72세,중상
2020060500100154,2020년 6월 5일 09시,금요일,경상북도 포항시 남구 구룡포읍,경상사고,0,0,1,0,차대차 - 기타,안전운전불이행,건조,맑음,단일로 - 기타,화물,남,24세,상해없음,이륜,남,69세,경상
2020060500100155,2020년 6월 5일 09시,금요일,경상북도 포항시 남구 오천읍,경상사고,0,0,2,0,차대차 - 기타,중앙선침범,건조,맑음,단일로 - 기타,승용,남,62세,상해없음,화물,남,59세,경상
2020060500100178,2020년 6월 5일 10시,금요일,경상북도 경산시 옥산동,경상사고,0,0,1,0,차대차 - 추돌,안전거리미확보,건조,맑음,단일로 - 기타,승용,여,25세,기타불명,승용,여,36세,경상
2020060500100219,2020년 6월 5일 11시,금요일,경상북도 영주시 휴천동,중상사고,0,1,0,0,차대차 - 측면충돌,안전운전불이행,건조,맑음,교차로 - 교차로안,승용,여,45세,기타불명,자전거,남,70세,중상
2020060500100220,2020년 6월 5일 11시,금요일,경상북도 문경시 흥덕동,경상사고,0,0,1,0,차대차 - 측면충돌,안전운전불이행,건조,맑음,단일로 - 기타,승용,남,59세,상해없음,이륜,남,81세,경상
2020060500100256,2020년 6월 5일 12시,금요일,경상북도 경산시 중산동,부상신고사고,0,0,0,1,차대사람 - 횡단중,안전운전불이행,건조,맑음,단일로 - 기타,승용,남,43세,상해없음,보행자,여,76세,부상신고
2020060500100257,2020년 6월 5일 12시,금요일,경상북도 경산시 조영동,경상사고,0,0,2,0,차대차 - 측면충돌,교차로운행방법위반,건조,맑음,교차로 - 교차로안,승용,여,59세,상해없음,승용,여,59세,경상
2020060500100258,2020년 6월 5일 12시,금요일,경상북도 청도군 청도읍,경상사고,0,0,1,0,차대차 - 추돌,안전운전불이행,건조,맑음,단일로 - 기타,승용,남,59세,상해없음,승용,남,29세,경상
2020060500100292,2020년 6월 5일 13시,금요일,경상북도 청도군 각북면,경상사고,0,0,4,0,차대차 - 정면충돌,중앙선침범,건조,맑음,단일로 - 기타,승용,여,61세,경상,화물,남,51세,경상
2020060500100293,2020년 6월 5일 13시,금요일,경상북도 청도군 화양읍,사망사고,1,0,0,0,차대차 - 측면충돌,안전운전불이행,건조,맑음,단일로 - 기타,승용,여,55세,상해없음,자전거,남,85세,사망
2020060500100294,2020년 6월 5일 13시,금요일,경상북도 구미시 도량동,경상사고,0,0,2,0,차대차 - 기타,안전거리미확보,건조,맑음,단일로 - 기타,승용,남,57세,상해없음,승용,여,53세,경상
2020060500100339,2020년 6월 5일 14시,금요일,경상북도 경산시 진량읍,중상사고,0,1,0,0,차대차 - 측면충돌,신호위반,건조,맑음,교차로 - 교차로부근,화물,남,62세,상해없음,승용,여,45세,중상
2020060500100340,2020년 6월 5일 14시,금요일,경상북도 성주군 성주읍,경상사고,0,0,2,0,차대차 - 기타,기타,건조,맑음,단일로 - 기타,화물,남,57세,상해없음,승용,여,44세,경상
2020060500100389,2020년 6월 5일 15시,금요일,경상북도 포항시 북구 대흥동,경상사고,0,0,1,0,차대차 - 정면충돌,신호위반,건조,맑음,교차로 - 교차로안,승용,여,41세,상해없음,승용,남,50세,경상
2020060500100437,2020년 6월 5일 16시,금요일,경상북도 포항시 북구 흥해읍,중상사고,0,1,0,0,차량단독 - 공작물충돌,안전운전불이행,건조,맑음,단일로 - 기타,승용,여,68세,상해없음,,,,
2020060500100439,2020년 6월 5일 16시,금요일,경상북도 구미시 사곡동,경상사고,0,0,1,0,차대차 - 기타,안전운전불이행,건조,맑음,단일로 - 기타,승용,남,36세,상해없음,자전거,남,10세,경상
2020060500100478,2020년 6월 5일 17시,금요일,경상북도 영덕군 강구면,경상사고,0,0,1,1,차대차 - 측면충돌,교차로운행방법위반,건조,맑음,교차로 - 교차로안,승용,여,44세,부상신고,승용,여,51세,경상
2020060500100479,2020년 6월 5일 17시,금요일,경상북도 구미시 상모동,경상사고,0,0,1,0,차대차 - 측면충돌,안전운전불이행,건조,맑음,단일로 - 기타,승용,여,47세,상해없음,이륜,남,31세,경상
2020060500100480,2020년 6월 5일 17시,금요일,경상북도 포항시 남구 오천읍,경상사고,0,0,1,0,차대차 - 정면충돌,중앙선침범,건조,맑음,교차로 - 교차로부근,이륜,남,23세,경상,승용,남,46세,상해없음
2020060500100481,2020년 6월 5일 17시,금요일,경상북도 포항시 남구 오천읍,경상사고,0,0,1,0,차대차 - 측면충돌,직진우회전진행방해,건조,맑음,교차로 - 교차로안,자전거,남,38세,경상,승용,여,42세,상해없음
2020060500100533,2020년 6월 5일 18시,금요일,경상북도 경산시 진량읍,경상사고,0,0,2,0,차대차 - 추돌,안전운전불이행,젖음/습기,비,교차로 - 교차로부근,승용,남,57세,상해없음,승용,남,52세,경상
2020060500100571,2020년 6월 5일 19시,금요일,경상북도 안동시 옥동,경상사고,0,0,1,0,차대차 - 후진중충돌,안전운전불이행,건조,맑음,단일로 - 기타,승용,남,50세,상해없음,승용,여,36세,경상
2020060500100572,2020년 6월 5일 19시,금요일,경상북도 포항시 남구 해도동,부상신고사고,0,0,0,1,차대차 - 기타,안전운전불이행,건조,맑음,단일로 - 기타,승용,남,67세,상해없음,자전거,남,7세,부상신고
2020060500100615,2020년 6월 5일 20시,금요일,경상북도 김천시 황금동,중상사고,0,1,0,0,차대사람 - 횡단중,안전운전불이행,건조,기타,교차로 - 교차로안,승용,남,64세,상해없음,보행자,남,53세,중상