사고번호,사고일시,요일,시군구,사고내용,사망자수,중상자수,경상자수,부상신고자수,사고유형,법규위반,노면상태,기상상태,도로형태,가해운전자 차종,가해운전자 성별,가해운전자 연령,가해운전자 상해정도,피해운전자 차종,피해운전자 성별,피해운전자 연령,피해운전자 상해정도
2020060900100282,2020년 6월 9일 12시,화요일,경상북도 포항시 북구 용흥동,경상사고,0,0,1,0,차량단독 - 도로외이탈 - 추락,안전운전불이행,건조,맑음,주차장 - 주차장,승용,남,54세,경상,,,,
2020060900100283,2020년 6월 9일 12시,화요일,경상북도 영주시 휴천동,부상신고사고,0,0,0,1,차대차 - 기타,안전운전불이행,건조,맑음,교차로 - 교차로안,이륜,남,35세,부상신고,화물,남,27세,상해없음
2020060900100284,2020년 6월 9일 12시,화요일,경상북도 경산시 중방동,경상사고,0,0,1,0,차대차 - 측면충돌,안전운전불이행,건조,맑음,교차로 - 교차로부근,승용,여,45세,상해없음,화물,남,49세,경상
2020060900100285,2020년 6월 9일 12시,화요일,경상북도 성주군 초전면,경상사고,0,0,4,1,차대차 - 기타,안전운전불이행,건조,맑음,기타 - 기타,화물,남,66세,경상,승용,여,60세,경상
2020060900100354,2020년 6월 9일 14시,화요일,경상북도 포항시 북구 청하면,중상사고,0,1,0,0,차대차 - 기타,기타,건조,맑음,단일로 - 기타,승용,여,68세,상해없음,승용,여,63세,중상
2020060900100355,2020년 6월 9일 14시,화요일,경상북도 영천시 완산동,경상사고,0,0,1,0,차대차 - 기타,안전운전불이행,건조,맑음,단일로 - 기타,이륜,남,36세,경상,화물,남,39세,상해없음
2020060900100356,2020년 6월 9일 14시,화요일,경상북도 봉화군 봉화읍,경상사고,0,0,1,0,차대차 - 측면충돌,안전운전불이행,건조,맑음,기타 - 기타,건설기계,남,44세,상해없음,승용,남,65세,경상
2020060900100357,2020년 6월 9일 14시,화요일,경상북도 포항시 남구 동해면,경상사고,0,0,3,0,차대차 - 측면충돌,안전운전불이행,건조,맑음,단일로 - 기타,승용,남,67세,경상,승용,남,60세,경상
2020060900100396,2020년 6월 9일 15시,화요일,경상북도 안동시 태화동,경상사고,0,0,2,0,차대차 - 측면충돌,교차로운행방법위반,건조,맑음,교차로 - 교차로안,승용,남,44세,상해없음,승용,여,34세,경상
2020060900100397,2020년 6월 9일 15시,화요일,경상북도 의성군 가음면,중상사고,0,1,0,0,차대차 - 추돌,안전운전불이행,건조,맑음,단일로 - 기타,승용,여,64세,상해없음,이륜,남,76세,중상
2020060900100398,2020년 6월 9일 15시,화요일,경상북도 영천시 망정동,경상사고,0,0,1,0,차대사람 - 횡단중,보행자보호의무위반,건조,맑음,단일로 - 기타,승용,여,32세,상해없음,보행자,남,5세,경상
2020060900100446,2020년 6월 9일 16시,화요일,경상북도 포항시 북구 흥해읍,경상사고,0,0,1,0,차대차 - 기타,안전운전불이행,건조,맑음,단일로 - 기타,승용,남,67세,상해없음,화물,여,71세,경상
2020060900100447,2020년 6월 9일 16시,화요일,경상북도 의성군 단북면,중상사고,0,1,0,0,차대차 - 측면충돌,직진우회전진행방해,건조,맑음,교차로 - 교차로안,승용,여,60세,상해없음,화물,남,46세,중상
2020060900100448,2020년 6월 9일 16시,화요일,경상북도 칠곡군 왜관읍,중상사고,0,1,0,0,차대차 - 측면충돌,안전운전불이행,건조,맑음,단일로 - 기타,승용,남,52세,상해없음,자전거,남,13세,중상
2020060900100449,2020년 6월 9일 16시,화요일,경상북도 영천시 고경면,경상사고,0,0,1,0,차대차 - 측면충돌,안전운전불이행,건조,맑음,단일로 - 기타,사륜오토바이(ATV),여,76세,경상,화물,남,60세,상해없음
2020060900100450,2020년 6월 9일 16시,화요일,경상북도 영천시 완산동,경상사고,0,0,1,0,차대차 - 후진중충돌,안전운전불이행,건조,맑음,교차로 - 교차로안,승용,여,53세,기타불명,승용,여,46세,경상
2020060900100451,2020년 6월 9일 16시,화요일,경상북도 경산시 자인면,경상사고,0,0,1,0,차대차 - 측면충돌,안전운전불이행,건조,맑음,교차로 - 교차로안,승합,남,61세,상해없음,이륜,남,56세,경상
2020060900100491,2020년 6월 9일 17시,화요일,경상북도 경주시 성건동,경상사고,0,0,3,0,차대차 - 추돌,안전운전불이행,건조,맑음,단일로 - 기타,승용,남,29세,상해없음,승용,남,40세,경상
2020060900100492,2020년 6월 9일 17시,화요일,경상북도 영덕군 축산면,경상사고,0,0,1,1,차대차 - 측면충돌,안전운전불이행,건조,맑음,단일로 - 기타,건설기계,남,52세,부상신고,건설기계,남,51세,경상
2020060900100493,2020년 6월 9일 17시,화요일,경상북도 포항시 남구 해도동,경상사고,0,0,1,0,차대차 - 측면충돌,안전운전불이행,건조,맑음,단일로 - 기타,승용,남,64세,상해없음,자전거,남,61세,경상
2020060900100551,2020년 6월 9일 18시,화요일,경상북도 안동시 용상동,경상사고,0,0,2,0,차대차 - 기타,기타,건조,맑음,단일로 - 기타,승용,여,44세,경상,승용,여,55세,경상
2020060900100552,2020년 6월 9일 18시,화요일,경상북도 경산시 옥산동,경상사고,0,0,4,0,차대차 - 측면충돌,안전운전불이행,건조,맑음,단일로 - 지하차도(도로)내,승용,남,48세,상해없음,승용,여,34세,경상
2020060900100553,2020년 6월 9일 18시,화요일,경상북도 포항시 남구 구룡포읍,경상사고,0,0,1,0,차대차 - 추돌,안전운전불이행,건조,맑음,교차로 - 교차로부근,승용,남,49세,상해없음,승용,여,55세,경상
2020060900100602,2020년 6월 9일 19시,화요일,경상북도 영천시 화산면,경상사고,0,0,1,0,차대차 - 기타,안전운전불이행,건조,맑음,단일로 - 기타,승용,남,76세,상해없음,농기계,남,84세,경상
2020060900100628,2020년 6월 9일 20시,화요일,경상북도 경산시 중방동,중상사고,0,1,0,0,차대차 - 후진중충돌,안전운전불이행,건조,맑음,단일로 - 기타,승용,남,62세,상해없음,자전거,남,51세,중상
2020060900100629,2020년 6월 9일 20시,화요일,경상북도 성주군 선남면,경상사고,0,0,1,0,차대사람 - 기타,안전운전불이행,건조,맑음,단일로 - 기타,승용,남,80세,상해없음,보행자,남,48세,경상
2020060900100630,2020년 6월 9일 20시,화요일,경상북도 고령군 다산면,사망사고,1,0,0,0,차대차 - 추돌,안전운전불이행,건조,맑음,단일로 - 기타,승용,남,26세,상해없음,자전거,남,62세,사망
2020060900100631,2020년 6월 9일 20시,화요일,경상북도 포항시 남구 대잠동,중상사고,0,1,0,0,차대사람 - 기타,기타,건조,맑음,교차로 - 교차로부근,승용,남,27세,상해없음,보행자,남,44세,중상
2020060900100658,2020년 6월 9일 21시,화요일,경상북도 경주시 황성동,부상신고사고,0,0,0,1,차대차 - 측면충돌,안전운전불이행,건조,맑음,단일로 - 기타,자전거,남,19세,부상신고,승용,남,64세,상해없음
2020060900100659,2020년 6월 9일 21시,화요일,경상북도 안동시 용상동,경상사고,0,0,3,0,차대차 - 추돌,안전거리미확보,건조,맑음,교차로 - 교차로부근,승용,남,26세,상해없음,승용,여,51세,경상
2020060900100660,2020년 6월 9일 21시,화요일,경상북도 김천시 개령면,중상사고,0,1,0,0,차대차 - 추돌,안전운전불이행,건조,맑음,단일로 - 기타,화물,남,66세,상해없음,농기계,남,40세,중상
2020060900100661,2020년 6월 9일 21시,화요일,경상북도 경산시 진량읍,경상사고,0,0,1,0,차대차 - 기타,안전운전불이행,건조,맑음,단일로 - 기타,기타불명,기타불명,미분류,기타불명,자전거,남,14세,경상
2020060900100662,2020년 6월 9일 21시,화요일,경상북도 경산시 하양읍,경상사고,0,0,1,0,차대차 - 추돌,안전운전불이행,건조,맑음,단일로 - 기타,승용,남,59세,상해없음,승용,여,23세,경상
2020060900100689,2020년 6월 9일 22시,화요일,경상북도 포항시 북구 양덕동,경상사고,0,0,1,0,차대차 - 추돌,안전거리미확보,건조,맑음,교차로 - 교차로안,승합,남,54세,상해없음,화물,남,58세,경상
2020060900100690,2020년 6월 9일 22시,화요일,경상북도 영주시 가흥동,경상사고,0,0,1,0,차대사람 - 기타,안전운전불이행,건조,맑음,교차로 - 교차로안,승용,남,33세,상해없음,보행자,남,21세,경상
2020060900100704,2020년 6월 9일 23시,화요일,경상북도 구미시 옥계동,중상사고,0,1,0,0,차량단독 - 공작물충돌,안전운전불이행,건조,맑음,교차로 - 교차로부근,승용,남,26세,중상,,,,
2020061000100055,2020년 6월 10일 06시,수요일,경상북도 경주시 성동동,경상사고,0,0,1,0,차대차 - 측면충돌,안전운전불이행,건조,맑음,교차로 - 교차로안,이륜,여,60세,경상,승용,남,64세,상해없음
2020061000100081,2020년 6월 10일 07시,수요일,경상북도 포항시 남구 연일읍,중상사고,0,1,0,0,차대차 - 기타,안전운전불이행,건조,맑음,단일로 - 기타,승용,남,47세,상해없음,자전거,남,80세,중상
2020061000100124,2020년 6월 10일 08시,수요일,경상북도 김천시 다수동,경상사고,0,0,1,0,차대차 - 측면충돌,안전운전불이행,건조,맑음,단일로 - 기타,승용,여,44세,상해없음,자전거,남,25세,경상
2020061000100125,2020년 6월 10일 08시,수요일,경상북도 김천시 대항면,경상사고,0,0,1,0,차대차 - 측면충돌,교차로운행방법위반,건조,맑음,교차로 - 교차로안,승용,남,41세,상해없음,승용,여,67세,경상
2020061000100126,2020년 6월 10일 08시,수요일,경상북도 봉화군 명호면,사망사고,1,0,0,2,차량단독 - 전도전복 - 전도,안전운전불이행,건조,맑음,단일로 - 기타,화물,남,51세,상해없음,,,,
2020061000100163,2020년 6월 10일 09시,수요일,경상북도 김천시 감문면,중상사고,0,1,1,0,차대차 - 측면충돌,교차로운행방법위반,건조,맑음,교차로 - 교차로안,화물,남,58세,경상,승용,남,29세,중상
2020061000100164,2020년 6월 10일 09시,수요일,경상북도 군위군 소보면,중상사고,0,1,1,0,차대차 - 추돌,안전운전불이행,건조,맑음,기타 - 기타,승용,남,73세,경상,이륜,남,90세,중상
2020061000100200,2020년 6월 10일 10시,수요일,경상북도 경주시 서악동,중상사고,0,2,1,0,차대차 - 추돌,안전운전불이행,건조,맑음,교차로 - 교차로부근,승용,남,59세,상해없음,화물,남,64세,중상
2020061000100201,2020년 6월 10일 10시,수요일,경상북도 포항시 남구 오천읍,중상사고,0,1,1,2,차대차 - 추돌,안전운전불이행,건조,맑음,교차로 - 교차로부근,화물,남,62세,상해없음,화물,남,39세,경상
2020061000100233,2020년 6월 10일 11시,수요일,경상북도 안동시 임하면,중상사고,0,1,0,0,차량단독 - 공작물충돌,안전운전불이행,건조,맑음,단일로 - 기타,화물,남,58세,중상,,,,
2020061000100234,2020년 6월 10일 11시,수요일,경상북도 경산시 중방동,중상사고,0,1,0,0,차대차 - 측면충돌,안전운전불이행,건조,맑음,교차로 - 교차로횡단보도내,승용,남,53세,상해없음,자전거,여,35세,중상
2020061000100256,2020년 6월 10일 12시,수요일,경상북도 김천시 농소면,중상사고,0,1,0,0,차대차 - 측면충돌,직진우회전진행방해,건조,맑음,교차로 - 교차로안,화물,남,41세,상해없음,승용,남,35세,상해없음
2020061000100257,2020년 6월 10일 12시,수요일,경상북도 고령군 운수면,중상사고,0,1,0,0,차대차 - 측면충돌,교차로운행방법위반,건조,맑음,교차로 - 교차로안,화물,남,70세,상해없음,화물,남,61세,중상
2020061000100295,2020년 6월 10일 13시,수요일,경상북도 경주시 건천읍,사망사고,1,0,0,0,차대차 - 측면충돌,안전운전불이행,건조,맑음,교차로 - 교차로안,이륜,남,73세,사망,승용,남,44세,상해없음
2020061000100296,2020년 6월 10일 13시,수요일,경상북도 안동시 신안동,중상사고,0,1,0,0,차대차 - 측면충돌,중앙선침범,건조,맑음,단일로 - 기타,승용,남,77세,상해없음,이륜,남,60세,중상
2020061000100297,2020년 6월 10일 13시,수요일,경상북도 포항시 남구 오천읍,경상사고,0,0,2,0,차대차 - 추돌,안전운전불이행,건조,맑음,교차로 - 교차로부근,승용,여,61세,상해없음,승용,남,70세,경상
2020061000100367,2020년 6월 10일 15시,수요일,경상북도 포항시 북구 장성동,경상사고,0,0,2,0,차대차 - 측면충돌,차로위반,건조,맑음,단일로 - 기타,승용,남,71세,상해없음,승용,남,52세,경상
2020061000100368,2020년 6월 10일 15시,수요일,경상북도 경산시 중방동,경상사고,0,0,1,0,차대차 - 측면충돌,안전운전불이행,건조,맑음,단일로 - 기타,승용,남,18세,상해없음,승용,여,46세,경상
2020061000100369,2020년 6월 10일 15시,수요일,경상북도 예천군 예천읍,중상사고,0,1,0,0,차대차 - 측면충돌,직진우회전진행방해,건조,맑음,교차로 - 교차로안,화물,남,59세,상해없음,이륜,남,83세,중상
2020061000100370,2020년 6월 10일 15시,수요일,경상북도 봉화군 봉화읍,경상사고,0,0,1,0,차량단독 - 기타,안전운전불이행,건조,맑음,단일로 - 기타,이륜,남,17세,경상,,,,
2020061000100408,2020년 6월 10일 16시,수요일,경상북도 영천시 문외동,경상사고,0,0,1,0,차대차 - 기타,안전운전불이행,건조,맑음,단일로 - 기타,승용,여,60세,기타불명,화물,남,39세,경상
2020061000100410,2020년 6월 10일 16시,수요일,경상북도 포항시 남구 연일읍,중상사고,0,1,0,0,차대사람 - 기타,안전운전불이행,건조,맑음,단일로 - 기타,승용,여,31세,상해없음,보행자,여,48세,중상
2020061000100464,2020년 6월 10일 17시,수요일,경상북도 영주시 휴천동,경상사고,0,0,3,0,차대차 - 측면충돌,안전운전불이행,건조,맑음,교차로 - 교차로안,승용,남,50세,경상,승합,여,52세,경상
2020061000100465,2020년 6월 10일 17시,수요일,경상북도 영주시 하망동,경상사고,0,0,1,0,차대사람 - 기타,보행자보호의무위반,건조,맑음,교차로 - 교차로횡단보도내,승용,남,76세,상해없음,보행자,여,19세,경상
2020061000100466,2020년 6월 10일 17시,수요일,경상북도 영양군 수비면,중상사고,0,1,0,0,차량단독 - 공작물충돌,안전운전불이행,건조,맑음,단일로 - 기타,승용,여,51세,중상,,,,
2020061000100467,2020년 6월 10일 17시,수요일,경상북도 구미시 고아읍,경상사고,0,0,1,0,차량단독 - 전도전복 - 전도,안전운전불이행,건조,맑음,단일로 - 기타,이륜,남,71세,경상,,,,
2020061000100468,2020년 6월 10일 17시,수요일,경상북도 포항시 남구 오천읍,중상사고,0,1,0,0,차대차 - 기타,직진우회전진행방해,건조,맑음,교차로 - 교차로안,승용,남,23세,상해없음,이륜,남,43세,중상
2020061000100469,2020년 6월 10일 17시,수요일,경상북도 포항시 남구 동촌동,경상사고,0,0,1,2,차대차 - 측면충돌,직진우회전진행방해,건조,맑음,교차로 - 교차로안,승용,여,44세,상해없음,승용,남,58세,상해없음
2020061000100515,2020년 6월 10일 18시,수요일,경상북도 청도군 풍각면,경상사고,0,0,1,0,차량단독 - 전도전복 - 전도,안전운전불이행,건조,맑음,단일로 - 기타,농기계,남,84세,경상,,,,
2020061000100516,2020년 6월 10일 18시,수요일,경상북도 영양군 영양읍,경상사고,0,0,1,0,차대차 - 측면충돌,안전운전불이행,건조,맑음,단일로 - 기타,이륜,남,51세,경상,화물,남,46세,기타불명
2020061000100567,2020년 6월 10일 19시,수요일,경상북도 칠곡군 석적읍,경상사고,0,0,3,0,차대차 - 측면충돌,직진우회전진행방해,건조,맑음,교차로 - 교차로부근,승용,남,34세,상해없음,승용,여,45세,경상
2020061000100568,2020년 6월 10일 19시,수요일,경상북도 문경시 모전동,경상사고,0,0,1,0,차대차 - 측면충돌,안전운전불이행,젖음/습기,비,교차로 - 교차로안,화물,남,55세,상해없음,원동기,남,47세,경상
2020061000100618,2020년 6월 10일 20시,수요일,경상북도 구미시 공단동,경상사고,0,0,1,0,차대차 - 측면충돌,신호위반,건조,맑음,교차로 - 교차로안,승용,남,36세,상해없음,이륜,남,28세,경상
2020061000100619,2020년 6월 10일 20시,수요일,경상북도 포항시 남구 오천읍,중상사고,0,2,1,0,차대사람 - 차도통행중,안전운전불이행,건조,맑음,교차로 - 교차로부근,승용,여,39세,상해없음,보행자,여,34세,중상
2020061000100674,2020년 6월 10일 21시,수요일,경상북도 김천시 율곡동,중상사고,0,1,4,0,차대차 - 추돌,안전운전불이행,젖음/습기,비,교차로 - 교차로안,승용,남,56세,상해없음,승용,여,41세,경상
2020061000100675,2020년 6월 10일 21시,수요일,경상북도 포항시 남구 해도동,경상사고,0,0,1,0,차대사람 - 길가장자리구역통행중,안전운전불이행,건조,맑음,교차로 - 교차로부근,승용,여,25세,상해없음,보행자,남,37세,경상
2020061000100729,2020년 6월 10일 22시,수요일,경상북도 경산시 조영동,경상사고,0,0,1,0,차대차 - 기타,안전운전불이행,젖음/습기,비,교차로 - 교차로안,승용,남,58세,상해없음,이륜,남,26세,경상
2020061000100753,2020년 6월 10일 23시,수요일,경상북도 경산시 진량읍,사망사고,1,0,0,0,차대차 - 추돌,안전운전불이행,젖음/습기,흐림,교차로 - 교차로부근,승용,남,47세,사망,화물,남,38세,기타불명
2020061000100754,2020년 6월 10일 23시,수요일,경상북도 경산시 대평동,중상사고,0,1,0,0,차대차 - 추돌,안전운전불이행,건조,흐림,단일로 - 지하차도(도로)내,승합,남,33세,상해없음,자전거,남,50세,중상
2020061100100014,2020년 6월 11일 00시,목요일,경상북도 경산시 옥산동,경상사고,0,0,1,0,차대차 - 측면충돌,안전운전불이행,젖음/습기,비,단일로 - 기타,이륜,남,23세,상해없음,승용,남,27세,경상
2020061100100035,2020년 6월 11일 01시,목요일,경상북도 문경시 흥덕동,경상사고,0,0,1,0,차량단독 - 공작물충돌,안전운전불이행,젖음/습기,비,단일로 - 고가도로위,승용,남,37세,경상,,,,
2020061100100060,2020년 6월 11일 04시,목요일,경상북도 포항시 남구 해도동,경상사고,0,0,1,0,차대차 - 측면충돌,안전운전불이행,젖음/습기,비,교차로 - 교차로안,기타불명,기타불명,미분류,기타불명,화물,남,34세,경상
2020061100100100,2020년 6월 11일 07시,목요일,경상북도 구미시 광평동,부상신고사고,0,0,0,1,차량단독 - 전도전복 - 전도,안전운전불이행,젖음/습기,비,교차로 - 교차로부근,원동기,남,64세,부상신고,,,,
2020061100100101,2020년 6월 11일 07시,목요일,경상북도 구미시 봉곡동,중상사고,0,1,0,0,차대차 - 기타,중앙선침범,젖음/습기,흐림,단일로 - 기타,화물,남,51세,상해없음,승용,남,52세,중상
2020061100100131,2020년 6월 11일 08시,목요일,경상북도 칠곡군 북삼읍,중상사고,0,1,0,0,차대차 - 측면충돌,안전운전불이행,건조,맑음,교차로 - 교차로안,승용,남,77세,상해없음,승용,여,49세,중상
2020061100100132,2020년 6월 11일 08시,목요일,경상북도 경산시 남산면,중상사고,0,1,0,0,차대차 - 추돌,안전운전불이행,건조,맑음,단일로 - 기타,승용,남,32세,상해없음,자전거,남,82세,중상
2020061100100159,2020년 6월 11일 09시,목요일,경상북도 경주시 외동읍,부상신고사고,0,0,0,1,차대차 - 측면충돌,안전운전불이행,젖음/습기,흐림,교차로 - 교차로안,화물,남,57세,부상신고,화물,남,39세,상해없음
2020061100100191,2020년 6월 11일 10시,목요일,경상북도 상주시 남장동,중상사고,0,1,1,0,차량단독 - 공작물충돌,안전운전불이행,건조,맑음,단일로 - 기타,승용,남,72세,경상,,,,
2020061100100192,2020년 6월 11일 10시,목요일,경상북도 울릉군 북면,중상사고,0,1,1,0,차대차 - 정면충돌,안전운전불이행,건조,맑음,단일로 - 기타,승용,남,45세,상해없음,승용,남,64세,경상
2020061100100222,2020년 6월 11일 11시,목요일,경상북도 경주시 성동동,중상사고,0,1,0,0,차대사람 - 보도통행중,기타,건조,맑음,단일로 - 기타,승용,여,48세,상해없음,보행자,남,65세,중상
2020061100100259,2020년 6월 11일 12시,목요일,경상북도 포항시 북구 환호동,경상사고,0,0,1,0,차대사람 - 횡단중,안전운전불이행,건조,맑음,단일로 - 기타,자전거,여,62세,경상,보행자,남,23세,상해없음
2020061100100260,2020년 6월 11일 12시,목요일,경상북도 포항시 북구 우현동,경상사고,0,0,1,0,차대차 - 측면충돌,안전운전불이행,건조,맑음,단일로 - 기타,승용,여,53세,상해없음,승용,여,23세,경상
2020061100100261,2020년 6월 11일 12시,목요일,경상북도 성주군 성주읍,경상사고,0,0,1,0,차대차 - 측면충돌,안전운전불이행,건조,맑음,단일로 - 기타,화물,남,23세,상해없음,자전거,여,79세,경상
2020061100100298,2020년 6월 11일 13시,목요일,경상북도 안동시 와룡면,경상사고,0,0,1,0,차대차 - 측면충돌,기타,건조,맑음,단일로 - 기타,승용,남,56세,기타불명,승용,여,61세,경상
2020061100100299,2020년 6월 11일 13시,목요일,경상북도 포항시 남구 연일읍,경상사고,0,0,3,0,차대차 - 기타,직진우회전진행방해,건조,맑음,교차로 - 교차로안,승용,여,30세,경상,승용,여,63세,경상
2020061100100335,2020년 6월 11일 14시,목요일,경상북도 안동시 용상동,중상사고,0,3,1,0,차대차 - 측면충돌,교차로운행방법위반,건조,맑음,교차로 - 교차로안,승용,남,55세,상해없음,승용,남,72세,경상
2020061100100336,2020년 6월 11일 14시,목요일,경상북도 칠곡군 왜관읍,경상사고,0,0,1,1,차대차 - 측면충돌,직진우회전진행방해,건조,맑음,교차로 - 교차로안,승합,남,28세,부상신고,승용,여,29세,경상
2020061100100337,2020년 6월 11일 14시,목요일,경상북도 포항시 남구 지곡동,중상사고,0,1,1,0,차대차 - 기타,안전운전불이행,건조,맑음,단일로 - 기타,승용,여,36세,상해없음,자전거,남,10세,중상
2020061100100371,2020년 6월 11일 15시,목요일,경상북도 경주시 황성동,경상사고,0,0,1,0,차대사람 - 기타,안전운전불이행,건조,맑음,주차장 - 주차장,화물,남,32세,상해없음,보행자,남,7세,경상
2020061100100402,2020년 6월 11일 16시,목요일,경상북도 경주시 성건동,경상사고,0,0,1,0,차대사람 - 차도통행중,안전운전불이행,건조,맑음,교차로 - 교차로부근,화물,남,59세,상해없음,보행자,남,65세,경상
2020061100100403,2020년 6월 11일 16시,목요일,경상북도 경주시 성건동,중상사고,0,1,0,0,차대차 - 측면충돌,안전운전불이행,건조,맑음,교차로 - 교차로안,승용,남,61세,상해없음,승용,여,49세,중상
2020061100100404,2020년 6월 11일 16시,목요일,경상북도 포항시 북구 장성동,경상사고,0,0,1,0,차대차 - 측면충돌,교차로운행방법위반,건조,맑음,교차로 - 교차로안,승용,여,65세,상해없음,승용,남,45세,경상
2020061100100405,2020년 6월 11일 16시,목요일,경상북도 상주시 함창읍,경상사고,0,0,1,0,차대차 - 정면충돌,안전운전불이행,건조,맑음,단일로 - 기타,화물,여,45세,상해없음,자전거,남,52세,경상
2020061100100406,2020년 6월 11일 16시,목요일,경상북도 칠곡군 왜관읍,경상사고,0,0,1,0,차대차 - 기타,안전운전불이행,건조,맑음,교차로 - 교차로안,자전거,남,76세,경상,화물,남,56세,상해없음
2020061100100455,2020년 6월 11일 17시,목요일,경상북도 구미시 인의동,경상사고,0,0,1,0,차대사람 - 보도통행중,안전운전불이행,건조,맑음,교차로 - 교차로안,화물,남,27세,상해없음,보행자,여,49세,경상
2020061100100503,2020년 6월 11일 18시,목요일,경상북도 안동시 용상동,중상사고,0,1,0,0,차대사람 - 횡단중,신호위반,건조,맑음,교차로 - 교차로안,승용,여,51세,상해없음,보행자,남,10세,중상
2020061100100504,2020년 6월 11일 18시,목요일,경상북도 포항시 남구 오천읍,경상사고,0,0,1,0,차대차 - 기타,직진우회전진행방해,건조,맑음,단일로 - 기타,승용,여,27세,상해없음,승용,남,21세,경상
2020061100100526,2020년 6월 11일 19시,목요일,경상북도 경주시 동천동,중상사고,0,1,0,0,차대차 - 측면충돌,직진우회전진행방해,건조,맑음,교차로 - 교차로안,승용,남,68세,상해없음,자전거,남,45세,중상
2020061100100527,2020년 6월 11일 19시,목요일,경상북도 청도군 청도읍,경상사고,0,0,1,0,차대차 - 측면충돌,안전운전불이행,건조,맑음,교차로 - 교차로안,승합,남,31세,상해없음,자전거,남,48세,경상
2020061100100528,2020년 6월 11일 19시,목요일,경상북도 군위군 효령면,중상사고,0,1,0,0,차대차 - 측면충돌,기타,건조,맑음,기타 - 기타,화물,남,62세,상해없음,승용,여,58세,중상
2020061100100529,2020년 6월 11일 19시,목요일,경상북도 구미시 송정동,중상사고,0,1,0,0,차대차 - 측면충돌,신호위반,건조,맑음,교차로 - 교차로횡단보도내,승용,남,59세,상해없음,자전거,남,41세,중상
2020061100100595,2020년 6월 11일 21시,목요일,경상북도 안동시 법상동,경상사고,0,0,1,0,차대차 - 측면충돌,안전운전불이행,건조,맑음,단일로 - 기타,승용,남,69세,상해없음,이륜,남,60세,경상
2020061100100596,2020년 6월 11일 21시,목요일,경상북도 포항시 남구 오천읍,중상사고,0,1,1,0,차대사람 - 횡단중,신호위반,건조,맑음,교차로 - 교차로횡단보도내,이륜,남,22세,경상,보행자,남,60세,중상
2020061100100631,2020년 6월 11일 22시,목요일,경상북도 포항시 북구 장성동,경상사고,0,0,1,0,차대차 - 기타,안전운전불이행,건조,맑음,교차로 - 교차로안,승용,여,28세,상해없음,승용,남,68세,경상
2020061100100632,2020년 6월 11일 22시,목요일,경상북도 포항시 북구 우현동,경상사고,0,0,1,0,차대차 - 기타,신호위반,건조,맑음,교차로 - 교차로안,승용,남,62세,상해없음,승용,여,28세,경상
2020061200100008,2020년 6월 12일 00시,금요일,경상북도 포항시 북구 장성동,경상사고,0,0,2,0,차대차 - 추돌,안전거리미확보,건조,맑음,교차로 - 교차로부근,승용,남,63세,기타불명,승용,남,64세,경상
2020061200100016,2020년 6월 12일 01시,금요일,경상북도 경주시 성건동,중상사고,0,1,0,1,차대사람 - 횡단중,안전운전불이행,건조,맑음,교차로 - 교차로부근,이륜,남,33세,부상신고,보행자,여,74세,중상
2020061200100017,2020년 6월 12일 01시,금요일,경상북도 포항시 북구 대흥동,경상사고,0,0,2,0,차대사람 - 기타,안전운전불이행,건조,맑음,단일로 - 기타,승용,남,64세,상해없음,보행자,여,25세,경상
2020061200100042,2020년 6월 12일 05시,금요일,경상북도 포항시 남구 호미곶면,중상사고,0,1,0,0,차대차 - 측면충돌,중앙선침범,건조,흐림,단일로 - 기타,이륜,남,75세,중상,승용,여,29세,상해없음
2020061200100073,2020년 6월 12일 07시,금요일,경상북도 경산시 하양읍,중상사고,0,1,0,0,차대차 - 정면충돌,안전운전불이행,건조,맑음,교차로 - 교차로안,화물,남,61세,상해없음,승용,여,44세,중상
2020061200100074,2020년 6월 12일 07시,금요일,경상북도 포항시 남구 오천읍,중상사고,0,1,0,0,차대차 - 측면충돌,안전운전불이행,건조,맑음,교차로 - 교차로안,승용,남,27세,상해없음,승용,남,65세,중상
2020061200100110,2020년 6월 12일 08시,금요일,경상북도 포항시 북구 우현동,중상사고,0,1,0,0,차대사람 - 기타,안전운전불이행,건조,맑음,단일로 - 기타,승용,여,52세,상해없음,보행자,여,67세,중상
2020061200100111,2020년 6월 12일 08시,금요일,경상북도 김천시 성내동,중상사고,0,1,0,0,차대사람 - 보도통행중,보행자보호의무위반,건조,맑음,교차로 - 교차로횡단보도내,승용,여,71세,상해없음,보행자,여,71세,중상
2020061200100112,2020년 6월 12일 08시,금요일,경상북도 칠곡군 왜관읍,부상신고사고,0,0,0,1,차대차 - 기타,안전운전불이행,건조,맑음,교차로 - 교차로부근,자전거,남,11세,부상신고,승용,여,39세,상해없음
2020061200100113,2020년 6월 12일 08시,금요일,경상북도 경산시 옥곡동,경상사고,0,0,1,0,차대사람 - 보도통행중,기타,건조,맑음,단일로 - 기타,자전거,남,59세,기타불명,보행자,여,23세,경상
2020061200100114,2020년 6월 12일 08시,금요일,경상북도 구미시 송정동,경상사고,0,0,1,0,차대사람 - 길가장자리구역통행중,안전운전불이행,건조,맑음,단일로 - 기타,승용,남,54세,상해없음,보행자,여,65세,경상
2020061200100148,2020년 6월 12일 09시,금요일,경상북도 포항시 북구 죽도동,경상사고,0,0,4,0,차대차 - 측면충돌,안전운전불이행,건조,맑음,단일로 - 기타,승용,남,23세,경상,승용,여,23세,경상