사고번호,사고일시,요일,시군구,사고내용,사망자수,중상자수,경상자수,부상신고자수,사고유형,법규위반,노면상태,기상상태,도로형태,가해운전자 차종,가해운전자 성별,가해운전자 연령,가해운전자 상해정도,피해운전자 차종,피해운전자 성별,피해운전자 연령,피해운전자 상해정도
2020061800100316,2020년 6월 18일 13시,목요일,경상북도 포항시 북구 흥해읍,경상사고,0,0,3,0,차대차 - 측면충돌,안전운전불이행,건조,맑음,교차로 - 교차로안,화물,남,39세,경상,승용,남,61세,상해없음
2020061800100317,2020년 6월 18일 13시,목요일,경상북도 의성군 가음면,중상사고,0,1,0,0,차대차 - 추돌,중앙선침범,젖음/습기,비,단일로 - 기타,화물,남,49세,상해없음,승용,여,60세,중상
2020061800100318,2020년 6월 18일 13시,목요일,경상북도 경산시 남방동,경상사고,0,0,1,0,차대차 - 정면충돌,안전운전불이행,젖음/습기,비,단일로 - 기타,화물,남,61세,상해없음,승용,여,25세,경상
2020061800100319,2020년 6월 18일 13시,목요일,경상북도 고령군 성산면,중상사고,0,1,0,0,차량단독 - 도로외이탈 - 추락,안전운전불이행,젖음/습기,비,단일로 - 교량,화물,남,47세,중상,,,,
2020061800100320,2020년 6월 18일 13시,목요일,경상북도 구미시 임은동,경상사고,0,0,3,0,차대차 - 측면충돌,안전운전불이행,젖음/습기,비,단일로 - 기타,화물,남,35세,상해없음,승용,남,48세,경상
2020061800100348,2020년 6월 18일 14시,목요일,경상북도 포항시 남구 상도동,경상사고,0,0,2,0,차대차 - 기타,안전운전불이행,젖음/습기,비,단일로 - 기타,원동기,남,25세,상해없음,승용,여,37세,경상
2020061800100403,2020년 6월 18일 16시,목요일,경상북도 경주시 외동읍,경상사고,0,0,1,0,차대차 - 측면충돌,안전운전불이행,젖음/습기,비,교차로 - 교차로안,화물,남,59세,상해없음,승용,여,51세,경상
2020061800100404,2020년 6월 18일 16시,목요일,경상북도 안동시 법흥동,중상사고,0,1,0,0,차량단독 - 전도전복 - 전도,안전운전불이행,건조,맑음,교차로 - 교차로부근,이륜,남,53세,중상,,,,
2020061800100405,2020년 6월 18일 16시,목요일,경상북도 칠곡군 왜관읍,경상사고,0,0,1,0,차대차 - 후진중충돌,안전운전불이행,젖음/습기,비,교차로 - 교차로부근,화물,남,73세,상해없음,승용,남,41세,경상
2020061800100406,2020년 6월 18일 16시,목요일,경상북도 경산시 사정동,중상사고,0,1,0,0,차대차 - 측면충돌,안전운전불이행,건조,맑음,교차로 - 교차로안,승용,남,45세,상해없음,이륜,남,16세,중상
2020061800100475,2020년 6월 18일 18시,목요일,경상북도 경산시 중방동,경상사고,0,0,1,0,차대차 - 측면충돌,교차로운행방법위반,젖음/습기,비,교차로 - 교차로안,승용,남,56세,상해없음,이륜,남,29세,경상
2020061800100510,2020년 6월 18일 19시,목요일,경상북도 포항시 북구 두호동,경상사고,0,0,1,0,차대사람 - 횡단중,신호위반,건조,맑음,단일로 - 기타,이륜,남,26세,상해없음,보행자,여,19세,경상
2020061800100511,2020년 6월 18일 19시,목요일,경상북도 안동시 신안동,경상사고,0,0,1,0,차대차 - 측면충돌,교차로운행방법위반,건조,맑음,교차로 - 교차로부근,승용,남,60세,상해없음,이륜,남,24세,경상
2020061800100512,2020년 6월 18일 19시,목요일,경상북도 영주시 풍기읍,경상사고,0,0,2,0,차대차 - 기타,안전운전불이행,건조,맑음,단일로 - 기타,승용,여,51세,상해없음,승용,남,56세,경상
2020061800100544,2020년 6월 18일 20시,목요일,경상북도 의성군 점곡면,중상사고,0,1,0,0,차량단독 - 전도전복 - 전도,기타,건조,맑음,단일로 - 기타,사륜오토바이(ATV),남,61세,중상,,,,
2020061800100545,2020년 6월 18일 20시,목요일,경상북도 경산시 하양읍,경상사고,0,0,1,0,차대차 - 측면충돌,교차로운행방법위반,건조,맑음,교차로 - 교차로안,승용,남,23세,상해없음,이륜,남,26세,경상
2020061800100546,2020년 6월 18일 20시,목요일,경상북도 포항시 남구 상도동,경상사고,0,0,1,0,차대차 - 기타,중앙선침범,건조,맑음,단일로 - 기타,승용,남,58세,상해없음,이륜,남,27세,경상
2020061800100583,2020년 6월 18일 21시,목요일,경상북도 포항시 북구 장성동,경상사고,0,0,2,0,차대차 - 정면충돌,안전운전불이행,건조,맑음,단일로 - 기타,화물,남,65세,상해없음,승용,남,31세,경상
2020061800100584,2020년 6월 18일 21시,목요일,경상북도 포항시 북구 장성동,중상사고,0,1,0,0,차대사람 - 기타,기타,건조,맑음,단일로 - 기타,승합,남,55세,상해없음,보행자,여,61세,중상
2020061800100585,2020년 6월 18일 21시,목요일,경상북도 구미시 봉곡동,경상사고,0,0,1,0,차대차 - 기타,안전운전불이행,건조,맑음,단일로 - 기타,승용,남,51세,상해없음,승용,남,27세,경상
2020061800100632,2020년 6월 18일 23시,목요일,경상북도 칠곡군 기산면,부상신고사고,0,0,0,1,차량단독 - 공작물충돌,안전운전불이행,젖음/습기,맑음,단일로 - 기타,승용,여,35세,부상신고,,,,
2020061800100633,2020년 6월 18일 23시,목요일,경상북도 문경시 동로면,경상사고,0,0,1,0,차량단독 - 공작물충돌,안전운전불이행,건조,맑음,단일로 - 기타,승용,남,43세,경상,,,,
2020061900100011,2020년 6월 19일 00시,금요일,경상북도 경주시 외동읍,중상사고,0,1,0,0,차대사람 - 기타,안전운전불이행,젖음/습기,비,단일로 - 교량,승용,남,56세,상해없음,보행자,여,58세,중상
2020061900100012,2020년 6월 19일 00시,금요일,경상북도 포항시 남구 동해면,경상사고,0,0,1,0,차대차 - 측면충돌,안전운전불이행,젖음/습기,비,교차로 - 교차로부근,승용,남,36세,상해없음,승용,여,49세,기타불명
2020061900100063,2020년 6월 19일 06시,금요일,경상북도 영천시 문외동,경상사고,0,0,1,0,차대차 - 측면충돌,중앙선침범,건조,맑음,단일로 - 기타,승용,남,59세,상해없음,이륜,남,40세,경상
2020061900100089,2020년 6월 19일 07시,금요일,경상북도 김천시 대덕면,중상사고,0,1,1,0,차대차 - 측면충돌,교차로운행방법위반,건조,맑음,교차로 - 교차로안,특수,남,54세,경상,화물,남,54세,중상
2020061900100090,2020년 6월 19일 07시,금요일,경상북도 구미시 도량동,경상사고,0,0,1,0,차대차 - 기타,안전운전불이행,건조,맑음,단일로 - 기타,화물,남,69세,상해없음,자전거,남,64세,경상
2020061900100123,2020년 6월 19일 08시,금요일,경상북도 경주시 현곡면,경상사고,0,0,1,0,차대사람 - 횡단중,보행자보호의무위반,건조,맑음,교차로 - 교차로횡단보도내,승용,남,67세,상해없음,보행자,남,7세,경상
2020061900100124,2020년 6월 19일 08시,금요일,경상북도 의성군 의성읍,중상사고,0,1,1,0,차대차 - 측면충돌,직진우회전진행방해,건조,맑음,교차로 - 교차로안,승용,여,41세,경상,승용,여,42세,중상
2020061900100125,2020년 6월 19일 08시,금요일,경상북도 고령군 성산면,경상사고,0,0,2,0,차대차 - 추돌,안전거리미확보,건조,맑음,단일로 - 기타,승용,여,31세,상해없음,화물,남,42세,상해없음
2020061900100232,2020년 6월 19일 11시,금요일,경상북도 경주시 양남면,경상사고,0,0,1,0,차대차 - 기타,안전운전불이행,건조,맑음,단일로 - 기타,화물,남,66세,상해없음,자전거,남,42세,경상
2020061900100233,2020년 6월 19일 11시,금요일,경상북도 경주시 성동동,중상사고,0,1,0,0,차대사람 - 횡단중,보행자보호의무위반,건조,맑음,교차로 - 교차로안,승용,남,40세,상해없음,보행자,여,78세,중상
2020061900100234,2020년 6월 19일 11시,금요일,경상북도 포항시 북구 죽도동,경상사고,0,0,1,0,차대차 - 측면충돌,교차로운행방법위반,건조,맑음,교차로 - 교차로안,승용,남,28세,상해없음,이륜,남,20세,경상
2020061900100235,2020년 6월 19일 11시,금요일,경상북도 안동시 수상동,경상사고,0,0,2,0,차대차 - 측면충돌,안전운전불이행,건조,맑음,단일로 - 기타,건설기계,남,52세,경상,화물,남,65세,경상
2020061900100278,2020년 6월 19일 12시,금요일,경상북도 경주시 황성동,경상사고,0,0,1,0,차대사람 - 차도통행중,안전운전불이행,젖음/습기,비,단일로 - 지하차도(도로)내,이륜,남,40세,상해없음,보행자,남,13세,경상
2020061900100279,2020년 6월 19일 12시,금요일,경상북도 상주시 남성동,경상사고,0,0,1,0,차대차 - 추돌,안전운전불이행,건조,맑음,교차로 - 교차로부근,이륜,남,21세,경상,승용,남,53세,상해없음
2020061900100280,2020년 6월 19일 12시,금요일,경상북도 의성군 안계면,중상사고,0,1,3,0,차대차 - 측면충돌,직진우회전진행방해,건조,맑음,교차로 - 교차로안,화물,남,69세,경상,승용,여,62세,중상
2020061900100314,2020년 6월 19일 13시,금요일,경상북도 포항시 북구 중앙동,경상사고,0,0,3,4,차대차 - 측면충돌,안전운전불이행,건조,맑음,교차로 - 교차로부근,이륜,여,45세,경상,승용,여,31세,부상신고
2020061900100315,2020년 6월 19일 13시,금요일,경상북도 영주시 휴천동,경상사고,0,0,1,0,차대차 - 측면충돌,차로위반,건조,맑음,단일로 - 기타,승용,여,41세,상해없음,승용,여,73세,경상
2020061900100316,2020년 6월 19일 13시,금요일,경상북도 청도군 금천면,경상사고,0,0,1,0,차대차 - 정면충돌,중앙선침범,건조,맑음,단일로 - 지하차도(도로)내,승용,남,62세,상해없음,승용,남,30세,경상
2020061900100317,2020년 6월 19일 13시,금요일,경상북도 구미시 고아읍,경상사고,0,0,1,0,차대차 - 기타,교차로운행방법위반,건조,맑음,교차로 - 교차로안,자전거,남,13세,경상,승용,남,66세,상해없음
2020061900100401,2020년 6월 19일 15시,금요일,경상북도 경주시 동방동,중상사고,0,1,0,0,차대차 - 측면충돌,안전운전불이행,건조,맑음,교차로 - 교차로안,화물,남,46세,상해없음,이륜,남,82세,중상
2020061900100402,2020년 6월 19일 15시,금요일,경상북도 상주시 함창읍,경상사고,0,0,2,0,차대차 - 측면충돌,안전운전불이행,건조,맑음,단일로 - 기타,화물,남,86세,경상,승용,남,45세,경상
2020061900100403,2020년 6월 19일 15시,금요일,경상북도 경산시 자인면,중상사고,0,1,4,0,차대차 - 추돌,안전운전불이행,건조,맑음,단일로 - 기타,승합,남,39세,상해없음,화물,남,44세,경상
2020061900100441,2020년 6월 19일 16시,금요일,경상북도 구미시 도량동,경상사고,0,0,1,0,차대차 - 기타,안전운전불이행,건조,맑음,교차로 - 교차로안,승용,남,69세,상해없음,승용,남,54세,경상
2020061900100442,2020년 6월 19일 16시,금요일,경상북도 구미시 원평동,경상사고,0,0,1,0,차대차 - 기타,안전운전불이행,건조,맑음,교차로 - 교차로부근,승용,남,43세,상해없음,승용,남,50세,상해없음
2020061900100498,2020년 6월 19일 17시,금요일,경상북도 경주시 충효동,사망사고,1,0,0,0,차대차 - 측면충돌,안전운전불이행,건조,맑음,교차로 - 교차로안,화물,남,49세,상해없음,이륜,남,53세,사망
2020061900100499,2020년 6월 19일 17시,금요일,경상북도 안동시 안기동,경상사고,0,0,1,0,차대차 - 추돌,안전거리미확보,건조,맑음,단일로 - 기타,승용,남,53세,상해없음,승합,남,46세,경상
2020061900100500,2020년 6월 19일 17시,금요일,경상북도 안동시 수하동,경상사고,0,0,1,0,차대차 - 정면충돌,안전운전불이행,건조,맑음,기타 - 기타,화물,남,30세,상해없음,이륜,남,66세,경상
2020061900100501,2020년 6월 19일 17시,금요일,경상북도 안동시 남선면,경상사고,0,0,1,0,차대차 - 측면충돌,안전운전불이행,건조,맑음,단일로 - 기타,농기계,남,67세,경상,승합,남,38세,상해없음
2020061900100502,2020년 6월 19일 17시,금요일,경상북도 김천시 모암동,중상사고,0,1,0,0,차대사람 - 차도통행중,안전운전불이행,건조,맑음,단일로 - 기타,승용,여,22세,상해없음,보행자,여,77세,중상
2020061900100503,2020년 6월 19일 17시,금요일,경상북도 경산시 용성면,경상사고,0,0,1,0,차대차 - 정면충돌,안전운전불이행,건조,맑음,단일로 - 기타,화물,남,27세,상해없음,승용,남,45세,경상
2020061900100504,2020년 6월 19일 17시,금요일,경상북도 구미시 황상동,중상사고,0,1,0,0,차대사람 - 횡단중,안전운전불이행,건조,맑음,단일로 - 기타,승용,남,65세,상해없음,보행자,여,2세,중상
2020061900100505,2020년 6월 19일 17시,금요일,경상북도 칠곡군 지천면,중상사고,0,3,3,0,차대차 - 추돌,안전운전불이행,건조,맑음,단일로 - 기타,특수,남,56세,상해없음,승합,남,64세,경상
2020061900100563,2020년 6월 19일 18시,금요일,경상북도 칠곡군 기산면,경상사고,0,0,1,0,차대차 - 추돌,안전운전불이행,건조,맑음,단일로 - 기타,화물,남,68세,상해없음,화물,남,67세,경상
2020061900100564,2020년 6월 19일 18시,금요일,경상북도 경산시 진량읍,중상사고,0,2,0,0,차대사람 - 횡단중,안전운전불이행,건조,맑음,기타 - 기타,승용,여,49세,상해없음,보행자,여,40세,중상
2020061900100565,2020년 6월 19일 18시,금요일,경상북도 구미시 선산읍,부상신고사고,0,0,0,1,차대차 - 기타,안전운전불이행,건조,맑음,단일로 - 기타,이륜,남,60세,부상신고,승용,여,66세,상해없음
2020061900100650,2020년 6월 19일 20시,금요일,경상북도 김천시 율곡동,경상사고,0,0,1,0,차대차 - 측면충돌,신호위반,젖음/습기,맑음,교차로 - 교차로안,화물,여,65세,상해없음,승용,여,39세,경상
2020061900100651,2020년 6월 19일 20시,금요일,경상북도 경산시 계양동,경상사고,0,0,1,0,차대차 - 측면충돌,안전운전불이행,젖음/습기,흐림,교차로 - 교차로부근,승용,여,65세,상해없음,승용,남,67세,경상
2020061900100687,2020년 6월 19일 21시,금요일,경상북도 경주시 동천동,중상사고,0,1,0,0,차대사람 - 횡단중,신호위반,건조,맑음,교차로 - 교차로횡단보도내,승용,남,67세,상해없음,보행자,여,46세,중상
2020061900100688,2020년 6월 19일 21시,금요일,경상북도 김천시 부곡동,경상사고,0,0,1,0,차량단독 - 기타,안전운전불이행,건조,맑음,교차로 - 교차로부근,승용,남,69세,상해없음,,,,
2020061900100689,2020년 6월 19일 21시,금요일,경상북도 문경시 문경읍,중상사고,0,1,0,0,차대사람 - 횡단중,안전운전불이행,건조,맑음,단일로 - 기타,승용,남,23세,상해없음,보행자,남,57세,중상
2020061900100718,2020년 6월 19일 22시,금요일,경상북도 구미시 신평동,경상사고,0,0,1,0,차대차 - 기타,안전운전불이행,건조,맑음,단일로 - 기타,승용,남,59세,상해없음,승용,남,28세,경상
2020061900100744,2020년 6월 19일 23시,금요일,경상북도 경주시 건천읍,중상사고,0,1,1,0,차대차 - 측면충돌,중앙선침범,건조,맑음,교차로 - 교차로부근,이륜,남,57세,중상,이륜,남,17세,경상
2020062000100016,2020년 6월 20일 00시,토요일,경상북도 김천시 어모면,경상사고,0,0,1,0,차대차 - 측면충돌,안전운전불이행,건조,맑음,단일로 - 기타,승용,남,31세,상해없음,승용,남,41세,경상
2020062000100060,2020년 6월 20일 04시,토요일,경상북도 구미시 구포동,경상사고,0,0,2,0,차대차 - 기타,안전운전불이행,건조,맑음,기타 - 기타,승용,여,28세,상해없음,승용,남,27세,경상
2020062000100073,2020년 6월 20일 05시,토요일,경상북도 포항시 북구 두호동,부상신고사고,0,0,0,1,차대차 - 측면충돌,차로위반,건조,맑음,단일로 - 기타,승용,남,27세,상해없음,화물,남,61세,부상신고
2020062000100093,2020년 6월 20일 07시,토요일,경상북도 경산시 와촌면,중상사고,0,1,1,0,차대차 - 측면충돌,안전운전불이행,건조,맑음,교차로 - 교차로안,화물,남,59세,경상,이륜,남,80세,중상
2020062000100094,2020년 6월 20일 07시,토요일,경상북도 군위군 효령면,경상사고,0,0,2,0,차대차 - 기타,차로위반,건조,맑음,단일로 - 기타,화물,남,64세,상해없음,화물,남,72세,경상
2020062000100112,2020년 6월 20일 08시,토요일,경상북도 안동시 송현동,경상사고,0,0,1,0,차대사람 - 횡단중,안전운전불이행,건조,맑음,단일로 - 기타,승용,남,72세,상해없음,보행자,여,18세,경상
2020062000100113,2020년 6월 20일 08시,토요일,경상북도 성주군 선남면,부상신고사고,0,0,0,1,차량단독 - 전도전복 - 전도,안전운전불이행,건조,맑음,단일로 - 기타,원동기,남,83세,부상신고,,,,
2020062000100147,2020년 6월 20일 09시,토요일,경상북도 김천시 성내동,중상사고,0,1,0,0,차대사람 - 횡단중,신호위반,건조,맑음,교차로 - 교차로안,승용,남,46세,상해없음,보행자,남,70세,중상
2020062000100148,2020년 6월 20일 09시,토요일,경상북도 경산시 자인면,중상사고,0,2,0,0,차대차 - 측면충돌,교차로운행방법위반,건조,맑음,교차로 - 교차로안,이륜,남,87세,중상,승용,여,59세,상해없음
2020062000100149,2020년 6월 20일 09시,토요일,경상북도 영덕군 남정면,경상사고,0,0,3,0,차대차 - 추돌,안전운전불이행,건조,맑음,교차로 - 교차로부근,승용,남,71세,상해없음,승용,남,78세,경상
2020062000100150,2020년 6월 20일 09시,토요일,경상북도 경산시 와촌면,중상사고,0,2,0,0,차대차 - 추돌,과속,건조,맑음,단일로 - 기타,승용,남,30세,상해없음,화물,남,61세,중상
2020062000100151,2020년 6월 20일 09시,토요일,경상북도 구미시 도개면,중상사고,0,2,0,0,차대차 - 추돌,안전운전불이행,건조,맑음,단일로 - 기타,승용,남,20세,상해없음,승용,남,68세,중상
2020062000100179,2020년 6월 20일 10시,토요일,경상북도 상주시 신봉동,경상사고,0,0,1,0,차대차 - 측면충돌,교차로운행방법위반,건조,맑음,교차로 - 교차로안,건설기계,남,72세,상해없음,승용,남,40세,경상
2020062000100180,2020년 6월 20일 10시,토요일,경상북도 경산시 계양동,부상신고사고,0,0,0,1,차대차 - 측면충돌,신호위반,건조,맑음,교차로 - 교차로안,화물,남,61세,상해없음,승용,여,27세,부상신고
2020062000100181,2020년 6월 20일 10시,토요일,경상북도 구미시 장천면,부상신고사고,0,0,0,1,차량단독 - 공작물충돌,안전운전불이행,건조,맑음,단일로 - 기타,승용,여,60세,부상신고,,,,
2020062000100182,2020년 6월 20일 10시,토요일,경상북도 포항시 남구 장기면,경상사고,0,0,1,0,차대차 - 추돌,안전운전불이행,건조,맑음,교차로 - 교차로부근,이륜,남,77세,경상,승용,남,38세,상해없음
2020062000100212,2020년 6월 20일 11시,토요일,경상북도 경산시 중방동,경상사고,0,0,1,0,차대사람 - 기타,안전운전불이행,건조,맑음,단일로 - 기타,승용,남,43세,상해없음,보행자,여,27세,경상
2020062000100213,2020년 6월 20일 11시,토요일,경상북도 고령군 다산면,중상사고,0,1,0,0,차대사람 - 횡단중,보행자보호의무위반,건조,맑음,단일로 - 기타,승용,여,49세,상해없음,보행자,여,13세,중상
2020062000100214,2020년 6월 20일 11시,토요일,경상북도 구미시 산동면,경상사고,0,0,2,0,차대차 - 기타,안전거리미확보,건조,맑음,단일로 - 기타,승용,남,22세,상해없음,승용,남,33세,경상
2020062000100273,2020년 6월 20일 12시,토요일,경상북도 영천시 완산동,경상사고,0,0,3,0,차대차 - 측면충돌,신호위반,건조,맑음,교차로 - 교차로안,승용,여,43세,경상,승용,남,25세,경상
2020062000100274,2020년 6월 20일 12시,토요일,경상북도 구미시 산동면,경상사고,0,0,2,0,차대차 - 기타,신호위반,건조,맑음,교차로 - 교차로부근,승용,여,41세,상해없음,승용,남,32세,경상
2020062000100317,2020년 6월 20일 13시,토요일,경상북도 영천시 녹전동,경상사고,0,0,2,0,차대차 - 정면충돌,안전운전불이행,건조,맑음,교차로 - 교차로부근,승용,여,57세,상해없음,승용,남,52세,경상
2020062000100354,2020년 6월 20일 14시,토요일,경상북도 경산시 사동,중상사고,0,1,0,0,차대차 - 기타,안전운전불이행,건조,맑음,단일로 - 기타,승용,남,47세,상해없음,이륜,남,25세,중상
2020062000100355,2020년 6월 20일 14시,토요일,경상북도 포항시 남구 동해면,경상사고,0,0,1,0,차량단독 - 기타,안전운전불이행,건조,맑음,단일로 - 기타,승합,남,44세,상해없음,,,,
2020062000100356,2020년 6월 20일 14시,토요일,경상북도 포항시 남구 해도동,경상사고,0,0,1,0,차대차 - 기타,안전운전불이행,건조,맑음,교차로 - 교차로안,승용,여,39세,기타불명,승용,남,51세,경상
2020062000100396,2020년 6월 20일 15시,토요일,경상북도 포항시 북구 죽도동,경상사고,0,0,2,0,차대차 - 측면충돌,교차로운행방법위반,건조,맑음,교차로 - 교차로안,승용,여,58세,상해없음,승용,여,33세,경상
2020062000100397,2020년 6월 20일 15시,토요일,경상북도 상주시 남성동,중상사고,0,1,0,0,차대차 - 측면충돌,교차로운행방법위반,건조,맑음,교차로 - 교차로안,자전거,남,14세,중상,승용,남,23세,상해없음
2020062000100398,2020년 6월 20일 15시,토요일,경상북도 구미시 진평동,경상사고,0,0,1,0,차대차 - 측면충돌,안전운전불이행,건조,맑음,교차로 - 교차로안,승용,남,39세,상해없음,자전거,남,11세,경상
2020062000100436,2020년 6월 20일 16시,토요일,경상북도 칠곡군 기산면,중상사고,0,1,0,1,차대차 - 측면충돌,신호위반,건조,맑음,단일로 - 교량,건설기계,남,73세,부상신고,승용,남,68세,중상
2020062000100437,2020년 6월 20일 16시,토요일,경상북도 영천시 작산동,경상사고,0,0,1,0,차대차 - 측면충돌,안전운전불이행,건조,맑음,교차로 - 교차로부근,승용,남,73세,상해없음,화물,남,60세,경상
2020062000100438,2020년 6월 20일 16시,토요일,경상북도 상주시 외남면,경상사고,0,0,1,0,차대차 - 추돌,안전운전불이행,건조,맑음,단일로 - 기타,승용,남,48세,상해없음,화물,남,43세,경상
2020062000100470,2020년 6월 20일 17시,토요일,경상북도 경주시 진현동,중상사고,0,1,0,0,차대차 - 측면충돌,중앙선침범,건조,맑음,단일로 - 기타,자전거,남,44세,중상,승용,여,68세,상해없음
2020062000100471,2020년 6월 20일 17시,토요일,경상북도 칠곡군 왜관읍,경상사고,0,0,1,0,차대사람 - 길가장자리구역통행중,안전운전불이행,건조,맑음,단일로 - 기타,화물,남,76세,상해없음,보행자,여,67세,경상
2020062000100472,2020년 6월 20일 17시,토요일,경상북도 청송군 진보면,경상사고,0,0,4,0,차대차 - 측면충돌,중앙선침범,건조,맑음,단일로 - 지하차도(도로)내,화물,기타불명,미분류,기타불명,승용,남,44세,경상
2020062000100473,2020년 6월 20일 17시,토요일,경상북도 구미시 봉곡동,경상사고,0,0,1,0,차대차 - 추돌,안전운전불이행,건조,맑음,단일로 - 기타,승용,여,56세,상해없음,원동기,남,27세,경상
2020062000100474,2020년 6월 20일 17시,토요일,경상북도 구미시 봉곡동,경상사고,0,0,1,0,차대사람 - 기타,보행자보호의무위반,건조,맑음,단일로 - 기타,승용,여,49세,상해없음,보행자,남,5세,경상
2020062000100476,2020년 6월 20일 17시,토요일,경상북도 포항시 남구 장흥동,경상사고,0,0,1,0,차대차 - 측면충돌,교차로운행방법위반,건조,맑음,교차로 - 교차로안,화물,남,67세,상해없음,승용,남,35세,경상
2020062000100515,2020년 6월 20일 18시,토요일,경상북도 영천시 문외동,경상사고,0,0,1,0,차대차 - 측면충돌,안전운전불이행,건조,맑음,단일로 - 기타,승합,남,28세,상해없음,승용,남,53세,상해없음
2020062000100562,2020년 6월 20일 19시,토요일,경상북도 경주시 인왕동,경상사고,0,0,1,0,차대사람 - 횡단중,보행자보호의무위반,건조,맑음,교차로 - 교차로횡단보도내,승용,남,57세,상해없음,보행자,남,38세,경상
2020062000100563,2020년 6월 20일 19시,토요일,경상북도 구미시 공단동,경상사고,0,0,1,0,차대차 - 정면충돌,신호위반,건조,맑음,교차로 - 교차로안,승용,여,31세,상해없음,승용,여,46세,경상
2020062000100564,2020년 6월 20일 19시,토요일,경상북도 포항시 남구 대도동,경상사고,0,0,1,0,차대차 - 기타,안전운전불이행,건조,맑음,단일로 - 기타,승용,남,65세,상해없음,승용,여,57세,경상
2020062000100589,2020년 6월 20일 20시,토요일,경상북도 안동시 옥동,경상사고,0,0,1,0,차대사람 - 횡단중,보행자보호의무위반,건조,맑음,교차로 - 교차로안,승용,남,59세,상해없음,보행자,남,6세,경상
2020062000100590,2020년 6월 20일 20시,토요일,경상북도 안동시 옥동,부상신고사고,0,0,0,5,차대차 - 정면충돌,신호위반,건조,맑음,교차로 - 교차로안,승용,남,44세,상해없음,승용,남,21세,부상신고
2020062000100591,2020년 6월 20일 20시,토요일,경상북도 영천시 야사동,경상사고,0,0,1,0,차대차 - 측면충돌,안전운전불이행,건조,맑음,교차로 - 교차로안,이륜,남,36세,상해없음,이륜,남,18세,경상
2020062000100592,2020년 6월 20일 20시,토요일,경상북도 구미시 신평동,경상사고,0,0,1,0,차대차 - 추돌,안전운전불이행,건조,맑음,교차로 - 교차로부근,승용,남,77세,상해없음,승용,남,26세,경상
2020062000100629,2020년 6월 20일 21시,토요일,경상북도 경주시 외동읍,중상사고,0,1,0,1,차대차 - 측면충돌,안전운전불이행,건조,맑음,교차로 - 교차로부근,승용,남,59세,부상신고,승용,남,36세,중상
2020062000100630,2020년 6월 20일 21시,토요일,경상북도 경주시 황성동,경상사고,0,0,1,0,차대차 - 측면충돌,안전운전불이행,건조,맑음,교차로 - 교차로부근,승용,여,53세,상해없음,자전거,남,28세,경상
2020062000100631,2020년 6월 20일 21시,토요일,경상북도 포항시 남구 대잠동,경상사고,0,0,2,0,차대차 - 추돌,안전운전불이행,건조,흐림,교차로 - 교차로안,승용,남,66세,상해없음,승용,여,36세,경상
2020062000100652,2020년 6월 20일 22시,토요일,경상북도 구미시 지산동,중상사고,0,1,2,0,차대차 - 추돌,안전거리미확보,건조,맑음,단일로 - 기타,승용,남,48세,상해없음,승용,남,61세,경상
2020062000100671,2020년 6월 20일 23시,토요일,경상북도 경주시 동천동,중상사고,0,1,0,0,차대사람 - 횡단중,안전운전불이행,건조,맑음,단일로 - 기타,승용,남,60세,상해없음,보행자,여,43세,중상
2020062100100011,2020년 6월 21일 00시,일요일,경상북도 경주시 건천읍,중상사고,0,1,0,0,차대차 - 측면충돌,안전운전불이행,건조,맑음,교차로 - 교차로안,승용,남,38세,상해없음,이륜,남,40세,중상
2020062100100030,2020년 6월 21일 01시,일요일,경상북도 안동시 성곡동,중상사고,0,1,1,0,차대차 - 측면충돌,안전운전불이행,건조,맑음,단일로 - 기타,승용,남,19세,상해없음,이륜,남,19세,중상
2020062100100057,2020년 6월 21일 03시,일요일,경상북도 경주시 용강동,경상사고,0,0,1,0,차대차 - 측면충돌,안전운전불이행,건조,맑음,기타 - 기타,승용,남,29세,상해없음,이륜,남,30세,경상
2020062100100076,2020년 6월 21일 05시,일요일,경상북도 구미시 인의동,경상사고,0,0,1,0,차대차 - 기타,안전운전불이행,건조,맑음,교차로 - 교차로안,승용,남,36세,상해없음,승용,남,35세,경상
2020062100100077,2020년 6월 21일 05시,일요일,경상북도 포항시 남구 송도동,중상사고,0,1,2,0,차대차 - 측면충돌,직진우회전진행방해,건조,맑음,교차로 - 교차로안,화물,남,65세,경상,승용,남,59세,중상
2020062100100085,2020년 6월 21일 06시,일요일,경상북도 군위군 군위읍,중상사고,0,1,0,0,차대차 - 측면충돌,신호위반,건조,맑음,교차로 - 교차로안,승용,여,39세,상해없음,승용,여,54세,중상
2020062100100102,2020년 6월 21일 07시,일요일,경상북도 포항시 남구 대잠동,경상사고,0,0,2,0,차대차 - 기타,신호위반,건조,맑음,교차로 - 교차로안,승용,여,38세,상해없음,승용,남,65세,경상
2020062100100103,2020년 6월 21일 07시,일요일,경상북도 포항시 남구 해도동,경상사고,0,0,1,0,차대차 - 측면충돌,신호위반,건조,맑음,단일로 - 기타,승용,여,57세,상해없음,자전거,여,59세,경상
2020062100100109,2020년 6월 21일 08시,일요일,경상북도 경산시 사동,경상사고,0,0,1,0,차대차 - 기타,교차로운행방법위반,건조,맑음,교차로 - 교차로안,승용,남,57세,상해없음,화물,남,48세,경상