사고번호,사고일시,요일,시군구,사고내용,사망자수,중상자수,경상자수,부상신고자수,사고유형,법규위반,노면상태,기상상태,도로형태,가해운전자 차종,가해운전자 성별,가해운전자 연령,가해운전자 상해정도,피해운전자 차종,피해운전자 성별,피해운전자 연령,피해운전자 상해정도
2020062100100148,2020년 6월 21일 10시,일요일,경상북도 경산시 옥곡동,경상사고,0,0,1,0,차대차 - 기타,안전운전불이행,건조,맑음,기타 - 기타,기타불명,기타불명,미분류,기타불명,자전거,남,11세,경상
2020062100100149,2020년 6월 21일 10시,일요일,경상북도 경산시 압량면,경상사고,0,0,2,0,차대차 - 추돌,안전거리미확보,건조,맑음,단일로 - 기타,승용,남,45세,상해없음,승용,여,27세,경상
2020062100100199,2020년 6월 21일 12시,일요일,경상북도 문경시 마성면,경상사고,0,0,1,0,차량단독 - 도로외이탈 - 기타,안전운전불이행,건조,맑음,단일로 - 기타,승용,남,71세,경상,,,,
2020062100100200,2020년 6월 21일 12시,일요일,경상북도 울릉군 울릉읍,중상사고,0,1,0,0,차대사람 - 횡단중,안전운전불이행,건조,맑음,단일로 - 기타,승용,남,28세,상해없음,보행자,남,8세,중상
2020062100100201,2020년 6월 21일 12시,일요일,경상북도 구미시 장천면,경상사고,0,0,3,0,차대차 - 기타,신호위반,건조,맑음,교차로 - 교차로안,화물,남,73세,상해없음,승용,남,64세,상해없음
2020062100100202,2020년 6월 21일 12시,일요일,경상북도 구미시 원평동,중상사고,0,2,0,0,차대차 - 기타,직진우회전진행방해,건조,맑음,교차로 - 교차로안,승용,남,39세,상해없음,승용,남,30세,중상
2020062100100225,2020년 6월 21일 13시,일요일,경상북도 영주시 조와동,경상사고,0,0,1,0,차대차 - 측면충돌,안전운전불이행,건조,맑음,교차로 - 교차로안,승용,여,66세,상해없음,승용,여,52세,경상
2020062100100226,2020년 6월 21일 13시,일요일,경상북도 칠곡군 왜관읍,경상사고,0,0,1,0,차대차 - 기타,안전운전불이행,건조,맑음,단일로 - 기타,승용,남,66세,상해없음,승용,남,46세,경상
2020062100100254,2020년 6월 21일 14시,일요일,경상북도 경주시 양남면,경상사고,0,0,1,0,차대사람 - 기타,안전운전불이행,건조,맑음,주차장 - 주차장,승용,남,74세,상해없음,보행자,남,26세,경상
2020062100100255,2020년 6월 21일 14시,일요일,경상북도 성주군 성주읍,중상사고,0,1,0,0,차대차 - 기타,중앙선침범,건조,맑음,단일로 - 기타,화물,남,37세,상해없음,이륜,남,48세,중상
2020062100100294,2020년 6월 21일 15시,일요일,경상북도 포항시 북구 동빈1가,경상사고,0,0,1,0,차대차 - 정면충돌,직진우회전진행방해,건조,맑음,교차로 - 교차로안,승용,남,63세,상해없음,승용,여,18세,경상
2020062100100295,2020년 6월 21일 15시,일요일,경상북도 칠곡군 약목면,경상사고,0,0,1,1,차대차 - 기타,안전운전불이행,건조,맑음,교차로 - 교차로안,승용,남,55세,부상신고,승용,여,62세,경상
2020062100100296,2020년 6월 21일 15시,일요일,경상북도 예천군 예천읍,중상사고,0,1,0,0,차대사람 - 차도통행중,안전운전불이행,건조,맑음,단일로 - 기타,승용,남,58세,상해없음,보행자,여,54세,중상
2020062100100363,2020년 6월 21일 17시,일요일,경상북도 칠곡군 동명면,중상사고,0,1,0,0,차대차 - 측면충돌,교차로운행방법위반,건조,맑음,교차로 - 교차로안,이륜,남,47세,중상,승용,남,48세,상해없음
2020062100100364,2020년 6월 21일 17시,일요일,경상북도 고령군 덕곡면,경상사고,0,0,1,0,차대차 - 기타,교차로운행방법위반,건조,맑음,교차로 - 교차로안,원동기,남,59세,경상,승용,남,70세,상해없음
2020062100100365,2020년 6월 21일 17시,일요일,경상북도 포항시 남구 장기면,중상사고,0,1,0,0,차대차 - 측면충돌,안전운전불이행,건조,맑음,교차로 - 교차로안,자전거,남,10세,중상,승용,남,52세,상해없음
2020062100100395,2020년 6월 21일 18시,일요일,경상북도 울진군 죽변면,중상사고,0,1,0,0,차대차 - 정면충돌,교차로운행방법위반,건조,맑음,교차로 - 교차로안,승용,여,48세,상해없음,이륜,남,40세,중상
2020062100100396,2020년 6월 21일 18시,일요일,경상북도 예천군 보문면,경상사고,0,0,1,0,차대차 - 측면충돌,안전운전불이행,건조,맑음,단일로 - 기타,승용,남,32세,상해없음,승용,남,66세,경상
2020062100100422,2020년 6월 21일 19시,일요일,경상북도 구미시 도량동,중상사고,0,1,0,0,차대차 - 측면충돌,안전거리미확보,건조,맑음,단일로 - 기타,승용,여,63세,상해없음,이륜,남,18세,중상
2020062100100453,2020년 6월 21일 20시,일요일,경상북도 청도군 청도읍,경상사고,0,0,2,0,차대차 - 측면충돌,중앙선침범,건조,맑음,단일로 - 지하차도(도로)내,화물,남,68세,상해없음,승용,남,24세,경상
2020062100100454,2020년 6월 21일 20시,일요일,경상북도 구미시 옥계동,경상사고,0,0,1,0,차대차 - 측면충돌,교차로운행방법위반,건조,맑음,교차로 - 교차로안,이륜,남,45세,상해없음,승용,여,29세,경상
2020062100100477,2020년 6월 21일 21시,일요일,경상북도 경주시 용강동,중상사고,0,1,2,0,차대차 - 추돌,안전운전불이행,건조,맑음,교차로 - 교차로부근,화물,남,49세,상해없음,승용,남,65세,중상
2020062100100478,2020년 6월 21일 21시,일요일,경상북도 포항시 북구 학산동,경상사고,0,0,5,0,차대차 - 측면충돌,안전운전불이행,건조,맑음,교차로 - 교차로안,승용,남,24세,경상,승용,남,20세,경상
2020062100100479,2020년 6월 21일 21시,일요일,경상북도 문경시 점촌동,사망사고,1,0,3,0,차대차 - 측면충돌,신호위반,건조,맑음,교차로 - 교차로안,이륜,남,55세,사망,승용,남,19세,경상
2020062200100011,2020년 6월 22일 00시,월요일,경상북도 칠곡군 지천면,경상사고,0,0,1,0,차대사람 - 차도통행중,안전운전불이행,건조,맑음,단일로 - 기타,승용,여,37세,상해없음,보행자,남,59세,경상
2020062200100025,2020년 6월 22일 02시,월요일,경상북도 포항시 남구 대송면,중상사고,0,1,1,0,차대차 - 추돌,안전운전불이행,건조,맑음,단일로 - 기타,승용,남,41세,경상,화물,남,66세,중상
2020062200100081,2020년 6월 22일 07시,월요일,경상북도 영천시 조교동,경상사고,0,0,1,0,차대차 - 측면충돌,안전운전불이행,건조,맑음,주차장 - 주차장,화물,남,63세,상해없음,승용,남,78세,경상
2020062200100082,2020년 6월 22일 07시,월요일,경상북도 경산시 하양읍,경상사고,0,0,1,0,차대차 - 측면충돌,안전운전불이행,건조,맑음,교차로 - 교차로부근,승합,남,63세,상해없음,건설기계,남,56세,경상
2020062200100083,2020년 6월 22일 07시,월요일,경상북도 경산시 사동,경상사고,0,0,1,0,차대차 - 측면충돌,안전운전불이행,건조,맑음,단일로 - 기타,승용,여,55세,상해없음,건설기계,남,49세,경상
2020062200100084,2020년 6월 22일 07시,월요일,경상북도 구미시 인의동,경상사고,0,0,1,0,차대차 - 기타,안전운전불이행,건조,맑음,교차로 - 교차로안,승용,여,57세,상해없음,승용,남,32세,경상
2020062200100121,2020년 6월 22일 08시,월요일,경상북도 경주시 성건동,경상사고,0,0,1,0,차대차 - 기타,안전운전불이행,건조,맑음,기타 - 기타,승용,여,58세,상해없음,자전거,남,14세,경상
2020062200100122,2020년 6월 22일 08시,월요일,경상북도 김천시 대항면,중상사고,0,1,0,0,차대사람 - 차도통행중,안전운전불이행,건조,맑음,단일로 - 기타,화물,남,68세,상해없음,보행자,남,71세,중상
2020062200100123,2020년 6월 22일 08시,월요일,경상북도 김천시 응명동,경상사고,0,0,2,0,차대차 - 기타,안전운전불이행,건조,맑음,단일로 - 기타,승합,남,63세,상해없음,승용,남,36세,경상
2020062200100124,2020년 6월 22일 08시,월요일,경상북도 성주군 용암면,경상사고,0,0,1,0,차대차 - 정면충돌,중앙선침범,건조,맑음,단일로 - 기타,승용,여,68세,상해없음,승용,여,48세,경상
2020062200100125,2020년 6월 22일 08시,월요일,경상북도 구미시 도량동,중상사고,0,1,0,0,차대차 - 기타,교차로운행방법위반,건조,맑음,교차로 - 교차로안,화물,남,53세,상해없음,자전거,남,51세,중상
2020062200100165,2020년 6월 22일 09시,월요일,경상북도 영천시 채신동,중상사고,0,1,1,0,차대차 - 측면충돌,안전운전불이행,건조,맑음,교차로 - 교차로안,화물,남,41세,경상,승용,남,64세,중상
2020062200100166,2020년 6월 22일 09시,월요일,경상북도 군위군 효령면,경상사고,0,0,1,0,차대차 - 추돌,안전운전불이행,건조,맑음,단일로 - 터널,승용,남,32세,상해없음,화물,남,46세,경상
2020062200100217,2020년 6월 22일 10시,월요일,경상북도 상주시 화서면,중상사고,0,1,0,0,차대차 - 측면충돌,안전운전불이행,건조,맑음,교차로 - 교차로안,승용,여,47세,상해없음,농기계,남,79세,중상
2020062200100218,2020년 6월 22일 10시,월요일,경상북도 문경시 산양면,경상사고,0,0,2,0,차대차 - 측면충돌,직진우회전진행방해,건조,맑음,교차로 - 교차로안,승용,남,63세,경상,승용,남,72세,경상
2020062200100219,2020년 6월 22일 10시,월요일,경상북도 구미시 옥성면,중상사고,0,1,0,0,차대차 - 기타,안전운전불이행,건조,맑음,교차로 - 교차로안,승용,남,47세,상해없음,화물,여,65세,중상
2020062200100269,2020년 6월 22일 11시,월요일,경상북도 경주시 동천동,경상사고,0,0,1,0,차대사람 - 길가장자리구역통행중,안전운전불이행,건조,맑음,단일로 - 기타,승용,남,46세,상해없음,보행자,여,56세,경상
2020062200100270,2020년 6월 22일 11시,월요일,경상북도 문경시 문경읍,경상사고,0,0,2,0,차대차 - 측면충돌,중앙선침범,건조,맑음,단일로 - 기타,화물,남,46세,상해없음,승용,남,30세,경상
2020062200100271,2020년 6월 22일 11시,월요일,경상북도 군위군 효령면,경상사고,0,0,2,0,차대차 - 기타,안전운전불이행,건조,맑음,교차로 - 교차로부근,승용,여,19세,상해없음,승용,남,31세,경상
2020062200100297,2020년 6월 22일 12시,월요일,경상북도 영주시 하망동,중상사고,0,1,0,0,차대차 - 측면충돌,안전운전불이행,건조,맑음,교차로 - 교차로안,화물,남,50세,상해없음,자전거,남,91세,중상
2020062200100336,2020년 6월 22일 13시,월요일,경상북도 상주시 공성면,중상사고,0,2,0,0,차대차 - 정면충돌,중앙선침범,건조,맑음,단일로 - 기타,화물,남,51세,중상,승합,남,59세,중상
2020062200100337,2020년 6월 22일 13시,월요일,경상북도 구미시 옥성면,경상사고,0,0,1,0,차대차 - 기타,안전운전불이행,건조,맑음,단일로 - 기타,승용,여,25세,상해없음,이륜,남,84세,경상
2020062200100338,2020년 6월 22일 13시,월요일,경상북도 칠곡군 왜관읍,중상사고,0,1,0,0,차대차 - 기타,안전운전불이행,건조,맑음,단일로 - 기타,승용,남,53세,상해없음,승용,남,43세,중상
2020062200100381,2020년 6월 22일 14시,월요일,경상북도 안동시 용상동,경상사고,0,0,1,0,차대차 - 측면충돌,안전운전불이행,건조,맑음,교차로 - 교차로부근,승용,남,43세,상해없음,자전거,남,13세,경상
2020062200100382,2020년 6월 22일 14시,월요일,경상북도 경산시 삼북동,경상사고,0,0,2,0,차대차 - 측면충돌,직진우회전진행방해,건조,맑음,교차로 - 교차로안,승용,여,34세,상해없음,승용,여,51세,경상
2020062200100431,2020년 6월 22일 15시,월요일,경상북도 경주시 외동읍,중상사고,0,1,0,0,차대차 - 측면충돌,안전운전불이행,건조,맑음,교차로 - 교차로안,이륜,남,82세,중상,화물,남,63세,상해없음
2020062200100432,2020년 6월 22일 15시,월요일,경상북도 포항시 북구 죽도동,경상사고,0,0,1,0,차대차 - 측면충돌,안전거리미확보,건조,맑음,단일로 - 기타,승용,남,63세,상해없음,원동기,남,34세,경상
2020062200100433,2020년 6월 22일 15시,월요일,경상북도 영천시 금호읍,경상사고,0,0,4,0,차대차 - 측면충돌,안전거리미확보,건조,맑음,교차로 - 교차로안,건설기계,남,54세,상해없음,승용,남,75세,경상
2020062200100434,2020년 6월 22일 15시,월요일,경상북도 성주군 선남면,경상사고,0,0,1,0,차대차 - 기타,안전운전불이행,건조,맑음,기타 - 기타,승용,남,64세,경상,승용,여,66세,기타불명
2020062200100544,2020년 6월 22일 17시,월요일,경상북도 포항시 북구 득량동,경상사고,0,0,1,0,차대차 - 기타,안전운전불이행,건조,맑음,교차로 - 교차로부근,이륜,남,71세,상해없음,승용,여,49세,경상
2020062200100545,2020년 6월 22일 17시,월요일,경상북도 포항시 북구 항구동,경상사고,0,0,1,0,차대차 - 추돌,안전운전불이행,건조,맑음,교차로 - 교차로부근,승용,남,41세,상해없음,승용,남,53세,경상
2020062200100546,2020년 6월 22일 17시,월요일,경상북도 영천시 망정동,경상사고,0,0,2,0,차대차 - 추돌,안전운전불이행,건조,맑음,교차로 - 교차로부근,승용,여,62세,기타불명,승용,남,78세,상해없음
2020062200100547,2020년 6월 22일 17시,월요일,경상북도 문경시 가은읍,중상사고,0,1,0,0,차대차 - 측면충돌,직진우회전진행방해,건조,맑음,교차로 - 교차로안,이륜,남,79세,중상,화물,남,51세,상해없음
2020062200100548,2020년 6월 22일 17시,월요일,경상북도 구미시 도량동,경상사고,0,0,1,0,차대차 - 측면충돌,안전운전불이행,건조,맑음,교차로 - 교차로부근,화물,남,33세,상해없음,승용,여,60세,경상
2020062200100587,2020년 6월 22일 18시,월요일,경상북도 경주시 용강동,경상사고,0,0,1,0,차대차 - 측면충돌,신호위반,건조,맑음,단일로 - 지하차도(도로)내,승용,여,33세,상해없음,승용,여,36세,경상
2020062200100588,2020년 6월 22일 18시,월요일,경상북도 포항시 북구 대신동,경상사고,0,0,1,0,차대사람 - 횡단중,보행자보호의무위반,건조,맑음,교차로 - 교차로안,승용,여,65세,상해없음,보행자,남,62세,경상
2020062200100589,2020년 6월 22일 18시,월요일,경상북도 김천시 모암동,경상사고,0,0,1,0,차대차 - 추돌,안전운전불이행,건조,맑음,단일로 - 기타,승용,남,49세,상해없음,승용,남,60세,경상
2020062200100590,2020년 6월 22일 18시,월요일,경상북도 포항시 남구 오천읍,경상사고,0,0,1,0,차대차 - 기타,안전운전불이행,건조,맑음,단일로 - 기타,승용,남,21세,상해없음,자전거,남,24세,경상
2020062200100630,2020년 6월 22일 19시,월요일,경상북도 영덕군 강구면,경상사고,0,0,1,0,차대차 - 추돌,안전운전불이행,건조,맑음,교차로 - 교차로부근,건설기계,남,49세,상해없음,화물,남,49세,경상
2020062200100631,2020년 6월 22일 19시,월요일,경상북도 포항시 남구 송도동,경상사고,0,0,1,0,차대차 - 기타,중앙선침범,건조,맑음,단일로 - 기타,승용,남,62세,상해없음,자전거,남,14세,경상
2020062200100657,2020년 6월 22일 20시,월요일,경상북도 포항시 북구 흥해읍,경상사고,0,0,1,0,차량단독 - 공작물충돌,과속,건조,맑음,단일로 - 기타,승용,남,25세,경상,,,,
2020062200100658,2020년 6월 22일 20시,월요일,경상북도 김천시 감천면,사망사고,1,0,0,0,차대차 - 추돌,안전운전불이행,건조,맑음,단일로 - 기타,특수,남,57세,상해없음,농기계,남,56세,사망
2020062200100659,2020년 6월 22일 20시,월요일,경상북도 칠곡군 왜관읍,중상사고,0,1,0,0,차대차 - 정면충돌,안전운전불이행,건조,맑음,단일로 - 기타,승용,남,44세,상해없음,자전거,남,62세,중상
2020062200100660,2020년 6월 22일 20시,월요일,경상북도 경주시 내남면,중상사고,0,1,0,0,차대차 - 추돌,안전운전불이행,건조,맑음,단일로 - 기타,화물,남,55세,상해없음,화물,남,62세,중상
2020062200100691,2020년 6월 22일 21시,월요일,경상북도 경주시 외동읍,경상사고,0,0,1,0,차대사람 - 길가장자리구역통행중,안전운전불이행,건조,맑음,단일로 - 기타,승용,여,59세,상해없음,보행자,남,42세,경상
2020062200100692,2020년 6월 22일 21시,월요일,경상북도 김천시 감문면,경상사고,0,0,1,0,차대차 - 측면충돌,안전운전불이행,건조,맑음,교차로 - 교차로안,승합,기타불명,미분류,기타불명,화물,남,76세,경상
2020062200100718,2020년 6월 22일 22시,월요일,경상북도 구미시 시미동,경상사고,0,0,2,1,차대차 - 기타,안전운전불이행,건조,맑음,교차로 - 교차로안,이륜,남,17세,부상신고,승용,여,22세,경상
2020062300100012,2020년 6월 23일 00시,화요일,경상북도 경주시 성동동,경상사고,0,0,2,0,차대차 - 측면충돌,안전운전불이행,건조,맑음,교차로 - 교차로부근,승용,여,62세,상해없음,승용,남,36세,경상
2020062300100019,2020년 6월 23일 01시,화요일,경상북도 칠곡군 약목면,경상사고,0,0,1,0,차대차 - 기타,안전운전불이행,건조,맑음,단일로 - 기타,승용,남,25세,상해없음,개인형이동수단(PM),남,21세,경상
2020062300100055,2020년 6월 23일 06시,화요일,경상북도 봉화군 재산면,경상사고,0,0,1,0,차대차 - 측면충돌,중앙선침범,건조,맑음,단일로 - 기타,화물,남,48세,상해없음,승용,여,60세,경상
2020062300100056,2020년 6월 23일 06시,화요일,경상북도 포항시 남구 동촌동,경상사고,0,0,2,0,차대차 - 기타,신호위반,건조,맑음,교차로 - 교차로안,승용,남,67세,상해없음,화물,남,67세,경상
2020062300100085,2020년 6월 23일 07시,화요일,경상북도 상주시 거동동,경상사고,0,0,1,0,차대차 - 후진중충돌,안전운전불이행,건조,맑음,단일로 - 기타,화물,남,77세,상해없음,승용,여,52세,경상
2020062300100086,2020년 6월 23일 07시,화요일,경상북도 의성군 안계면,중상사고,0,1,0,0,차대차 - 측면충돌,신호위반,건조,맑음,교차로 - 교차로안,이륜,남,83세,중상,승용,남,52세,상해없음
2020062300100087,2020년 6월 23일 07시,화요일,경상북도 구미시 봉곡동,경상사고,0,0,2,0,차대차 - 기타,직진우회전진행방해,건조,맑음,교차로 - 교차로안,승용,여,33세,경상,승용,여,38세,경상
2020062300100133,2020년 6월 23일 08시,화요일,경상북도 상주시 남성동,중상사고,0,1,0,0,차대차 - 측면충돌,교차로운행방법위반,건조,맑음,교차로 - 교차로안,승용,여,65세,상해없음,자전거,남,82세,중상
2020062300100134,2020년 6월 23일 08시,화요일,경상북도 문경시 흥덕동,경상사고,0,0,1,0,차대사람 - 횡단중,안전운전불이행,건조,맑음,교차로 - 교차로안,승용,남,57세,상해없음,보행자,여,68세,경상
2020062300100135,2020년 6월 23일 08시,화요일,경상북도 성주군 성주읍,경상사고,0,0,1,0,차대차 - 기타,안전운전불이행,건조,맑음,단일로 - 기타,승합,남,42세,상해없음,화물,남,53세,경상
2020062300100182,2020년 6월 23일 09시,화요일,경상북도 경산시 임당동,경상사고,0,0,1,0,차대사람 - 기타,안전운전불이행,건조,맑음,단일로 - 기타,승용,남,27세,상해없음,보행자,남,26세,경상
2020062300100183,2020년 6월 23일 09시,화요일,경상북도 영덕군 영해면,경상사고,0,0,1,0,차대차 - 기타,안전운전불이행,건조,맑음,교차로 - 교차로안,자전거,여,76세,경상,승용,남,60세,상해없음
2020062300100221,2020년 6월 23일 10시,화요일,경상북도 포항시 북구 죽도동,중상사고,0,1,0,0,차대사람 - 차도통행중,안전운전불이행,건조,맑음,교차로 - 교차로안,승용,여,54세,상해없음,보행자,남,58세,중상
2020062300100268,2020년 6월 23일 11시,화요일,경상북도 칠곡군 동명면,경상사고,0,0,3,0,차대차 - 추돌,안전거리미확보,건조,맑음,교차로 - 교차로부근,화물,남,70세,상해없음,승용,남,38세,경상
2020062300100269,2020년 6월 23일 11시,화요일,경상북도 경산시 사동,경상사고,0,0,1,0,차대차 - 측면충돌,신호위반,건조,맑음,교차로 - 교차로안,이륜,남,21세,상해없음,승용,여,50세,상해없음
2020062300100303,2020년 6월 23일 12시,화요일,경상북도 경주시 강동면,경상사고,0,0,1,0,차대차 - 측면충돌,안전운전불이행,건조,맑음,단일로 - 기타,화물,남,35세,상해없음,이륜,남,76세,경상
2020062300100304,2020년 6월 23일 12시,화요일,경상북도 경주시 용강동,경상사고,0,0,1,0,차대차 - 측면충돌,안전운전불이행,건조,맑음,단일로 - 기타,승용,남,30세,상해없음,화물,남,60세,경상
2020062300100356,2020년 6월 23일 14시,화요일,경상북도 구미시 봉곡동,경상사고,0,0,1,1,차대차 - 기타,교차로운행방법위반,건조,맑음,교차로 - 교차로안,승용,남,21세,부상신고,승용,여,58세,경상
2020062300100389,2020년 6월 23일 15시,화요일,경상북도 상주시 가장동,중상사고,0,1,1,0,차대차 - 추돌,안전운전불이행,건조,맑음,단일로 - 기타,화물,남,67세,상해없음,승용,남,66세,중상
2020062300100390,2020년 6월 23일 15시,화요일,경상북도 영주시 상줄동,중상사고,0,1,0,0,차대차 - 기타,안전운전불이행,건조,맑음,단일로 - 기타,승용,남,46세,상해없음,자전거,남,66세,중상
2020062300100391,2020년 6월 23일 15시,화요일,경상북도 경산시 신천동,중상사고,0,1,1,0,차대차 - 추돌,안전운전불이행,건조,맑음,교차로 - 교차로부근,승용,여,67세,상해없음,승용,남,50세,경상
2020062300100426,2020년 6월 23일 16시,화요일,경상북도 상주시 냉림동,경상사고,0,0,1,0,차대차 - 추돌,안전운전불이행,건조,맑음,교차로 - 교차로부근,승용,남,66세,상해없음,승용,남,61세,상해없음
2020062300100427,2020년 6월 23일 16시,화요일,경상북도 포항시 남구 오천읍,경상사고,0,0,1,0,차대차 - 측면충돌,기타,건조,맑음,교차로 - 교차로부근,승용,여,48세,상해없음,이륜,남,19세,경상
2020062300100474,2020년 6월 23일 17시,화요일,경상북도 경주시 안강읍,중상사고,0,1,0,0,차대차 - 측면충돌,안전운전불이행,건조,맑음,교차로 - 교차로안,승용,남,57세,상해없음,자전거,여,55세,중상
2020062300100475,2020년 6월 23일 17시,화요일,경상북도 경주시 황성동,경상사고,0,0,1,0,차대차 - 추돌,안전운전불이행,건조,맑음,기타 - 기타,승용,남,49세,상해없음,승용,여,40세,경상
2020062300100528,2020년 6월 23일 18시,화요일,경상북도 문경시 문경읍,경상사고,0,0,1,0,차대차 - 기타,안전운전불이행,건조,맑음,교차로 - 교차로안,승용,남,19세,상해없음,승용,남,30세,경상
2020062300100529,2020년 6월 23일 18시,화요일,경상북도 경산시 중방동,중상사고,0,1,0,1,차대차 - 측면충돌,교차로운행방법위반,건조,맑음,교차로 - 교차로안,승용,여,31세,부상신고,이륜,남,26세,중상
2020062300100568,2020년 6월 23일 19시,화요일,경상북도 경주시 사정동,경상사고,0,0,1,0,차대차 - 측면충돌,안전운전불이행,건조,맑음,교차로 - 교차로부근,승용,남,63세,상해없음,승용,남,45세,경상
2020062300100569,2020년 6월 23일 19시,화요일,경상북도 성주군 선남면,경상사고,0,0,1,0,차대차 - 측면충돌,안전운전불이행,건조,맑음,단일로 - 기타,승용,남,30세,기타불명,승용,여,54세,경상
2020062300100606,2020년 6월 23일 20시,화요일,경상북도 안동시 운흥동,경상사고,0,0,1,0,차대차 - 측면충돌,안전운전불이행,건조,맑음,교차로 - 교차로부근,승용,남,27세,상해없음,승용,남,38세,경상
2020062300100607,2020년 6월 23일 20시,화요일,경상북도 영주시 영주동,사망사고,1,0,0,0,차대사람 - 차도통행중,안전운전불이행,건조,맑음,단일로 - 기타,승용,남,71세,상해없음,보행자,여,89세,사망
2020062300100608,2020년 6월 23일 20시,화요일,경상북도 칠곡군 북삼읍,경상사고,0,0,1,0,차대차 - 측면충돌,안전운전불이행,건조,맑음,교차로 - 교차로부근,승용,남,65세,상해없음,개인형이동수단(PM),남,34세,경상
2020062300100643,2020년 6월 23일 21시,화요일,경상북도 포항시 북구 창포동,경상사고,0,0,1,0,차대차 - 기타,안전운전불이행,건조,맑음,교차로 - 교차로안,승용,여,61세,상해없음,이륜,남,52세,경상
2020062300100644,2020년 6월 23일 21시,화요일,경상북도 안동시 옥동,경상사고,0,0,2,0,차대차 - 추돌,안전거리미확보,건조,맑음,단일로 - 기타,승합,여,24세,상해없음,승용,남,33세,경상
2020062300100645,2020년 6월 23일 21시,화요일,경상북도 상주시 성하동,경상사고,0,0,1,0,차량단독 - 전도전복 - 전도,안전운전불이행,건조,맑음,교차로 - 교차로안,이륜,남,17세,경상,,,,
2020062300100646,2020년 6월 23일 21시,화요일,경상북도 구미시 도량동,중상사고,0,3,1,0,차대차 - 측면충돌,안전운전불이행,건조,맑음,단일로 - 기타,승용,남,37세,상해없음,승용,남,55세,경상
2020062300100692,2020년 6월 23일 23시,화요일,경상북도 경주시 내남면,경상사고,0,0,1,0,차량단독 - 공작물충돌,안전운전불이행,건조,맑음,교차로 - 교차로부근,화물,남,50세,경상,,,,
2020062400100019,2020년 6월 24일 01시,수요일,경상북도 경산시 조영동,경상사고,0,0,1,0,차대사람 - 기타,교차로운행방법위반,건조,맑음,교차로 - 교차로부근,승용,남,34세,상해없음,보행자,남,24세,경상
2020062400100059,2020년 6월 24일 06시,수요일,경상북도 경산시 하양읍,경상사고,0,0,1,0,차대차 - 추돌,안전운전불이행,건조,맑음,교차로 - 교차로안,화물,남,29세,상해없음,승용,남,48세,경상
2020062400100079,2020년 6월 24일 07시,수요일,경상북도 경주시 노서동,경상사고,0,0,1,0,차대차 - 측면충돌,안전운전불이행,건조,맑음,주차장 - 주차장,승용,여,60세,상해없음,자전거,여,33세,경상
2020062400100115,2020년 6월 24일 08시,수요일,경상북도 김천시 대덕면,중상사고,0,1,0,0,차대차 - 측면충돌,중앙선침범,젖음/습기,비,단일로 - 기타,승용,남,35세,상해없음,화물,남,61세,중상
2020062400100116,2020년 6월 24일 08시,수요일,경상북도 경산시 옥산동,중상사고,0,1,0,0,차대차 - 추돌,안전거리미확보,건조,맑음,단일로 - 기타,승용,여,23세,상해없음,승용,여,49세,중상
2020062400100117,2020년 6월 24일 08시,수요일,경상북도 성주군 월항면,경상사고,0,0,2,0,차대차 - 추돌,안전운전불이행,건조,맑음,교차로 - 교차로부근,승용,남,57세,경상,화물,남,41세,경상
2020062400100118,2020년 6월 24일 08시,수요일,경상북도 구미시 원평동,경상사고,0,0,1,0,차대차 - 기타,안전운전불이행,건조,맑음,단일로 - 기타,승용,남,46세,상해없음,이륜,남,41세,경상
2020062400100154,2020년 6월 24일 09시,수요일,경상북도 성주군 성주읍,경상사고,0,0,1,0,차대사람 - 기타,안전운전불이행,건조,맑음,교차로 - 교차로안,화물,남,51세,상해없음,보행자,남,85세,경상
2020062400100172,2020년 6월 24일 10시,수요일,경상북도 포항시 북구 흥해읍,중상사고,0,1,0,0,차대차 - 측면충돌,안전운전불이행,건조,맑음,단일로 - 기타,승용,남,63세,중상,건설기계,남,50세,상해없음
2020062400100173,2020년 6월 24일 10시,수요일,경상북도 구미시 신평동,경상사고,0,0,2,0,차대차 - 측면충돌,직진우회전진행방해,젖음/습기,비,교차로 - 교차로안,승용,남,26세,상해없음,승용,남,30세,경상
2020062400100238,2020년 6월 24일 12시,수요일,경상북도 경주시 현곡면,중상사고,0,2,0,0,차대차 - 측면충돌,안전운전불이행,건조,맑음,단일로 - 기타,농기계,남,83세,중상,승용,여,67세,중상
2020062400100239,2020년 6월 24일 12시,수요일,경상북도 경산시 사동,경상사고,0,0,1,0,차대차 - 측면충돌,안전운전불이행,건조,맑음,교차로 - 교차로안,승용,남,66세,상해없음,화물,여,52세,경상
2020062400100261,2020년 6월 24일 13시,수요일,경상북도 경주시 용강동,경상사고,0,0,1,0,차대차 - 측면충돌,직진우회전진행방해,건조,맑음,교차로 - 교차로안,화물,남,49세,상해없음,승용,여,41세,경상
2020062400100262,2020년 6월 24일 13시,수요일,경상북도 칠곡군 북삼읍,경상사고,0,0,1,0,차대차 - 측면충돌,직진우회전진행방해,건조,맑음,교차로 - 교차로부근,승용,여,60세,상해없음,이륜,남,54세,경상
2020062400100263,2020년 6월 24일 13시,수요일,경상북도 구미시 임수동,경상사고,0,0,1,0,차대차 - 기타,안전운전불이행,기타,기타,교차로 - 교차로부근,이륜,남,54세,경상,화물,남,41세,상해없음