사고번호,사고일시,요일,시군구,사고내용,사망자수,중상자수,경상자수,부상신고자수,사고유형,법규위반,노면상태,기상상태,도로형태,가해운전자 차종,가해운전자 성별,가해운전자 연령,가해운전자 상해정도,피해운전자 차종,피해운전자 성별,피해운전자 연령,피해운전자 상해정도
2020062400100264,2020년 6월 24일 13시,수요일,경상북도 포항시 남구 대도동,경상사고,0,0,2,0,차대차 - 측면충돌,기타,젖음/습기,비,단일로 - 기타,이륜,남,52세,경상,승용,남,35세,경상
2020062400100265,2020년 6월 24일 13시,수요일,경상북도 경산시 하양읍,경상사고,0,0,1,0,차대차 - 추돌,안전운전불이행,젖음/습기,비,단일로 - 기타,승용,남,56세,상해없음,승용,남,46세,경상
2020062400100305,2020년 6월 24일 14시,수요일,경상북도 안동시 일직면,중상사고,0,1,2,0,차대차 - 측면충돌,직진우회전진행방해,건조,맑음,교차로 - 교차로안,승용,남,58세,경상,화물,남,42세,중상
2020062400100306,2020년 6월 24일 14시,수요일,경상북도 영덕군 강구면,중상사고,0,1,0,0,차대차 - 측면충돌,안전운전불이행,건조,맑음,교차로 - 교차로부근,승용,남,75세,상해없음,승용,남,36세,중상
2020062400100307,2020년 6월 24일 14시,수요일,경상북도 군위군 효령면,사망사고,1,0,0,0,차량단독 - 공작물충돌,안전운전불이행,건조,맑음,단일로 - 기타,화물,남,58세,사망,,,,
2020062400100308,2020년 6월 24일 14시,수요일,경상북도 포항시 남구 해도동,경상사고,0,0,2,0,차대차 - 추돌,안전거리미확보,건조,맑음,교차로 - 교차로부근,승용,남,66세,상해없음,승용,남,47세,경상
2020062400100352,2020년 6월 24일 15시,수요일,경상북도 포항시 북구 흥해읍,중상사고,0,1,0,0,차대차 - 측면충돌,중앙선침범,건조,맑음,단일로 - 기타,화물,남,73세,상해없음,승용,여,69세,중상
2020062400100353,2020년 6월 24일 15시,수요일,경상북도 경산시 사동,경상사고,0,0,1,0,차대차 - 기타,중앙선침범,젖음/습기,흐림,단일로 - 기타,기타불명,기타불명,미분류,기타불명,자전거,남,11세,경상
2020062400100354,2020년 6월 24일 15시,수요일,경상북도 포항시 남구 이동,경상사고,0,0,1,0,차대차 - 정면충돌,안전운전불이행,젖음/습기,비,교차로 - 교차로부근,이륜,남,21세,경상,승용,남,64세,상해없음
2020062400100355,2020년 6월 24일 15시,수요일,경상북도 포항시 남구 연일읍,경상사고,0,0,1,0,차대차 - 측면충돌,안전운전불이행,건조,맑음,단일로 - 고가도로위,건설기계,남,53세,상해없음,승용,여,67세,경상
2020062400100390,2020년 6월 24일 16시,수요일,경상북도 영덕군 영해면,경상사고,0,0,3,0,차대차 - 측면충돌,직진우회전진행방해,젖음/습기,비,교차로 - 교차로안,승용,남,46세,상해없음,승용,여,78세,경상
2020062400100391,2020년 6월 24일 16시,수요일,경상북도 포항시 남구 오천읍,부상신고사고,0,0,0,1,차대차 - 추돌,안전운전불이행,건조,맑음,단일로 - 기타,승용,남,45세,부상신고,승용,기타불명,미분류,기타불명
2020062400100432,2020년 6월 24일 17시,수요일,경상북도 구미시 공단동,경상사고,0,0,1,0,차대차 - 기타,안전운전불이행,젖음/습기,비,단일로 - 기타,승용,여,42세,상해없음,승용,여,20세,경상
2020062400100475,2020년 6월 24일 18시,수요일,경상북도 영주시 하망동,중상사고,0,1,0,0,차대차 - 측면충돌,안전운전불이행,젖음/습기,비,교차로 - 교차로안,승용,남,70세,상해없음,자전거,남,79세,중상
2020062400100476,2020년 6월 24일 18시,수요일,경상북도 칠곡군 동명면,경상사고,0,0,1,0,차대차 - 추돌,안전운전불이행,젖음/습기,비,단일로 - 기타,승용,남,33세,경상,승용,남,63세,상해없음
2020062400100477,2020년 6월 24일 18시,수요일,경상북도 경산시 중방동,경상사고,0,0,1,0,차대차 - 기타,안전운전불이행,젖음/습기,비,교차로 - 교차로안,이륜,남,24세,경상,화물,남,57세,상해없음
2020062400100478,2020년 6월 24일 18시,수요일,경상북도 경산시 옥산동,중상사고,0,1,0,0,차대차 - 측면충돌,신호위반,젖음/습기,비,교차로 - 교차로횡단보도내,승합,남,64세,상해없음,이륜,남,59세,중상
2020062400100479,2020년 6월 24일 18시,수요일,경상북도 포항시 남구 오천읍,경상사고,0,0,1,0,차대차 - 기타,교차로운행방법위반,건조,맑음,교차로 - 교차로안,화물,남,55세,상해없음,이륜,남,29세,경상
2020062400100527,2020년 6월 24일 19시,수요일,경상북도 포항시 북구 청하면,중상사고,0,2,1,0,차량단독 - 공작물충돌,과속,젖음/습기,비,단일로 - 기타,승용,여,32세,기타불명,,,,
2020062400100528,2020년 6월 24일 19시,수요일,경상북도 구미시 원평동,경상사고,0,0,1,0,차대사람 - 기타,기타,건조,맑음,단일로 - 기타,승합,남,40세,상해없음,보행자,여,25세,경상
2020062400100529,2020년 6월 24일 19시,수요일,경상북도 구미시 선산읍,경상사고,0,0,1,0,차량단독 - 기타,안전운전불이행,건조,맑음,단일로 - 기타,승용,남,76세,경상,,,,
2020062400100530,2020년 6월 24일 19시,수요일,경상북도 구미시 인의동,부상신고사고,0,0,0,1,차량단독 - 전도전복 - 전도,안전운전불이행,건조,맑음,기타 - 기타,이륜,남,53세,부상신고,,,,
2020062400100567,2020년 6월 24일 20시,수요일,경상북도 경주시 감포읍,중상사고,0,1,0,0,차량단독 - 기타,안전운전불이행,젖음/습기,비,단일로 - 기타,이륜,남,57세,중상,,,,
2020062400100568,2020년 6월 24일 20시,수요일,경상북도 경산시 신천동,경상사고,0,0,1,0,차대차 - 기타,안전운전불이행,젖음/습기,비,단일로 - 기타,기타불명,기타불명,미분류,기타불명,승용,남,60세,상해없음
2020062400100569,2020년 6월 24일 20시,수요일,경상북도 영덕군 영덕읍,경상사고,0,0,1,0,차대차 - 측면충돌,안전운전불이행,건조,맑음,교차로 - 교차로안,승용,남,49세,상해없음,승용,남,72세,상해없음
2020062400100570,2020년 6월 24일 20시,수요일,경상북도 구미시 진평동,경상사고,0,0,1,0,차대차 - 측면충돌,안전운전불이행,젖음/습기,흐림,단일로 - 기타,승용,남,52세,상해없음,승용,남,19세,경상
2020062400100571,2020년 6월 24일 20시,수요일,경상북도 구미시 산동면,경상사고,0,0,1,0,차대차 - 기타,안전운전불이행,건조,맑음,단일로 - 기타,승용,남,31세,기타불명,승용,여,30세,경상
2020062400100572,2020년 6월 24일 20시,수요일,경상북도 포항시 남구 연일읍,경상사고,0,0,1,0,차대차 - 추돌,안전거리미확보,젖음/습기,비,교차로 - 교차로부근,승용,남,58세,상해없음,이륜,남,40세,경상
2020062400100608,2020년 6월 24일 21시,수요일,경상북도 포항시 북구 장성동,경상사고,0,0,1,0,차대차 - 기타,안전운전불이행,건조,맑음,교차로 - 교차로안,승용,남,37세,상해없음,이륜,남,41세,경상
2020062400100609,2020년 6월 24일 21시,수요일,경상북도 경산시 하양읍,경상사고,0,0,1,0,차대차 - 측면충돌,안전운전불이행,건조,맑음,단일로 - 기타,승용,남,37세,상해없음,승용,여,40세,경상
2020062400100610,2020년 6월 24일 21시,수요일,경상북도 구미시 송정동,부상신고사고,0,0,0,1,차대사람 - 횡단중,안전운전불이행,젖음/습기,비,교차로 - 교차로안,승용,여,42세,상해없음,보행자,남,46세,부상신고
2020062400100659,2020년 6월 24일 22시,수요일,경상북도 의성군 봉양면,사망사고,1,0,0,0,차대사람 - 기타,안전운전불이행,젖음/습기,비,단일로 - 기타,승용,여,25세,상해없음,보행자,남,23세,사망
2020062400100660,2020년 6월 24일 22시,수요일,경상북도 포항시 남구 이동,경상사고,0,0,1,0,차대차 - 기타,안전운전불이행,젖음/습기,비,단일로 - 기타,건설기계,남,47세,상해없음,승용,남,38세,경상
2020062400100681,2020년 6월 24일 23시,수요일,경상북도 구미시 오태동,경상사고,0,0,2,0,차량단독 - 공작물충돌,안전운전불이행,젖음/습기,비,단일로 - 기타,화물,남,40세,경상,,,,
2020062500100026,2020년 6월 25일 00시,목요일,경상북도 안동시 정하동,중상사고,0,1,1,0,차대차 - 정면충돌,중앙선침범,젖음/습기,비,교차로 - 교차로부근,승용,남,30세,경상,승합,여,61세,중상
2020062500100043,2020년 6월 25일 01시,목요일,경상북도 포항시 북구 죽도동,경상사고,0,0,1,0,차대차 - 추돌,안전거리미확보,건조,맑음,교차로 - 교차로부근,승용,남,43세,상해없음,승용,남,35세,경상
2020062500100053,2020년 6월 25일 02시,목요일,경상북도 김천시 평화동,중상사고,0,1,0,0,차대사람 - 횡단중,안전운전불이행,건조,맑음,단일로 - 기타,승용,남,51세,상해없음,보행자,남,52세,중상
2020062500100077,2020년 6월 25일 05시,목요일,경상북도 구미시 장천면,중상사고,0,1,2,0,차대차 - 측면충돌,교차로운행방법위반,건조,흐림,교차로 - 교차로안,승용,남,64세,상해없음,화물,남,29세,중상
2020062500100094,2020년 6월 25일 06시,목요일,경상북도 구미시 원평동,중상사고,0,1,1,0,차대차 - 기타,교차로운행방법위반,건조,맑음,교차로 - 교차로안,승용,남,51세,중상,승용,여,48세,경상
2020062500100095,2020년 6월 25일 06시,목요일,경상북도 포항시 남구 대도동,부상신고사고,0,0,0,1,차대차 - 기타,안전운전불이행,젖음/습기,흐림,교차로 - 교차로안,이륜,남,62세,부상신고,승용,남,41세,상해없음
2020062500100140,2020년 6월 25일 08시,목요일,경상북도 안동시 풍천면,경상사고,0,0,3,0,차대차 - 추돌,안전거리미확보,젖음/습기,비,단일로 - 기타,승용,남,34세,상해없음,승용,여,50세,경상
2020062500100141,2020년 6월 25일 08시,목요일,경상북도 안동시 송천동,경상사고,0,0,1,0,차대차 - 기타,안전거리미확보,건조,맑음,단일로 - 기타,승용,여,51세,상해없음,승용,남,29세,경상
2020062500100142,2020년 6월 25일 08시,목요일,경상북도 의성군 의성읍,경상사고,0,0,1,0,차대차 - 측면충돌,안전운전불이행,건조,맑음,단일로 - 기타,화물,남,71세,상해없음,화물,남,55세,경상
2020062500100143,2020년 6월 25일 08시,목요일,경상북도 구미시 지산동,경상사고,0,0,2,0,차대차 - 정면충돌,안전운전불이행,건조,맑음,교차로 - 교차로안,화물,남,62세,상해없음,승용,남,35세,경상
2020062500100144,2020년 6월 25일 08시,목요일,경상북도 포항시 남구 오천읍,경상사고,0,0,4,0,차대차 - 기타,직진우회전진행방해,건조,맑음,교차로 - 교차로안,승용,여,22세,경상,승용,여,57세,경상
2020062500100165,2020년 6월 25일 09시,목요일,경상북도 경주시 하동,경상사고,0,0,2,0,차대차 - 측면충돌,안전운전불이행,건조,맑음,단일로 - 기타,승용,남,31세,경상,승용,남,27세,경상
2020062500100166,2020년 6월 25일 09시,목요일,경상북도 칠곡군 지천면,경상사고,0,0,1,0,차대차 - 측면충돌,안전운전불이행,건조,맑음,단일로 - 기타,승용,남,59세,경상,특수,남,48세,상해없음
2020062500100198,2020년 6월 25일 10시,목요일,경상북도 구미시 오태동,중상사고,0,1,0,0,차대차 - 측면충돌,안전운전불이행,건조,맑음,단일로 - 기타,화물,남,49세,상해없음,이륜,남,65세,중상
2020062500100228,2020년 6월 25일 11시,목요일,경상북도 상주시 사벌면,경상사고,0,0,1,0,차대차 - 정면충돌,안전운전불이행,젖음/습기,비,교차로 - 교차로안,화물,남,63세,상해없음,승용,남,67세,경상
2020062500100229,2020년 6월 25일 11시,목요일,경상북도 영천시 대창면,경상사고,0,0,1,0,차대차 - 측면충돌,안전운전불이행,젖음/습기,흐림,단일로 - 기타,이륜,남,51세,경상,화물,남,31세,상해없음
2020062500100230,2020년 6월 25일 11시,목요일,경상북도 성주군 대가면,경상사고,0,0,1,0,차대사람 - 기타,안전운전불이행,건조,맑음,기타 - 기타,승용,여,60세,상해없음,보행자,여,30세,경상
2020062500100255,2020년 6월 25일 12시,목요일,경상북도 칠곡군 북삼읍,경상사고,0,0,2,0,차대차 - 측면충돌,교차로운행방법위반,건조,맑음,교차로 - 교차로안,승용,남,55세,경상,승용,남,53세,경상
2020062500100281,2020년 6월 25일 13시,목요일,경상북도 경주시 인왕동,중상사고,0,1,0,0,차대차 - 측면충돌,과속,건조,맑음,교차로 - 교차로안,승용,남,54세,상해없음,이륜,남,65세,중상
2020062500100282,2020년 6월 25일 13시,목요일,경상북도 영천시 화남면,경상사고,0,0,2,0,차대차 - 측면충돌,안전거리미확보,건조,맑음,교차로 - 교차로안,화물,남,59세,상해없음,승용,남,49세,경상
2020062500100313,2020년 6월 25일 14시,목요일,경상북도 경주시 서면,경상사고,0,0,1,0,차대차 - 측면충돌,안전운전불이행,젖음/습기,비,교차로 - 교차로안,화물,남,56세,상해없음,승용,여,61세,경상
2020062500100314,2020년 6월 25일 14시,목요일,경상북도 포항시 북구 환호동,경상사고,0,0,1,0,차대차 - 측면충돌,안전운전불이행,젖음/습기,비,단일로 - 기타,승용,여,27세,상해없음,화물,여,64세,경상
2020062500100315,2020년 6월 25일 14시,목요일,경상북도 안동시 운흥동,경상사고,0,0,4,0,차대차 - 정면충돌,신호위반,건조,맑음,교차로 - 교차로안,승용,남,31세,상해없음,승용,남,34세,경상
2020062500100316,2020년 6월 25일 14시,목요일,경상북도 안동시 길안면,경상사고,0,0,1,0,차대차 - 측면충돌,중앙선침범,건조,맑음,단일로 - 기타,승용,남,55세,상해없음,승용,여,54세,경상
2020062500100317,2020년 6월 25일 14시,목요일,경상북도 경산시 중방동,경상사고,0,0,1,0,차대사람 - 길가장자리구역통행중,안전운전불이행,젖음/습기,흐림,단일로 - 기타,승용,여,60세,상해없음,보행자,여,55세,경상
2020062500100349,2020년 6월 25일 15시,목요일,경상북도 포항시 남구 오천읍,경상사고,0,0,1,0,차대차 - 측면충돌,신호위반,젖음/습기,비,교차로 - 교차로안,승용,남,23세,상해없음,이륜,여,27세,경상
2020062500100414,2020년 6월 25일 17시,목요일,경상북도 상주시 화산동,경상사고,0,0,1,0,차대차 - 정면충돌,중앙선침범,건조,맑음,단일로 - 기타,화물,남,60세,상해없음,승용,남,57세,상해없음
2020062500100444,2020년 6월 25일 18시,목요일,경상북도 경주시 외동읍,중상사고,0,1,1,0,차대차 - 측면충돌,신호위반,건조,흐림,교차로 - 교차로안,승용,남,65세,경상,승용,남,48세,중상
2020062500100445,2020년 6월 25일 18시,목요일,경상북도 포항시 북구 양덕동,경상사고,0,0,1,0,차대차 - 측면충돌,신호위반,건조,맑음,교차로 - 교차로안,이륜,남,53세,상해없음,화물,남,42세,경상
2020062500100446,2020년 6월 25일 18시,목요일,경상북도 칠곡군 약목면,경상사고,0,0,1,0,차대차 - 추돌,안전운전불이행,젖음/습기,비,단일로 - 기타,승용,남,50세,상해없음,승용,남,33세,경상
2020062500100447,2020년 6월 25일 18시,목요일,경상북도 포항시 남구 대잠동,경상사고,0,0,1,0,차대차 - 후진중충돌,안전운전불이행,건조,맑음,교차로 - 교차로부근,승용,여,67세,상해없음,승용,남,41세,경상
2020062500100477,2020년 6월 25일 19시,목요일,경상북도 포항시 북구 송라면,중상사고,0,1,1,0,차대차 - 측면충돌,신호위반,건조,맑음,교차로 - 교차로안,승용,남,59세,상해없음,화물,남,38세,경상
2020062500100478,2020년 6월 25일 19시,목요일,경상북도 안동시 용상동,경상사고,0,0,1,0,차대차 - 측면충돌,안전운전불이행,건조,맑음,교차로 - 교차로안,화물,남,52세,상해없음,이륜,남,21세,경상
2020062500100479,2020년 6월 25일 19시,목요일,경상북도 경산시 백천동,경상사고,0,0,2,0,차대차 - 측면충돌,안전운전불이행,건조,맑음,단일로 - 기타,승용,남,33세,상해없음,승용,남,28세,경상
2020062500100480,2020년 6월 25일 19시,목요일,경상북도 구미시 송정동,경상사고,0,0,1,0,차대차 - 기타,안전거리미확보,젖음/습기,비,단일로 - 기타,승용,남,46세,상해없음,승용,남,53세,경상
2020062500100509,2020년 6월 25일 20시,목요일,경상북도 의성군 안평면,중상사고,0,1,0,0,차대사람 - 기타,안전운전불이행,젖음/습기,비,단일로 - 기타,화물,남,77세,상해없음,보행자,남,62세,중상
2020062500100510,2020년 6월 25일 20시,목요일,경상북도 청도군 금천면,경상사고,0,0,1,0,차량단독 - 공작물충돌,안전운전불이행,건조,맑음,단일로 - 기타,화물,남,56세,경상,,,,
2020062500100511,2020년 6월 25일 20시,목요일,경상북도 영양군 일월면,경상사고,0,0,1,0,차량단독 - 도로외이탈 - 기타,안전운전불이행,건조,흐림,단일로 - 기타,화물,남,62세,경상,,,,
2020062500100556,2020년 6월 25일 21시,목요일,경상북도 경주시 황성동,중상사고,0,1,0,0,차대사람 - 차도통행중,안전운전불이행,건조,맑음,교차로 - 교차로안,승용,여,51세,상해없음,보행자,남,81세,중상
2020062500100557,2020년 6월 25일 21시,목요일,경상북도 상주시 낙양동,중상사고,0,1,0,0,차대사람 - 차도통행중,안전운전불이행,건조,맑음,단일로 - 기타,승용,남,67세,상해없음,보행자,남,68세,중상
2020062500100590,2020년 6월 25일 22시,목요일,경상북도 경주시 외동읍,경상사고,0,0,1,0,차대사람 - 차도통행중,안전운전불이행,건조,맑음,단일로 - 기타,승용,남,45세,상해없음,보행자,남,51세,경상
2020062500100591,2020년 6월 25일 22시,목요일,경상북도 영양군 입암면,경상사고,0,0,1,0,차대차 - 측면충돌,직진우회전진행방해,젖음/습기,비,교차로 - 교차로안,승용,여,49세,상해없음,승용,남,46세,경상
2020062600100017,2020년 6월 26일 00시,금요일,경상북도 포항시 남구 연일읍,경상사고,0,0,2,0,차대차 - 기타,중앙선침범,건조,맑음,단일로 - 기타,승용,여,63세,경상,승용,여,61세,경상
2020062600100047,2020년 6월 26일 02시,금요일,경상북도 안동시 정하동,경상사고,0,0,3,0,차대차 - 추돌,안전운전불이행,건조,맑음,단일로 - 기타,승용,남,31세,상해없음,승용,여,20세,경상
2020062600100070,2020년 6월 26일 05시,금요일,경상북도 구미시 도량동,경상사고,0,0,4,0,차대차 - 측면충돌,교차로운행방법위반,건조,맑음,교차로 - 교차로안,승용,남,43세,경상,승용,여,44세,상해없음
2020062600100106,2020년 6월 26일 07시,금요일,경상북도 구미시 임은동,경상사고,0,0,1,0,차대차 - 측면충돌,안전운전불이행,건조,맑음,단일로 - 기타,승용,남,80세,상해없음,승용,남,41세,경상
2020062600100107,2020년 6월 26일 07시,금요일,경상북도 고령군 쌍림면,경상사고,0,0,1,0,차대차 - 기타,기타,건조,맑음,단일로 - 기타,기타불명,기타불명,미분류,기타불명,승합,남,70세,상해없음
2020062600100137,2020년 6월 26일 08시,금요일,경상북도 상주시 낙상동,경상사고,0,0,1,0,차대차 - 정면충돌,중앙선침범,건조,맑음,단일로 - 기타,승용,여,48세,상해없음,승용,여,60세,경상
2020062600100176,2020년 6월 26일 09시,금요일,경상북도 영천시 도림동,중상사고,0,1,2,0,차대차 - 측면충돌,교차로운행방법위반,건조,맑음,교차로 - 교차로안,화물,여,48세,경상,승용,여,56세,경상
2020062600100177,2020년 6월 26일 09시,금요일,경상북도 성주군 성주읍,경상사고,0,0,3,0,차대차 - 측면충돌,신호위반,건조,맑음,교차로 - 교차로안,승용,남,40세,상해없음,승용,여,26세,경상
2020062600100178,2020년 6월 26일 09시,금요일,경상북도 군위군 산성면,경상사고,0,0,1,0,차량단독 - 전도전복 - 전도,안전운전불이행,건조,맑음,단일로 - 기타,사륜오토바이(ATV),여,82세,경상,,,,
2020062600100179,2020년 6월 26일 09시,금요일,경상북도 구미시 산동면,중상사고,0,1,1,0,차대차 - 측면충돌,안전운전불이행,건조,맑음,교차로 - 교차로안,화물,남,55세,경상,화물,남,57세,중상
2020062600100201,2020년 6월 26일 10시,금요일,경상북도 포항시 북구 대신동,경상사고,0,0,1,0,차대차 - 측면충돌,신호위반,건조,맑음,교차로 - 교차로안,승용,남,72세,상해없음,승용,여,54세,경상
2020062600100202,2020년 6월 26일 10시,금요일,경상북도 포항시 북구 흥해읍,경상사고,0,0,1,0,차대차 - 측면충돌,안전운전불이행,건조,맑음,단일로 - 기타,승용,여,54세,상해없음,승용,남,71세,경상
2020062600100229,2020년 6월 26일 11시,금요일,경상북도 성주군 벽진면,중상사고,0,1,1,0,차량단독 - 기타,안전운전불이행,건조,맑음,단일로 - 기타,이륜,남,75세,경상,,,,
2020062600100257,2020년 6월 26일 12시,금요일,경상북도 안동시 태화동,중상사고,0,1,0,0,차대사람 - 기타,보행자보호의무위반,건조,맑음,단일로 - 기타,이륜,남,45세,상해없음,보행자,남,72세,중상
2020062600100258,2020년 6월 26일 12시,금요일,경상북도 울진군 죽변면,중상사고,0,1,0,0,차량단독 - 공작물충돌,안전운전불이행,건조,맑음,단일로 - 기타,승용,남,65세,중상,,,,
2020062600100259,2020년 6월 26일 12시,금요일,경상북도 구미시 원평동,중상사고,0,1,0,1,차대차 - 측면충돌,안전거리미확보,건조,맑음,단일로 - 기타,승용,여,28세,부상신고,승용,여,50세,중상
2020062600100260,2020년 6월 26일 12시,금요일,경상북도 포항시 남구 송도동,경상사고,0,0,1,0,차대차 - 기타,중앙선침범,건조,맑음,단일로 - 기타,승용,남,79세,상해없음,승용,여,46세,경상
2020062600100261,2020년 6월 26일 12시,금요일,경상북도 포항시 남구 대도동,경상사고,0,0,1,0,차대차 - 측면충돌,직진우회전진행방해,건조,맑음,교차로 - 교차로안,이륜,남,73세,경상,승용,남,68세,상해없음
2020062600100298,2020년 6월 26일 13시,금요일,경상북도 울진군 후포면,중상사고,0,1,1,0,차대차 - 측면충돌,교차로운행방법위반,건조,맑음,교차로 - 교차로안,화물,남,28세,상해없음,승용,남,50세,경상
2020062600100374,2020년 6월 26일 15시,금요일,경상북도 포항시 북구 남빈동,경상사고,0,0,1,0,차대차 - 기타,직진우회전진행방해,건조,맑음,교차로 - 교차로안,승용,남,61세,상해없음,승용,남,28세,경상
2020062600100375,2020년 6월 26일 15시,금요일,경상북도 문경시 흥덕동,경상사고,0,0,2,0,차대차 - 측면충돌,직진우회전진행방해,건조,맑음,교차로 - 교차로안,승용,남,63세,상해없음,승용,남,34세,경상
2020062600100376,2020년 6월 26일 15시,금요일,경상북도 봉화군 법전면,중상사고,0,2,2,0,차량단독 - 공작물충돌,안전운전불이행,건조,맑음,단일로 - 기타,승용,남,60세,경상,,,,
2020062600100485,2020년 6월 26일 17시,금요일,경상북도 포항시 북구 장성동,경상사고,0,0,1,0,차대차 - 측면충돌,차로위반,건조,맑음,단일로 - 기타,승용,남,62세,기타불명,승용,여,60세,경상
2020062600100486,2020년 6월 26일 17시,금요일,경상북도 안동시 성곡동,경상사고,0,0,2,0,차대차 - 측면충돌,안전운전불이행,건조,맑음,교차로 - 교차로안,승용,여,48세,경상,승용,남,74세,경상
2020062600100487,2020년 6월 26일 17시,금요일,경상북도 구미시 공단동,중상사고,0,1,0,0,차대차 - 측면충돌,차로위반,건조,맑음,단일로 - 기타,승용,여,29세,상해없음,승용,여,56세,중상
2020062600100534,2020년 6월 26일 18시,금요일,경상북도 포항시 북구 용흥동,경상사고,0,0,1,0,차대차 - 기타,신호위반,건조,맑음,교차로 - 교차로안,승용,남,78세,상해없음,이륜,남,34세,경상
2020062600100535,2020년 6월 26일 18시,금요일,경상북도 상주시 외남면,중상사고,0,1,0,0,차대차 - 정면충돌,중앙선침범,건조,맑음,단일로 - 기타,화물,남,66세,상해없음,승용,여,22세,중상
2020062600100536,2020년 6월 26일 18시,금요일,경상북도 포항시 남구 상도동,경상사고,0,0,1,0,차대차 - 측면충돌,안전운전불이행,건조,맑음,교차로 - 교차로부근,승용,남,68세,상해없음,승합,남,51세,상해없음
2020062600100579,2020년 6월 26일 19시,금요일,경상북도 상주시 서성동,경상사고,0,0,1,0,차대차 - 기타,안전운전불이행,건조,흐림,단일로 - 기타,자전거,남,82세,상해없음,이륜,남,26세,경상
2020062600100580,2020년 6월 26일 19시,금요일,경상북도 구미시 비산동,중상사고,0,1,0,0,차대차 - 기타,안전운전불이행,건조,맑음,단일로 - 기타,화물,남,29세,상해없음,이륜,남,24세,중상
2020062600100581,2020년 6월 26일 19시,금요일,경상북도 상주시 낙동면,중상사고,0,2,1,0,차대차 - 추돌,안전거리미확보,건조,맑음,단일로 - 터널,승용,남,51세,중상,승용,남,55세,경상
2020062600100615,2020년 6월 26일 20시,금요일,경상북도 구미시 봉곡동,경상사고,0,0,2,0,차대차 - 기타,교차로운행방법위반,건조,맑음,단일로 - 기타,승용,남,57세,상해없음,승용,남,35세,경상
2020062600100616,2020년 6월 26일 20시,금요일,경상북도 포항시 남구 송도동,경상사고,0,0,3,0,차대차 - 측면충돌,교차로운행방법위반,건조,맑음,교차로 - 교차로안,승용,남,27세,경상,승용,여,47세,경상
2020062600100652,2020년 6월 26일 21시,금요일,경상북도 칠곡군 지천면,부상신고사고,0,0,0,1,차대차 - 기타,안전운전불이행,건조,맑음,교차로 - 교차로부근,화물,남,52세,부상신고,화물,남,64세,기타불명
2020062600100653,2020년 6월 26일 21시,금요일,경상북도 포항시 남구 효자동,경상사고,0,0,1,1,차대차 - 측면충돌,안전운전불이행,건조,맑음,교차로 - 교차로안,승용,남,29세,부상신고,승용,남,25세,경상
2020062600100686,2020년 6월 26일 22시,금요일,경상북도 안동시 송현동,경상사고,0,0,1,0,차대차 - 추돌,안전거리미확보,건조,맑음,단일로 - 기타,승용,남,40세,상해없음,승용,남,39세,경상
2020062600100687,2020년 6월 26일 22시,금요일,경상북도 경산시 옥산동,경상사고,0,0,1,0,차대차 - 후진중충돌,안전운전불이행,건조,맑음,교차로 - 교차로안,승용,남,63세,상해없음,자전거,여,58세,경상
2020062700100009,2020년 6월 27일 00시,토요일,경상북도 상주시 무양동,중상사고,0,1,0,0,차대차 - 측면충돌,안전운전불이행,건조,맑음,교차로 - 교차로안,승용,남,64세,상해없음,이륜,남,18세,중상
2020062700100010,2020년 6월 27일 00시,토요일,경상북도 봉화군 봉화읍,경상사고,0,0,2,0,차대차 - 추돌,안전운전불이행,건조,맑음,단일로 - 기타,승용,남,42세,상해없음,승용,여,57세,경상
2020062700100088,2020년 6월 27일 05시,토요일,경상북도 문경시 호계면,부상신고사고,0,0,0,1,차량단독 - 공작물충돌,안전운전불이행,건조,맑음,단일로 - 기타,승용,여,45세,부상신고,,,,
2020062700100141,2020년 6월 27일 09시,토요일,경상북도 포항시 북구 죽도동,경상사고,0,0,1,0,차대사람 - 차도통행중,신호위반,건조,맑음,단일로 - 기타,승용,남,37세,상해없음,보행자,남,61세,경상
2020062700100174,2020년 6월 27일 10시,토요일,경상북도 칠곡군 왜관읍,경상사고,0,0,1,0,차대차 - 측면충돌,직진우회전진행방해,건조,맑음,교차로 - 교차로안,승용,남,57세,상해없음,이륜,남,85세,경상
2020062700100211,2020년 6월 27일 11시,토요일,경상북도 포항시 북구 죽도동,경상사고,0,0,1,0,차대사람 - 차도통행중,안전운전불이행,건조,맑음,단일로 - 기타,승용,남,71세,상해없음,보행자,여,76세,경상
2020062700100212,2020년 6월 27일 11시,토요일,경상북도 구미시 도개면,경상사고,0,0,1,0,차량단독 - 공작물충돌,안전운전불이행,건조,맑음,단일로 - 기타,승용,남,44세,경상,,,,
2020062700100213,2020년 6월 27일 11시,토요일,경상북도 포항시 남구 연일읍,경상사고,0,0,8,0,차대차 - 측면충돌,신호위반,건조,맑음,교차로 - 교차로안,승용,여,50세,경상,승용,남,40세,경상
2020062700100214,2020년 6월 27일 11시,토요일,경상북도 상주시 낙동면,경상사고,0,0,1,0,차대차 - 기타,안전운전불이행,건조,맑음,단일로 - 기타,승용,여,51세,상해없음,승용,남,62세,상해없음
2020062700100244,2020년 6월 27일 12시,토요일,경상북도 포항시 남구 연일읍,경상사고,0,0,2,0,차대차 - 측면충돌,안전운전불이행,건조,맑음,단일로 - 기타,화물,남,45세,상해없음,승용,남,52세,경상
2020062700100275,2020년 6월 27일 13시,토요일,경상북도 포항시 북구 신광면,경상사고,0,0,1,0,차대차 - 측면충돌,안전운전불이행,건조,맑음,교차로 - 교차로안,승용,남,63세,경상,승용,남,59세,상해없음