사고번호,사고일시,요일,시군구,사고내용,사망자수,중상자수,경상자수,부상신고자수,사고유형,법규위반,노면상태,기상상태,도로형태,가해운전자 차종,가해운전자 성별,가해운전자 연령,가해운전자 상해정도,피해운전자 차종,피해운전자 성별,피해운전자 연령,피해운전자 상해정도
2020063000100499,2020년 6월 30일 20시,화요일,경상북도 경주시 안강읍,중상사고,0,1,1,1,차대차 - 추돌,안전운전불이행,건조,맑음,단일로 - 지하차도(도로)내,화물,남,49세,중상,승합,남,57세,부상신고
2020063000100500,2020년 6월 30일 20시,화요일,경상북도 포항시 북구 두호동,경상사고,0,0,1,0,차대차 - 측면충돌,안전운전불이행,젖음/습기,비,단일로 - 기타,승용,남,66세,상해없음,자전거,남,55세,경상
2020063000100501,2020년 6월 30일 20시,화요일,경상북도 영천시 청통면,경상사고,0,0,1,0,차대차 - 추돌,안전운전불이행,건조,맑음,교차로 - 교차로안,승용,남,56세,상해없음,화물,남,67세,상해없음
2020063000100552,2020년 6월 30일 21시,화요일,경상북도 칠곡군 석적읍,중상사고,0,1,2,0,차대차 - 기타,안전운전불이행,젖음/습기,비,교차로 - 교차로안,승용,여,34세,경상,승용,남,40세,경상
2020063000100553,2020년 6월 30일 21시,화요일,경상북도 구미시 인의동,경상사고,0,0,1,0,차대차 - 측면충돌,불법유턴,젖음/습기,비,단일로 - 기타,승용,여,46세,상해없음,승용,남,45세,경상
2020063000100554,2020년 6월 30일 21시,화요일,경상북도 포항시 남구 오천읍,중상사고,0,1,1,0,차대차 - 기타,직진우회전진행방해,젖음/습기,비,교차로 - 교차로안,이륜,남,59세,중상,승용,남,32세,경상
2020063000100579,2020년 6월 30일 22시,화요일,경상북도 포항시 남구 오천읍,중상사고,0,1,0,0,차대차 - 기타,중앙선침범,젖음/습기,비,단일로 - 기타,화물,남,31세,상해없음,이륜,남,21세,중상
2020063000100614,2020년 6월 30일 23시,화요일,경상북도 칠곡군 기산면,부상신고사고,0,0,0,1,차량단독 - 공작물충돌,안전운전불이행,젖음/습기,흐림,단일로 - 기타,승용,남,24세,부상신고,,,,
2020063000100615,2020년 6월 30일 23시,화요일,경상북도 포항시 남구 오천읍,경상사고,0,0,1,0,차대차 - 추돌,안전거리미확보,젖음/습기,비,교차로 - 교차로부근,승용,남,55세,상해없음,이륜,남,21세,경상
2020070100100012,2020년 7월 1일 00시,수요일,경상북도 안동시 용상동,중상사고,0,1,0,0,차대차 - 측면충돌,불법유턴,젖음/습기,흐림,단일로 - 기타,승용,남,38세,상해없음,이륜,남,60세,중상
2020070100100013,2020년 7월 1일 00시,수요일,경상북도 구미시 인의동,경상사고,0,0,1,0,차대차 - 기타,안전운전불이행,건조,맑음,교차로 - 교차로안,승용,남,64세,상해없음,승용,남,30세,경상
2020070100100025,2020년 7월 1일 01시,수요일,경상북도 경주시 안강읍,부상신고사고,0,0,0,1,차량단독 - 공작물충돌,안전운전불이행,젖음/습기,맑음,단일로 - 기타,승용,여,27세,부상신고,,,,
2020070100100032,2020년 7월 1일 02시,수요일,경상북도 칠곡군 동명면,부상신고사고,0,0,0,1,차량단독 - 공작물충돌,안전운전불이행,젖음/습기,비,단일로 - 기타,승용,남,52세,부상신고,,,,
2020070100100045,2020년 7월 1일 04시,수요일,경상북도 포항시 북구 죽도동,중상사고,0,1,0,0,차대사람 - 차도통행중,안전운전불이행,젖음/습기,흐림,단일로 - 기타,승용,남,36세,상해없음,보행자,남,54세,중상
2020070100100082,2020년 7월 1일 07시,수요일,경상북도 경주시 현곡면,경상사고,0,0,1,0,차량단독 - 공작물충돌,안전운전불이행,젖음/습기,비,단일로 - 기타,승용,남,74세,상해없음,,,,
2020070100100083,2020년 7월 1일 07시,수요일,경상북도 경주시 충효동,경상사고,0,0,2,0,차대차 - 기타,안전운전불이행,건조,흐림,교차로 - 교차로부근,승용,여,44세,상해없음,승합,남,64세,상해없음
2020070100100084,2020년 7월 1일 07시,수요일,경상북도 구미시 사곡동,중상사고,0,1,0,0,차대차 - 기타,안전운전불이행,건조,맑음,단일로 - 기타,승용,남,26세,상해없음,승용,남,28세,중상
2020070100100153,2020년 7월 1일 09시,수요일,경상북도 경주시 성동동,경상사고,0,0,1,0,차대차 - 측면충돌,안전운전불이행,건조,맑음,교차로 - 교차로횡단보도내,자전거,남,42세,경상,화물,남,51세,상해없음
2020070100100154,2020년 7월 1일 09시,수요일,경상북도 포항시 북구 대흥동,경상사고,0,0,2,0,차대차 - 기타,중앙선침범,건조,맑음,단일로 - 기타,승용,여,57세,경상,화물,남,30세,경상
2020070100100155,2020년 7월 1일 09시,수요일,경상북도 성주군 용암면,사망사고,1,0,0,0,차대차 - 측면충돌,신호위반,건조,맑음,교차로 - 교차로안,화물,남,78세,상해없음,이륜,남,76세,사망
2020070100100156,2020년 7월 1일 09시,수요일,경상북도 구미시 지산동,경상사고,0,0,1,0,차대차 - 추돌,안전운전불이행,건조,맑음,단일로 - 기타,화물,남,41세,상해없음,승용,여,55세,경상
2020070100100183,2020년 7월 1일 10시,수요일,경상북도 포항시 북구 송라면,경상사고,0,0,1,0,차대차 - 추돌,안전거리미확보,건조,맑음,단일로 - 기타,승용,여,52세,상해없음,화물,남,60세,경상
2020070100100184,2020년 7월 1일 10시,수요일,경상북도 의성군 다인면,사망사고,1,0,0,0,차대차 - 기타,신호위반,건조,맑음,교차로 - 교차로안,화물,남,60세,상해없음,이륜,남,80세,사망
2020070100100209,2020년 7월 1일 11시,수요일,경상북도 안동시 용상동,경상사고,0,0,2,0,차대차 - 측면충돌,신호위반,건조,맑음,교차로 - 교차로안,승용,여,59세,경상,승용,여,52세,경상
2020070100100210,2020년 7월 1일 11시,수요일,경상북도 포항시 남구 대도동,경상사고,0,0,1,0,차대차 - 기타,기타,건조,맑음,단일로 - 기타,승용,여,27세,상해없음,자전거,남,85세,경상
2020070100100211,2020년 7월 1일 11시,수요일,경상북도 포항시 남구 대잠동,경상사고,0,0,2,0,차대차 - 측면충돌,신호위반,건조,맑음,교차로 - 교차로안,승용,여,43세,경상,승용,남,75세,경상
2020070100100244,2020년 7월 1일 12시,수요일,경상북도 안동시 옥야동,경상사고,0,0,2,0,차대차 - 측면충돌,교차로운행방법위반,건조,맑음,교차로 - 교차로부근,화물,남,43세,상해없음,승용,남,28세,경상
2020070100100245,2020년 7월 1일 12시,수요일,경상북도 상주시 낙양동,경상사고,0,0,1,0,차대사람 - 기타,안전운전불이행,건조,맑음,주차장 - 주차장,승용,남,72세,상해없음,보행자,여,58세,경상
2020070100100246,2020년 7월 1일 12시,수요일,경상북도 경산시 자인면,경상사고,0,0,1,0,차대차 - 기타,중앙선침범,건조,맑음,교차로 - 교차로안,승용,남,56세,상해없음,승용,남,40세,경상
2020070100100265,2020년 7월 1일 13시,수요일,경상북도 포항시 북구 남빈동,경상사고,0,0,4,0,차대차 - 측면충돌,교차로운행방법위반,건조,맑음,교차로 - 교차로부근,승용,여,42세,상해없음,승용,남,19세,경상
2020070100100267,2020년 7월 1일 13시,수요일,경상북도 예천군 예천읍,중상사고,0,1,0,0,차대차 - 측면충돌,안전운전불이행,건조,맑음,교차로 - 교차로부근,이륜,남,51세,중상,승용,남,73세,상해없음
2020070100100297,2020년 7월 1일 14시,수요일,경상북도 칠곡군 가산면,중상사고,0,1,0,0,차대차 - 추돌,안전운전불이행,건조,맑음,단일로 - 기타,승용,여,48세,상해없음,이륜,남,29세,중상
2020070100100298,2020년 7월 1일 14시,수요일,경상북도 경산시 진량읍,경상사고,0,0,1,0,차대차 - 측면충돌,안전운전불이행,건조,맑음,교차로 - 교차로안,승용,여,41세,상해없음,승용,여,55세,경상
2020070100100323,2020년 7월 1일 15시,수요일,경상북도 영천시 오미동,경상사고,0,0,2,0,차대차 - 측면충돌,교차로운행방법위반,건조,맑음,교차로 - 교차로안,승용,여,58세,상해없음,승용,여,47세,경상
2020070100100388,2020년 7월 1일 17시,수요일,경상북도 칠곡군 지천면,경상사고,0,0,1,0,차대차 - 기타,중앙선침범,건조,맑음,단일로 - 기타,승용,남,60세,상해없음,기타불명,남,34세,경상
2020070100100439,2020년 7월 1일 18시,수요일,경상북도 포항시 북구 득량동,중상사고,0,1,0,0,차대차 - 측면충돌,안전운전불이행,건조,맑음,교차로 - 교차로안,자전거,남,14세,중상,승용,남,40세,상해없음
2020070100100440,2020년 7월 1일 18시,수요일,경상북도 경산시 옥산동,경상사고,0,0,3,0,차대차 - 추돌,안전운전불이행,건조,맑음,교차로 - 교차로안,승용,여,39세,상해없음,승용,여,56세,경상
2020070100100441,2020년 7월 1일 18시,수요일,경상북도 구미시 상모동,경상사고,0,0,1,0,차대사람 - 기타,기타,건조,흐림,단일로 - 기타,승용,남,72세,상해없음,보행자,여,11세,경상
2020070100100505,2020년 7월 1일 20시,수요일,경상북도 포항시 북구 양덕동,경상사고,0,0,1,0,차대차 - 기타,안전운전불이행,건조,맑음,단일로 - 기타,승용,남,65세,상해없음,승용,남,40세,경상
2020070100100541,2020년 7월 1일 21시,수요일,경상북도 안동시 대석동,경상사고,0,0,1,0,차대사람 - 길가장자리구역통행중,보행자보호의무위반,건조,맑음,단일로 - 기타,승합,남,22세,상해없음,보행자,여,60세,경상
2020070100100542,2020년 7월 1일 21시,수요일,경상북도 경산시 진량읍,중상사고,0,1,0,0,차대차 - 정면충돌,중앙선침범,건조,맑음,단일로 - 기타,승용,남,45세,상해없음,승용,남,32세,중상
2020070100100543,2020년 7월 1일 21시,수요일,경상북도 울진군 후포면,중상사고,0,2,0,0,차대차 - 측면충돌,신호위반,건조,흐림,교차로 - 교차로안,승용,남,68세,상해없음,승용,남,31세,중상
2020070100100544,2020년 7월 1일 21시,수요일,경상북도 구미시 진평동,경상사고,0,0,2,0,차대사람 - 기타,안전운전불이행,건조,맑음,교차로 - 교차로안,승용,남,61세,상해없음,보행자,여,27세,경상
2020070100100545,2020년 7월 1일 21시,수요일,경상북도 구미시 원평동,중상사고,0,2,0,0,차대차 - 기타,안전운전불이행,건조,맑음,교차로 - 교차로부근,승용,남,25세,상해없음,화물,남,69세,상해없음
2020070100100564,2020년 7월 1일 22시,수요일,경상북도 상주시 화북면,중상사고,0,2,1,0,차대차 - 측면충돌,중앙선침범,건조,맑음,단일로 - 기타,승용,남,59세,상해없음,화물,남,52세,경상
2020070100100565,2020년 7월 1일 22시,수요일,경상북도 영주시 조암동,경상사고,0,0,1,0,차대차 - 측면충돌,신호위반,건조,맑음,교차로 - 교차로안,승용,남,58세,상해없음,승용,남,29세,경상
2020070200100011,2020년 7월 2일 00시,목요일,경상북도 경산시 압량면,경상사고,0,0,1,0,차대차 - 측면충돌,안전운전불이행,건조,맑음,교차로 - 교차로안,승용,남,35세,상해없음,승용,남,54세,경상
2020070200100024,2020년 7월 2일 02시,목요일,경상북도 포항시 남구 송도동,경상사고,0,0,4,0,차대차 - 측면충돌,신호위반,건조,맑음,교차로 - 교차로안,승용,남,67세,경상,승용,남,45세,경상
2020070200100032,2020년 7월 2일 04시,목요일,경상북도 경산시 계양동,경상사고,0,0,3,0,차대차 - 측면충돌,안전운전불이행,건조,맑음,교차로 - 교차로부근,승용,남,21세,상해없음,승용,남,27세,경상
2020070200100038,2020년 7월 2일 05시,목요일,경상북도 칠곡군 지천면,경상사고,0,0,1,0,차대차 - 기타,안전운전불이행,건조,맑음,기타 - 기타,화물,남,42세,상해없음,특수,남,33세,경상
2020070200100073,2020년 7월 2일 07시,목요일,경상북도 포항시 북구 죽도동,경상사고,0,0,1,0,차대사람 - 횡단중,직진우회전진행방해,건조,맑음,교차로 - 교차로안,승용,여,39세,상해없음,보행자,남,65세,경상
2020070200100074,2020년 7월 2일 07시,목요일,경상북도 김천시 양천동,경상사고,0,0,1,0,차대차 - 추돌,안전운전불이행,건조,맑음,단일로 - 기타,화물,남,63세,상해없음,승용,남,68세,경상
2020070200100075,2020년 7월 2일 07시,목요일,경상북도 칠곡군 가산면,중상사고,0,1,0,0,차대사람 - 기타,안전운전불이행,건조,맑음,기타 - 기타,화물,남,55세,상해없음,보행자,남,66세,중상
2020070200100108,2020년 7월 2일 08시,목요일,경상북도 경주시 현곡면,경상사고,0,0,2,0,차대차 - 기타,안전운전불이행,건조,맑음,교차로 - 교차로안,승용,여,43세,경상,승용,남,36세,상해없음
2020070200100109,2020년 7월 2일 08시,목요일,경상북도 포항시 북구 우현동,중상사고,0,1,0,0,차대차 - 측면충돌,안전운전불이행,건조,맑음,교차로 - 교차로안,이륜,남,68세,중상,승용,남,32세,상해없음
2020070200100110,2020년 7월 2일 08시,목요일,경상북도 김천시 대항면,경상사고,0,0,1,0,차량단독 - 공작물충돌,안전운전불이행,건조,맑음,단일로 - 기타,화물,남,52세,상해없음,,,,
2020070200100111,2020년 7월 2일 08시,목요일,경상북도 상주시 무양동,경상사고,0,0,1,0,차대차 - 추돌,안전운전불이행,건조,맑음,교차로 - 교차로부근,자전거,남,14세,경상,승용,여,46세,상해없음
2020070200100112,2020년 7월 2일 08시,목요일,경상북도 구미시 인의동,경상사고,0,0,1,0,차대차 - 기타,안전운전불이행,건조,맑음,교차로 - 교차로안,승용,남,39세,상해없음,이륜,남,69세,경상
2020070200100113,2020년 7월 2일 08시,목요일,경상북도 포항시 남구 연일읍,중상사고,0,1,0,0,차대차 - 측면충돌,안전거리미확보,건조,맑음,교차로 - 교차로안,승용,여,48세,상해없음,승용,남,29세,중상
2020070200100149,2020년 7월 2일 09시,목요일,경상북도 문경시 점촌동,경상사고,0,0,1,0,차대차 - 추돌,안전운전불이행,건조,맑음,단일로 - 기타,승용,여,62세,상해없음,승용,여,50세,경상
2020070200100150,2020년 7월 2일 09시,목요일,경상북도 경산시 하양읍,중상사고,0,1,2,0,차대차 - 측면충돌,중앙선침범,건조,맑음,단일로 - 기타,화물,남,73세,경상,승용,여,58세,중상
2020070200100151,2020년 7월 2일 09시,목요일,경상북도 포항시 남구 호미곶면,경상사고,0,0,1,0,차대차 - 기타,직진우회전진행방해,건조,맑음,교차로 - 교차로안,승용,여,57세,경상,화물,남,67세,상해없음
2020070200100184,2020년 7월 2일 10시,목요일,경상북도 포항시 북구 덕산동,경상사고,0,0,1,0,차량단독 - 기타,안전운전불이행,건조,맑음,단일로 - 기타,승용,남,64세,상해없음,,,,
2020070200100185,2020년 7월 2일 10시,목요일,경상북도 의성군 단밀면,사망사고,1,0,0,0,차대차 - 측면충돌,안전운전불이행,건조,맑음,단일로 - 기타,화물,남,75세,상해없음,이륜,남,81세,사망
2020070200100186,2020년 7월 2일 10시,목요일,경상북도 예천군 유천면,경상사고,0,0,1,0,차대차 - 측면충돌,안전운전불이행,건조,맑음,주차장 - 주차장,승용,여,60세,상해없음,이륜,남,76세,경상
2020070200100215,2020년 7월 2일 11시,목요일,경상북도 영덕군 병곡면,중상사고,0,2,3,0,차대차 - 정면충돌,중앙선침범,건조,맑음,교차로 - 교차로안,승용,여,69세,중상,승용,남,36세,경상
2020070200100216,2020년 7월 2일 11시,목요일,경상북도 포항시 남구 송내동,경상사고,0,0,1,0,차대차 - 기타,차로위반,건조,맑음,단일로 - 기타,승용,여,56세,상해없음,승용,여,27세,경상
2020070200100242,2020년 7월 2일 12시,목요일,경상북도 경주시 강동면,경상사고,0,0,1,0,차대차 - 측면충돌,안전운전불이행,건조,맑음,교차로 - 교차로부근,특수,남,58세,상해없음,승용,남,43세,경상
2020070200100243,2020년 7월 2일 12시,목요일,경상북도 경산시 하양읍,경상사고,0,0,1,0,차대사람 - 기타,안전운전불이행,건조,맑음,단일로 - 기타,승용,남,24세,기타불명,보행자,여,21세,경상
2020070200100319,2020년 7월 2일 14시,목요일,경상북도 경주시 외동읍,경상사고,0,0,2,2,차대차 - 추돌,안전운전불이행,건조,맑음,단일로 - 기타,화물,남,40세,상해없음,승용,남,30세,부상신고
2020070200100320,2020년 7월 2일 14시,목요일,경상북도 경산시 하양읍,중상사고,0,1,0,0,차대차 - 측면충돌,안전운전불이행,건조,맑음,단일로 - 교량,승합,여,52세,상해없음,이륜,남,81세,중상
2020070200100353,2020년 7월 2일 15시,목요일,경상북도 문경시 모전동,중상사고,0,1,4,0,차대차 - 측면충돌,안전거리미확보,건조,맑음,단일로 - 기타,이륜,남,62세,중상,승용,남,62세,경상
2020070200100354,2020년 7월 2일 15시,목요일,경상북도 구미시 선기동,부상신고사고,0,0,0,1,차량단독 - 기타,안전운전불이행,건조,맑음,단일로 - 기타,개인형이동수단(PM),남,63세,부상신고,,,,
2020070200100434,2020년 7월 2일 17시,목요일,경상북도 문경시 흥덕동,경상사고,0,0,2,0,차대차 - 추돌,안전운전불이행,건조,맑음,교차로 - 교차로부근,화물,남,22세,상해없음,승합,여,50세,경상
2020070200100480,2020년 7월 2일 18시,목요일,경상북도 경주시 사정동,중상사고,0,1,0,0,차대사람 - 횡단중,안전운전불이행,건조,맑음,단일로 - 기타,특수,남,26세,상해없음,보행자,남,83세,중상
2020070200100511,2020년 7월 2일 19시,목요일,경상북도 의성군 의성읍,경상사고,0,0,2,0,차대차 - 측면충돌,교차로운행방법위반,건조,맑음,교차로 - 교차로안,승용,남,57세,경상,화물,남,49세,경상
2020070200100512,2020년 7월 2일 19시,목요일,경상북도 의성군 가음면,중상사고,0,2,0,0,차대차 - 측면충돌,안전운전불이행,건조,맑음,단일로 - 기타,승용,남,50세,상해없음,승용,남,66세,중상
2020070200100537,2020년 7월 2일 20시,목요일,경상북도 안동시 용상동,경상사고,0,0,1,4,차대차 - 측면충돌,직진우회전진행방해,건조,맑음,교차로 - 교차로안,승용,여,28세,상해없음,승용,남,52세,경상
2020070200100538,2020년 7월 2일 20시,목요일,경상북도 상주시 서성동,경상사고,0,0,2,0,차대차 - 추돌,안전운전불이행,건조,맑음,단일로 - 기타,승용,여,26세,상해없음,승용,남,53세,상해없음
2020070200100539,2020년 7월 2일 20시,목요일,경상북도 상주시 서성동,중상사고,0,1,0,0,차대차 - 측면충돌,안전운전불이행,건조,맑음,교차로 - 교차로부근,화물,남,64세,상해없음,이륜,남,19세,중상
2020070200100567,2020년 7월 2일 21시,목요일,경상북도 구미시 공단동,중상사고,0,1,0,0,차대차 - 측면충돌,안전운전불이행,건조,맑음,교차로 - 교차로안,승용,남,26세,상해없음,이륜,남,24세,중상
2020070200100568,2020년 7월 2일 21시,목요일,경상북도 포항시 남구 장흥동,경상사고,0,0,1,2,차대차 - 기타,신호위반,건조,맑음,교차로 - 교차로안,승용,남,40세,상해없음,화물,남,60세,경상
2020070300100033,2020년 7월 3일 02시,금요일,경상북도 포항시 남구 송도동,경상사고,0,0,4,0,차대차 - 측면충돌,신호위반,건조,맑음,교차로 - 교차로안,승용,남,33세,경상,승용,남,63세,경상
2020070300100066,2020년 7월 3일 05시,금요일,경상북도 경산시 압량면,중상사고,0,1,0,0,차대차 - 측면충돌,교차로운행방법위반,건조,맑음,교차로 - 교차로안,화물,남,54세,상해없음,이륜,남,58세,중상
2020070300100127,2020년 7월 3일 08시,금요일,경상북도 안동시 목성동,경상사고,0,0,2,0,차대차 - 측면충돌,기타,건조,맑음,교차로 - 교차로안,이륜,남,68세,경상,승용,남,43세,경상
2020070300100194,2020년 7월 3일 10시,금요일,경상북도 칠곡군 북삼읍,경상사고,0,0,2,0,차대차 - 측면충돌,신호위반,건조,맑음,교차로 - 교차로안,승용,남,62세,경상,승용,남,52세,경상
2020070300100195,2020년 7월 3일 10시,금요일,경상북도 경산시 옥산동,중상사고,0,1,0,0,차대차 - 측면충돌,기타,건조,맑음,교차로 - 교차로부근,승용,남,73세,상해없음,자전거,남,62세,중상
2020070300100196,2020년 7월 3일 10시,금요일,경상북도 청도군 청도읍,경상사고,0,0,1,0,차대차 - 정면충돌,안전운전불이행,건조,맑음,단일로 - 기타,화물,남,56세,상해없음,화물,여,65세,경상
2020070300100224,2020년 7월 3일 11시,금요일,경상북도 영천시 북안면,경상사고,0,0,1,0,차대차 - 추돌,안전운전불이행,건조,맑음,교차로 - 교차로안,화물,남,35세,상해없음,승용,여,63세,경상
2020070300100225,2020년 7월 3일 11시,금요일,경상북도 예천군 예천읍,중상사고,0,1,0,0,차대차 - 측면충돌,신호위반,건조,맑음,교차로 - 교차로안,특수,남,50세,상해없음,이륜,남,81세,중상
2020070300100249,2020년 7월 3일 12시,금요일,경상북도 경주시 충효동,경상사고,0,0,1,0,차대차 - 측면충돌,안전운전불이행,건조,맑음,교차로 - 교차로안,승용,남,66세,상해없음,자전거,남,9세,경상
2020070300100250,2020년 7월 3일 12시,금요일,경상북도 영주시 풍기읍,중상사고,0,1,0,0,차대차 - 기타,안전운전불이행,건조,맑음,교차로 - 교차로안,승용,남,72세,상해없음,자전거,남,81세,중상
2020070300100279,2020년 7월 3일 13시,금요일,경상북도 경산시 사동,경상사고,0,0,1,0,차대사람 - 기타,기타,건조,맑음,단일로 - 기타,승합,남,58세,기타불명,보행자,여,67세,경상
2020070300100280,2020년 7월 3일 13시,금요일,경상북도 경산시 용성면,경상사고,0,0,2,0,차대차 - 측면충돌,교차로운행방법위반,건조,맑음,교차로 - 교차로안,화물,남,64세,경상,화물,남,55세,경상
2020070300100281,2020년 7월 3일 13시,금요일,경상북도 청도군 청도읍,경상사고,0,0,2,0,차대차 - 측면충돌,중앙선침범,젖음/습기,비,단일로 - 지하차도(도로)내,화물,남,67세,상해없음,승용,여,61세,경상
2020070300100320,2020년 7월 3일 14시,금요일,경상북도 상주시 헌신동,경상사고,0,0,2,0,차대차 - 측면충돌,신호위반,건조,맑음,교차로 - 교차로안,승용,여,52세,상해없음,화물,남,26세,경상
2020070300100350,2020년 7월 3일 15시,금요일,경상북도 경주시 안강읍,중상사고,0,1,0,0,차대차 - 추돌,안전운전불이행,건조,맑음,교차로 - 교차로부근,승용,남,53세,상해없음,승용,여,39세,중상
2020070300100351,2020년 7월 3일 15시,금요일,경상북도 안동시 옥동,경상사고,0,0,1,0,차대차 - 측면충돌,직진우회전진행방해,건조,맑음,교차로 - 교차로안,승용,남,24세,상해없음,승용,남,23세,경상
2020070300100352,2020년 7월 3일 15시,금요일,경상북도 안동시 남문동,경상사고,0,0,4,0,차대차 - 측면충돌,교차로운행방법위반,건조,맑음,교차로 - 교차로안,승용,남,62세,상해없음,승용,여,19세,경상
2020070300100353,2020년 7월 3일 15시,금요일,경상북도 고령군 대가야읍,중상사고,0,1,0,0,차대차 - 추돌,안전운전불이행,건조,맑음,교차로 - 교차로안,이륜,남,45세,중상,승용,남,40세,상해없음
2020070300100387,2020년 7월 3일 16시,금요일,경상북도 의성군 봉양면,중상사고,0,1,1,0,차대차 - 추돌,중앙선침범,건조,맑음,단일로 - 기타,승용,여,66세,경상,화물,남,54세,중상
2020070300100388,2020년 7월 3일 16시,금요일,경상북도 칠곡군 왜관읍,경상사고,0,0,1,0,차대차 - 측면충돌,직진우회전진행방해,건조,맑음,교차로 - 교차로안,승용,남,67세,상해없음,이륜,남,53세,경상
2020070300100389,2020년 7월 3일 16시,금요일,경상북도 경산시 중방동,사망사고,1,0,0,0,차대차 - 측면충돌,안전운전불이행,건조,맑음,교차로 - 교차로부근,이륜,남,68세,사망,승합,남,54세,상해없음
2020070300100390,2020년 7월 3일 16시,금요일,경상북도 경산시 자인면,경상사고,0,0,1,0,차대차 - 기타,안전운전불이행,건조,맑음,단일로 - 기타,화물,남,55세,기타불명,승용,여,60세,경상
2020070300100447,2020년 7월 3일 17시,금요일,경상북도 포항시 북구 양덕동,경상사고,0,0,1,0,차대차 - 기타,직진우회전진행방해,건조,맑음,교차로 - 교차로안,승용,여,42세,경상,승용,남,23세,상해없음
2020070300100448,2020년 7월 3일 17시,금요일,경상북도 포항시 남구 대도동,경상사고,0,0,2,0,차대차 - 기타,신호위반,건조,맑음,교차로 - 교차로안,승용,여,64세,상해없음,승용,남,62세,상해없음
2020070300100449,2020년 7월 3일 17시,금요일,경상북도 포항시 남구 인덕동,경상사고,0,0,4,0,차대차 - 측면충돌,직진우회전진행방해,건조,맑음,교차로 - 교차로안,이륜,남,28세,경상,승용,남,65세,경상
2020070300100495,2020년 7월 3일 18시,금요일,경상북도 포항시 북구 흥해읍,경상사고,0,0,2,0,차대차 - 측면충돌,안전운전불이행,건조,맑음,단일로 - 기타,승용,여,30세,상해없음,승용,여,27세,경상
2020070300100496,2020년 7월 3일 18시,금요일,경상북도 포항시 남구 대잠동,경상사고,0,0,3,1,차대차 - 기타,안전운전불이행,건조,맑음,교차로 - 교차로안,승용,남,18세,상해없음,승용,남,66세,경상
2020070300100497,2020년 7월 3일 18시,금요일,경상북도 칠곡군 지천면,경상사고,0,0,2,0,차대차 - 추돌,안전운전불이행,건조,맑음,단일로 - 기타,승용,여,41세,상해없음,승용,남,38세,경상
2020070300100526,2020년 7월 3일 19시,금요일,경상북도 경주시 충효동,경상사고,0,0,1,0,차대차 - 측면충돌,안전운전불이행,건조,맑음,단일로 - 지하차도(도로)내,승용,남,54세,상해없음,자전거,남,16세,경상
2020070300100527,2020년 7월 3일 19시,금요일,경상북도 김천시 감문면,중상사고,0,1,0,0,차대차 - 측면충돌,안전운전불이행,건조,맑음,교차로 - 교차로부근,승용,여,31세,상해없음,이륜,여,66세,중상
2020070300100605,2020년 7월 3일 21시,금요일,경상북도 경주시 안강읍,경상사고,0,0,1,0,차대차 - 측면충돌,중앙선침범,젖음/습기,비,단일로 - 기타,화물,남,48세,상해없음,화물,남,33세,경상
2020070300100606,2020년 7월 3일 21시,금요일,경상북도 포항시 북구 장성동,경상사고,0,0,1,0,차대차 - 기타,안전운전불이행,건조,맑음,단일로 - 기타,승용,남,70세,상해없음,이륜,남,27세,경상
2020070300100645,2020년 7월 3일 22시,금요일,경상북도 경주시 사정동,경상사고,0,0,4,0,차대차 - 측면충돌,직진우회전진행방해,젖음/습기,비,교차로 - 교차로안,승용,남,67세,경상,승용,여,29세,경상
2020070300100646,2020년 7월 3일 22시,금요일,경상북도 상주시 공성면,중상사고,0,1,0,0,차량단독 - 전도전복 - 전도,안전운전불이행,건조,흐림,단일로 - 기타,승용,남,47세,중상,,,,
2020070300100647,2020년 7월 3일 22시,금요일,경상북도 예천군 예천읍,중상사고,0,1,0,0,차량단독 - 기타,안전운전불이행,건조,흐림,단일로 - 기타,이륜,남,76세,중상,,,,
2020070300100648,2020년 7월 3일 22시,금요일,경상북도 구미시 광평동,경상사고,0,0,2,0,차대차 - 기타,안전운전불이행,젖음/습기,비,교차로 - 교차로부근,화물,여,29세,상해없음,승용,남,55세,경상
2020070300100649,2020년 7월 3일 22시,금요일,경상북도 구미시 옥계동,경상사고,0,0,1,0,차대차 - 기타,안전운전불이행,젖음/습기,비,교차로 - 교차로안,승용,남,38세,상해없음,승용,여,54세,경상
2020070300100650,2020년 7월 3일 22시,금요일,경상북도 포항시 남구 대도동,경상사고,0,0,1,0,차대차 - 측면충돌,신호위반,건조,흐림,교차로 - 교차로안,이륜,남,46세,경상,승용,남,58세,상해없음
2020070300100680,2020년 7월 3일 23시,금요일,경상북도 포항시 남구 괴동동,중상사고,0,1,0,0,차대차 - 정면충돌,안전운전불이행,젖음/습기,비,교차로 - 교차로안,승용,남,31세,상해없음,승용,남,38세,중상
2020070400100028,2020년 7월 4일 00시,토요일,경상북도 영천시 조교동,경상사고,0,0,1,0,차대차 - 측면충돌,차로위반,젖음/습기,비,단일로 - 기타,승용,여,56세,상해없음,승용,남,19세,상해없음
2020070400100029,2020년 7월 4일 00시,토요일,경상북도 구미시 봉곡동,경상사고,0,0,4,0,차대차 - 기타,신호위반,젖음/습기,비,교차로 - 교차로안,승용,남,66세,상해없음,승용,여,19세,경상
2020070400100030,2020년 7월 4일 00시,토요일,경상북도 고령군 성산면,경상사고,0,0,1,0,차량단독 - 기타,안전운전불이행,건조,맑음,단일로 - 기타,승용,남,63세,경상,,,,