사고번호,사고일시,요일,시군구,사고내용,사망자수,중상자수,경상자수,부상신고자수,사고유형,법규위반,노면상태,기상상태,도로형태,가해운전자 차종,가해운전자 성별,가해운전자 연령,가해운전자 상해정도,피해운전자 차종,피해운전자 성별,피해운전자 연령,피해운전자 상해정도
2020070400100055,2020년 7월 4일 01시,토요일,경상북도 포항시 남구 대잠동,경상사고,0,0,1,0,차대차 - 측면충돌,안전운전불이행,젖음/습기,비,교차로 - 교차로안,승용,여,30세,상해없음,승용,남,73세,경상
2020070400100069,2020년 7월 4일 02시,토요일,경상북도 경산시 옥산동,경상사고,0,0,1,0,차대차 - 측면충돌,안전운전불이행,건조,맑음,단일로 - 기타,승용,여,26세,기타불명,승용,여,43세,상해없음
2020070400100080,2020년 7월 4일 03시,토요일,경상북도 구미시 봉곡동,중상사고,0,1,0,0,차대사람 - 횡단중,안전운전불이행,건조,맑음,단일로 - 기타,승용,남,25세,상해없음,보행자,남,27세,중상
2020070400100093,2020년 7월 4일 04시,토요일,경상북도 경산시 옥산동,중상사고,0,1,0,0,차대차 - 측면충돌,중앙선침범,건조,맑음,교차로 - 교차로부근,승용,남,37세,상해없음,승용,남,62세,중상
2020070400100153,2020년 7월 4일 08시,토요일,경상북도 김천시 평화동,중상사고,0,1,2,0,차대차 - 추돌,안전운전불이행,건조,맑음,단일로 - 기타,승용,남,76세,상해없음,화물,남,59세,기타불명
2020070400100154,2020년 7월 4일 08시,토요일,경상북도 칠곡군 동명면,중상사고,0,1,0,0,차대차 - 기타,안전운전불이행,건조,맑음,단일로 - 기타,화물,남,56세,상해없음,이륜,남,78세,중상
2020070400100174,2020년 7월 4일 09시,토요일,경상북도 포항시 북구 용흥동,경상사고,0,0,1,0,차대사람 - 기타,안전운전불이행,건조,맑음,단일로 - 기타,승용,남,27세,상해없음,보행자,남,64세,경상
2020070400100175,2020년 7월 4일 09시,토요일,경상북도 안동시 북후면,경상사고,0,0,1,0,차량단독 - 공작물충돌,안전운전불이행,건조,맑음,단일로 - 기타,사륜오토바이(ATV),여,73세,경상,,,,
2020070400100176,2020년 7월 4일 09시,토요일,경상북도 영천시 조교동,경상사고,0,0,2,0,차대차 - 측면충돌,안전운전불이행,건조,맑음,교차로 - 교차로안,승용,남,49세,상해없음,승용,여,50세,경상
2020070400100177,2020년 7월 4일 09시,토요일,경상북도 영덕군 지품면,경상사고,0,0,1,0,차대차 - 후진중충돌,안전운전불이행,건조,맑음,단일로 - 기타,화물,남,75세,상해없음,승용,여,60세,경상
2020070400100203,2020년 7월 4일 10시,토요일,경상북도 의성군 금성면,사망사고,1,1,0,0,차대차 - 정면충돌,중앙선침범,건조,맑음,단일로 - 기타,이륜,남,38세,사망,승용,남,72세,중상
2020070400100204,2020년 7월 4일 10시,토요일,경상북도 구미시 형곡동,경상사고,0,0,2,0,차대차 - 기타,안전운전불이행,건조,맑음,단일로 - 기타,승용,여,24세,경상,승용,남,52세,경상
2020070400100237,2020년 7월 4일 11시,토요일,경상북도 구미시 산동면,경상사고,0,0,1,0,차대차 - 측면충돌,교차로운행방법위반,건조,맑음,교차로 - 교차로안,승용,남,47세,상해없음,승용,여,41세,경상
2020070400100238,2020년 7월 4일 11시,토요일,경상북도 경산시 남천면,중상사고,0,2,0,0,차대차 - 기타,신호위반,건조,맑음,단일로 - 교량,승용,남,64세,상해없음,승용,남,36세,중상
2020070400100306,2020년 7월 4일 13시,토요일,경상북도 봉화군 춘양면,경상사고,0,0,1,0,차대차 - 기타,안전운전불이행,건조,맑음,기타 - 기타,승합,남,56세,상해없음,자전거,남,89세,경상
2020070400100308,2020년 7월 4일 13시,토요일,경상북도 포항시 남구 오천읍,경상사고,0,0,1,0,차대차 - 추돌,안전운전불이행,건조,맑음,단일로 - 기타,승용,남,38세,경상,화물,기타불명,미분류,기타불명
2020070400100309,2020년 7월 4일 13시,토요일,경상북도 포항시 남구 해도동,경상사고,0,0,1,0,차대차 - 측면충돌,안전운전불이행,건조,맑음,교차로 - 교차로안,자전거,남,58세,경상,승용,남,67세,상해없음
2020070400100353,2020년 7월 4일 14시,토요일,경상북도 포항시 남구 지곡동,경상사고,0,0,1,0,차대차 - 기타,안전운전불이행,건조,맑음,단일로 - 기타,자전거,남,55세,경상,승용,남,60세,상해없음
2020070400100389,2020년 7월 4일 15시,토요일,경상북도 김천시 황금동,경상사고,0,0,2,0,차대차 - 측면충돌,안전운전불이행,건조,맑음,교차로 - 교차로부근,화물,남,50세,경상,승용,여,56세,경상
2020070400100390,2020년 7월 4일 15시,토요일,경상북도 의성군 의성읍,경상사고,0,0,1,0,차대차 - 측면충돌,직진우회전진행방해,건조,맑음,교차로 - 교차로안,승용,남,59세,상해없음,승용,여,63세,경상
2020070400100391,2020년 7월 4일 15시,토요일,경상북도 예천군 예천읍,중상사고,0,1,1,0,차대차 - 측면충돌,안전운전불이행,건조,맑음,교차로 - 교차로부근,승용,남,62세,상해없음,승용,여,60세,중상
2020070400100392,2020년 7월 4일 15시,토요일,경상북도 구미시 진평동,경상사고,0,0,1,0,차대차 - 추돌,안전운전불이행,건조,맑음,단일로 - 기타,승용,남,51세,상해없음,승용,남,28세,경상
2020070400100428,2020년 7월 4일 16시,토요일,경상북도 포항시 남구 인덕동,중상사고,0,1,0,0,차대차 - 기타,직진우회전진행방해,건조,맑음,교차로 - 교차로안,승용,남,55세,상해없음,승용,여,46세,중상
2020070400100466,2020년 7월 4일 17시,토요일,경상북도 상주시 내서면,경상사고,0,0,1,0,차량단독 - 도로외이탈 - 추락,안전운전불이행,건조,맑음,단일로 - 기타,화물,남,59세,경상,,,,
2020070400100558,2020년 7월 4일 20시,토요일,경상북도 경주시 보문동,부상신고사고,0,0,0,1,차대차 - 정면충돌,안전운전불이행,건조,맑음,단일로 - 기타,자전거,여,15세,부상신고,기타불명,기타불명,미분류,기타불명
2020070400100597,2020년 7월 4일 21시,토요일,경상북도 포항시 남구 해도동,경상사고,0,0,3,0,차대차 - 측면충돌,불법유턴,건조,맑음,교차로 - 교차로안,승용,남,70세,경상,승용,남,31세,경상
2020070500100014,2020년 7월 5일 00시,일요일,경상북도 안동시 풍산읍,경상사고,0,0,2,0,차대차 - 정면충돌,신호위반,건조,맑음,단일로 - 기타,승용,여,23세,경상,승용,남,69세,경상
2020070500100015,2020년 7월 5일 00시,일요일,경상북도 성주군 선남면,중상사고,0,1,1,0,차량단독 - 공작물충돌,안전운전불이행,건조,맑음,단일로 - 기타,승용,남,28세,경상,,,,
2020070500100016,2020년 7월 5일 00시,일요일,경상북도 구미시 원평동,중상사고,0,1,0,0,차대차 - 측면충돌,교차로운행방법위반,젖음/습기,흐림,교차로 - 교차로안,승용,남,59세,상해없음,원동기,남,38세,중상
2020070500100035,2020년 7월 5일 01시,일요일,경상북도 포항시 북구 두호동,중상사고,0,1,1,0,차대사람 - 차도통행중,불법유턴,건조,맑음,단일로 - 기타,승용,남,33세,상해없음,보행자,남,37세,경상
2020070500100050,2020년 7월 5일 03시,일요일,경상북도 영천시 화산면,중상사고,0,1,0,0,차대차 - 기타,안전운전불이행,건조,맑음,단일로 - 기타,기타불명,기타불명,미분류,기타불명,승용,남,26세,상해없음
2020070500100059,2020년 7월 5일 04시,일요일,경상북도 칠곡군 기산면,부상신고사고,0,0,0,1,차량단독 - 공작물충돌,안전운전불이행,건조,맑음,단일로 - 기타,승용,남,52세,부상신고,,,,
2020070500100113,2020년 7월 5일 09시,일요일,경상북도 칠곡군 석적읍,경상사고,0,0,1,1,차대차 - 측면충돌,중앙선침범,건조,맑음,단일로 - 기타,이륜,남,59세,부상신고,승용,여,43세,경상
2020070500100131,2020년 7월 5일 10시,일요일,경상북도 의성군 비안면,중상사고,0,1,0,0,차대차 - 측면충돌,직진우회전진행방해,건조,맑음,교차로 - 교차로안,승용,여,34세,상해없음,승용,여,67세,중상
2020070500100148,2020년 7월 5일 11시,일요일,경상북도 경주시 황성동,경상사고,0,0,3,0,차대차 - 측면충돌,과속,건조,맑음,단일로 - 기타,이륜,남,19세,경상,승용,남,43세,경상
2020070500100149,2020년 7월 5일 11시,일요일,경상북도 영덕군 강구면,중상사고,0,1,0,0,차대차 - 기타,안전운전불이행,건조,맑음,단일로 - 기타,건설기계,남,55세,상해없음,이륜,남,47세,중상
2020070500100168,2020년 7월 5일 12시,일요일,경상북도 경주시 황성동,경상사고,0,0,1,0,차대차 - 측면충돌,안전운전불이행,건조,맑음,교차로 - 교차로부근,승용,남,73세,상해없음,승용,여,54세,경상
2020070500100169,2020년 7월 5일 12시,일요일,경상북도 청도군 청도읍,경상사고,0,0,1,0,차대사람 - 기타,안전운전불이행,건조,맑음,기타 - 기타,승용,남,41세,상해없음,보행자,여,23세,경상
2020070500100202,2020년 7월 5일 13시,일요일,경상북도 김천시 율곡동,경상사고,0,0,2,0,차대차 - 측면충돌,안전운전불이행,건조,맑음,교차로 - 교차로안,승용,남,61세,상해없음,승용,남,30세,경상
2020070500100203,2020년 7월 5일 13시,일요일,경상북도 경산시 중방동,중상사고,0,1,3,0,차대차 - 측면충돌,안전거리미확보,건조,맑음,단일로 - 기타,승용,여,65세,상해없음,승용,여,43세,경상
2020070500100229,2020년 7월 5일 14시,일요일,경상북도 포항시 남구 호미곶면,중상사고,0,2,2,0,차대차 - 기타,신호위반,건조,맑음,교차로 - 교차로안,승용,남,35세,경상,승용,여,30세,중상
2020070500100258,2020년 7월 5일 15시,일요일,경상북도 경주시 성건동,경상사고,0,0,2,0,차대차 - 측면충돌,안전운전불이행,건조,맑음,교차로 - 교차로안,승용,남,41세,경상,승용,남,69세,경상
2020070500100259,2020년 7월 5일 15시,일요일,경상북도 구미시 도개면,경상사고,0,0,2,0,차대차 - 추돌,안전운전불이행,건조,맑음,단일로 - 기타,승용,남,60세,상해없음,승용,여,49세,경상
2020070500100291,2020년 7월 5일 16시,일요일,경상북도 봉화군 법전면,경상사고,0,0,1,0,차대사람 - 기타,안전운전불이행,건조,맑음,교차로 - 교차로안,화물,남,60세,상해없음,보행자,여,85세,경상
2020070500100325,2020년 7월 5일 17시,일요일,경상북도 의성군 단촌면,경상사고,0,0,4,0,차대차 - 정면충돌,기타,건조,맑음,기타 - 기타,승용,남,62세,상해없음,승용,여,52세,경상
2020070500100348,2020년 7월 5일 18시,일요일,경상북도 문경시 흥덕동,경상사고,0,0,1,0,차대차 - 기타,안전운전불이행,건조,맑음,기타 - 기타,화물,남,45세,상해없음,이륜,남,45세,경상
2020070500100349,2020년 7월 5일 18시,일요일,경상북도 문경시 가은읍,경상사고,0,0,4,0,차대차 - 측면충돌,안전운전불이행,건조,맑음,교차로 - 교차로안,승용,남,51세,경상,승용,여,42세,경상
2020070500100350,2020년 7월 5일 18시,일요일,경상북도 영양군 영양읍,경상사고,0,0,1,0,차대사람 - 횡단중,보행자보호의무위반,건조,맑음,교차로 - 교차로횡단보도내,승용,여,39세,상해없음,보행자,여,13세,경상
2020070500100374,2020년 7월 5일 19시,일요일,경상북도 예천군 예천읍,중상사고,0,1,1,0,차대차 - 측면충돌,안전운전불이행,건조,맑음,단일로 - 기타,승합,남,48세,상해없음,승용,남,66세,중상
2020070500100396,2020년 7월 5일 20시,일요일,경상북도 포항시 남구 오천읍,중상사고,0,1,0,0,차대차 - 측면충돌,기타,건조,맑음,교차로 - 교차로부근,승용,남,29세,상해없음,이륜,남,39세,중상
2020070500100416,2020년 7월 5일 21시,일요일,경상북도 포항시 남구 대잠동,중상사고,0,1,0,0,차대차 - 측면충돌,신호위반,건조,맑음,교차로 - 교차로안,이륜,남,28세,상해없음,자전거,남,20세,중상
2020070500100441,2020년 7월 5일 22시,일요일,경상북도 영주시 풍기읍,경상사고,0,0,1,0,차대사람 - 기타,안전운전불이행,건조,맑음,단일로 - 기타,기타불명,기타불명,미분류,기타불명,보행자,남,55세,경상
2020070500100456,2020년 7월 5일 23시,일요일,경상북도 울진군 죽변면,중상사고,0,1,1,0,차대사람 - 횡단중,안전운전불이행,건조,맑음,단일로 - 기타,승용,남,39세,상해없음,보행자,남,51세,중상
2020070600100018,2020년 7월 6일 02시,월요일,경상북도 포항시 북구 흥해읍,경상사고,0,0,2,0,차대차 - 측면충돌,직진우회전진행방해,건조,맑음,교차로 - 교차로안,승용,남,24세,상해없음,승용,남,35세,경상
2020070600100032,2020년 7월 6일 04시,월요일,경상북도 경주시 구황동,경상사고,0,0,2,0,차대차 - 측면충돌,안전운전불이행,건조,맑음,교차로 - 교차로부근,승용,남,55세,경상,화물,남,47세,경상
2020070600100038,2020년 7월 6일 05시,월요일,경상북도 문경시 흥덕동,중상사고,0,1,1,0,차대차 - 측면충돌,직진우회전진행방해,건조,맑음,교차로 - 교차로안,승용,여,59세,경상,승용,남,82세,상해없음
2020070600100063,2020년 7월 6일 07시,월요일,경상북도 포항시 북구 흥해읍,경상사고,0,0,1,0,차대차 - 측면충돌,안전운전불이행,건조,맑음,단일로 - 기타,승용,남,42세,상해없음,승용,남,31세,경상
2020070600100102,2020년 7월 6일 08시,월요일,경상북도 김천시 부곡동,경상사고,0,0,1,0,차대차 - 측면충돌,교차로운행방법위반,건조,맑음,교차로 - 교차로안,승용,남,38세,상해없음,자전거,남,13세,경상
2020070600100103,2020년 7월 6일 08시,월요일,경상북도 문경시 점촌동,중상사고,0,1,0,0,차대차 - 측면충돌,기타,건조,맑음,교차로 - 교차로안,승용,여,65세,상해없음,이륜,남,67세,중상
2020070600100104,2020년 7월 6일 08시,월요일,경상북도 경산시 자인면,중상사고,0,1,0,0,차대사람 - 횡단중,중앙선침범,건조,맑음,단일로 - 기타,화물,남,63세,상해없음,보행자,여,17세,중상
2020070600100171,2020년 7월 6일 10시,월요일,경상북도 예천군 예천읍,중상사고,0,1,0,0,차대사람 - 기타,안전운전불이행,건조,맑음,주차장 - 주차장,승용,남,70세,상해없음,보행자,여,66세,중상
2020070600100206,2020년 7월 6일 11시,월요일,경상북도 안동시 일직면,중상사고,0,1,0,0,차대차 - 정면충돌,중앙선침범,건조,맑음,단일로 - 기타,승용,남,75세,상해없음,승용,남,47세,중상
2020070600100207,2020년 7월 6일 11시,월요일,경상북도 영천시 청통면,경상사고,0,0,1,0,차량단독 - 공작물충돌,안전운전불이행,건조,맑음,단일로 - 기타,승용,여,59세,경상,,,,
2020070600100208,2020년 7월 6일 11시,월요일,경상북도 구미시 옥계동,경상사고,0,0,1,0,차대차 - 기타,안전운전불이행,건조,맑음,단일로 - 기타,승용,남,38세,상해없음,승용,여,66세,경상
2020070600100209,2020년 7월 6일 11시,월요일,경상북도 영천시 임고면,중상사고,0,1,1,0,차대차 - 추돌,안전운전불이행,건조,흐림,단일로 - 기타,특수,남,59세,상해없음,승용,여,52세,중상
2020070600100248,2020년 7월 6일 12시,월요일,경상북도 칠곡군 지천면,경상사고,0,0,2,0,차대차 - 측면충돌,안전운전불이행,건조,맑음,주차장 - 주차장,승용,남,62세,경상,승용,남,39세,경상
2020070600100249,2020년 7월 6일 12시,월요일,경상북도 경산시 중방동,경상사고,0,0,1,0,차대차 - 측면충돌,안전운전불이행,건조,맑음,단일로 - 기타,승용,남,48세,상해없음,승용,남,67세,경상
2020070600100250,2020년 7월 6일 12시,월요일,경상북도 영덕군 남정면,경상사고,0,0,2,0,차대차 - 측면충돌,안전운전불이행,건조,맑음,단일로 - 기타,승용,남,63세,경상,승용,남,73세,상해없음
2020070600100275,2020년 7월 6일 13시,월요일,경상북도 상주시 함창읍,경상사고,0,0,1,0,차대차 - 측면충돌,안전운전불이행,건조,맑음,단일로 - 기타,승용,여,60세,상해없음,승용,남,52세,경상
2020070600100276,2020년 7월 6일 13시,월요일,경상북도 상주시 성하동,경상사고,0,0,1,0,차대차 - 측면충돌,안전운전불이행,건조,맑음,교차로 - 교차로안,이륜,남,60세,상해없음,자전거,여,73세,경상
2020070600100277,2020년 7월 6일 13시,월요일,경상북도 문경시 모전동,경상사고,0,0,1,0,차대차 - 기타,직진우회전진행방해,건조,맑음,교차로 - 교차로안,승용,여,42세,상해없음,이륜,남,31세,경상
2020070600100309,2020년 7월 6일 14시,월요일,경상북도 경주시 용강동,중상사고,0,1,1,0,차대차 - 측면충돌,안전운전불이행,건조,맑음,교차로 - 교차로안,승용,여,24세,상해없음,승용,여,47세,중상
2020070600100310,2020년 7월 6일 14시,월요일,경상북도 영주시 영주동,경상사고,0,0,1,0,차대차 - 추돌,안전운전불이행,건조,맑음,단일로 - 기타,농기계,남,65세,상해없음,승용,남,36세,경상
2020070600100311,2020년 7월 6일 14시,월요일,경상북도 문경시 마성면,경상사고,0,0,1,0,차량단독 - 기타,안전운전불이행,건조,맑음,교차로 - 교차로안,승용,여,47세,경상,,,,
2020070600100312,2020년 7월 6일 14시,월요일,경상북도 경산시 진량읍,경상사고,0,0,6,0,차대차 - 기타,기타,건조,맑음,단일로 - 기타,화물,남,58세,상해없음,화물,남,50세,경상
2020070600100313,2020년 7월 6일 14시,월요일,경상북도 울진군 죽변면,중상사고,0,1,0,0,차대차 - 기타,안전운전불이행,건조,맑음,교차로 - 교차로안,승합,남,59세,상해없음,승용,여,63세,중상
2020070600100314,2020년 7월 6일 14시,월요일,경상북도 군위군 군위읍,경상사고,0,0,1,0,차대차 - 기타,교차로운행방법위반,건조,흐림,교차로 - 교차로부근,원동기,여,84세,경상,화물,남,51세,상해없음
2020070600100315,2020년 7월 6일 14시,월요일,경상북도 구미시 지산동,중상사고,0,1,0,0,차대사람 - 기타,안전운전불이행,건조,맑음,단일로 - 기타,승용,남,60세,상해없음,보행자,남,77세,중상
2020070600100347,2020년 7월 6일 15시,월요일,경상북도 문경시 모전동,중상사고,0,1,0,0,차대차 - 정면충돌,안전운전불이행,건조,맑음,교차로 - 교차로안,승용,여,56세,상해없음,이륜,남,32세,중상
2020070600100348,2020년 7월 6일 15시,월요일,경상북도 포항시 남구 연일읍,중상사고,0,1,0,0,차대사람 - 횡단중,보행자보호의무위반,건조,맑음,교차로 - 교차로횡단보도내,승용,여,26세,상해없음,보행자,남,7세,중상
2020070600100349,2020년 7월 6일 15시,월요일,경상북도 포항시 남구 호동,경상사고,0,0,2,0,차대차 - 측면충돌,교차로운행방법위반,건조,맑음,교차로 - 교차로안,승용,여,57세,경상,승용,남,59세,경상
2020070600100378,2020년 7월 6일 16시,월요일,경상북도 포항시 북구 죽도동,경상사고,0,0,1,0,차대사람 - 횡단중,신호위반,건조,맑음,단일로 - 기타,화물,남,67세,기타불명,보행자,여,35세,경상
2020070600100379,2020년 7월 6일 16시,월요일,경상북도 의성군 의성읍,중상사고,0,1,0,0,차대사람 - 횡단중,안전운전불이행,건조,맑음,단일로 - 기타,화물,남,45세,상해없음,보행자,남,11세,중상
2020070600100380,2020년 7월 6일 16시,월요일,경상북도 영주시 영주동,경상사고,0,0,2,0,차대차 - 추돌,안전운전불이행,건조,맑음,단일로 - 기타,승용,남,60세,상해없음,승용,여,44세,경상
2020070600100381,2020년 7월 6일 16시,월요일,경상북도 성주군 선남면,중상사고,0,4,3,0,차대차 - 추돌,과속,건조,맑음,단일로 - 기타,건설기계,남,65세,경상,승합,남,30세,중상
2020070600100413,2020년 7월 6일 17시,월요일,경상북도 구미시 임은동,경상사고,0,0,1,0,차대차 - 기타,안전운전불이행,건조,맑음,교차로 - 교차로안,승용,남,40세,상해없음,승용,남,41세,경상
2020070600100456,2020년 7월 6일 18시,월요일,경상북도 포항시 북구 장성동,중상사고,0,1,0,0,차대차 - 측면충돌,안전운전불이행,건조,맑음,교차로 - 교차로안,승용,남,62세,상해없음,이륜,남,54세,중상
2020070600100457,2020년 7월 6일 18시,월요일,경상북도 영주시 가흥동,경상사고,0,0,1,0,차대사람 - 기타,안전운전불이행,건조,맑음,기타 - 기타,승용,남,63세,상해없음,보행자,여,6세,경상
2020070600100458,2020년 7월 6일 18시,월요일,경상북도 칠곡군 석적읍,경상사고,0,0,1,0,차대차 - 측면충돌,안전운전불이행,건조,맑음,교차로 - 교차로안,이륜,남,33세,경상,승용,여,46세,상해없음
2020070600100459,2020년 7월 6일 18시,월요일,경상북도 구미시 송정동,경상사고,0,0,1,0,차대차 - 기타,신호위반,건조,맑음,교차로 - 교차로안,승용,여,31세,상해없음,승용,여,40세,경상
2020070600100489,2020년 7월 6일 19시,월요일,경상북도 안동시 송현동,경상사고,0,0,2,0,차대차 - 추돌,안전거리미확보,젖음/습기,비,단일로 - 기타,승용,남,55세,상해없음,이륜,남,29세,경상
2020070600100515,2020년 7월 6일 20시,월요일,경상북도 군위군 효령면,사망사고,1,1,2,0,차대차 - 추돌,과속,젖음/습기,비,단일로 - 기타,승용,남,34세,경상,승용,여,61세,경상
2020070600100516,2020년 7월 6일 20시,월요일,경상북도 구미시 비산동,중상사고,0,2,1,0,차대차 - 추돌,안전운전불이행,젖음/습기,비,단일로 - 기타,승합,남,41세,중상,특수,남,34세,중상
2020070600100545,2020년 7월 6일 21시,월요일,경상북도 고령군 쌍림면,부상신고사고,0,0,0,1,차량단독 - 공작물충돌,안전운전불이행,건조,맑음,교차로 - 교차로안,승용,남,69세,부상신고,,,,
2020070600100563,2020년 7월 6일 22시,월요일,경상북도 영천시 화남면,경상사고,0,0,2,0,차대차 - 추돌,안전운전불이행,건조,흐림,단일로 - 기타,승용,남,50세,경상,승용,남,27세,경상
2020070600100564,2020년 7월 6일 22시,월요일,경상북도 구미시 상모동,경상사고,0,0,1,0,차대사람 - 보도통행중,신호위반,젖음/습기,흐림,교차로 - 교차로부근,승용,남,41세,상해없음,보행자,여,33세,경상
2020070700100005,2020년 7월 7일 00시,화요일,경상북도 문경시 흥덕동,경상사고,0,0,2,0,차대차 - 추돌,안전운전불이행,건조,맑음,교차로 - 교차로부근,화물,남,29세,상해없음,승용,남,21세,경상
2020070700100072,2020년 7월 7일 07시,화요일,경상북도 영천시 청통면,경상사고,0,0,1,0,차대차 - 측면충돌,신호위반,건조,맑음,교차로 - 교차로안,건설기계,남,42세,상해없음,승용,여,59세,경상
2020070700100073,2020년 7월 7일 07시,화요일,경상북도 경산시 진량읍,경상사고,0,0,1,0,차대차 - 추돌,안전운전불이행,건조,맑음,교차로 - 교차로부근,승용,남,79세,상해없음,화물,남,50세,경상
2020070700100113,2020년 7월 7일 08시,화요일,경상북도 안동시 남문동,경상사고,0,0,1,0,차대차 - 측면충돌,직진우회전진행방해,건조,맑음,교차로 - 교차로안,승용,남,45세,경상,승용,여,28세,상해없음
2020070700100114,2020년 7월 7일 08시,화요일,경상북도 영천시 완산동,부상신고사고,0,0,0,1,차대사람 - 차도통행중,안전운전불이행,건조,맑음,단일로 - 기타,화물,남,78세,상해없음,보행자,남,87세,부상신고
2020070700100115,2020년 7월 7일 08시,화요일,경상북도 경산시 계양동,경상사고,0,0,4,0,차대차 - 측면충돌,안전운전불이행,건조,맑음,단일로 - 기타,승용,여,72세,상해없음,승용,남,38세,경상
2020070700100116,2020년 7월 7일 08시,화요일,경상북도 칠곡군 지천면,중상사고,0,1,1,0,차대차 - 측면충돌,안전운전불이행,건조,맑음,단일로 - 기타,승용,남,38세,경상,승용,여,47세,중상
2020070700100138,2020년 7월 7일 09시,화요일,경상북도 구미시 남통동,중상사고,0,1,0,0,차대사람 - 횡단중,보행자보호의무위반,건조,맑음,교차로 - 교차로부근,화물,남,56세,상해없음,보행자,남,75세,중상
2020070700100139,2020년 7월 7일 09시,화요일,경상북도 포항시 남구 이동,경상사고,0,0,2,0,차대차 - 측면충돌,안전운전불이행,건조,맑음,교차로 - 교차로안,승용,여,37세,상해없음,승용,남,24세,경상
2020070700100165,2020년 7월 7일 10시,화요일,경상북도 상주시 함창읍,경상사고,0,0,1,0,차대차 - 측면충돌,안전운전불이행,건조,맑음,교차로 - 교차로안,화물,남,65세,상해없음,승용,남,49세,상해없음
2020070700100193,2020년 7월 7일 11시,화요일,경상북도 경주시 성건동,경상사고,0,0,1,0,차대차 - 측면충돌,중앙선침범,건조,맑음,단일로 - 지하차도(도로)내,자전거,남,57세,경상,승용,남,63세,상해없음
2020070700100194,2020년 7월 7일 11시,화요일,경상북도 구미시 장천면,경상사고,0,0,6,0,차대차 - 추돌,안전운전불이행,건조,맑음,단일로 - 기타,화물,남,50세,상해없음,승용,남,60세,경상
2020070700100257,2020년 7월 7일 13시,화요일,경상북도 포항시 북구 상원동,중상사고,0,1,0,0,차대사람 - 기타,안전운전불이행,건조,맑음,교차로 - 교차로안,승합,남,52세,상해없음,보행자,여,59세,중상
2020070700100258,2020년 7월 7일 13시,화요일,경상북도 포항시 북구 장성동,중상사고,0,1,0,0,차대차 - 측면충돌,차로위반,건조,맑음,교차로 - 교차로부근,승용,여,47세,기타불명,이륜,남,55세,중상
2020070700100259,2020년 7월 7일 13시,화요일,경상북도 안동시 정하동,경상사고,0,0,1,0,차대차 - 측면충돌,안전운전불이행,건조,맑음,교차로 - 교차로안,승용,여,52세,상해없음,승용,여,45세,경상
2020070700100260,2020년 7월 7일 13시,화요일,경상북도 경산시 진량읍,중상사고,0,1,1,0,차대차 - 측면충돌,신호위반,건조,맑음,교차로 - 교차로안,이륜,남,76세,경상,승용,남,79세,상해없음
2020070700100289,2020년 7월 7일 14시,화요일,경상북도 경주시 용강동,중상사고,0,1,1,0,차대차 - 추돌,안전운전불이행,건조,맑음,교차로 - 교차로부근,화물,남,45세,상해없음,화물,여,19세,중상
2020070700100324,2020년 7월 7일 15시,화요일,경상북도 구미시 송정동,중상사고,0,1,0,0,차대차 - 측면충돌,안전운전불이행,건조,맑음,교차로 - 교차로안,승용,여,46세,상해없음,자전거,여,24세,중상
2020070700100359,2020년 7월 7일 16시,화요일,경상북도 안동시 송현동,경상사고,0,0,1,0,차대사람 - 기타,기타,건조,맑음,교차로 - 교차로안,이륜,남,47세,상해없음,보행자,남,10세,경상
2020070700100360,2020년 7월 7일 16시,화요일,경상북도 문경시 흥덕동,경상사고,0,0,2,0,차대차 - 정면충돌,안전운전불이행,건조,맑음,단일로 - 기타,승용,남,74세,경상,승용,남,37세,경상
2020070700100403,2020년 7월 7일 17시,화요일,경상북도 경산시 삼북동,경상사고,0,0,1,0,차대사람 - 길가장자리구역통행중,안전운전불이행,젖음/습기,비,단일로 - 기타,화물,남,79세,상해없음,보행자,여,56세,경상
2020070700100404,2020년 7월 7일 17시,화요일,경상북도 구미시 산동면,경상사고,0,0,1,0,차대차 - 추돌,안전운전불이행,건조,맑음,교차로 - 교차로부근,승용,남,31세,상해없음,승용,남,38세,경상
2020070700100459,2020년 7월 7일 18시,화요일,경상북도 의성군 안계면,중상사고,0,1,0,0,차대차 - 측면충돌,직진우회전진행방해,건조,맑음,교차로 - 교차로안,승용,남,24세,상해없음,이륜,여,75세,중상
2020070700100460,2020년 7월 7일 18시,화요일,경상북도 성주군 선남면,경상사고,0,0,1,0,차대차 - 기타,안전운전불이행,건조,맑음,교차로 - 교차로안,승용,남,75세,기타불명,승용,남,28세,경상
2020070700100461,2020년 7월 7일 18시,화요일,경상북도 구미시 광평동,경상사고,0,0,1,0,차대차 - 측면충돌,안전운전불이행,건조,맑음,단일로 - 기타,승용,남,56세,상해없음,승용,남,44세,경상
2020070700100462,2020년 7월 7일 18시,화요일,경상북도 포항시 남구 지곡동,부상신고사고,0,0,0,1,차대차 - 기타,직진우회전진행방해,건조,맑음,교차로 - 교차로안,승용,남,24세,상해없음,이륜,남,46세,부상신고
2020070700100463,2020년 7월 7일 18시,화요일,경상북도 포항시 남구 상도동,경상사고,0,0,3,1,차대차 - 측면충돌,안전운전불이행,건조,맑음,교차로 - 교차로부근,승용,남,55세,부상신고,승용,남,26세,경상
2020070700100498,2020년 7월 7일 19시,화요일,경상북도 포항시 북구 죽도동,중상사고,0,1,0,0,차대차 - 측면충돌,신호위반,건조,맑음,교차로 - 교차로안,승합,남,54세,상해없음,승용,남,74세,중상