사고번호,사고일시,요일,시군구,사고내용,사망자수,중상자수,경상자수,부상신고자수,사고유형,법규위반,노면상태,기상상태,도로형태,가해운전자 차종,가해운전자 성별,가해운전자 연령,가해운전자 상해정도,피해운전자 차종,피해운전자 성별,피해운전자 연령,피해운전자 상해정도
2020071700100164,2020년 7월 17일 10시,금요일,경상북도 김천시 대항면,사망사고,1,0,0,0,차량단독 - 기타,안전운전불이행,건조,맑음,교차로 - 교차로안,농기계,남,77세,사망,,,,
2020071700100165,2020년 7월 17일 10시,금요일,경상북도 영천시 완산동,중상사고,0,1,0,0,차대사람 - 횡단중,보행자보호의무위반,건조,맑음,단일로 - 기타,승용,남,58세,상해없음,보행자,남,71세,중상
2020071700100166,2020년 7월 17일 10시,금요일,경상북도 문경시 마성면,경상사고,0,0,1,0,차대차 - 추돌,안전운전불이행,건조,맑음,단일로 - 교량,건설기계,남,61세,상해없음,화물,남,50세,경상
2020071700100194,2020년 7월 17일 11시,금요일,경상북도 영천시 완산동,경상사고,0,0,1,0,차대차 - 측면충돌,안전운전불이행,건조,맑음,단일로 - 기타,승용,여,55세,상해없음,이륜,남,69세,경상
2020071700100195,2020년 7월 17일 11시,금요일,경상북도 고령군 대가야읍,중상사고,0,1,0,0,차대차 - 측면충돌,교차로운행방법위반,건조,맑음,교차로 - 교차로안,이륜,남,78세,중상,승용,남,29세,상해없음
2020071700100233,2020년 7월 17일 12시,금요일,경상북도 영천시 야사동,경상사고,0,0,1,0,차량단독 - 기타,기타,건조,맑음,교차로 - 교차로부근,승합,남,63세,상해없음,,,,
2020071700100274,2020년 7월 17일 13시,금요일,경상북도 안동시 풍천면,경상사고,0,0,3,0,차대차 - 측면충돌,안전거리미확보,건조,맑음,단일로 - 기타,화물,남,74세,상해없음,승용,여,24세,경상
2020071700100314,2020년 7월 17일 14시,금요일,경상북도 칠곡군 석적읍,경상사고,0,0,1,0,차대차 - 측면충돌,안전운전불이행,건조,맑음,교차로 - 교차로부근,승용,여,38세,상해없음,이륜,남,34세,경상
2020071700100315,2020년 7월 17일 14시,금요일,경상북도 경산시 중방동,경상사고,0,0,1,0,차대차 - 측면충돌,안전운전불이행,건조,맑음,단일로 - 기타,자전거,남,49세,경상,화물,남,30세,상해없음
2020071700100316,2020년 7월 17일 14시,금요일,경상북도 포항시 남구 대도동,경상사고,0,0,1,0,차대사람 - 기타,안전운전불이행,건조,맑음,기타 - 기타,기타불명,기타불명,미분류,기타불명,보행자,여,48세,경상
2020071700100352,2020년 7월 17일 15시,금요일,경상북도 김천시 부곡동,경상사고,0,0,1,0,차대차 - 측면충돌,교차로운행방법위반,건조,맑음,교차로 - 교차로안,승용,여,46세,상해없음,승용,남,56세,경상
2020071700100353,2020년 7월 17일 15시,금요일,경상북도 성주군 초전면,사망사고,1,0,0,0,차대사람 - 기타,안전운전불이행,건조,맑음,단일로 - 기타,화물,남,60세,상해없음,보행자,남,1세,사망
2020071700100401,2020년 7월 17일 16시,금요일,경상북도 영천시 도동,경상사고,0,0,2,0,차대차 - 측면충돌,차로위반,건조,맑음,교차로 - 교차로부근,승용,여,55세,경상,승용,여,45세,상해없음
2020071700100402,2020년 7월 17일 16시,금요일,경상북도 영천시 과전동,경상사고,0,0,9,0,차대차 - 측면충돌,안전운전불이행,건조,맑음,교차로 - 교차로부근,승합,남,62세,경상,화물,남,61세,경상
2020071700100403,2020년 7월 17일 16시,금요일,경상북도 문경시 영순면,경상사고,0,0,1,0,차대차 - 추돌,안전운전불이행,건조,맑음,기타 - 기타,승용,여,56세,경상,승용,남,63세,상해없음
2020071700100404,2020년 7월 17일 16시,금요일,경상북도 봉화군 봉화읍,중상사고,0,1,0,0,차대차 - 기타,직진우회전진행방해,건조,맑음,교차로 - 교차로안,승용,남,50세,상해없음,이륜,남,44세,중상
2020071700100406,2020년 7월 17일 16시,금요일,경상북도 포항시 남구 대도동,경상사고,0,0,1,0,차대차 - 기타,차로위반,건조,맑음,단일로 - 기타,자전거,남,68세,경상,승용,여,56세,상해없음
2020071700100456,2020년 7월 17일 17시,금요일,경상북도 경주시 강동면,중상사고,0,1,1,0,차대차 - 추돌,안전운전불이행,건조,맑음,교차로 - 교차로부근,화물,남,73세,상해없음,승용,여,57세,경상
2020071700100457,2020년 7월 17일 17시,금요일,경상북도 포항시 북구 장성동,경상사고,0,0,2,0,차대차 - 기타,안전운전불이행,건조,맑음,단일로 - 기타,이륜,남,42세,경상,화물,남,53세,경상
2020071700100458,2020년 7월 17일 17시,금요일,경상북도 구미시 산동면,중상사고,0,1,0,0,차대차 - 기타,안전운전불이행,건조,맑음,교차로 - 교차로부근,승용,여,25세,상해없음,승합,남,68세,중상
2020071700100459,2020년 7월 17일 17시,금요일,경상북도 포항시 남구 대잠동,경상사고,0,0,2,0,차대차 - 측면충돌,직진우회전진행방해,건조,맑음,교차로 - 교차로안,승용,여,30세,경상,승용,여,61세,경상
2020071700100516,2020년 7월 17일 18시,금요일,경상북도 포항시 북구 흥해읍,중상사고,0,1,0,0,차대차 - 기타,신호위반,건조,맑음,교차로 - 교차로안,화물,남,76세,상해없음,이륜,남,45세,중상
2020071700100517,2020년 7월 17일 18시,금요일,경상북도 안동시 태화동,경상사고,0,0,1,0,차대차 - 측면충돌,안전운전불이행,건조,맑음,교차로 - 교차로부근,화물,남,56세,상해없음,승용,남,37세,경상
2020071700100564,2020년 7월 17일 19시,금요일,경상북도 김천시 봉산면,중상사고,0,1,0,0,차대차 - 측면충돌,신호위반,건조,맑음,교차로 - 교차로안,이륜,남,58세,중상,화물,남,63세,상해없음
2020071700100612,2020년 7월 17일 20시,금요일,경상북도 안동시 옥동,경상사고,0,0,1,0,차대차 - 추돌,안전운전불이행,건조,맑음,교차로 - 교차로부근,승용,남,57세,상해없음,승용,남,32세,경상
2020071700100649,2020년 7월 17일 21시,금요일,경상북도 경주시 산내면,경상사고,0,0,1,0,차량단독 - 도로외이탈 - 추락,안전운전불이행,건조,맑음,단일로 - 기타,화물,남,75세,경상,,,,
2020071700100650,2020년 7월 17일 21시,금요일,경상북도 포항시 북구 용흥동,경상사고,0,0,1,0,차량단독 - 기타,기타,건조,맑음,교차로 - 교차로안,승합,남,59세,기타불명,,,,
2020071700100651,2020년 7월 17일 21시,금요일,경상북도 포항시 남구 오천읍,경상사고,0,0,1,0,차대차 - 기타,직진우회전진행방해,건조,맑음,교차로 - 교차로안,이륜,남,19세,경상,승용,남,53세,상해없음
2020071700100680,2020년 7월 17일 22시,금요일,경상북도 안동시 당북동,경상사고,0,0,2,0,차대차 - 측면충돌,안전운전불이행,건조,맑음,단일로 - 기타,승합,남,44세,상해없음,승용,여,25세,경상
2020071700100681,2020년 7월 17일 22시,금요일,경상북도 안동시 정하동,경상사고,0,0,1,0,차대차 - 기타,안전운전불이행,건조,맑음,단일로 - 기타,이륜,남,17세,경상,승용,여,46세,상해없음
2020071800100079,2020년 7월 18일 06시,토요일,경상북도 경산시 대동,경상사고,0,0,1,0,차대사람 - 기타,안전운전불이행,건조,맑음,기타 - 기타,승용,남,67세,상해없음,보행자,여,22세,경상
2020071800100096,2020년 7월 18일 07시,토요일,경상북도 울진군 평해읍,중상사고,0,2,1,0,차량단독 - 공작물충돌,안전운전불이행,건조,흐림,단일로 - 기타,승합,남,55세,경상,,,,
2020071800100097,2020년 7월 18일 07시,토요일,경상북도 울릉군 울릉읍,중상사고,0,2,0,0,차량단독 - 공작물충돌,안전운전불이행,건조,맑음,주차장 - 주차장,승용,남,58세,중상,,,,
2020071800100109,2020년 7월 18일 08시,토요일,경상북도 김천시 삼락동,부상신고사고,0,0,0,1,차대차 - 측면충돌,안전운전불이행,건조,맑음,단일로 - 기타,이륜,남,14세,상해없음,이륜,남,14세,부상신고
2020071800100133,2020년 7월 18일 09시,토요일,경상북도 구미시 수점동,중상사고,0,1,0,0,차량단독 - 기타,안전운전불이행,건조,맑음,기타 - 기타,승용,남,75세,상해없음,,,,
2020071800100158,2020년 7월 18일 10시,토요일,경상북도 안동시 정하동,중상사고,0,1,0,0,차대차 - 측면충돌,안전운전불이행,건조,맑음,단일로 - 기타,승용,여,34세,상해없음,이륜,남,46세,중상
2020071800100159,2020년 7월 18일 10시,토요일,경상북도 영덕군 남정면,경상사고,0,0,1,0,차대차 - 추돌,안전거리미확보,건조,맑음,단일로 - 기타,화물,남,51세,상해없음,화물,남,57세,경상
2020071800100230,2020년 7월 18일 12시,토요일,경상북도 안동시 송천동,경상사고,0,0,4,0,차대차 - 추돌,안전거리미확보,건조,맑음,교차로 - 교차로부근,화물,남,39세,상해없음,승용,남,36세,경상
2020071800100231,2020년 7월 18일 12시,토요일,경상북도 의성군 의성읍,중상사고,0,1,2,0,차량단독 - 공작물충돌,안전운전불이행,건조,맑음,단일로 - 기타,화물,남,59세,중상,,,,
2020071800100232,2020년 7월 18일 12시,토요일,경상북도 군위군 군위읍,경상사고,0,0,2,0,차대차 - 측면충돌,안전운전불이행,건조,맑음,단일로 - 기타,화물,남,66세,상해없음,화물,남,53세,경상
2020071800100233,2020년 7월 18일 12시,토요일,경상북도 포항시 남구 구룡포읍,경상사고,0,0,2,0,차대차 - 정면충돌,중앙선침범,건조,맑음,교차로 - 교차로부근,승용,남,66세,상해없음,승용,남,40세,경상
2020071800100276,2020년 7월 18일 13시,토요일,경상북도 안동시 당북동,경상사고,0,0,1,0,차대차 - 측면충돌,안전거리미확보,건조,맑음,단일로 - 기타,승용,남,72세,상해없음,승용,여,56세,경상
2020071800100321,2020년 7월 18일 14시,토요일,경상북도 경주시 인왕동,중상사고,0,2,4,0,차대차 - 추돌,안전운전불이행,건조,맑음,단일로 - 기타,화물,남,43세,상해없음,승용,남,41세,중상
2020071800100322,2020년 7월 18일 14시,토요일,경상북도 안동시 운흥동,경상사고,0,0,1,0,차대차 - 측면충돌,안전운전불이행,건조,맑음,교차로 - 교차로안,승용,여,40세,상해없음,승용,여,39세,경상
2020071800100323,2020년 7월 18일 14시,토요일,경상북도 문경시 점촌동,경상사고,0,0,1,0,차대차 - 추돌,안전운전불이행,건조,맑음,교차로 - 교차로부근,승용,남,43세,상해없음,승용,남,66세,상해없음
2020071800100324,2020년 7월 18일 14시,토요일,경상북도 울진군 후포면,경상사고,0,0,1,0,차대차 - 측면충돌,중앙선침범,건조,맑음,교차로 - 교차로부근,승용,여,59세,상해없음,원동기,여,43세,경상
2020071800100361,2020년 7월 18일 15시,토요일,경상북도 영주시 휴천동,경상사고,0,0,1,0,차대차 - 측면충돌,안전운전불이행,건조,맑음,단일로 - 기타,승용,남,77세,상해없음,승용,여,52세,경상
2020071800100401,2020년 7월 18일 16시,토요일,경상북도 영덕군 축산면,경상사고,0,0,3,0,차대차 - 추돌,안전거리미확보,건조,맑음,단일로 - 기타,승용,남,21세,상해없음,승용,남,58세,경상
2020071800100471,2020년 7월 18일 18시,토요일,경상북도 상주시 낙동면,중상사고,0,1,3,0,차대차 - 정면충돌,중앙선침범,건조,맑음,교차로 - 교차로부근,승용,남,56세,상해없음,승용,남,51세,중상
2020071800100500,2020년 7월 18일 19시,토요일,경상북도 군위군 군위읍,중상사고,0,1,1,0,차량단독 - 전도전복 - 전도,안전운전불이행,건조,흐림,단일로 - 기타,이륜,남,17세,경상,,,,
2020071800100533,2020년 7월 18일 20시,토요일,경상북도 포항시 북구 죽도동,경상사고,0,0,1,0,차대사람 - 횡단중,보행자보호의무위반,건조,맑음,교차로 - 교차로횡단보도내,승용,남,33세,상해없음,보행자,남,63세,경상
2020071800100534,2020년 7월 18일 20시,토요일,경상북도 영주시 휴천동,경상사고,0,0,1,1,차대차 - 측면충돌,교차로운행방법위반,건조,맑음,교차로 - 교차로안,화물,남,24세,부상신고,승용,남,25세,경상
2020071800100572,2020년 7월 18일 21시,토요일,경상북도 영주시 고현동,경상사고,0,0,1,0,차대차 - 기타,안전운전불이행,건조,흐림,교차로 - 교차로안,승용,남,56세,기타불명,승용,여,68세,경상
2020071800100573,2020년 7월 18일 21시,토요일,경상북도 칠곡군 가산면,경상사고,0,0,3,0,차대차 - 측면충돌,신호위반,젖음/습기,흐림,교차로 - 교차로안,승용,남,29세,상해없음,승용,남,29세,경상
2020071800100627,2020년 7월 18일 23시,토요일,경상북도 구미시 구평동,경상사고,0,0,2,2,차대차 - 기타,신호위반,건조,맑음,교차로 - 교차로안,승용,여,23세,부상신고,승용,여,57세,경상
2020071900100009,2020년 7월 19일 00시,일요일,경상북도 영천시 야사동,중상사고,0,2,7,0,차대차 - 추돌,안전운전불이행,건조,맑음,교차로 - 교차로부근,화물,남,63세,경상,승용,남,42세,중상
2020071900100027,2020년 7월 19일 01시,일요일,경상북도 포항시 북구 두호동,경상사고,0,0,2,0,차대차 - 측면충돌,중앙선침범,건조,맑음,단일로 - 기타,승용,남,31세,상해없음,원동기,남,18세,경상
2020071900100050,2020년 7월 19일 03시,일요일,경상북도 칠곡군 동명면,부상신고사고,0,0,0,1,차대차 - 추돌,안전운전불이행,건조,흐림,교차로 - 교차로부근,원동기,남,60세,부상신고,화물,남,40세,상해없음
2020071900100082,2020년 7월 19일 06시,일요일,경상북도 군위군 의흥면,중상사고,0,1,0,0,차량단독 - 공작물충돌,안전운전불이행,건조,맑음,단일로 - 기타,승용,남,75세,중상,,,,
2020071900100083,2020년 7월 19일 06시,일요일,경상북도 포항시 남구 대잠동,경상사고,0,0,2,0,차대차 - 측면충돌,직진우회전진행방해,건조,맑음,교차로 - 교차로안,승용,남,57세,경상,승용,남,63세,경상
2020071900100098,2020년 7월 19일 08시,일요일,경상북도 봉화군 봉화읍,경상사고,0,0,1,1,차대차 - 측면충돌,직진우회전진행방해,건조,흐림,교차로 - 교차로안,승용,여,59세,부상신고,승용,남,63세,경상
2020071900100105,2020년 7월 19일 09시,일요일,경상북도 성주군 가천면,중상사고,0,1,0,0,차대차 - 측면충돌,안전거리미확보,건조,맑음,단일로 - 교량,승용,남,47세,상해없음,자전거,여,70세,중상
2020071900100106,2020년 7월 19일 09시,일요일,경상북도 포항시 남구 효자동,경상사고,0,0,1,0,차대차 - 기타,안전운전불이행,건조,맑음,단일로 - 기타,승용,여,71세,상해없음,승용,여,61세,경상
2020071900100121,2020년 7월 19일 10시,일요일,경상북도 포항시 북구 흥해읍,경상사고,0,0,1,0,차대차 - 기타,안전운전불이행,건조,맑음,단일로 - 기타,승용,남,74세,상해없음,승용,여,28세,경상
2020071900100122,2020년 7월 19일 10시,일요일,경상북도 구미시 옥계동,경상사고,0,0,1,0,차대차 - 추돌,안전운전불이행,건조,맑음,단일로 - 기타,승용,여,64세,경상,승용,남,59세,상해없음
2020071900100123,2020년 7월 19일 10시,일요일,경상북도 포항시 남구 인덕동,경상사고,0,0,1,0,차대사람 - 기타,안전운전불이행,건조,맑음,단일로 - 기타,승용,남,23세,상해없음,보행자,여,69세,경상
2020071900100139,2020년 7월 19일 11시,일요일,경상북도 경산시 서상동,경상사고,0,0,1,0,차대차 - 측면충돌,신호위반,건조,맑음,교차로 - 교차로안,승용,여,52세,상해없음,승용,여,52세,경상
2020071900100166,2020년 7월 19일 12시,일요일,경상북도 포항시 남구 송도동,중상사고,0,1,1,0,차대차 - 측면충돌,안전운전불이행,건조,맑음,단일로 - 기타,이륜,남,41세,중상,승용,남,56세,상해없음
2020071900100190,2020년 7월 19일 13시,일요일,경상북도 영천시 문외동,경상사고,0,0,2,0,차대차 - 측면충돌,직진우회전진행방해,건조,맑음,교차로 - 교차로안,승용,남,75세,경상,승용,남,52세,경상
2020071900100191,2020년 7월 19일 13시,일요일,경상북도 포항시 남구 송도동,중상사고,0,1,0,0,차대차 - 기타,안전운전불이행,건조,맑음,교차로 - 교차로안,승용,여,54세,상해없음,이륜,남,56세,중상
2020071900100210,2020년 7월 19일 14시,일요일,경상북도 구미시 옥계동,경상사고,0,0,2,0,차대차 - 기타,안전운전불이행,건조,맑음,교차로 - 교차로부근,승용,남,57세,상해없음,특수,남,24세,경상
2020071900100233,2020년 7월 19일 15시,일요일,경상북도 영덕군 강구면,경상사고,0,0,4,0,차대차 - 추돌,안전운전불이행,건조,맑음,단일로 - 기타,승용,남,51세,상해없음,승용,남,46세,경상
2020071900100234,2020년 7월 19일 15시,일요일,경상북도 포항시 남구 연일읍,중상사고,0,1,0,0,차대사람 - 길가장자리구역통행중,안전운전불이행,건조,맑음,단일로 - 기타,화물,남,57세,상해없음,보행자,여,57세,중상
2020071900100265,2020년 7월 19일 16시,일요일,경상북도 김천시 어모면,중상사고,0,2,0,0,차량단독 - 도로외이탈 - 기타,안전운전불이행,건조,맑음,단일로 - 기타,화물,남,51세,중상,,,,
2020071900100266,2020년 7월 19일 16시,일요일,경상북도 의성군 봉양면,경상사고,0,0,2,0,차대차 - 측면충돌,안전운전불이행,건조,맑음,단일로 - 기타,승용,여,61세,상해없음,승용,남,62세,경상
2020071900100286,2020년 7월 19일 17시,일요일,경상북도 예천군 예천읍,중상사고,0,1,0,0,차대차 - 측면충돌,중앙선침범,건조,흐림,단일로 - 기타,화물,남,31세,상해없음,이륜,남,85세,중상
2020071900100317,2020년 7월 19일 18시,일요일,경상북도 칠곡군 지천면,경상사고,0,0,1,0,차대차 - 기타,중앙선침범,건조,맑음,단일로 - 기타,승용,남,79세,상해없음,자전거,남,48세,경상
2020071900100318,2020년 7월 19일 18시,일요일,경상북도 영천시 화북면,경상사고,0,0,5,0,차대차 - 기타,안전운전불이행,건조,흐림,단일로 - 기타,승용,여,47세,상해없음,승용,남,42세,경상
2020071900100319,2020년 7월 19일 18시,일요일,경상북도 구미시 남통동,중상사고,0,1,0,0,차대차 - 기타,안전운전불이행,건조,맑음,단일로 - 기타,승용,남,65세,상해없음,이륜,남,36세,중상
2020071900100351,2020년 7월 19일 19시,일요일,경상북도 경산시 하양읍,경상사고,0,0,1,0,차대차 - 측면충돌,안전운전불이행,건조,맑음,교차로 - 교차로안,승용,남,19세,상해없음,화물,남,59세,경상
2020071900100352,2020년 7월 19일 19시,일요일,경상북도 영양군 입암면,경상사고,0,0,1,0,차량단독 - 공작물충돌,안전운전불이행,건조,흐림,단일로 - 기타,승용,여,48세,경상,,,,
2020071900100376,2020년 7월 19일 20시,일요일,경상북도 김천시 백옥동,중상사고,0,1,0,0,차대차 - 기타,안전운전불이행,건조,맑음,단일로 - 기타,승용,여,54세,상해없음,자전거,남,59세,중상
2020071900100377,2020년 7월 19일 20시,일요일,경상북도 구미시 임은동,부상신고사고,0,0,0,1,차대차 - 측면충돌,신호위반,건조,맑음,교차로 - 교차로안,이륜,남,31세,부상신고,승용,여,40세,상해없음
2020071900100395,2020년 7월 19일 21시,일요일,경상북도 울진군 근남면,사망사고,1,0,0,0,차량단독 - 도로외이탈 - 추락,안전운전불이행,건조,맑음,단일로 - 기타,승용,여,45세,사망,,,,
2020071900100412,2020년 7월 19일 22시,일요일,경상북도 영주시 휴천동,경상사고,0,0,1,0,차대차 - 기타,교차로운행방법위반,젖음/습기,흐림,교차로 - 교차로안,승용,여,56세,상해없음,승용,남,32세,상해없음
2020071900100413,2020년 7월 19일 22시,일요일,경상북도 구미시 산동면,경상사고,0,0,2,0,차대차 - 추돌,안전운전불이행,건조,맑음,단일로 - 기타,화물,남,58세,상해없음,승용,남,34세,경상
2020072000100024,2020년 7월 20일 02시,월요일,경상북도 포항시 북구 흥해읍,중상사고,0,1,0,0,차량단독 - 공작물충돌,안전운전불이행,건조,맑음,교차로 - 교차로부근,이륜,남,18세,기타불명,,,,
2020072000100036,2020년 7월 20일 05시,월요일,경상북도 포항시 북구 대신동,경상사고,0,0,1,0,차대차 - 측면충돌,안전운전불이행,건조,맑음,단일로 - 기타,승용,남,19세,경상,승용,남,64세,기타불명
2020072000100049,2020년 7월 20일 06시,월요일,경상북도 포항시 북구 두호동,중상사고,0,1,0,0,차대차 - 기타,안전운전불이행,건조,맑음,단일로 - 기타,이륜,남,30세,중상,승용,남,56세,기타불명
2020072000100063,2020년 7월 20일 07시,월요일,경상북도 영덕군 영덕읍,경상사고,0,0,1,0,차대차 - 측면충돌,교차로운행방법위반,건조,맑음,교차로 - 교차로안,승용,남,54세,상해없음,승용,남,41세,경상
2020072000100106,2020년 7월 20일 08시,월요일,경상북도 경주시 용강동,중상사고,0,1,0,0,차대사람 - 차도통행중,안전운전불이행,건조,맑음,교차로 - 교차로안,승용,여,61세,상해없음,보행자,여,73세,중상
2020072000100107,2020년 7월 20일 08시,월요일,경상북도 안동시 북후면,중상사고,0,1,0,0,차량단독 - 공작물충돌,안전운전불이행,젖음/습기,비,단일로 - 기타,승용,여,22세,중상,,,,
2020072000100108,2020년 7월 20일 08시,월요일,경상북도 김천시 구성면,경상사고,0,0,1,0,차량단독 - 공작물충돌,안전운전불이행,젖음/습기,비,단일로 - 기타,승용,남,27세,경상,,,,
2020072000100109,2020년 7월 20일 08시,월요일,경상북도 포항시 남구 이동,경상사고,0,0,1,0,차대차 - 측면충돌,신호위반,건조,맑음,교차로 - 교차로횡단보도내,승용,여,41세,상해없음,자전거,여,29세,경상
2020072000100110,2020년 7월 20일 08시,월요일,경상북도 포항시 남구 대잠동,경상사고,0,0,2,0,차대차 - 기타,안전운전불이행,건조,맑음,단일로 - 기타,승용,여,46세,상해없음,승용,남,59세,경상
2020072000100111,2020년 7월 20일 08시,월요일,경상북도 포항시 남구 지곡동,경상사고,0,0,2,0,차대차 - 측면충돌,기타,건조,맑음,단일로 - 기타,화물,남,48세,상해없음,승용,남,44세,경상
2020072000100112,2020년 7월 20일 08시,월요일,경상북도 구미시 신평동,경상사고,0,0,1,0,차대차 - 기타,안전운전불이행,건조,맑음,단일로 - 기타,승용,남,37세,상해없음,화물,남,41세,경상
2020072000100141,2020년 7월 20일 09시,월요일,경상북도 경주시 건천읍,경상사고,0,0,1,0,차대차 - 측면충돌,안전운전불이행,건조,맑음,교차로 - 교차로안,자전거,여,69세,경상,승용,여,37세,상해없음
2020072000100142,2020년 7월 20일 09시,월요일,경상북도 영천시 문외동,경상사고,0,0,1,0,차대차 - 후진중충돌,안전운전불이행,건조,맑음,교차로 - 교차로부근,승용,여,40세,기타불명,승용,여,39세,경상
2020072000100168,2020년 7월 20일 10시,월요일,경상북도 경주시 마동,경상사고,0,0,1,0,차대차 - 측면충돌,안전운전불이행,건조,맑음,교차로 - 교차로부근,승용,여,25세,상해없음,화물,남,61세,경상
2020072000100198,2020년 7월 20일 11시,월요일,경상북도 구미시 도량동,중상사고,0,1,0,0,차대차 - 기타,신호위반,젖음/습기,흐림,교차로 - 교차로부근,승용,여,33세,상해없음,화물,남,58세,중상
2020072000100226,2020년 7월 20일 12시,월요일,경상북도 의성군 의성읍,경상사고,0,0,1,0,차대차 - 추돌,안전운전불이행,건조,맑음,단일로 - 기타,화물,남,68세,상해없음,승용,여,56세,경상
2020072000100227,2020년 7월 20일 12시,월요일,경상북도 영덕군 영해면,부상신고사고,0,0,0,1,차량단독 - 도로외이탈 - 추락,안전운전불이행,건조,맑음,단일로 - 기타,화물,남,73세,부상신고,,,,
2020072000100292,2020년 7월 20일 14시,월요일,경상북도 경주시 보문동,경상사고,0,0,1,0,차대차 - 측면충돌,안전운전불이행,건조,맑음,기타 - 기타,승용,남,78세,상해없음,승용,여,31세,상해없음
2020072000100348,2020년 7월 20일 16시,월요일,경상북도 경산시 정평동,경상사고,0,0,1,0,차대사람 - 기타,기타,건조,흐림,기타 - 기타,승용,남,64세,상해없음,보행자,여,73세,경상
2020072000100349,2020년 7월 20일 16시,월요일,경상북도 구미시 진평동,경상사고,0,0,2,0,차대차 - 기타,교차로운행방법위반,건조,맑음,교차로 - 교차로안,승용,남,27세,상해없음,승용,여,34세,경상
2020072000100385,2020년 7월 20일 17시,월요일,경상북도 경주시 양남면,중상사고,0,1,0,0,차량단독 - 공작물충돌,안전운전불이행,건조,맑음,단일로 - 기타,승용,여,27세,중상,,,,
2020072000100386,2020년 7월 20일 17시,월요일,경상북도 김천시 부곡동,경상사고,0,0,1,0,차대차 - 측면충돌,안전운전불이행,건조,맑음,단일로 - 기타,승합,남,45세,상해없음,이륜,남,29세,경상
2020072000100387,2020년 7월 20일 17시,월요일,경상북도 경산시 사동,경상사고,0,0,1,0,차대차 - 측면충돌,안전운전불이행,건조,맑음,교차로 - 교차로횡단보도내,승용,여,41세,상해없음,자전거,남,10세,경상
2020072000100422,2020년 7월 20일 18시,월요일,경상북도 칠곡군 왜관읍,중상사고,0,1,0,0,차대차 - 측면충돌,안전운전불이행,건조,맑음,단일로 - 기타,이륜,남,49세,중상,승용,남,52세,상해없음
2020072000100423,2020년 7월 20일 18시,월요일,경상북도 봉화군 봉화읍,경상사고,0,0,1,0,차대사람 - 횡단중,안전운전불이행,건조,맑음,기타 - 기타,승용,여,46세,상해없음,보행자,남,49세,경상
2020072000100457,2020년 7월 20일 19시,월요일,경상북도 김천시 부곡동,경상사고,0,0,1,0,차대차 - 측면충돌,신호위반,건조,맑음,교차로 - 교차로안,자전거,남,58세,경상,화물,남,73세,상해없음
2020072000100458,2020년 7월 20일 19시,월요일,경상북도 칠곡군 가산면,중상사고,0,1,0,0,차대차 - 측면충돌,안전운전불이행,건조,맑음,교차로 - 교차로부근,화물,남,77세,중상,화물,남,54세,상해없음
2020072000100459,2020년 7월 20일 19시,월요일,경상북도 칠곡군 석적읍,경상사고,0,0,1,0,차대차 - 측면충돌,안전거리미확보,건조,맑음,교차로 - 교차로부근,승합,남,53세,상해없음,승용,여,49세,경상
2020072000100460,2020년 7월 20일 19시,월요일,경상북도 구미시 옥계동,경상사고,0,0,1,0,차대차 - 정면충돌,안전운전불이행,건조,흐림,교차로 - 교차로안,승용,남,76세,상해없음,이륜,남,23세,경상
2020072000100461,2020년 7월 20일 19시,월요일,경상북도 포항시 남구 오천읍,경상사고,0,0,1,1,차대차 - 측면충돌,안전운전불이행,건조,맑음,교차로 - 교차로안,승용,여,66세,상해없음,승용,여,53세,경상
2020072000100484,2020년 7월 20일 20시,월요일,경상북도 경산시 진량읍,경상사고,0,0,1,1,차대차 - 측면충돌,안전운전불이행,건조,맑음,단일로 - 기타,이륜,남,21세,부상신고,승용,남,35세,경상
2020072000100485,2020년 7월 20일 20시,월요일,경상북도 경산시 중방동,경상사고,0,0,1,0,차대차 - 측면충돌,안전운전불이행,건조,맑음,단일로 - 기타,승용,여,47세,상해없음,승용,남,62세,경상
2020072000100508,2020년 7월 20일 21시,월요일,경상북도 포항시 북구 장성동,경상사고,0,0,1,0,차대사람 - 횡단중,보행자보호의무위반,건조,맑음,교차로 - 교차로횡단보도내,승합,남,48세,상해없음,보행자,남,36세,경상
2020072000100509,2020년 7월 20일 21시,월요일,경상북도 경산시 하양읍,중상사고,0,1,0,0,차대사람 - 차도통행중,안전운전불이행,건조,맑음,단일로 - 기타,승용,남,59세,상해없음,보행자,여,60세,중상
2020072000100510,2020년 7월 20일 21시,월요일,경상북도 구미시 신평동,경상사고,0,0,1,0,차대차 - 기타,안전운전불이행,건조,맑음,교차로 - 교차로안,기타불명,기타불명,미분류,기타불명,승용,남,73세,경상
2020072000100529,2020년 7월 20일 22시,월요일,경상북도 구미시 선산읍,중상사고,0,1,0,0,차대사람 - 횡단중,안전운전불이행,건조,맑음,교차로 - 교차로안,승용,남,38세,상해없음,보행자,남,51세,중상
2020072000100530,2020년 7월 20일 22시,월요일,경상북도 포항시 남구 효자동,경상사고,0,0,1,0,차대차 - 추돌,안전운전불이행,건조,맑음,교차로 - 교차로안,승용,여,59세,상해없음,승용,여,39세,경상
2020072100100017,2020년 7월 21일 00시,화요일,경상북도 포항시 남구 해도동,경상사고,0,0,1,0,차대사람 - 횡단중,보행자보호의무위반,건조,맑음,교차로 - 교차로횡단보도내,승용,여,41세,상해없음,보행자,남,56세,경상