사고번호,사고일시,요일,시군구,사고내용,사망자수,중상자수,경상자수,부상신고자수,사고유형,법규위반,노면상태,기상상태,도로형태,가해운전자 차종,가해운전자 성별,가해운전자 연령,가해운전자 상해정도,피해운전자 차종,피해운전자 성별,피해운전자 연령,피해운전자 상해정도
2020072100100058,2020년 7월 21일 04시,화요일,경상북도 경산시 조영동,경상사고,0,0,1,0,차대차 - 측면충돌,안전운전불이행,젖음/습기,흐림,교차로 - 교차로안,승용,남,29세,상해없음,승합,남,39세,경상
2020072100100074,2020년 7월 21일 06시,화요일,경상북도 경주시 천군동,중상사고,0,1,0,0,차대차 - 측면충돌,안전운전불이행,건조,맑음,교차로 - 교차로안,화물,남,29세,상해없음,이륜,남,79세,중상
2020072100100075,2020년 7월 21일 06시,화요일,경상북도 영양군 일월면,중상사고,0,1,0,0,차대사람 - 길가장자리구역통행중,안전운전불이행,건조,맑음,교차로 - 교차로부근,승용,남,80세,상해없음,보행자,여,83세,중상
2020072100100090,2020년 7월 21일 07시,화요일,경상북도 봉화군 물야면,중상사고,0,1,0,0,차대차 - 측면충돌,교차로운행방법위반,건조,맑음,교차로 - 교차로안,승용,남,47세,상해없음,농기계,남,73세,중상
2020072100100113,2020년 7월 21일 08시,화요일,경상북도 경주시 외동읍,중상사고,0,1,0,0,차대사람 - 횡단중,보행자보호의무위반,건조,맑음,교차로 - 교차로안,승용,여,50세,상해없음,보행자,남,45세,중상
2020072100100114,2020년 7월 21일 08시,화요일,경상북도 의성군 가음면,경상사고,0,0,1,0,차대차 - 기타,안전운전불이행,건조,맑음,교차로 - 교차로부근,자전거,남,82세,경상,화물,남,61세,상해없음
2020072100100115,2020년 7월 21일 08시,화요일,경상북도 영천시 청통면,중상사고,0,2,1,0,차대차 - 정면충돌,중앙선침범,건조,맑음,단일로 - 기타,승용,여,55세,경상,화물,남,66세,중상
2020072100100139,2020년 7월 21일 09시,화요일,경상북도 안동시 풍산읍,경상사고,0,0,1,0,차량단독 - 공작물충돌,안전운전불이행,건조,맑음,단일로 - 기타,승용,남,47세,경상,,,,
2020072100100140,2020년 7월 21일 09시,화요일,경상북도 구미시 선산읍,경상사고,0,0,1,0,차대차 - 기타,안전운전불이행,건조,맑음,교차로 - 교차로안,승용,남,60세,상해없음,승용,남,73세,상해없음
2020072100100170,2020년 7월 21일 10시,화요일,경상북도 안동시 옥동,경상사고,0,0,4,0,차대차 - 측면충돌,안전운전불이행,건조,맑음,단일로 - 기타,승용,남,64세,상해없음,승용,남,21세,경상
2020072100100171,2020년 7월 21일 10시,화요일,경상북도 포항시 남구 대송면,경상사고,0,0,1,0,차대차 - 추돌,안전운전불이행,건조,맑음,교차로 - 교차로부근,화물,남,47세,경상,특수,남,51세,상해없음
2020072100100210,2020년 7월 21일 11시,화요일,경상북도 경주시 용강동,중상사고,0,1,0,0,차대차 - 측면충돌,안전운전불이행,건조,맑음,교차로 - 교차로안,이륜,남,20세,중상,승용,여,48세,상해없음
2020072100100211,2020년 7월 21일 11시,화요일,경상북도 안동시 용상동,중상사고,0,2,0,0,차대차 - 측면충돌,직진우회전진행방해,건조,맑음,주차장 - 주차장,승용,남,79세,상해없음,이륜,남,70세,중상
2020072100100212,2020년 7월 21일 11시,화요일,경상북도 김천시 농소면,중상사고,0,1,0,0,차대차 - 추돌,과속,건조,맑음,교차로 - 교차로안,승용,남,25세,상해없음,승용,여,54세,중상
2020072100100213,2020년 7월 21일 11시,화요일,경상북도 상주시 낙양동,경상사고,0,0,1,0,차대차 - 측면충돌,안전운전불이행,건조,맑음,교차로 - 교차로안,이륜,남,51세,상해없음,자전거,여,76세,경상
2020072100100214,2020년 7월 21일 11시,화요일,경상북도 경산시 남천면,경상사고,0,0,1,0,차대차 - 측면충돌,안전운전불이행,건조,맑음,단일로 - 기타,승용,남,47세,상해없음,화물,남,68세,경상
2020072100100215,2020년 7월 21일 11시,화요일,경상북도 칠곡군 동명면,경상사고,0,0,1,0,차대차 - 추돌,안전운전불이행,건조,맑음,단일로 - 기타,승용,남,46세,상해없음,승용,남,30세,경상
2020072100100250,2020년 7월 21일 12시,화요일,경상북도 포항시 북구 장성동,경상사고,0,0,1,0,차대차 - 측면충돌,교차로운행방법위반,건조,맑음,교차로 - 교차로안,승용,여,43세,경상,승용,여,76세,상해없음
2020072100100251,2020년 7월 21일 12시,화요일,경상북도 울진군 기성면,경상사고,0,0,1,0,차대차 - 측면충돌,안전운전불이행,건조,맑음,교차로 - 교차로안,승용,여,61세,상해없음,승용,여,59세,경상
2020072100100286,2020년 7월 21일 13시,화요일,경상북도 경주시 동천동,경상사고,0,0,2,0,차대차 - 후진중충돌,안전운전불이행,건조,맑음,교차로 - 교차로안,승용,남,59세,상해없음,승용,남,30세,경상
2020072100100287,2020년 7월 21일 13시,화요일,경상북도 포항시 북구 창포동,경상사고,0,0,1,0,차대차 - 측면충돌,중앙선침범,건조,맑음,단일로 - 기타,승용,남,67세,상해없음,이륜,남,42세,경상
2020072100100288,2020년 7월 21일 13시,화요일,경상북도 상주시 남성동,경상사고,0,0,1,0,차대차 - 측면충돌,교차로운행방법위반,건조,맑음,교차로 - 교차로안,승용,여,54세,상해없음,이륜,남,25세,경상
2020072100100289,2020년 7월 21일 13시,화요일,경상북도 경산시 중방동,경상사고,0,0,1,0,차대사람 - 횡단중,기타,건조,맑음,단일로 - 기타,승용,여,51세,상해없음,보행자,여,65세,경상
2020072100100404,2020년 7월 21일 16시,화요일,경상북도 포항시 북구 용흥동,경상사고,0,0,1,0,차대차 - 기타,안전운전불이행,건조,흐림,단일로 - 기타,화물,남,61세,상해없음,이륜,남,56세,경상
2020072100100405,2020년 7월 21일 16시,화요일,경상북도 영천시 망정동,경상사고,0,0,2,2,차대차 - 후진중충돌,안전운전불이행,건조,맑음,교차로 - 교차로부근,승용,여,57세,상해없음,승용,남,32세,경상
2020072100100434,2020년 7월 21일 17시,화요일,경상북도 안동시 용상동,경상사고,0,0,1,0,차대차 - 측면충돌,신호위반,건조,맑음,교차로 - 교차로횡단보도내,승용,여,52세,상해없음,자전거,여,73세,경상
2020072100100435,2020년 7월 21일 17시,화요일,경상북도 구미시 원평동,중상사고,0,1,2,0,차대차 - 기타,교차로운행방법위반,건조,맑음,교차로 - 교차로안,승용,여,43세,경상,승용,여,56세,중상
2020072100100480,2020년 7월 21일 18시,화요일,경상북도 상주시 개운동,경상사고,0,0,1,0,차대차 - 정면충돌,교차로운행방법위반,건조,맑음,교차로 - 교차로안,승용,여,55세,상해없음,화물,남,53세,경상
2020072100100481,2020년 7월 21일 18시,화요일,경상북도 문경시 모전동,경상사고,0,0,2,1,차대차 - 측면충돌,안전운전불이행,건조,맑음,단일로 - 기타,화물,남,65세,부상신고,승용,남,47세,경상
2020072100100482,2020년 7월 21일 18시,화요일,경상북도 포항시 남구 대도동,경상사고,0,0,1,0,차대차 - 측면충돌,안전운전불이행,건조,맑음,단일로 - 기타,승용,남,53세,상해없음,승용,여,26세,경상
2020072100100521,2020년 7월 21일 19시,화요일,경상북도 영주시 가흥동,경상사고,0,0,1,0,차대차 - 측면충돌,안전운전불이행,건조,맑음,교차로 - 교차로안,승용,여,62세,상해없음,이륜,남,54세,경상
2020072100100522,2020년 7월 21일 19시,화요일,경상북도 칠곡군 가산면,경상사고,0,0,2,0,차대차 - 측면충돌,직진우회전진행방해,건조,맑음,교차로 - 교차로안,승용,남,29세,상해없음,승용,여,58세,경상
2020072100100523,2020년 7월 21일 19시,화요일,경상북도 경산시 옥산동,경상사고,0,0,1,0,차대차 - 추돌,안전운전불이행,젖음/습기,비,단일로 - 기타,승용,남,57세,상해없음,승용,남,37세,경상
2020072100100524,2020년 7월 21일 19시,화요일,경상북도 경산시 옥곡동,경상사고,0,0,1,0,차대사람 - 기타,안전운전불이행,건조,맑음,단일로 - 기타,승용,여,49세,상해없음,보행자,남,44세,경상
2020072100100525,2020년 7월 21일 19시,화요일,경상북도 포항시 남구 오천읍,경상사고,0,0,2,0,차대차 - 측면충돌,교차로운행방법위반,건조,맑음,교차로 - 교차로부근,이륜,남,32세,경상,승용,여,57세,경상
2020072100100553,2020년 7월 21일 20시,화요일,경상북도 구미시 산동면,경상사고,0,0,2,0,차대차 - 추돌,안전운전불이행,건조,맑음,단일로 - 기타,승용,남,18세,상해없음,승용,여,31세,경상
2020072100100579,2020년 7월 21일 21시,화요일,경상북도 구미시 고아읍,경상사고,0,0,1,0,차대차 - 기타,교차로운행방법위반,건조,맑음,교차로 - 교차로안,승용,여,40세,상해없음,화물,남,59세,경상
2020072200100024,2020년 7월 22일 01시,수요일,경상북도 상주시 이안면,경상사고,0,0,1,0,차량단독 - 전도전복 - 전복,안전운전불이행,젖음/습기,비,단일로 - 기타,승용,남,42세,경상,,,,
2020072200100075,2020년 7월 22일 06시,수요일,경상북도 경주시 내남면,중상사고,0,1,0,0,차량단독 - 전도전복 - 전도,안전운전불이행,젖음/습기,비,단일로 - 기타,승용,남,66세,중상,,,,
2020072200100092,2020년 7월 22일 07시,수요일,경상북도 안동시 태화동,경상사고,0,0,2,0,차대차 - 추돌,안전거리미확보,젖음/습기,비,교차로 - 교차로부근,승용,남,74세,상해없음,승용,여,47세,경상
2020072200100093,2020년 7월 22일 07시,수요일,경상북도 안동시 옥야동,경상사고,0,0,1,0,차대차 - 측면충돌,안전운전불이행,젖음/습기,비,단일로 - 기타,승용,남,61세,상해없음,화물,남,50세,경상
2020072200100094,2020년 7월 22일 07시,수요일,경상북도 경산시 옥산동,경상사고,0,0,1,0,차대차 - 기타,안전운전불이행,젖음/습기,비,교차로 - 교차로부근,승용,남,44세,기타불명,승용,남,46세,경상
2020072200100095,2020년 7월 22일 07시,수요일,경상북도 구미시 황상동,경상사고,0,0,2,0,차대차 - 추돌,안전거리미확보,건조,맑음,교차로 - 교차로부근,승용,남,61세,상해없음,승용,남,65세,경상
2020072200100096,2020년 7월 22일 07시,수요일,경상북도 군위군 소보면,중상사고,0,1,0,0,차대차 - 기타,안전운전불이행,젖음/습기,비,단일로 - 기타,승용,남,40세,상해없음,승합,남,52세,중상
2020072200100134,2020년 7월 22일 08시,수요일,경상북도 포항시 북구 죽도동,경상사고,0,0,1,0,차대차 - 기타,신호위반,건조,흐림,교차로 - 교차로안,승용,남,38세,상해없음,승용,남,59세,경상
2020072200100135,2020년 7월 22일 08시,수요일,경상북도 안동시 운흥동,경상사고,0,0,1,0,차량단독 - 도로외이탈 - 추락,안전운전불이행,젖음/습기,비,단일로 - 기타,화물,남,60세,경상,,,,
2020072200100136,2020년 7월 22일 08시,수요일,경상북도 영천시 임고면,경상사고,0,0,1,0,차대차 - 기타,안전운전불이행,건조,맑음,주차장 - 주차장,승용,남,39세,상해없음,승용,남,63세,경상
2020072200100179,2020년 7월 22일 09시,수요일,경상북도 칠곡군 북삼읍,경상사고,0,0,3,0,차대차 - 측면충돌,신호위반,젖음/습기,비,교차로 - 교차로안,승용,남,45세,상해없음,승용,여,32세,경상
2020072200100213,2020년 7월 22일 10시,수요일,경상북도 안동시 옥야동,경상사고,0,0,1,0,차대차 - 측면충돌,신호위반,젖음/습기,비,교차로 - 교차로안,자전거,남,78세,경상,승용,여,57세,상해없음
2020072200100214,2020년 7월 22일 10시,수요일,경상북도 안동시 옥동,중상사고,0,1,0,0,차대차 - 정면충돌,안전운전불이행,젖음/습기,비,교차로 - 교차로안,승용,여,53세,상해없음,승용,남,48세,중상
2020072200100215,2020년 7월 22일 10시,수요일,경상북도 영덕군 강구면,경상사고,0,0,4,0,차대차 - 기타,안전운전불이행,젖음/습기,흐림,단일로 - 기타,승용,남,30세,경상,승용,남,66세,경상
2020072200100248,2020년 7월 22일 11시,수요일,경상북도 문경시 흥덕동,경상사고,0,0,1,0,차대차 - 추돌,안전운전불이행,젖음/습기,비,교차로 - 교차로부근,화물,여,65세,상해없음,승용,여,67세,경상
2020072200100249,2020년 7월 22일 11시,수요일,경상북도 영천시 신령면,경상사고,0,0,1,0,차대차 - 측면충돌,안전운전불이행,젖음/습기,비,단일로 - 기타,승용,남,22세,상해없음,승합,남,55세,경상
2020072200100308,2020년 7월 22일 13시,수요일,경상북도 경산시 중방동,경상사고,0,0,1,0,차대차 - 측면충돌,신호위반,젖음/습기,비,교차로 - 교차로안,승용,남,76세,상해없음,승용,여,39세,경상
2020072200100334,2020년 7월 22일 14시,수요일,경상북도 영주시 영주동,경상사고,0,0,1,0,차대사람 - 기타,안전운전불이행,젖음/습기,비,교차로 - 교차로안,화물,남,56세,상해없음,보행자,남,68세,경상
2020072200100335,2020년 7월 22일 14시,수요일,경상북도 포항시 남구 동촌동,경상사고,0,0,1,0,차대차 - 기타,안전운전불이행,건조,맑음,교차로 - 교차로부근,승용,남,42세,상해없음,승용,여,53세,경상
2020072200100376,2020년 7월 22일 15시,수요일,경상북도 안동시 일직면,경상사고,0,0,3,0,차대차 - 추돌,안전운전불이행,젖음/습기,비,교차로 - 교차로부근,승용,남,64세,경상,승용,남,64세,경상
2020072200100377,2020년 7월 22일 15시,수요일,경상북도 상주시 무양동,경상사고,0,0,1,0,차대차 - 추돌,안전운전불이행,건조,흐림,교차로 - 교차로부근,승용,남,79세,상해없음,승합,남,48세,경상
2020072200100378,2020년 7월 22일 15시,수요일,경상북도 영주시 가흥동,경상사고,0,0,1,0,차대차 - 측면충돌,안전운전불이행,젖음/습기,비,단일로 - 기타,화물,남,50세,상해없음,승용,남,27세,경상
2020072200100379,2020년 7월 22일 15시,수요일,경상북도 울진군 울진읍,경상사고,0,0,1,0,차대차 - 측면충돌,교차로운행방법위반,건조,맑음,교차로 - 교차로안,이륜,남,36세,경상,화물,남,30세,상해없음
2020072200100380,2020년 7월 22일 15시,수요일,경상북도 포항시 남구 동해면,경상사고,0,0,1,1,차대차 - 측면충돌,안전운전불이행,젖음/습기,비,교차로 - 교차로부근,승용,남,69세,부상신고,승용,남,57세,경상
2020072200100403,2020년 7월 22일 16시,수요일,경상북도 포항시 북구 기계면,경상사고,0,0,2,0,차대차 - 측면충돌,안전운전불이행,건조,맑음,단일로 - 기타,화물,남,58세,상해없음,승용,남,20세,경상
2020072200100404,2020년 7월 22일 16시,수요일,경상북도 포항시 남구 오천읍,경상사고,0,0,4,0,차대차 - 측면충돌,중앙선침범,젖음/습기,비,단일로 - 기타,승용,남,73세,상해없음,승합,여,51세,경상
2020072200100405,2020년 7월 22일 16시,수요일,경상북도 포항시 남구 인덕동,경상사고,0,0,1,1,차대차 - 측면충돌,직진우회전진행방해,젖음/습기,비,교차로 - 교차로안,화물,남,65세,경상,승용,남,65세,부상신고
2020072200100446,2020년 7월 22일 17시,수요일,경상북도 경주시 외동읍,중상사고,0,1,1,0,차대차 - 추돌,안전운전불이행,젖음/습기,비,교차로 - 교차로안,승용,여,53세,상해없음,승용,남,22세,경상
2020072200100447,2020년 7월 22일 17시,수요일,경상북도 안동시 서후면,경상사고,0,0,2,0,차대차 - 측면충돌,안전운전불이행,젖음/습기,비,단일로 - 교량,승용,남,34세,경상,승용,남,59세,경상
2020072200100448,2020년 7월 22일 17시,수요일,경상북도 영덕군 영덕읍,경상사고,0,0,2,0,차대차 - 측면충돌,신호위반,젖음/습기,비,교차로 - 교차로안,승용,여,45세,경상,화물,남,63세,경상
2020072200100497,2020년 7월 22일 18시,수요일,경상북도 포항시 북구 장성동,경상사고,0,0,2,0,차대사람 - 기타,보행자보호의무위반,건조,맑음,단일로 - 기타,화물,남,52세,상해없음,보행자,여,24세,경상
2020072200100498,2020년 7월 22일 18시,수요일,경상북도 포항시 북구 용흥동,중상사고,0,1,0,0,차대차 - 측면충돌,교차로운행방법위반,젖음/습기,비,교차로 - 교차로부근,승용,여,52세,상해없음,이륜,남,52세,중상
2020072200100499,2020년 7월 22일 18시,수요일,경상북도 영천시 문외동,경상사고,0,0,3,0,차대차 - 기타,신호위반,건조,맑음,교차로 - 교차로안,승용,여,59세,경상,승용,여,42세,경상
2020072200100540,2020년 7월 22일 19시,수요일,경상북도 김천시 봉산면,사망사고,1,0,0,0,차량단독 - 공작물충돌,안전운전불이행,젖음/습기,비,단일로 - 교량,승용,남,30세,사망,,,,
2020072200100608,2020년 7월 22일 21시,수요일,경상북도 안동시 용상동,중상사고,0,1,1,0,차대차 - 추돌,안전운전불이행,젖음/습기,비,교차로 - 교차로부근,승용,여,50세,상해없음,승용,남,23세,중상
2020072200100634,2020년 7월 22일 22시,수요일,경상북도 안동시 북문동,중상사고,0,1,0,0,차대사람 - 횡단중,안전운전불이행,젖음/습기,비,단일로 - 기타,승용,남,53세,상해없음,보행자,남,55세,중상
2020072200100635,2020년 7월 22일 22시,수요일,경상북도 안동시 옥동,경상사고,0,0,1,0,차대차 - 추돌,안전운전불이행,젖음/습기,비,교차로 - 교차로부근,화물,남,61세,상해없음,승용,여,46세,경상
2020072200100664,2020년 7월 22일 23시,수요일,경상북도 경산시 하양읍,중상사고,0,1,1,0,차대차 - 측면충돌,안전운전불이행,젖음/습기,비,단일로 - 기타,승용,여,47세,상해없음,승용,남,55세,중상
2020072200100665,2020년 7월 22일 23시,수요일,경상북도 포항시 남구 장기면,경상사고,0,0,1,0,차대차 - 기타,중앙선침범,젖음/습기,비,단일로 - 기타,승용,남,17세,상해없음,화물,여,56세,경상
2020072300100008,2020년 7월 23일 00시,목요일,경상북도 구미시 원평동,경상사고,0,0,1,0,차대차 - 기타,신호위반,젖음/습기,비,교차로 - 교차로안,승용,남,34세,상해없음,승용,남,50세,경상
2020072300100009,2020년 7월 23일 00시,목요일,경상북도 포항시 남구 오천읍,경상사고,0,0,1,0,차대차 - 기타,신호위반,건조,맑음,교차로 - 교차로안,승용,남,56세,상해없음,이륜,남,21세,경상
2020072300100025,2020년 7월 23일 01시,목요일,경상북도 경산시 하양읍,경상사고,0,0,4,0,차대차 - 측면충돌,안전운전불이행,젖음/습기,비,교차로 - 교차로안,승용,남,23세,기타불명,승용,남,35세,경상
2020072300100035,2020년 7월 23일 02시,목요일,경상북도 안동시 서후면,중상사고,0,1,0,0,차대차 - 기타,안전운전불이행,젖음/습기,비,단일로 - 기타,승용,여,37세,중상,승용,남,39세,상해없음
2020072300100082,2020년 7월 23일 07시,목요일,경상북도 경주시 황성동,중상사고,0,1,0,0,차대사람 - 횡단중,보행자보호의무위반,젖음/습기,흐림,교차로 - 교차로횡단보도내,승용,여,28세,상해없음,보행자,남,35세,중상
2020072300100083,2020년 7월 23일 07시,목요일,경상북도 구미시 인의동,경상사고,0,0,1,0,차대차 - 추돌,안전운전불이행,젖음/습기,비,교차로 - 교차로부근,화물,남,39세,상해없음,승용,남,30세,경상
2020072300100116,2020년 7월 23일 08시,목요일,경상북도 구미시 황상동,경상사고,0,0,3,0,차대차 - 측면충돌,중앙선침범,젖음/습기,비,교차로 - 교차로부근,승용,여,35세,상해없음,승용,남,59세,경상
2020072300100117,2020년 7월 23일 08시,목요일,경상북도 구미시 임수동,경상사고,0,0,1,0,차대차 - 측면충돌,안전운전불이행,젖음/습기,비,단일로 - 기타,승용,남,28세,상해없음,승용,남,44세,경상
2020072300100143,2020년 7월 23일 09시,목요일,경상북도 경산시 진량읍,중상사고,0,2,0,0,차량단독 - 공작물충돌,안전운전불이행,젖음/습기,비,단일로 - 기타,승용,남,63세,중상,,,,
2020072300100171,2020년 7월 23일 10시,목요일,경상북도 안동시 길안면,경상사고,0,0,1,0,차대차 - 측면충돌,안전운전불이행,젖음/습기,비,단일로 - 기타,승용,여,48세,상해없음,특수,남,54세,경상
2020072300100172,2020년 7월 23일 10시,목요일,경상북도 문경시 모전동,부상신고사고,0,0,0,1,차대사람 - 기타,안전운전불이행,건조,맑음,교차로 - 교차로부근,승용,남,68세,상해없음,보행자,여,60세,부상신고
2020072300100173,2020년 7월 23일 10시,목요일,경상북도 구미시 옥계동,경상사고,0,0,1,0,차대차 - 기타,교차로운행방법위반,젖음/습기,비,교차로 - 교차로안,화물,남,38세,상해없음,이륜,남,55세,경상
2020072300100174,2020년 7월 23일 10시,목요일,경상북도 포항시 남구 구룡포읍,중상사고,0,1,0,0,차대차 - 기타,안전운전불이행,건조,맑음,교차로 - 교차로부근,승용,남,52세,상해없음,원동기,남,56세,중상
2020072300100192,2020년 7월 23일 11시,목요일,경상북도 포항시 북구 양덕동,중상사고,0,1,0,0,차대차 - 기타,안전운전불이행,건조,맑음,단일로 - 기타,승용,남,44세,상해없음,이륜,남,38세,중상
2020072300100193,2020년 7월 23일 11시,목요일,경상북도 울진군 죽변면,중상사고,0,1,0,0,차대사람 - 횡단중,보행자보호의무위반,건조,맑음,교차로 - 교차로안,승용,여,47세,상해없음,보행자,여,69세,중상
2020072300100194,2020년 7월 23일 11시,목요일,경상북도 포항시 남구 오천읍,중상사고,0,1,2,0,차대차 - 기타,직진우회전진행방해,젖음/습기,비,교차로 - 교차로안,승용,남,27세,경상,승합,남,47세,경상
2020072300100225,2020년 7월 23일 12시,목요일,경상북도 포항시 북구 양덕동,경상사고,0,0,1,0,차대차 - 후진중충돌,안전운전불이행,건조,맑음,단일로 - 기타,승용,남,61세,상해없음,승용,여,37세,경상
2020072300100254,2020년 7월 23일 13시,목요일,경상북도 구미시 송정동,경상사고,0,0,1,0,차대차 - 기타,직진우회전진행방해,젖음/습기,비,교차로 - 교차로안,승용,여,50세,상해없음,승용,여,46세,경상
2020072300100255,2020년 7월 23일 13시,목요일,경상북도 포항시 남구 오천읍,중상사고,0,1,0,0,차량단독 - 주/정차차량 충돌,안전운전불이행,젖음/습기,비,단일로 - 기타,이륜,남,24세,중상,,,,
2020072300100287,2020년 7월 23일 14시,목요일,경상북도 영천시 조교동,경상사고,0,0,1,0,차대차 - 추돌,안전운전불이행,젖음/습기,비,교차로 - 교차로안,승용,남,63세,상해없음,승용,여,19세,경상
2020072300100319,2020년 7월 23일 15시,목요일,경상북도 포항시 북구 양덕동,중상사고,0,1,0,0,차대차 - 측면충돌,안전운전불이행,젖음/습기,맑음,단일로 - 기타,승합,남,45세,상해없음,이륜,남,38세,중상
2020072300100320,2020년 7월 23일 15시,목요일,경상북도 포항시 북구 장성동,경상사고,0,0,2,0,차대차 - 기타,안전운전불이행,젖음/습기,비,단일로 - 기타,승용,여,59세,상해없음,승용,남,23세,경상
2020072300100321,2020년 7월 23일 15시,목요일,경상북도 포항시 북구 송라면,중상사고,0,1,0,0,차대차 - 추돌,안전거리미확보,건조,맑음,단일로 - 기타,화물,남,58세,중상,승용,남,42세,상해없음
2020072300100352,2020년 7월 23일 16시,목요일,경상북도 영덕군 축산면,중상사고,0,1,1,0,차대차 - 정면충돌,중앙선침범,젖음/습기,비,단일로 - 기타,승용,여,47세,중상,승용,남,69세,경상
2020072300100399,2020년 7월 23일 17시,목요일,경상북도 상주시 신봉동,중상사고,0,1,1,0,차대차 - 정면충돌,중앙선침범,젖음/습기,비,단일로 - 기타,승용,남,32세,경상,승용,남,56세,중상
2020072300100400,2020년 7월 23일 17시,목요일,경상북도 영천시 문외동,경상사고,0,0,1,0,차대차 - 측면충돌,중앙선침범,젖음/습기,비,교차로 - 교차로부근,승용,남,67세,상해없음,화물,남,52세,경상
2020072300100401,2020년 7월 23일 17시,목요일,경상북도 구미시 원평동,경상사고,0,0,1,0,차대차 - 기타,불법유턴,젖음/습기,비,교차로 - 교차로안,승용,남,49세,상해없음,이륜,남,47세,경상
2020072300100493,2020년 7월 23일 19시,목요일,경상북도 구미시 진평동,경상사고,0,0,2,0,차대차 - 측면충돌,교차로운행방법위반,젖음/습기,비,교차로 - 교차로안,승용,남,38세,경상,이륜,남,44세,경상
2020072300100547,2020년 7월 23일 20시,목요일,경상북도 경주시 황오동,경상사고,0,0,1,1,차대차 - 측면충돌,안전운전불이행,젖음/습기,비,단일로 - 기타,승용,남,64세,부상신고,승용,여,32세,경상
2020072300100548,2020년 7월 23일 20시,목요일,경상북도 포항시 북구 죽도동,중상사고,0,1,0,0,차대사람 - 차도통행중,신호위반,건조,맑음,단일로 - 기타,승용,남,58세,상해없음,보행자,여,64세,중상
2020072300100549,2020년 7월 23일 20시,목요일,경상북도 영천시 금호읍,중상사고,0,1,0,0,차대사람 - 차도통행중,안전운전불이행,젖음/습기,비,단일로 - 기타,승용,남,51세,상해없음,보행자,남,65세,중상
2020072300100550,2020년 7월 23일 20시,목요일,경상북도 경산시 조영동,경상사고,0,0,1,0,차대차 - 측면충돌,안전운전불이행,젖음/습기,비,단일로 - 기타,승용,남,27세,상해없음,이륜,남,21세,경상
2020072300100551,2020년 7월 23일 20시,목요일,경상북도 경산시 옥산동,경상사고,0,0,2,0,차대차 - 측면충돌,안전운전불이행,젖음/습기,비,단일로 - 기타,승용,남,45세,경상,승용,남,63세,경상
2020072300100552,2020년 7월 23일 20시,목요일,경상북도 구미시 산동면,경상사고,0,0,1,0,차대차 - 기타,안전운전불이행,젖음/습기,비,교차로 - 교차로부근,승용,남,52세,상해없음,승용,여,44세,경상
2020072300100599,2020년 7월 23일 21시,목요일,경상북도 영천시 녹전동,경상사고,0,0,1,0,차량단독 - 공작물충돌,안전운전불이행,젖음/습기,비,단일로 - 기타,승용,남,57세,경상,,,,
2020072300100600,2020년 7월 23일 21시,목요일,경상북도 문경시 점촌동,중상사고,0,1,0,0,차대차 - 기타,안전운전불이행,건조,흐림,기타 - 기타,승용,남,51세,기타불명,이륜,남,36세,중상
2020072300100601,2020년 7월 23일 21시,목요일,경상북도 경산시 하양읍,중상사고,0,1,0,0,차대사람 - 횡단중,안전운전불이행,젖음/습기,비,단일로 - 기타,승용,여,60세,상해없음,보행자,남,27세,중상
2020072300100602,2020년 7월 23일 21시,목요일,경상북도 포항시 남구 오천읍,경상사고,0,0,4,0,차대차 - 기타,직진우회전진행방해,젖음/습기,비,교차로 - 교차로안,승용,여,68세,경상,승용,여,53세,경상
2020072300100653,2020년 7월 23일 22시,목요일,경상북도 경산시 중방동,중상사고,0,1,0,0,차대사람 - 기타,안전운전불이행,젖음/습기,비,교차로 - 교차로부근,승용,남,47세,상해없음,보행자,남,57세,중상
2020072300100693,2020년 7월 23일 23시,목요일,경상북도 구미시 원평동,경상사고,0,0,2,0,차대차 - 추돌,안전운전불이행,젖음/습기,비,교차로 - 교차로부근,승용,남,40세,상해없음,승용,남,49세,경상
2020072300100695,2020년 7월 23일 23시,목요일,경상북도 칠곡군 지천면,경상사고,0,0,2,0,차량단독 - 기타,안전운전불이행,젖음/습기,비,단일로 - 기타,승용,남,55세,경상,,,,
2020072400100032,2020년 7월 24일 01시,금요일,경상북도 포항시 북구 용흥동,경상사고,0,0,1,0,차대차 - 기타,신호위반,건조,맑음,단일로 - 기타,승용,남,59세,상해없음,승용,여,65세,경상
2020072400100033,2020년 7월 24일 01시,금요일,경상북도 김천시 성내동,경상사고,0,0,1,0,차량단독 - 전도전복 - 전도,안전운전불이행,젖음/습기,비,단일로 - 기타,이륜,남,37세,경상,,,,
2020072400100034,2020년 7월 24일 01시,금요일,경상북도 칠곡군 왜관읍,경상사고,0,0,1,0,차대차 - 측면충돌,신호위반,건조,맑음,교차로 - 교차로안,승용,남,61세,상해없음,승용,남,23세,경상
2020072400100045,2020년 7월 24일 03시,금요일,경상북도 구미시 지산동,중상사고,0,3,0,0,차대차 - 기타,안전운전불이행,젖음/습기,비,단일로 - 기타,승용,남,21세,중상,승용,남,32세,중상
2020072400100064,2020년 7월 24일 06시,금요일,경상북도 경주시 천군동,중상사고,0,1,0,0,차대차 - 측면충돌,신호위반,건조,맑음,교차로 - 교차로안,승용,남,58세,상해없음,승용,여,53세,중상