사고번호,사고일시,요일,시군구,사고내용,사망자수,중상자수,경상자수,부상신고자수,사고유형,법규위반,노면상태,기상상태,도로형태,가해운전자 차종,가해운전자 성별,가해운전자 연령,가해운전자 상해정도,피해운전자 차종,피해운전자 성별,피해운전자 연령,피해운전자 상해정도
2020072700100436,2020년 7월 27일 17시,월요일,경상북도 영천시 고경면,경상사고,0,0,1,0,차대차 - 측면충돌,안전운전불이행,젖음/습기,비,교차로 - 교차로안,화물,남,63세,상해없음,승용,여,48세,경상
2020072700100437,2020년 7월 27일 17시,월요일,경상북도 성주군 월항면,경상사고,0,0,3,0,차대차 - 기타,중앙선침범,젖음/습기,비,단일로 - 기타,승용,여,59세,경상,화물,여,52세,경상
2020072700100438,2020년 7월 27일 17시,월요일,경상북도 구미시 임수동,경상사고,0,0,1,0,차대차 - 기타,안전운전불이행,젖음/습기,흐림,교차로 - 교차로부근,승용,남,51세,상해없음,승용,여,26세,경상
2020072700100439,2020년 7월 27일 17시,월요일,경상북도 구미시 원평동,경상사고,0,0,1,0,차대차 - 측면충돌,차로위반,젖음/습기,비,단일로 - 기타,승용,남,61세,상해없음,화물,남,33세,경상
2020072700100504,2020년 7월 27일 19시,월요일,경상북도 칠곡군 왜관읍,부상신고사고,0,0,0,1,차대차 - 기타,안전운전불이행,젖음/습기,비,교차로 - 교차로안,이륜,남,26세,부상신고,승용,남,56세,상해없음
2020072700100505,2020년 7월 27일 19시,월요일,경상북도 칠곡군 지천면,부상신고사고,0,0,0,1,차대차 - 기타,안전운전불이행,젖음/습기,흐림,단일로 - 기타,화물,남,24세,부상신고,승용,남,45세,상해없음
2020072700100542,2020년 7월 27일 20시,월요일,경상북도 칠곡군 가산면,경상사고,0,0,1,0,차대차 - 추돌,안전운전불이행,젖음/습기,비,단일로 - 기타,승용,남,62세,상해없음,승용,여,51세,경상
2020072700100543,2020년 7월 27일 20시,월요일,경상북도 칠곡군 석적읍,경상사고,0,0,1,0,차대사람 - 차도통행중,안전운전불이행,건조,맑음,교차로 - 교차로안,승용,남,47세,상해없음,보행자,남,43세,경상
2020072700100544,2020년 7월 27일 20시,월요일,경상북도 포항시 남구 연일읍,경상사고,0,0,1,0,차대차 - 측면충돌,신호위반,젖음/습기,비,교차로 - 교차로안,승용,남,45세,상해없음,승용,여,29세,경상
2020072700100568,2020년 7월 27일 21시,월요일,경상북도 경주시 광명동,중상사고,0,1,0,0,차대차 - 추돌,안전운전불이행,젖음/습기,비,단일로 - 기타,승용,여,82세,상해없음,승용,여,40세,중상
2020072700100569,2020년 7월 27일 21시,월요일,경상북도 포항시 북구 용흥동,경상사고,0,0,2,0,차대사람 - 기타,안전운전불이행,젖음/습기,비,교차로 - 교차로부근,승용,남,52세,상해없음,보행자,남,18세,경상
2020072700100570,2020년 7월 27일 21시,월요일,경상북도 안동시 옥동,경상사고,0,0,1,0,차대차 - 측면충돌,안전운전불이행,젖음/습기,비,단일로 - 기타,승용,남,42세,상해없음,승용,남,60세,경상
2020072700100571,2020년 7월 27일 21시,월요일,경상북도 안동시 당북동,경상사고,0,0,1,0,차대차 - 측면충돌,안전운전불이행,건조,맑음,단일로 - 기타,승용,여,21세,상해없음,이륜,남,30세,경상
2020072700100572,2020년 7월 27일 21시,월요일,경상북도 칠곡군 석적읍,경상사고,0,0,2,0,차대차 - 측면충돌,안전운전불이행,건조,맑음,주차장 - 주차장,화물,남,54세,상해없음,승용,남,32세,경상
2020072700100620,2020년 7월 27일 23시,월요일,경상북도 포항시 북구 우현동,중상사고,0,1,0,0,차대차 - 기타,안전거리미확보,젖음/습기,맑음,단일로 - 기타,화물,남,53세,상해없음,승용,여,49세,중상
2020072800100041,2020년 7월 28일 04시,화요일,경상북도 경주시 성동동,중상사고,0,1,0,0,차량단독 - 공작물충돌,안전운전불이행,젖음/습기,비,교차로 - 교차로안,승용,남,27세,중상,,,,
2020072800100042,2020년 7월 28일 04시,화요일,경상북도 포항시 남구 대도동,경상사고,0,0,2,0,차대차 - 기타,신호위반,젖음/습기,비,교차로 - 교차로안,승용,남,24세,상해없음,승용,남,28세,경상
2020072800100080,2020년 7월 28일 07시,화요일,경상북도 포항시 남구 오천읍,경상사고,0,0,2,1,차대차 - 측면충돌,직진우회전진행방해,젖음/습기,비,교차로 - 교차로안,승용,남,26세,경상,승용,남,29세,부상신고
2020072800100105,2020년 7월 28일 08시,화요일,경상북도 구미시 인의동,경상사고,0,0,1,0,차대차 - 기타,중앙선침범,건조,맑음,교차로 - 교차로부근,승용,여,59세,상해없음,승용,남,47세,경상
2020072800100106,2020년 7월 28일 08시,화요일,경상북도 포항시 남구 상도동,경상사고,0,0,1,0,차대차 - 측면충돌,안전운전불이행,젖음/습기,비,단일로 - 기타,승용,남,69세,상해없음,승용,남,30세,경상
2020072800100128,2020년 7월 28일 09시,화요일,경상북도 문경시 동로면,경상사고,0,0,1,0,차량단독 - 도로외이탈 - 기타,안전운전불이행,젖음/습기,비,단일로 - 기타,승용,남,52세,경상,,,,
2020072800100154,2020년 7월 28일 10시,화요일,경상북도 영주시 평은면,경상사고,0,0,1,0,차대차 - 측면충돌,신호위반,젖음/습기,흐림,교차로 - 교차로안,화물,남,71세,상해없음,승합,남,40세,경상
2020072800100155,2020년 7월 28일 10시,화요일,경상북도 영천시 금호읍,경상사고,0,0,1,0,차대차 - 측면충돌,안전거리미확보,젖음/습기,비,단일로 - 기타,승용,여,62세,상해없음,이륜,남,60세,경상
2020072800100156,2020년 7월 28일 10시,화요일,경상북도 구미시 공단동,경상사고,0,0,1,0,차대차 - 추돌,안전거리미확보,건조,맑음,교차로 - 교차로안,화물,남,35세,상해없음,화물,남,57세,경상
2020072800100179,2020년 7월 28일 11시,화요일,경상북도 안동시 태화동,경상사고,0,0,2,0,차대차 - 측면충돌,안전운전불이행,건조,맑음,교차로 - 교차로부근,이륜,남,23세,경상,승용,여,25세,경상
2020072800100180,2020년 7월 28일 11시,화요일,경상북도 김천시 신음동,경상사고,0,0,1,0,차대차 - 추돌,안전거리미확보,건조,맑음,교차로 - 교차로안,승용,남,29세,상해없음,승용,남,75세,경상
2020072800100201,2020년 7월 28일 12시,화요일,경상북도 영덕군 영덕읍,경상사고,0,0,2,0,차대사람 - 횡단중,안전운전불이행,건조,맑음,교차로 - 교차로안,승용,남,57세,상해없음,보행자,여,37세,경상
2020072800100223,2020년 7월 28일 13시,화요일,경상북도 포항시 북구 죽장면,중상사고,0,1,2,1,차대차 - 정면충돌,중앙선침범,건조,맑음,단일로 - 기타,승합,여,51세,경상,승용,남,19세,경상
2020072800100224,2020년 7월 28일 13시,화요일,경상북도 김천시 감호동,경상사고,0,0,1,0,차대차 - 측면충돌,안전운전불이행,건조,맑음,단일로 - 기타,건설기계,남,48세,상해없음,이륜,남,63세,경상
2020072800100225,2020년 7월 28일 13시,화요일,경상북도 성주군 성주읍,경상사고,0,0,1,0,차대차 - 측면충돌,안전운전불이행,건조,맑음,교차로 - 교차로부근,승용,남,58세,상해없음,자전거,남,87세,경상
2020072800100253,2020년 7월 28일 14시,화요일,경상북도 상주시 서문동,경상사고,0,0,1,0,차대사람 - 횡단중,보행자보호의무위반,건조,흐림,교차로 - 교차로횡단보도내,자전거,남,56세,상해없음,보행자,남,10세,경상
2020072800100254,2020년 7월 28일 14시,화요일,경상북도 청송군 진보면,중상사고,0,1,0,0,차대차 - 측면충돌,직진우회전진행방해,젖음/습기,비,교차로 - 교차로안,승용,여,64세,상해없음,이륜,남,85세,중상
2020072800100292,2020년 7월 28일 15시,화요일,경상북도 경산시 중방동,경상사고,0,0,2,0,차대차 - 측면충돌,신호위반,건조,맑음,단일로 - 기타,이륜,남,23세,상해없음,승용,여,48세,경상
2020072800100293,2020년 7월 28일 15시,화요일,경상북도 예천군 예천읍,중상사고,0,1,0,0,차량단독 - 전도전복 - 전도,안전운전불이행,젖음/습기,비,단일로 - 기타,자전거,남,77세,중상,,,,
2020072800100294,2020년 7월 28일 15시,화요일,경상북도 청송군 진보면,경상사고,0,0,1,0,차대사람 - 기타,안전운전불이행,건조,맑음,단일로 - 기타,화물,남,69세,상해없음,보행자,남,7세,경상
2020072800100295,2020년 7월 28일 15시,화요일,경상북도 포항시 남구 오천읍,경상사고,0,0,2,0,차대차 - 기타,안전거리미확보,건조,맑음,교차로 - 교차로안,승용,남,26세,경상,건설기계,남,47세,경상
2020072800100325,2020년 7월 28일 16시,화요일,경상북도 경산시 정평동,경상사고,0,0,1,0,차대사람 - 횡단중,보행자보호의무위반,젖음/습기,흐림,교차로 - 교차로안,승용,남,51세,상해없음,보행자,여,12세,경상
2020072800100364,2020년 7월 28일 17시,화요일,경상북도 김천시 성내동,경상사고,0,0,1,0,차대사람 - 보도통행중,보행자보호의무위반,젖음/습기,비,교차로 - 교차로안,승용,남,47세,상해없음,보행자,여,57세,경상
2020072800100365,2020년 7월 28일 17시,화요일,경상북도 구미시 해평면,사망사고,1,0,0,0,차량단독 - 전도전복 - 전도,안전운전불이행,젖음/습기,비,단일로 - 기타,승용,남,52세,사망,,,,
2020072800100366,2020년 7월 28일 17시,화요일,경상북도 포항시 남구 대도동,경상사고,0,0,2,0,차대차 - 측면충돌,안전운전불이행,젖음/습기,흐림,단일로 - 기타,자전거,남,31세,경상,자전거,남,66세,경상
2020072800100410,2020년 7월 28일 18시,화요일,경상북도 구미시 황상동,경상사고,0,0,1,0,차대차 - 기타,중앙선침범,젖음/습기,비,단일로 - 기타,승용,여,47세,상해없음,이륜,남,49세,경상
2020072800100411,2020년 7월 28일 18시,화요일,경상북도 구미시 시미동,중상사고,0,1,0,0,차대차 - 기타,안전운전불이행,젖음/습기,비,단일로 - 기타,이륜,남,48세,중상,승용,남,39세,상해없음
2020072800100412,2020년 7월 28일 18시,화요일,경상북도 구미시 임수동,부상신고사고,0,0,0,1,차대차 - 측면충돌,안전거리미확보,젖음/습기,비,단일로 - 기타,원동기,남,24세,부상신고,승용,남,35세,상해없음
2020072800100454,2020년 7월 28일 19시,화요일,경상북도 경산시 옥산동,중상사고,0,1,0,0,차대사람 - 횡단중,보행자보호의무위반,젖음/습기,비,교차로 - 교차로횡단보도내,승용,남,60세,상해없음,보행자,여,63세,중상
2020072800100494,2020년 7월 28일 20시,화요일,경상북도 포항시 북구 득량동,경상사고,0,0,2,0,차대차 - 추돌,안전운전불이행,젖음/습기,비,단일로 - 기타,승용,남,27세,상해없음,승용,남,60세,상해없음
2020072800100495,2020년 7월 28일 20시,화요일,경상북도 상주시 신봉동,중상사고,0,1,1,0,차대차 - 측면충돌,안전운전불이행,건조,맑음,교차로 - 교차로안,승용,여,54세,경상,이륜,남,48세,중상
2020072800100496,2020년 7월 28일 20시,화요일,경상북도 구미시 오태동,중상사고,0,2,1,0,차대차 - 측면충돌,안전운전불이행,젖음/습기,비,단일로 - 기타,승용,남,24세,중상,승용,여,32세,중상
2020072800100531,2020년 7월 28일 21시,화요일,경상북도 봉화군 봉화읍,경상사고,0,0,1,0,차대차 - 기타,중앙선침범,젖음/습기,비,기타 - 기타,승용,남,72세,상해없음,승용,남,46세,상해없음
2020072800100532,2020년 7월 28일 21시,화요일,경상북도 문경시 불정동,경상사고,0,0,1,0,차대차 - 추돌,안전운전불이행,젖음/습기,비,단일로 - 기타,승합,남,58세,상해없음,특수,남,45세,경상
2020072800100553,2020년 7월 28일 22시,화요일,경상북도 포항시 남구 오천읍,중상사고,0,2,3,0,차량단독 - 기타,안전운전불이행,젖음/습기,비,단일로 - 기타,승합,남,48세,경상,,,,
2020072800100560,2020년 7월 28일 22시,화요일,경상북도 구미시 구평동,경상사고,0,0,1,1,차대차 - 측면충돌,신호위반,젖음/습기,비,교차로 - 교차로안,승용,여,29세,부상신고,승용,여,42세,경상
2020072800100561,2020년 7월 28일 22시,화요일,경상북도 구미시 도량동,경상사고,0,0,1,0,차대차 - 기타,안전운전불이행,건조,맑음,교차로 - 교차로부근,승용,남,37세,상해없음,승용,남,37세,경상
2020072800100579,2020년 7월 28일 23시,화요일,경상북도 경주시 용강동,중상사고,0,1,1,0,차대사람 - 횡단중,신호위반,젖음/습기,비,교차로 - 교차로횡단보도내,승용,남,62세,상해없음,보행자,여,51세,중상
2020072800100580,2020년 7월 28일 23시,화요일,경상북도 구미시 시미동,중상사고,0,1,1,0,차대차 - 추돌,과속,젖음/습기,비,단일로 - 기타,승용,남,37세,상해없음,이륜,남,42세,중상
2020072800100581,2020년 7월 28일 23시,화요일,경상북도 구미시 도량동,경상사고,0,0,1,1,차대차 - 측면충돌,안전운전불이행,건조,맑음,교차로 - 교차로안,승용,남,47세,부상신고,승용,여,26세,경상
2020072900100015,2020년 7월 29일 00시,수요일,경상북도 포항시 남구 대잠동,경상사고,0,0,4,0,차대차 - 기타,직진우회전진행방해,젖음/습기,비,교차로 - 교차로안,승용,남,66세,상해없음,승용,남,52세,경상
2020072900100055,2020년 7월 29일 04시,수요일,경상북도 구미시 고아읍,부상신고사고,0,0,0,1,차량단독 - 도로외이탈 - 추락,안전운전불이행,젖음/습기,비,단일로 - 기타,승합,남,61세,부상신고,,,,
2020072900100088,2020년 7월 29일 07시,수요일,경상북도 포항시 남구 장흥동,경상사고,0,0,1,0,차대차 - 추돌,안전운전불이행,젖음/습기,흐림,교차로 - 교차로부근,승용,여,43세,상해없음,승용,여,37세,경상
2020072900100107,2020년 7월 29일 08시,수요일,경상북도 문경시 모전동,경상사고,0,0,2,0,차대차 - 측면충돌,안전운전불이행,젖음/습기,비,교차로 - 교차로안,승용,남,59세,경상,승용,여,47세,경상
2020072900100108,2020년 7월 29일 08시,수요일,경상북도 포항시 남구 장흥동,경상사고,0,0,1,0,차대사람 - 횡단중,안전운전불이행,젖음/습기,비,교차로 - 교차로횡단보도내,승용,남,71세,상해없음,보행자,여,54세,경상
2020072900100148,2020년 7월 29일 09시,수요일,경상북도 경산시 사동,부상신고사고,0,0,0,1,차량단독 - 공작물충돌,안전운전불이행,건조,맑음,교차로 - 교차로안,승용,남,50세,부상신고,,,,
2020072900100173,2020년 7월 29일 10시,수요일,경상북도 김천시 신음동,중상사고,0,1,0,0,차대사람 - 횡단중,보행자보호의무위반,건조,맑음,교차로 - 교차로횡단보도내,승용,여,58세,상해없음,보행자,여,70세,중상
2020072900100174,2020년 7월 29일 10시,수요일,경상북도 상주시 헌신동,경상사고,0,0,1,0,차대차 - 측면충돌,교차로운행방법위반,젖음/습기,비,교차로 - 교차로안,승용,남,63세,상해없음,승용,여,60세,경상
2020072900100203,2020년 7월 29일 11시,수요일,경상북도 경주시 성건동,중상사고,0,1,0,0,차대차 - 측면충돌,안전운전불이행,건조,맑음,교차로 - 교차로횡단보도내,승용,남,67세,상해없음,자전거,여,71세,중상
2020072900100204,2020년 7월 29일 11시,수요일,경상북도 경주시 용강동,경상사고,0,0,2,0,차대차 - 측면충돌,안전운전불이행,건조,흐림,교차로 - 교차로안,승용,남,51세,상해없음,승용,여,52세,경상
2020072900100205,2020년 7월 29일 11시,수요일,경상북도 포항시 북구 죽도동,중상사고,0,1,0,0,차대사람 - 차도통행중,안전운전불이행,건조,맑음,단일로 - 기타,승용,여,62세,상해없음,보행자,남,61세,중상
2020072900100206,2020년 7월 29일 11시,수요일,경상북도 칠곡군 가산면,경상사고,0,0,1,0,차대차 - 측면충돌,안전운전불이행,젖음/습기,비,단일로 - 기타,화물,남,54세,상해없음,화물,남,39세,경상
2020072900100241,2020년 7월 29일 12시,수요일,경상북도 안동시 용상동,중상사고,0,1,0,0,차대차 - 측면충돌,안전거리미확보,젖음/습기,비,단일로 - 기타,승용,남,81세,상해없음,승용,여,51세,중상
2020072900100242,2020년 7월 29일 12시,수요일,경상북도 안동시 동부동,경상사고,0,0,2,0,차대차 - 측면충돌,교차로운행방법위반,건조,맑음,교차로 - 교차로안,승용,남,32세,경상,승용,여,46세,경상
2020072900100243,2020년 7월 29일 12시,수요일,경상북도 영천시 금호읍,경상사고,0,0,1,0,차대차 - 추돌,안전운전불이행,건조,맑음,교차로 - 교차로부근,화물,남,71세,상해없음,승용,남,72세,경상
2020072900100244,2020년 7월 29일 12시,수요일,경상북도 포항시 남구 송도동,경상사고,0,0,4,0,차대차 - 측면충돌,직진우회전진행방해,건조,맑음,교차로 - 교차로안,승용,여,50세,경상,승용,남,65세,경상
2020072900100276,2020년 7월 29일 13시,수요일,경상북도 영주시 휴천동,중상사고,0,1,0,0,차대사람 - 횡단중,보행자보호의무위반,젖음/습기,비,교차로 - 교차로횡단보도내,화물,남,53세,상해없음,보행자,남,78세,중상
2020072900100277,2020년 7월 29일 13시,수요일,경상북도 칠곡군 석적읍,중상사고,0,1,0,0,차대차 - 측면충돌,직진우회전진행방해,젖음/습기,비,교차로 - 교차로안,승용,남,35세,상해없음,원동기,남,31세,중상
2020072900100310,2020년 7월 29일 14시,수요일,경상북도 구미시 신평동,경상사고,0,0,1,1,차대차 - 측면충돌,안전거리미확보,건조,흐림,단일로 - 기타,승용,남,26세,부상신고,승용,여,31세,경상
2020072900100311,2020년 7월 29일 14시,수요일,경상북도 포항시 남구 호미곶면,경상사고,0,0,2,0,차대차 - 기타,직진우회전진행방해,건조,흐림,교차로 - 교차로안,승용,남,34세,경상,승용,남,62세,상해없음
2020072900100347,2020년 7월 29일 15시,수요일,경상북도 안동시 평화동,경상사고,0,0,2,0,차대차 - 추돌,안전운전불이행,건조,맑음,교차로 - 교차로안,승용,남,66세,상해없음,승용,남,48세,경상
2020072900100348,2020년 7월 29일 15시,수요일,경상북도 상주시 남성동,경상사고,0,0,1,0,차대사람 - 기타,안전운전불이행,젖음/습기,비,단일로 - 기타,승용,여,42세,상해없음,보행자,여,63세,경상
2020072900100413,2020년 7월 29일 17시,수요일,경상북도 경주시 사정동,중상사고,0,1,0,0,차대차 - 측면충돌,안전거리미확보,건조,맑음,단일로 - 기타,화물,남,71세,상해없음,승용,여,66세,중상
2020072900100414,2020년 7월 29일 17시,수요일,경상북도 김천시 백옥동,경상사고,0,0,1,0,차대차 - 측면충돌,안전운전불이행,건조,맑음,교차로 - 교차로횡단보도내,승합,여,58세,상해없음,자전거,남,13세,경상
2020072900100452,2020년 7월 29일 18시,수요일,경상북도 안동시 송현동,중상사고,0,1,0,0,차대사람 - 횡단중,보행자보호의무위반,건조,맑음,교차로 - 교차로횡단보도내,승용,여,50세,상해없음,보행자,남,7세,중상
2020072900100453,2020년 7월 29일 18시,수요일,경상북도 칠곡군 북삼읍,경상사고,0,0,2,0,차대차 - 정면충돌,안전운전불이행,건조,맑음,교차로 - 교차로안,승용,여,53세,경상,승용,남,73세,경상
2020072900100478,2020년 7월 29일 19시,수요일,경상북도 포항시 북구 두호동,중상사고,0,1,0,0,차대차 - 측면충돌,교차로운행방법위반,건조,맑음,교차로 - 교차로안,승용,남,64세,상해없음,이륜,남,24세,중상
2020072900100479,2020년 7월 29일 19시,수요일,경상북도 의성군 의성읍,경상사고,0,0,1,0,차대차 - 추돌,안전운전불이행,건조,맑음,교차로 - 교차로부근,화물,여,49세,기타불명,승용,여,29세,경상
2020072900100480,2020년 7월 29일 19시,수요일,경상북도 칠곡군 석적읍,경상사고,0,0,1,0,차량단독 - 전도전복 - 전도,안전운전불이행,젖음/습기,흐림,단일로 - 기타,자전거,남,16세,경상,,,,
2020072900100481,2020년 7월 29일 19시,수요일,경상북도 영천시 금호읍,경상사고,0,0,1,0,차대차 - 기타,안전운전불이행,젖음/습기,비,교차로 - 교차로안,승용,남,56세,상해없음,화물,여,66세,경상
2020072900100518,2020년 7월 29일 20시,수요일,경상북도 구미시 옥계동,경상사고,0,0,1,0,차대사람 - 기타,안전운전불이행,건조,맑음,단일로 - 기타,승용,여,33세,상해없음,보행자,여,17세,경상
2020072900100542,2020년 7월 29일 21시,수요일,경상북도 포항시 남구 해도동,중상사고,0,1,0,0,차대사람 - 차도통행중,안전운전불이행,젖음/습기,비,교차로 - 교차로부근,화물,남,46세,상해없음,보행자,남,80세,중상
2020072900100567,2020년 7월 29일 22시,수요일,경상북도 칠곡군 석적읍,경상사고,0,0,3,0,차대차 - 측면충돌,신호위반,건조,맑음,교차로 - 교차로안,승용,남,52세,상해없음,승용,남,34세,경상
2020072900100591,2020년 7월 29일 23시,수요일,경상북도 문경시 마성면,중상사고,0,1,0,0,차량단독 - 공작물충돌,안전운전불이행,젖음/습기,비,교차로 - 교차로안,화물,여,47세,중상,,,,
2020072900100592,2020년 7월 29일 23시,수요일,경상북도 구미시 사곡동,중상사고,0,1,0,0,차대차 - 정면충돌,안전운전불이행,건조,흐림,교차로 - 교차로안,승용,남,45세,상해없음,승용,여,52세,중상
2020073000100066,2020년 7월 30일 06시,목요일,경상북도 의성군 가음면,중상사고,0,1,1,0,차대차 - 추돌,직진우회전진행방해,젖음/습기,비,교차로 - 교차로안,화물,남,38세,중상,승용,여,29세,경상
2020073000100088,2020년 7월 30일 07시,목요일,경상북도 상주시 서문동,중상사고,0,1,0,0,차대사람 - 횡단중,보행자보호의무위반,젖음/습기,비,교차로 - 교차로안,승용,남,69세,상해없음,보행자,남,84세,중상
2020073000100089,2020년 7월 30일 07시,목요일,경상북도 경산시 진량읍,경상사고,0,0,1,0,차대차 - 추돌,안전운전불이행,젖음/습기,비,단일로 - 기타,화물,남,57세,상해없음,승용,여,68세,경상
2020073000100112,2020년 7월 30일 08시,목요일,경상북도 안동시 운흥동,경상사고,0,0,1,0,차대차 - 추돌,안전운전불이행,젖음/습기,비,교차로 - 교차로횡단보도내,승용,여,32세,상해없음,화물,남,53세,경상
2020073000100157,2020년 7월 30일 10시,목요일,경상북도 안동시 삼산동,중상사고,0,1,0,0,차대차 - 측면충돌,안전운전불이행,건조,맑음,단일로 - 기타,화물,남,79세,상해없음,승용,여,47세,중상
2020073000100158,2020년 7월 30일 10시,목요일,경상북도 안동시 용상동,경상사고,0,0,1,0,차대차 - 측면충돌,안전운전불이행,젖음/습기,비,단일로 - 기타,승용,남,64세,상해없음,승용,남,38세,경상
2020073000100159,2020년 7월 30일 10시,목요일,경상북도 영천시 완산동,경상사고,0,0,2,0,차대차 - 측면충돌,안전운전불이행,젖음/습기,비,단일로 - 기타,화물,남,71세,상해없음,화물,남,42세,경상
2020073000100182,2020년 7월 30일 11시,목요일,경상북도 영주시 가흥동,경상사고,0,0,1,0,차대차 - 측면충돌,교차로운행방법위반,젖음/습기,비,교차로 - 교차로안,승용,남,55세,상해없음,승용,여,44세,경상
2020073000100183,2020년 7월 30일 11시,목요일,경상북도 구미시 봉곡동,부상신고사고,0,0,0,1,차대차 - 측면충돌,직진우회전진행방해,젖음/습기,비,교차로 - 교차로안,승용,여,30세,부상신고,승용,남,69세,상해없음
2020073000100184,2020년 7월 30일 11시,목요일,경상북도 포항시 남구 대도동,중상사고,0,1,0,0,차대차 - 측면충돌,신호위반,젖음/습기,비,교차로 - 교차로안,승용,여,64세,상해없음,이륜,남,40세,중상
2020073000100221,2020년 7월 30일 12시,목요일,경상북도 경산시 와촌면,사망사고,1,0,0,0,차량단독 - 공작물충돌,안전운전불이행,젖음/습기,비,단일로 - 기타,승용,여,59세,사망,,,,
2020073000100262,2020년 7월 30일 13시,목요일,경상북도 김천시 평화동,경상사고,0,0,1,0,차대사람 - 횡단중,안전운전불이행,건조,맑음,단일로 - 기타,승용,남,83세,상해없음,보행자,여,64세,경상
2020073000100263,2020년 7월 30일 13시,목요일,경상북도 포항시 남구 연일읍,경상사고,0,0,2,0,차대차 - 기타,안전운전불이행,젖음/습기,비,단일로 - 기타,승용,여,37세,경상,특수,남,57세,기타불명
2020073000100330,2020년 7월 30일 15시,목요일,경상북도 포항시 남구 이동,경상사고,0,0,2,0,차대차 - 후진중충돌,불법유턴,건조,맑음,기타 - 기타,승용,여,60세,상해없음,승용,여,54세,경상
2020073000100365,2020년 7월 30일 16시,목요일,경상북도 포항시 북구 두호동,경상사고,0,0,1,0,차량단독 - 전도전복 - 전도,안전운전불이행,젖음/습기,맑음,단일로 - 기타,이륜,남,33세,경상,,,,
2020073000100366,2020년 7월 30일 16시,목요일,경상북도 칠곡군 왜관읍,중상사고,0,1,0,0,차대차 - 후진중충돌,안전운전불이행,건조,맑음,단일로 - 기타,화물,남,44세,상해없음,화물,남,55세,중상
2020073000100367,2020년 7월 30일 16시,목요일,경상북도 구미시 진평동,경상사고,0,0,1,0,차대차 - 측면충돌,안전운전불이행,건조,흐림,기타 - 기타,승용,남,50세,기타불명,이륜,남,25세,경상
2020073000100368,2020년 7월 30일 16시,목요일,경상북도 구미시 남통동,경상사고,0,0,1,0,차대차 - 정면충돌,안전운전불이행,건조,맑음,단일로 - 기타,승용,남,23세,상해없음,승용,여,29세,경상
2020073000100403,2020년 7월 30일 17시,목요일,경상북도 포항시 남구 오천읍,경상사고,0,0,1,0,차대차 - 기타,교차로운행방법위반,건조,맑음,교차로 - 교차로안,승용,남,47세,상해없음,승용,여,22세,경상
2020073000100440,2020년 7월 30일 18시,목요일,경상북도 상주시 서문동,부상신고사고,0,0,0,1,차대차 - 측면충돌,안전운전불이행,건조,흐림,단일로 - 기타,이륜,남,23세,부상신고,승용,여,47세,상해없음
2020073000100441,2020년 7월 30일 18시,목요일,경상북도 예천군 예천읍,중상사고,0,2,0,0,차대차 - 측면충돌,안전운전불이행,건조,맑음,교차로 - 교차로안,승용,여,41세,중상,승용,남,68세,중상
2020073000100442,2020년 7월 30일 18시,목요일,경상북도 구미시 옥계동,경상사고,0,0,1,0,차대차 - 기타,안전운전불이행,건조,맑음,교차로 - 교차로안,승용,여,55세,경상,화물,남,50세,상해없음
2020073000100482,2020년 7월 30일 19시,목요일,경상북도 구미시 구평동,경상사고,0,0,1,0,차대사람 - 기타,안전운전불이행,건조,맑음,단일로 - 기타,승용,남,26세,상해없음,보행자,남,5세,경상
2020073000100556,2020년 7월 30일 21시,목요일,경상북도 구미시 봉곡동,경상사고,0,0,1,0,차대차 - 측면충돌,교차로운행방법위반,건조,맑음,교차로 - 교차로안,이륜,남,19세,상해없음,승용,남,25세,경상
2020073000100585,2020년 7월 30일 22시,목요일,경상북도 구미시 진평동,중상사고,0,1,1,0,차대차 - 측면충돌,신호위반,건조,흐림,교차로 - 교차로안,승용,남,23세,상해없음,승용,남,27세,중상
2020073000100605,2020년 7월 30일 23시,목요일,경상북도 안동시 옥야동,경상사고,0,0,1,0,차대차 - 추돌,안전운전불이행,건조,맑음,단일로 - 기타,승용,여,56세,상해없음,화물,남,41세,경상
2020073000100606,2020년 7월 30일 23시,목요일,경상북도 경산시 진량읍,중상사고,0,1,0,0,차량단독 - 기타,안전운전불이행,건조,맑음,단일로 - 기타,이륜,남,26세,중상,,,,
2020073100100014,2020년 7월 31일 00시,금요일,경상북도 포항시 북구 장성동,경상사고,0,0,1,0,차대차 - 기타,중앙선침범,건조,맑음,교차로 - 교차로안,개인형이동수단(PM),남,33세,경상,기타불명,기타불명,미분류,기타불명
2020073100100015,2020년 7월 31일 00시,금요일,경상북도 김천시 부곡동,경상사고,0,0,3,0,차대차 - 측면충돌,교차로운행방법위반,건조,맑음,교차로 - 교차로안,승용,남,28세,상해없음,승용,남,64세,경상
2020073100100016,2020년 7월 31일 00시,금요일,경상북도 구미시 거의동,중상사고,0,1,0,0,차대차 - 측면충돌,신호위반,건조,맑음,단일로 - 기타,원동기,남,20세,중상,승용,남,60세,상해없음
2020073100100023,2020년 7월 31일 01시,금요일,경상북도 김천시 아포읍,중상사고,0,1,0,0,차대차 - 추돌,안전운전불이행,건조,맑음,교차로 - 교차로부근,화물,남,50세,상해없음,승용,남,40세,중상
2020073100100069,2020년 7월 31일 06시,금요일,경상북도 구미시 인의동,경상사고,0,0,1,0,차대차 - 측면충돌,차로위반,건조,맑음,교차로 - 교차로부근,승용,여,53세,상해없음,승용,남,38세,경상