사고번호,사고일시,요일,시군구,사고내용,사망자수,중상자수,경상자수,부상신고자수,사고유형,법규위반,노면상태,기상상태,도로형태,가해운전자 차종,가해운전자 성별,가해운전자 연령,가해운전자 상해정도,피해운전자 차종,피해운전자 성별,피해운전자 연령,피해운전자 상해정도
2020080300100131,2020년 8월 3일 09시,월요일,경상북도 상주시 신봉동,경상사고,0,0,1,0,차대차 - 추돌,안전운전불이행,건조,흐림,단일로 - 기타,이륜,남,75세,경상,승합,남,27세,상해없음
2020080300100132,2020년 8월 3일 09시,월요일,경상북도 구미시 산동면,경상사고,0,0,1,0,차대차 - 기타,직진우회전진행방해,건조,맑음,교차로 - 교차로안,승용,남,49세,상해없음,승용,여,40세,경상
2020080300100133,2020년 8월 3일 09시,월요일,경상북도 포항시 남구 대잠동,경상사고,0,0,1,0,차대차 - 기타,직진우회전진행방해,건조,맑음,교차로 - 교차로안,화물,남,69세,경상,화물,남,34세,상해없음
2020080300100159,2020년 8월 3일 10시,월요일,경상북도 포항시 북구 양덕동,경상사고,0,0,1,0,차대차 - 정면충돌,안전운전불이행,건조,맑음,단일로 - 기타,승용,여,70세,상해없음,승용,여,35세,경상
2020080300100160,2020년 8월 3일 10시,월요일,경상북도 상주시 화서면,경상사고,0,0,2,0,차대차 - 정면충돌,교차로운행방법위반,건조,흐림,교차로 - 교차로안,화물,남,68세,상해없음,화물,여,35세,경상
2020080300100161,2020년 8월 3일 10시,월요일,경상북도 영덕군 영해면,중상사고,0,1,2,0,차대차 - 추돌,안전거리미확보,건조,맑음,교차로 - 교차로안,승용,남,61세,상해없음,승용,남,68세,경상
2020080300100193,2020년 8월 3일 11시,월요일,경상북도 문경시 모전동,중상사고,0,1,0,0,차대차 - 기타,안전운전불이행,건조,맑음,단일로 - 기타,화물,남,53세,기타불명,승용,남,44세,중상
2020080300100194,2020년 8월 3일 11시,월요일,경상북도 구미시 공단동,경상사고,0,0,1,0,차대차 - 측면충돌,교차로운행방법위반,건조,맑음,교차로 - 교차로안,승용,남,65세,상해없음,승용,여,29세,상해없음
2020080300100235,2020년 8월 3일 12시,월요일,경상북도 경주시 양북면,중상사고,0,2,1,0,차대차 - 정면충돌,중앙선침범,건조,맑음,단일로 - 터널,승용,남,27세,경상,승용,남,41세,중상
2020080300100236,2020년 8월 3일 12시,월요일,경상북도 안동시 일직면,경상사고,0,0,3,0,차대차 - 측면충돌,안전운전불이행,건조,맑음,단일로 - 기타,승용,남,74세,상해없음,승용,남,57세,경상
2020080300100237,2020년 8월 3일 12시,월요일,경상북도 구미시 구포동,경상사고,0,0,1,0,차대차 - 측면충돌,신호위반,건조,맑음,교차로 - 교차로안,승용,남,31세,상해없음,화물,남,41세,경상
2020080300100271,2020년 8월 3일 13시,월요일,경상북도 포항시 북구 흥해읍,중상사고,0,1,0,0,차대차 - 측면충돌,안전운전불이행,건조,맑음,단일로 - 기타,승용,여,44세,상해없음,이륜,남,20세,중상
2020080300100272,2020년 8월 3일 13시,월요일,경상북도 영덕군 강구면,사망사고,1,1,1,0,차대차 - 추돌,안전운전불이행,건조,맑음,교차로 - 교차로부근,화물,남,65세,사망,승용,남,55세,경상
2020080300100311,2020년 8월 3일 14시,월요일,경상북도 안동시 일직면,중상사고,0,1,1,0,차대차 - 측면충돌,안전운전불이행,건조,맑음,교차로 - 교차로안,승용,남,71세,상해없음,화물,남,49세,경상
2020080300100312,2020년 8월 3일 14시,월요일,경상북도 경산시 진량읍,경상사고,0,0,2,0,차대차 - 측면충돌,차로위반,건조,맑음,단일로 - 기타,승용,남,22세,경상,화물,남,43세,경상
2020080300100313,2020년 8월 3일 14시,월요일,경상북도 봉화군 재산면,중상사고,0,1,0,0,차대차 - 측면충돌,기타,건조,맑음,교차로 - 교차로안,승용,남,35세,상해없음,사륜오토바이(ATV),여,64세,중상
2020080300100314,2020년 8월 3일 14시,월요일,경상북도 구미시 형곡동,경상사고,0,0,1,0,차대차 - 후진중충돌,안전운전불이행,건조,맑음,단일로 - 기타,승용,여,46세,상해없음,승용,남,54세,경상
2020080300100315,2020년 8월 3일 14시,월요일,경상북도 포항시 남구 송도동,중상사고,0,1,0,0,차대차 - 측면충돌,직진우회전진행방해,건조,맑음,교차로 - 교차로안,이륜,남,63세,중상,승용,남,50세,상해없음
2020080300100316,2020년 8월 3일 14시,월요일,경상북도 포항시 남구 대송면,사망사고,1,0,0,0,차대차 - 기타,안전운전불이행,건조,맑음,기타 - 기타,화물,남,64세,상해없음,자전거,남,56세,사망
2020080300100318,2020년 8월 3일 14시,월요일,경상북도 영천시 화산면,경상사고,0,0,2,0,차대차 - 추돌,안전운전불이행,건조,맑음,단일로 - 기타,승용,남,25세,상해없음,승용,남,47세,경상
2020080300100348,2020년 8월 3일 15시,월요일,경상북도 김천시 지좌동,중상사고,0,1,0,0,차대사람 - 횡단중,안전운전불이행,건조,맑음,교차로 - 교차로안,화물,남,68세,상해없음,보행자,여,64세,중상
2020080300100376,2020년 8월 3일 16시,월요일,경상북도 영주시 문수면,중상사고,0,5,0,0,차대차 - 측면충돌,교차로운행방법위반,젖음/습기,흐림,교차로 - 교차로안,화물,남,81세,중상,화물,남,72세,중상
2020080300100377,2020년 8월 3일 16시,월요일,경상북도 포항시 남구 구룡포읍,경상사고,0,0,1,0,차대차 - 측면충돌,안전운전불이행,건조,맑음,교차로 - 교차로안,이륜,여,56세,경상,승용,남,44세,상해없음
2020080300100459,2020년 8월 3일 18시,월요일,경상북도 포항시 남구 오천읍,경상사고,0,0,1,0,차대차 - 측면충돌,안전운전불이행,건조,맑음,단일로 - 기타,승용,남,26세,상해없음,승용,남,42세,기타불명
2020080300100487,2020년 8월 3일 19시,월요일,경상북도 김천시 아포읍,경상사고,0,0,6,0,차대차 - 추돌,안전운전불이행,건조,맑음,단일로 - 기타,승용,여,36세,경상,승용,남,23세,경상
2020080300100518,2020년 8월 3일 20시,월요일,경상북도 구미시 광평동,경상사고,0,0,2,0,차대차 - 기타,교차로운행방법위반,건조,맑음,교차로 - 교차로부근,승용,여,46세,상해없음,승용,남,23세,경상
2020080300100519,2020년 8월 3일 20시,월요일,경상북도 구미시 진평동,경상사고,0,0,3,0,차대차 - 측면충돌,교차로운행방법위반,건조,맑음,교차로 - 교차로안,승용,남,37세,상해없음,승용,여,29세,경상
2020080400100009,2020년 8월 4일 00시,화요일,경상북도 영천시 망정동,경상사고,0,0,2,0,차대차 - 측면충돌,안전운전불이행,건조,맑음,교차로 - 교차로안,승용,남,23세,상해없음,승용,여,45세,경상
2020080400100030,2020년 8월 4일 02시,화요일,경상북도 경주시 동천동,경상사고,0,0,1,0,차대사람 - 차도통행중,안전운전불이행,건조,맑음,교차로 - 교차로안,승용,남,47세,상해없음,보행자,여,22세,경상
2020080400100031,2020년 8월 4일 02시,화요일,경상북도 예천군 호명면,중상사고,0,1,1,0,차량단독 - 공작물충돌,안전운전불이행,건조,맑음,단일로 - 기타,승용,남,19세,상해없음,,,,
2020080400100048,2020년 8월 4일 05시,화요일,경상북도 경산시 상방동,중상사고,0,1,0,0,차대차 - 측면충돌,안전운전불이행,건조,맑음,단일로 - 기타,이륜,남,19세,중상,승용,기타불명,미분류,기타불명
2020080400100055,2020년 8월 4일 06시,화요일,경상북도 청도군 매전면,중상사고,0,1,0,0,차대차 - 추돌,안전거리미확보,건조,흐림,단일로 - 기타,승용,남,59세,상해없음,농기계,남,77세,중상
2020080400100056,2020년 8월 4일 06시,화요일,경상북도 구미시 황상동,경상사고,0,0,1,0,차대차 - 측면충돌,차로위반,건조,맑음,교차로 - 교차로부근,승용,여,33세,상해없음,승용,여,30세,경상
2020080400100071,2020년 8월 4일 07시,화요일,경상북도 경주시 강동면,경상사고,0,0,1,0,차대차 - 측면충돌,안전거리미확보,건조,맑음,단일로 - 기타,이륜,남,62세,상해없음,승용,남,27세,상해없음
2020080400100144,2020년 8월 4일 10시,화요일,경상북도 경산시 하양읍,중상사고,0,2,0,0,차대사람 - 횡단중,보행자보호의무위반,건조,맑음,교차로 - 교차로횡단보도내,화물,남,58세,상해없음,보행자,여,61세,중상
2020080400100145,2020년 8월 4일 10시,화요일,경상북도 구미시 임은동,중상사고,0,1,0,0,차대차 - 기타,안전운전불이행,건조,맑음,단일로 - 기타,승용,남,31세,상해없음,이륜,남,53세,중상
2020080400100146,2020년 8월 4일 10시,화요일,경상북도 구미시 공단동,경상사고,0,0,2,0,차대차 - 기타,안전운전불이행,건조,맑음,교차로 - 교차로부근,화물,남,32세,상해없음,이륜,남,68세,경상
2020080400100177,2020년 8월 4일 11시,화요일,경상북도 안동시 대석동,경상사고,0,0,1,0,차대사람 - 보도통행중,보행자보호의무위반,건조,맑음,교차로 - 교차로횡단보도내,승용,여,44세,상해없음,보행자,남,70세,경상
2020080400100178,2020년 8월 4일 11시,화요일,경상북도 안동시 도산면,경상사고,0,0,2,0,차대차 - 측면충돌,안전운전불이행,건조,흐림,교차로 - 교차로안,화물,남,69세,상해없음,화물,남,64세,경상
2020080400100179,2020년 8월 4일 11시,화요일,경상북도 김천시 어모면,경상사고,0,0,1,0,차대차 - 추돌,안전운전불이행,건조,맑음,단일로 - 기타,화물,남,24세,상해없음,화물,여,70세,경상
2020080400100180,2020년 8월 4일 11시,화요일,경상북도 상주시 함창읍,경상사고,0,0,2,0,차대차 - 추돌,안전운전불이행,건조,맑음,단일로 - 기타,승용,여,49세,상해없음,승용,여,54세,경상
2020080400100181,2020년 8월 4일 11시,화요일,경상북도 경산시 진량읍,경상사고,0,0,1,0,차대차 - 기타,안전운전불이행,건조,맑음,교차로 - 교차로안,승합,남,48세,상해없음,승용,여,27세,상해없음
2020080400100182,2020년 8월 4일 11시,화요일,경상북도 구미시 구평동,경상사고,0,0,1,0,차대차 - 기타,안전운전불이행,젖음/습기,흐림,기타 - 기타,화물,남,48세,상해없음,이륜,남,28세,경상
2020080400100183,2020년 8월 4일 11시,화요일,경상북도 구미시 봉곡동,경상사고,0,0,1,0,차대차 - 기타,교차로운행방법위반,건조,맑음,교차로 - 교차로안,승용,여,19세,기타불명,자전거,남,12세,경상
2020080400100209,2020년 8월 4일 12시,화요일,경상북도 영덕군 남정면,경상사고,0,0,1,0,차대차 - 추돌,안전운전불이행,건조,맑음,단일로 - 기타,화물,남,51세,상해없음,승용,남,63세,경상
2020080400100251,2020년 8월 4일 13시,화요일,경상북도 상주시 냉림동,경상사고,0,0,1,0,차대차 - 측면충돌,교차로운행방법위반,건조,흐림,교차로 - 교차로안,승합,남,45세,상해없음,자전거,남,13세,경상
2020080400100252,2020년 8월 4일 13시,화요일,경상북도 영천시 청통면,경상사고,0,0,1,0,차대차 - 추돌,안전운전불이행,건조,맑음,교차로 - 교차로부근,승용,남,55세,상해없음,승용,남,73세,경상
2020080400100289,2020년 8월 4일 14시,화요일,경상북도 군위군 효령면,경상사고,0,0,1,0,차대차 - 정면충돌,신호위반,건조,맑음,교차로 - 교차로안,승용,여,69세,상해없음,승용,남,57세,경상
2020080400100290,2020년 8월 4일 14시,화요일,경상북도 구미시 지산동,경상사고,0,0,1,0,차대차 - 추돌,안전운전불이행,건조,맑음,단일로 - 기타,승용,남,36세,상해없음,승용,여,29세,경상
2020080400100291,2020년 8월 4일 14시,화요일,경상북도 포항시 남구 장흥동,경상사고,0,0,3,0,차대차 - 측면충돌,차로위반,건조,맑음,단일로 - 기타,화물,남,53세,상해없음,승용,남,41세,경상
2020080400100357,2020년 8월 4일 16시,화요일,경상북도 의성군 비안면,경상사고,0,0,1,0,차대차 - 측면충돌,안전운전불이행,건조,맑음,단일로 - 기타,기타불명,기타불명,미분류,기타불명,이륜,남,84세,경상
2020080400100358,2020년 8월 4일 16시,화요일,경상북도 영덕군 남정면,경상사고,0,0,5,0,차대차 - 측면충돌,교차로운행방법위반,건조,맑음,교차로 - 교차로안,승용,남,63세,경상,승용,여,64세,경상
2020080400100398,2020년 8월 4일 17시,화요일,경상북도 상주시 죽전동,중상사고,0,1,0,0,차대차 - 측면충돌,안전운전불이행,건조,맑음,단일로 - 기타,화물,남,59세,상해없음,승용,남,25세,중상
2020080400100399,2020년 8월 4일 17시,화요일,경상북도 구미시 원평동,경상사고,0,0,2,0,차대차 - 기타,교차로운행방법위반,건조,맑음,교차로 - 교차로안,이륜,남,74세,경상,승용,여,53세,경상
2020080400100434,2020년 8월 4일 18시,화요일,경상북도 포항시 남구 대잠동,부상신고사고,0,0,0,1,차대차 - 측면충돌,안전운전불이행,건조,맑음,교차로 - 교차로안,승용,여,38세,상해없음,이륜,남,19세,부상신고
2020080400100467,2020년 8월 4일 19시,화요일,경상북도 구미시 사곡동,부상신고사고,0,0,0,1,차대차 - 추돌,안전운전불이행,건조,맑음,단일로 - 기타,이륜,남,30세,부상신고,승용,남,44세,상해없음
2020080400100502,2020년 8월 4일 20시,화요일,경상북도 경주시 광명동,중상사고,0,1,0,0,차대사람 - 횡단중,안전운전불이행,건조,맑음,교차로 - 교차로안,승용,남,64세,상해없음,보행자,남,85세,중상
2020080400100531,2020년 8월 4일 21시,화요일,경상북도 영주시 봉현면,경상사고,0,0,1,0,차대차 - 측면충돌,안전운전불이행,젖음/습기,비,교차로 - 교차로안,승용,남,50세,상해없음,승용,여,50세,경상
2020080400100565,2020년 8월 4일 22시,화요일,경상북도 포항시 북구 항구동,경상사고,0,0,4,0,차대차 - 추돌,안전운전불이행,건조,맑음,교차로 - 교차로부근,승합,남,55세,상해없음,화물,여,57세,경상
2020080500100012,2020년 8월 5일 00시,수요일,경상북도 포항시 북구 장성동,경상사고,0,0,3,0,차대차 - 측면충돌,안전운전불이행,건조,맑음,단일로 - 기타,승용,남,32세,경상,승용,남,25세,경상
2020080500100063,2020년 8월 5일 07시,수요일,경상북도 봉화군 소천면,사망사고,1,1,0,0,차량단독 - 전도전복 - 전복,안전운전불이행,젖음/습기,흐림,교차로 - 교차로안,화물,남,57세,사망,,,,
2020080500100089,2020년 8월 5일 08시,수요일,경상북도 영주시 휴천동,중상사고,0,1,0,0,차대차 - 기타,안전운전불이행,건조,맑음,교차로 - 교차로안,승용,여,59세,상해없음,이륜,남,79세,중상
2020080500100090,2020년 8월 5일 08시,수요일,경상북도 고령군 대가야읍,경상사고,0,0,1,0,차대차 - 측면충돌,안전운전불이행,건조,맑음,주차장 - 주차장,화물,남,57세,상해없음,자전거,여,27세,경상
2020080500100112,2020년 8월 5일 09시,수요일,경상북도 영천시 금호읍,중상사고,0,1,0,0,차대사람 - 길가장자리구역통행중,안전운전불이행,건조,맑음,단일로 - 기타,화물,남,58세,상해없음,보행자,여,78세,중상
2020080500100133,2020년 8월 5일 10시,수요일,경상북도 칠곡군 가산면,중상사고,0,1,3,0,차대차 - 측면충돌,신호위반,건조,맑음,단일로 - 기타,승용,남,25세,경상,승용,여,35세,경상
2020080500100134,2020년 8월 5일 10시,수요일,경상북도 고령군 쌍림면,경상사고,0,0,1,0,차대차 - 측면충돌,중앙선침범,건조,맑음,단일로 - 기타,화물,남,56세,상해없음,화물,남,52세,기타불명
2020080500100135,2020년 8월 5일 10시,수요일,경상북도 영양군 석보면,중상사고,0,1,0,0,차대차 - 추돌,중앙선침범,건조,맑음,단일로 - 기타,승용,남,72세,상해없음,이륜,남,79세,중상
2020080500100136,2020년 8월 5일 10시,수요일,경상북도 구미시 산동면,중상사고,0,1,0,0,차대차 - 측면충돌,안전운전불이행,건조,맑음,교차로 - 교차로안,승용,남,26세,상해없음,이륜,남,60세,중상
2020080500100137,2020년 8월 5일 10시,수요일,경상북도 포항시 남구 대도동,경상사고,0,0,1,0,차대사람 - 차도통행중,안전운전불이행,건조,맑음,단일로 - 기타,승용,남,70세,상해없음,보행자,여,50세,경상
2020080500100171,2020년 8월 5일 11시,수요일,경상북도 칠곡군 석적읍,중상사고,0,1,5,0,차대차 - 측면충돌,신호위반,건조,맑음,교차로 - 교차로안,화물,남,55세,중상,승용,여,26세,경상
2020080500100204,2020년 8월 5일 12시,수요일,경상북도 김천시 덕곡동,중상사고,0,1,2,0,차대차 - 측면충돌,신호위반,건조,맑음,교차로 - 교차로안,이륜,남,36세,중상,승용,여,30세,경상
2020080500100205,2020년 8월 5일 12시,수요일,경상북도 구미시 비산동,경상사고,0,0,1,0,차대사람 - 기타,안전운전불이행,건조,맑음,주차장 - 주차장,승용,남,79세,상해없음,보행자,남,43세,경상
2020080500100239,2020년 8월 5일 13시,수요일,경상북도 경주시 황성동,경상사고,0,0,1,0,차대차 - 측면충돌,기타,건조,맑음,교차로 - 교차로부근,승용,남,46세,상해없음,자전거,남,10세,경상
2020080500100240,2020년 8월 5일 13시,수요일,경상북도 포항시 남구 상도동,경상사고,0,0,3,0,차대차 - 기타,교차로운행방법위반,건조,흐림,교차로 - 교차로안,승용,여,68세,경상,승용,남,30세,경상
2020080500100271,2020년 8월 5일 14시,수요일,경상북도 김천시 성내동,경상사고,0,0,1,0,차대차 - 추돌,안전운전불이행,건조,맑음,단일로 - 기타,승용,남,32세,상해없음,승용,남,28세,경상
2020080500100272,2020년 8월 5일 14시,수요일,경상북도 구미시 신평동,경상사고,0,0,3,0,차대차 - 기타,교차로운행방법위반,건조,맑음,교차로 - 교차로안,건설기계,남,55세,상해없음,승용,여,31세,경상
2020080500100304,2020년 8월 5일 15시,수요일,경상북도 경산시 자인면,경상사고,0,0,1,0,차대차 - 측면충돌,신호위반,건조,맑음,교차로 - 교차로안,승용,남,68세,상해없음,승용,여,41세,경상
2020080500100365,2020년 8월 5일 17시,수요일,경상북도 포항시 북구 우현동,경상사고,0,0,1,0,차대차 - 측면충돌,안전운전불이행,건조,맑음,교차로 - 교차로안,화물,남,60세,기타불명,승용,여,46세,경상
2020080500100366,2020년 8월 5일 17시,수요일,경상북도 포항시 북구 득량동,경상사고,0,0,1,0,차대차 - 기타,안전운전불이행,건조,맑음,단일로 - 기타,승용,여,49세,상해없음,자전거,남,54세,경상
2020080500100367,2020년 8월 5일 17시,수요일,경상북도 경산시 중방동,경상사고,0,0,5,0,차대차 - 측면충돌,안전거리미확보,건조,맑음,교차로 - 교차로안,승용,여,69세,경상,승용,남,22세,경상
2020080500100408,2020년 8월 5일 18시,수요일,경상북도 영천시 문내동,경상사고,0,0,2,0,차대차 - 측면충돌,안전운전불이행,건조,맑음,교차로 - 교차로안,승용,남,22세,상해없음,이륜,남,50세,경상
2020080500100409,2020년 8월 5일 18시,수요일,경상북도 영천시 화남면,경상사고,0,0,1,0,차대차 - 측면충돌,교차로운행방법위반,건조,맑음,교차로 - 교차로안,승용,남,59세,상해없음,승용,남,60세,경상
2020080500100481,2020년 8월 5일 20시,수요일,경상북도 경주시 용강동,경상사고,0,0,1,0,차대차 - 추돌,안전운전불이행,건조,맑음,교차로 - 교차로안,승용,남,76세,상해없음,자전거,남,58세,경상
2020080500100512,2020년 8월 5일 21시,수요일,경상북도 구미시 원평동,부상신고사고,0,0,0,1,차대차 - 기타,안전운전불이행,건조,맑음,교차로 - 교차로안,승용,남,33세,상해없음,이륜,남,39세,부상신고
2020080500100548,2020년 8월 5일 22시,수요일,경상북도 포항시 북구 죽도동,경상사고,0,0,1,0,차대차 - 기타,안전운전불이행,건조,맑음,단일로 - 기타,승용,여,48세,상해없음,자전거,여,60세,경상
2020080500100549,2020년 8월 5일 22시,수요일,경상북도 영양군 입암면,중상사고,0,1,0,0,차대차 - 측면충돌,신호위반,건조,맑음,교차로 - 교차로안,승용,남,38세,상해없음,승용,여,57세,중상
2020080500100586,2020년 8월 5일 23시,수요일,경상북도 경주시 외동읍,경상사고,0,0,1,0,차대차 - 기타,안전운전불이행,건조,맑음,교차로 - 교차로부근,승용,남,63세,상해없음,승용,남,40세,경상
2020080500100587,2020년 8월 5일 23시,수요일,경상북도 경주시 성동동,중상사고,0,1,2,0,차대차 - 측면충돌,안전운전불이행,건조,맑음,단일로 - 기타,승용,남,55세,상해없음,승용,남,24세,경상
2020080500100588,2020년 8월 5일 23시,수요일,경상북도 안동시 태화동,중상사고,0,1,0,0,차대차 - 측면충돌,안전운전불이행,건조,맑음,단일로 - 기타,승용,남,33세,상해없음,자전거,남,32세,중상
2020080500100589,2020년 8월 5일 23시,수요일,경상북도 경산시 진량읍,중상사고,0,1,1,0,차대차 - 측면충돌,신호위반,건조,맑음,교차로 - 교차로안,이륜,남,20세,중상,승용,남,58세,경상
2020080600100035,2020년 8월 6일 01시,목요일,경상북도 구미시 황상동,부상신고사고,0,0,0,1,차대사람 - 기타,안전운전불이행,건조,맑음,단일로 - 기타,승용,남,24세,상해없음,보행자,여,19세,부상신고
2020080600100048,2020년 8월 6일 02시,목요일,경상북도 안동시 송현동,경상사고,0,0,2,0,차대차 - 추돌,안전운전불이행,젖음/습기,비,단일로 - 기타,승용,남,26세,경상,승용,남,39세,경상
2020080600100049,2020년 8월 6일 02시,목요일,경상북도 안동시 송현동,경상사고,0,0,1,0,차대차 - 기타,안전운전불이행,젖음/습기,비,교차로 - 교차로안,승용,남,40세,상해없음,승용,남,32세,경상
2020080600100080,2020년 8월 6일 06시,목요일,경상북도 문경시 모전동,경상사고,0,0,4,0,차대차 - 측면충돌,안전운전불이행,젖음/습기,비,교차로 - 교차로안,승합,남,27세,상해없음,승용,남,60세,경상
2020080600100092,2020년 8월 6일 07시,목요일,경상북도 구미시 공단동,경상사고,0,0,1,0,차대차 - 측면충돌,안전운전불이행,젖음/습기,흐림,교차로 - 교차로부근,승용,남,36세,상해없음,승용,남,31세,경상
2020080600100122,2020년 8월 6일 08시,목요일,경상북도 김천시 봉산면,중상사고,0,1,0,0,차대사람 - 횡단중,안전운전불이행,젖음/습기,비,단일로 - 기타,승용,남,36세,상해없음,보행자,여,81세,중상
2020080600100123,2020년 8월 6일 08시,목요일,경상북도 구미시 원평동,경상사고,0,0,1,0,차대차 - 기타,교차로운행방법위반,건조,맑음,교차로 - 교차로안,승용,남,26세,상해없음,승용,남,54세,경상
2020080600100124,2020년 8월 6일 08시,목요일,경상북도 포항시 남구 연일읍,중상사고,0,1,1,0,차대차 - 기타,신호위반,건조,흐림,교차로 - 교차로안,승용,여,65세,경상,특수,남,54세,상해없음
2020080600100158,2020년 8월 6일 09시,목요일,경상북도 안동시 송현동,경상사고,0,0,1,0,차대차 - 측면충돌,안전운전불이행,건조,맑음,단일로 - 기타,화물,남,79세,상해없음,승합,남,55세,경상
2020080600100159,2020년 8월 6일 09시,목요일,경상북도 김천시 용두동,중상사고,0,1,0,0,차대사람 - 횡단중,보행자보호의무위반,젖음/습기,비,교차로 - 교차로안,승용,남,79세,상해없음,보행자,여,74세,중상
2020080600100160,2020년 8월 6일 09시,목요일,경상북도 포항시 남구 연일읍,중상사고,0,1,0,0,차량단독 - 기타,안전운전불이행,건조,맑음,단일로 - 기타,사륜오토바이(ATV),남,80세,중상,,,,
2020080600100187,2020년 8월 6일 10시,목요일,경상북도 경주시 서부동,중상사고,0,1,1,0,차대차 - 측면충돌,안전운전불이행,건조,맑음,교차로 - 교차로안,승용,남,29세,상해없음,화물,남,65세,경상
2020080600100188,2020년 8월 6일 10시,목요일,경상북도 영천시 완산동,중상사고,0,1,1,0,차대차 - 후진중충돌,안전운전불이행,젖음/습기,비,단일로 - 기타,승용,여,69세,상해없음,승용,남,54세,경상
2020080600100214,2020년 8월 6일 11시,목요일,경상북도 경주시 구황동,중상사고,0,1,2,0,차대차 - 추돌,안전운전불이행,건조,맑음,단일로 - 지하차도(도로)내,승용,남,60세,상해없음,승용,남,42세,중상
2020080600100215,2020년 8월 6일 11시,목요일,경상북도 영천시 야사동,경상사고,0,0,1,0,차대차 - 측면충돌,안전운전불이행,건조,맑음,교차로 - 교차로안,승용,여,69세,상해없음,승용,여,48세,경상
2020080600100240,2020년 8월 6일 12시,목요일,경상북도 영덕군 강구면,경상사고,0,0,1,0,차대차 - 추돌,안전운전불이행,건조,맑음,교차로 - 교차로부근,승용,남,76세,상해없음,승용,여,60세,경상
2020080600100275,2020년 8월 6일 13시,목요일,경상북도 영주시 휴천동,중상사고,0,1,0,0,차대사람 - 차도통행중,안전운전불이행,젖음/습기,비,단일로 - 기타,승용,남,35세,상해없음,보행자,여,60세,중상
2020080600100276,2020년 8월 6일 13시,목요일,경상북도 구미시 고아읍,중상사고,0,1,0,0,차대사람 - 기타,보행자보호의무위반,건조,흐림,교차로 - 교차로횡단보도내,승용,여,48세,상해없음,보행자,여,76세,중상
2020080600100355,2020년 8월 6일 15시,목요일,경상북도 성주군 대가면,경상사고,0,0,1,0,차량단독 - 공작물충돌,안전운전불이행,건조,흐림,단일로 - 기타,이륜,남,85세,경상,,,,
2020080600100394,2020년 8월 6일 16시,목요일,경상북도 영천시 오수동,경상사고,0,0,1,0,차대차 - 측면충돌,안전운전불이행,건조,맑음,단일로 - 기타,화물,남,53세,상해없음,승용,남,29세,경상
2020080600100395,2020년 8월 6일 16시,목요일,경상북도 경산시 하양읍,경상사고,0,0,2,0,차대차 - 측면충돌,신호위반,건조,맑음,교차로 - 교차로부근,승용,여,31세,상해없음,승용,여,63세,경상
2020080600100396,2020년 8월 6일 16시,목요일,경상북도 군위군 군위읍,중상사고,0,1,0,0,차대차 - 기타,교차로운행방법위반,건조,흐림,교차로 - 교차로안,승용,남,54세,상해없음,농기계,남,85세,중상
2020080600100430,2020년 8월 6일 17시,목요일,경상북도 경주시 사정동,경상사고,0,0,1,0,차대사람 - 길가장자리구역통행중,안전운전불이행,건조,맑음,단일로 - 기타,승용,남,43세,상해없음,보행자,여,23세,경상
2020080600100431,2020년 8월 6일 17시,목요일,경상북도 경산시 압량면,경상사고,0,0,1,0,차대차 - 추돌,안전운전불이행,건조,맑음,교차로 - 교차로부근,승용,남,21세,상해없음,승용,남,43세,경상
2020080600100432,2020년 8월 6일 17시,목요일,경상북도 포항시 남구 오천읍,중상사고,0,1,0,0,차대차 - 측면충돌,안전거리미확보,건조,맑음,교차로 - 교차로부근,승용,남,28세,상해없음,이륜,남,41세,중상
2020080600100469,2020년 8월 6일 18시,목요일,경상북도 구미시 진평동,부상신고사고,0,0,0,1,차대차 - 기타,교차로운행방법위반,건조,맑음,단일로 - 기타,승용,여,42세,상해없음,이륜,남,21세,부상신고
2020080600100470,2020년 8월 6일 18시,목요일,경상북도 포항시 남구 송도동,경상사고,0,0,1,0,차대차 - 기타,직진우회전진행방해,건조,맑음,단일로 - 기타,승용,남,67세,상해없음,이륜,남,62세,경상
2020080600100516,2020년 8월 6일 20시,목요일,경상북도 영주시 평은면,중상사고,0,1,0,0,차량단독 - 도로외이탈 - 추락,안전운전불이행,젖음/습기,비,단일로 - 기타,승용,남,71세,중상,,,,
2020080600100557,2020년 8월 6일 22시,목요일,경상북도 김천시 신음동,경상사고,0,0,1,0,차대차 - 측면충돌,안전거리미확보,젖음/습기,비,단일로 - 기타,승용,남,65세,상해없음,승용,남,32세,상해없음
2020080600100558,2020년 8월 6일 22시,목요일,경상북도 의성군 의성읍,경상사고,0,0,1,0,차량단독 - 도로외이탈 - 기타,안전운전불이행,건조,맑음,단일로 - 기타,승용,남,43세,경상,,,,
2020080600100559,2020년 8월 6일 22시,목요일,경상북도 영주시 휴천동,경상사고,0,0,3,0,차대차 - 추돌,안전운전불이행,건조,맑음,단일로 - 기타,화물,남,44세,상해없음,승용,남,37세,경상
2020080600100584,2020년 8월 6일 23시,목요일,경상북도 상주시 서성동,경상사고,0,0,2,0,차대차 - 측면충돌,안전운전불이행,건조,맑음,교차로 - 교차로안,이륜,남,40세,경상,승용,남,23세,경상
2020080600100585,2020년 8월 6일 23시,목요일,경상북도 포항시 남구 오천읍,경상사고,0,0,2,0,차대차 - 측면충돌,교차로운행방법위반,건조,맑음,교차로 - 교차로안,승용,남,19세,경상,승용,남,43세,경상