사고번호,사고일시,요일,시군구,사고내용,사망자수,중상자수,경상자수,부상신고자수,사고유형,법규위반,노면상태,기상상태,도로형태,가해운전자 차종,가해운전자 성별,가해운전자 연령,가해운전자 상해정도,피해운전자 차종,피해운전자 성별,피해운전자 연령,피해운전자 상해정도
2020080700100016,2020년 8월 7일 00시,금요일,경상북도 칠곡군 북삼읍,경상사고,0,0,2,0,차대차 - 측면충돌,교차로운행방법위반,건조,맑음,교차로 - 교차로안,승용,남,52세,경상,승용,남,24세,경상
2020080700100066,2020년 8월 7일 06시,금요일,경상북도 안동시 태화동,경상사고,0,0,1,0,차대차 - 측면충돌,안전운전불이행,건조,맑음,교차로 - 교차로부근,이륜,남,14세,경상,승용,남,68세,상해없음
2020080700100078,2020년 8월 7일 07시,금요일,경상북도 김천시 성내동,중상사고,0,1,0,0,차대사람 - 횡단중,보행자보호의무위반,젖음/습기,비,교차로 - 교차로안,승용,여,54세,상해없음,보행자,여,70세,중상
2020080700100079,2020년 8월 7일 07시,금요일,경상북도 구미시 황상동,중상사고,0,1,0,0,차대차 - 기타,교차로운행방법위반,건조,맑음,교차로 - 교차로안,승용,남,56세,상해없음,승용,여,55세,중상
2020080700100113,2020년 8월 7일 08시,금요일,경상북도 경주시 황오동,중상사고,0,1,0,0,차대사람 - 횡단중,안전운전불이행,젖음/습기,비,교차로 - 교차로부근,화물,남,77세,상해없음,보행자,여,82세,중상
2020080700100114,2020년 8월 7일 08시,금요일,경상북도 상주시 복룡동,중상사고,0,2,1,0,차대차 - 측면충돌,신호위반,건조,흐림,교차로 - 교차로안,화물,남,75세,중상,승용,남,47세,경상
2020080700100144,2020년 8월 7일 09시,금요일,경상북도 구미시 공단동,경상사고,0,0,1,0,차대차 - 측면충돌,안전운전불이행,젖음/습기,비,교차로 - 교차로부근,승용,여,33세,상해없음,승용,여,52세,경상
2020080700100172,2020년 8월 7일 10시,금요일,경상북도 영천시 금호읍,사망사고,2,1,1,0,차대차 - 정면충돌,중앙선침범,젖음/습기,비,단일로 - 기타,화물,남,59세,사망,승용,남,50세,경상
2020080700100173,2020년 8월 7일 10시,금요일,경상북도 봉화군 상운면,중상사고,0,1,0,0,차대사람 - 기타,안전운전불이행,젖음/습기,비,기타 - 기타,화물,남,67세,상해없음,보행자,여,82세,중상
2020080700100174,2020년 8월 7일 10시,금요일,경상북도 구미시 형곡동,중상사고,0,1,0,0,차대사람 - 기타,안전운전불이행,젖음/습기,비,주차장 - 주차장,화물,남,42세,상해없음,보행자,남,48세,중상
2020080700100209,2020년 8월 7일 11시,금요일,경상북도 포항시 북구 죽도동,경상사고,0,0,1,0,차대차 - 측면충돌,직진우회전진행방해,건조,맑음,교차로 - 교차로안,승용,여,45세,상해없음,승용,여,57세,경상
2020080700100210,2020년 8월 7일 11시,금요일,경상북도 영천시 문외동,경상사고,0,0,2,0,차대차 - 기타,중앙선침범,건조,맑음,단일로 - 기타,화물,남,48세,경상,승용,남,43세,경상
2020080700100234,2020년 8월 7일 12시,금요일,경상북도 영천시 임고면,경상사고,0,0,1,0,차량단독 - 공작물충돌,안전운전불이행,젖음/습기,비,단일로 - 기타,승용,남,76세,경상,,,,
2020080700100264,2020년 8월 7일 13시,금요일,경상북도 안동시 상아동,경상사고,0,0,1,0,차량단독 - 기타,기타,젖음/습기,비,단일로 - 기타,승용,남,62세,상해없음,,,,
2020080700100292,2020년 8월 7일 14시,금요일,경상북도 영천시 고경면,부상신고사고,0,0,0,2,차량단독 - 전도전복 - 전복,안전운전불이행,젖음/습기,비,교차로 - 교차로부근,승용,여,46세,부상신고,,,,
2020080700100332,2020년 8월 7일 15시,금요일,경상북도 안동시 옥동,경상사고,0,0,1,0,차대차 - 측면충돌,안전거리미확보,젖음/습기,흐림,단일로 - 기타,화물,남,63세,상해없음,승용,여,50세,경상
2020080700100333,2020년 8월 7일 15시,금요일,경상북도 의성군 단촌면,경상사고,0,0,5,0,차량단독 - 공작물충돌,안전운전불이행,젖음/습기,비,단일로 - 기타,승합,남,64세,상해없음,,,,
2020080700100334,2020년 8월 7일 15시,금요일,경상북도 칠곡군 약목면,경상사고,0,0,1,0,차대차 - 측면충돌,중앙선침범,젖음/습기,비,단일로 - 기타,화물,남,69세,상해없음,승용,여,36세,경상
2020080700100335,2020년 8월 7일 15시,금요일,경상북도 포항시 남구 구룡포읍,중상사고,0,1,1,0,차대차 - 기타,직진우회전진행방해,젖음/습기,비,교차로 - 교차로안,승용,여,39세,중상,승용,남,27세,경상
2020080700100406,2020년 8월 7일 17시,금요일,경상북도 경주시 교동,경상사고,0,0,1,0,차대차 - 측면충돌,안전운전불이행,젖음/습기,비,교차로 - 교차로안,승용,남,56세,상해없음,자전거,여,72세,경상
2020080700100407,2020년 8월 7일 17시,금요일,경상북도 안동시 정상동,중상사고,0,1,0,0,차대차 - 측면충돌,기타,젖음/습기,비,단일로 - 교량,승용,남,27세,상해없음,이륜,남,45세,중상
2020080700100408,2020년 8월 7일 17시,금요일,경상북도 상주시 헌신동,경상사고,0,0,1,0,차대차 - 측면충돌,교차로운행방법위반,젖음/습기,흐림,교차로 - 교차로안,승용,여,37세,상해없음,승용,남,36세,경상
2020080700100409,2020년 8월 7일 17시,금요일,경상북도 구미시 사곡동,중상사고,0,1,1,0,차대차 - 추돌,안전운전불이행,젖음/습기,비,단일로 - 기타,승용,남,62세,상해없음,승용,여,51세,중상
2020080700100410,2020년 8월 7일 17시,금요일,경상북도 포항시 남구 상도동,경상사고,0,0,1,0,차대차 - 기타,신호위반,젖음/습기,비,교차로 - 교차로부근,승합,남,62세,상해없음,승용,남,45세,경상
2020080700100452,2020년 8월 7일 18시,금요일,경상북도 안동시 용상동,중상사고,0,1,0,0,차대차 - 추돌,안전거리미확보,젖음/습기,비,단일로 - 기타,승용,남,33세,상해없음,승용,여,44세,중상
2020080700100453,2020년 8월 7일 18시,금요일,경상북도 경산시 서상동,경상사고,0,0,1,0,차대차 - 측면충돌,신호위반,젖음/습기,비,교차로 - 교차로안,승용,남,60세,상해없음,승용,남,50세,경상
2020080700100454,2020년 8월 7일 18시,금요일,경상북도 포항시 남구 대도동,경상사고,0,0,3,0,차대차 - 기타,안전거리미확보,젖음/습기,비,단일로 - 기타,승용,남,45세,경상,승용,여,46세,경상
2020080700100497,2020년 8월 7일 19시,금요일,경상북도 안동시 용상동,중상사고,0,1,0,0,차대차 - 측면충돌,신호위반,젖음/습기,비,단일로 - 기타,이륜,남,49세,상해없음,자전거,여,66세,중상
2020080700100498,2020년 8월 7일 19시,금요일,경상북도 청송군 청송읍,경상사고,0,0,1,0,차대차 - 추돌,안전운전불이행,젖음/습기,비,단일로 - 기타,승용,남,70세,상해없음,승용,남,54세,경상
2020080700100533,2020년 8월 7일 20시,금요일,경상북도 칠곡군 지천면,부상신고사고,0,0,0,1,차량단독 - 공작물충돌,안전운전불이행,젖음/습기,비,교차로 - 교차로부근,승용,남,40세,부상신고,,,,
2020080700100534,2020년 8월 7일 20시,금요일,경상북도 성주군 성주읍,경상사고,0,0,1,0,차대차 - 기타,안전운전불이행,젖음/습기,비,교차로 - 교차로안,화물,남,59세,상해없음,자전거,남,27세,경상
2020080700100566,2020년 8월 7일 21시,금요일,경상북도 청송군 안덕면,중상사고,0,2,0,0,차대사람 - 길가장자리구역통행중,안전운전불이행,젖음/습기,비,단일로 - 지하차도(도로)내,승용,남,33세,상해없음,보행자,남,52세,중상
2020080700100567,2020년 8월 7일 21시,금요일,경상북도 구미시 비산동,경상사고,0,0,1,1,차대차 - 추돌,안전거리미확보,젖음/습기,비,단일로 - 교량,승용,남,34세,상해없음,화물,남,61세,상해없음
2020080700100593,2020년 8월 7일 22시,금요일,경상북도 경주시 광명동,경상사고,0,0,2,0,차대차 - 추돌,안전거리미확보,젖음/습기,비,교차로 - 교차로부근,승용,남,26세,상해없음,승용,여,64세,경상
2020080700100594,2020년 8월 7일 22시,금요일,경상북도 경주시 건천읍,중상사고,0,1,0,0,차대차 - 측면충돌,중앙선침범,젖음/습기,비,교차로 - 교차로부근,승용,남,73세,상해없음,승용,여,43세,중상
2020080700100595,2020년 8월 7일 22시,금요일,경상북도 영천시 임고면,경상사고,0,0,1,0,차대사람 - 기타,안전운전불이행,젖음/습기,비,단일로 - 기타,특수,남,69세,상해없음,보행자,남,66세,경상
2020080700100627,2020년 8월 7일 23시,금요일,경상북도 경주시 안강읍,중상사고,0,1,0,0,차대차 - 측면충돌,중앙선침범,젖음/습기,비,단일로 - 기타,화물,남,50세,상해없음,승용,남,25세,중상
2020080700100628,2020년 8월 7일 23시,금요일,경상북도 영천시 완산동,경상사고,0,0,3,0,차대차 - 측면충돌,안전운전불이행,젖음/습기,비,교차로 - 교차로안,승용,남,64세,상해없음,승용,남,44세,경상
2020080700100629,2020년 8월 7일 23시,금요일,경상북도 구미시 상모동,경상사고,0,0,2,0,차대차 - 기타,안전운전불이행,젖음/습기,비,단일로 - 기타,승용,남,36세,상해없음,승용,남,45세,경상
2020080800100005,2020년 8월 8일 00시,토요일,경상북도 경산시 백천동,사망사고,1,0,0,0,차대사람 - 횡단중,신호위반,젖음/습기,비,교차로 - 교차로부근,화물,남,75세,상해없음,보행자,남,67세,사망
2020080800100029,2020년 8월 8일 01시,토요일,경상북도 안동시 옥동,경상사고,0,0,1,0,차대사람 - 차도통행중,안전운전불이행,건조,맑음,단일로 - 기타,승용,남,21세,상해없음,보행자,남,22세,경상
2020080800100105,2020년 8월 8일 07시,토요일,경상북도 예천군 예천읍,경상사고,0,0,1,0,차대차 - 측면충돌,신호위반,젖음/습기,비,교차로 - 교차로안,승용,남,51세,상해없음,승용,남,48세,경상
2020080800100106,2020년 8월 8일 07시,토요일,경상북도 구미시 해평면,사망사고,1,0,0,0,차량단독 - 기타,안전운전불이행,젖음/습기,비,단일로 - 기타,이륜,남,27세,사망,,,,
2020080800100141,2020년 8월 8일 09시,토요일,경상북도 칠곡군 약목면,부상신고사고,0,0,0,1,차대차 - 측면충돌,직진우회전진행방해,젖음/습기,비,교차로 - 교차로안,승용,여,53세,상해없음,이륜,남,79세,부상신고
2020080800100142,2020년 8월 8일 09시,토요일,경상북도 경산시 임당동,경상사고,0,0,4,0,차대차 - 측면충돌,교차로운행방법위반,젖음/습기,비,교차로 - 교차로안,화물,남,71세,상해없음,승용,여,46세,경상
2020080800100160,2020년 8월 8일 10시,토요일,경상북도 영천시 완산동,중상사고,0,1,0,0,차대차 - 측면충돌,신호위반,젖음/습기,비,교차로 - 교차로안,승용,여,38세,상해없음,화물,남,61세,중상
2020080800100161,2020년 8월 8일 10시,토요일,경상북도 구미시 형곡동,경상사고,0,0,2,1,차대차 - 기타,안전운전불이행,젖음/습기,비,교차로 - 교차로부근,승용,남,42세,부상신고,승용,여,43세,경상
2020080800100190,2020년 8월 8일 11시,토요일,경상북도 영천시 문외동,경상사고,0,0,1,0,차대차 - 기타,안전운전불이행,젖음/습기,비,교차로 - 교차로안,승용,남,54세,상해없음,화물,남,33세,경상
2020080800100191,2020년 8월 8일 11시,토요일,경상북도 청도군 청도읍,중상사고,0,1,0,0,차대사람 - 기타,불법유턴,건조,맑음,단일로 - 기타,승용,남,55세,상해없음,보행자,여,74세,중상
2020080800100192,2020년 8월 8일 11시,토요일,경상북도 포항시 남구 청림동,경상사고,0,0,2,1,차대차 - 측면충돌,안전거리미확보,젖음/습기,비,단일로 - 기타,건설기계,남,48세,상해없음,승용,남,35세,부상신고
2020080800100229,2020년 8월 8일 12시,토요일,경상북도 포항시 북구 항구동,중상사고,0,2,3,0,차대차 - 측면충돌,안전거리미확보,젖음/습기,비,단일로 - 기타,승용,남,28세,상해없음,승용,남,57세,경상
2020080800100230,2020년 8월 8일 12시,토요일,경상북도 김천시 백옥동,중상사고,0,1,0,0,차량단독 - 도로외이탈 - 추락,안전운전불이행,젖음/습기,흐림,단일로 - 기타,승용,남,73세,중상,,,,
2020080800100262,2020년 8월 8일 13시,토요일,경상북도 경주시 충효동,중상사고,0,1,0,0,차대사람 - 횡단중,보행자보호의무위반,젖음/습기,비,교차로 - 교차로횡단보도내,승용,여,64세,상해없음,보행자,남,20세,중상
2020080800100263,2020년 8월 8일 13시,토요일,경상북도 경산시 옥산동,경상사고,0,0,2,0,차대차 - 측면충돌,안전운전불이행,젖음/습기,비,단일로 - 기타,승용,남,55세,상해없음,화물,남,35세,경상
2020080800100264,2020년 8월 8일 13시,토요일,경상북도 포항시 남구 인덕동,중상사고,0,1,2,0,차대차 - 기타,직진우회전진행방해,건조,맑음,교차로 - 교차로부근,승용,남,46세,경상,승용,남,36세,경상
2020080800100298,2020년 8월 8일 14시,토요일,경상북도 김천시 신음동,중상사고,0,1,0,0,차대사람 - 횡단중,안전운전불이행,건조,맑음,교차로 - 교차로횡단보도내,승용,여,56세,상해없음,보행자,여,58세,중상
2020080800100299,2020년 8월 8일 14시,토요일,경상북도 문경시 문경읍,중상사고,0,1,2,0,차대차 - 측면충돌,기타,젖음/습기,흐림,교차로 - 교차로안,승용,여,28세,중상,승용,남,19세,경상
2020080800100300,2020년 8월 8일 14시,토요일,경상북도 군위군 소보면,중상사고,0,1,0,0,차대차 - 정면충돌,중앙선침범,젖음/습기,비,단일로 - 기타,승용,남,40세,상해없음,승용,남,73세,중상
2020080800100301,2020년 8월 8일 14시,토요일,경상북도 구미시 임은동,경상사고,0,0,1,0,차대차 - 기타,안전운전불이행,젖음/습기,비,단일로 - 기타,화물,남,63세,상해없음,화물,여,52세,경상
2020080800100302,2020년 8월 8일 14시,토요일,경상북도 포항시 남구 장기면,중상사고,0,1,1,0,차대차 - 기타,안전운전불이행,젖음/습기,흐림,단일로 - 기타,승용,남,61세,경상,화물,남,58세,기타불명
2020080800100361,2020년 8월 8일 16시,토요일,경상북도 경주시 서면,경상사고,0,0,1,0,차대차 - 측면충돌,신호위반,젖음/습기,비,교차로 - 교차로안,승용,남,54세,상해없음,승용,여,42세,경상
2020080800100362,2020년 8월 8일 16시,토요일,경상북도 포항시 남구 대송면,중상사고,0,1,2,0,차대차 - 추돌,안전운전불이행,젖음/습기,비,단일로 - 기타,승용,남,21세,경상,승용,남,41세,중상
2020080800100385,2020년 8월 8일 17시,토요일,경상북도 칠곡군 약목면,경상사고,0,0,1,0,차대차 - 정면충돌,안전운전불이행,젖음/습기,비,교차로 - 교차로안,이륜,남,62세,경상,화물,여,57세,상해없음
2020080800100416,2020년 8월 8일 18시,토요일,경상북도 칠곡군 지천면,중상사고,0,3,2,0,차량단독 - 공작물충돌,안전운전불이행,젖음/습기,비,단일로 - 기타,승합,남,63세,중상,,,,
2020080800100417,2020년 8월 8일 18시,토요일,경상북도 영천시 망정동,부상신고사고,0,0,0,1,차대차 - 측면충돌,안전운전불이행,젖음/습기,비,교차로 - 교차로안,승용,여,57세,상해없음,이륜,남,18세,부상신고
2020080800100448,2020년 8월 8일 19시,토요일,경상북도 안동시 옥동,경상사고,0,0,1,0,차대차 - 측면충돌,직진우회전진행방해,젖음/습기,비,교차로 - 교차로안,승용,여,34세,경상,승용,남,80세,상해없음
2020080800100449,2020년 8월 8일 19시,토요일,경상북도 상주시 낙양동,중상사고,0,1,0,0,차대차 - 측면충돌,안전거리미확보,젖음/습기,비,단일로 - 기타,승용,남,61세,상해없음,이륜,남,23세,중상
2020080800100450,2020년 8월 8일 19시,토요일,경상북도 의성군 안계면,중상사고,0,1,1,0,차대차 - 추돌,신호위반,젖음/습기,비,교차로 - 교차로안,화물,남,57세,상해없음,승용,여,56세,중상
2020080800100451,2020년 8월 8일 19시,토요일,경상북도 영주시 풍기읍,경상사고,0,0,1,0,차대차 - 추돌,안전운전불이행,젖음/습기,비,단일로 - 기타,화물,남,52세,상해없음,승용,남,36세,경상
2020080800100452,2020년 8월 8일 19시,토요일,경상북도 칠곡군 왜관읍,경상사고,0,0,1,0,차대차 - 추돌,안전거리미확보,젖음/습기,비,단일로 - 기타,이륜,남,26세,경상,승용,남,21세,상해없음
2020080800100495,2020년 8월 8일 20시,토요일,경상북도 안동시 법흥동,부상신고사고,0,0,0,5,차대차 - 추돌,안전운전불이행,건조,맑음,교차로 - 교차로부근,승용,남,19세,상해없음,승용,남,38세,부상신고
2020080800100496,2020년 8월 8일 20시,토요일,경상북도 포항시 남구 효자동,경상사고,0,0,1,0,차대차 - 정면충돌,안전거리미확보,젖음/습기,비,교차로 - 교차로부근,승합,여,51세,상해없음,승용,남,62세,경상
2020080800100527,2020년 8월 8일 21시,토요일,경상북도 김천시 황금동,경상사고,0,0,1,0,차대차 - 측면충돌,신호위반,건조,맑음,교차로 - 교차로안,승용,여,52세,상해없음,이륜,남,18세,경상
2020080800100528,2020년 8월 8일 21시,토요일,경상북도 구미시 황상동,경상사고,0,0,2,0,차대차 - 추돌,안전운전불이행,건조,맑음,교차로 - 교차로부근,승용,남,36세,상해없음,승용,남,50세,경상
2020080800100556,2020년 8월 8일 22시,토요일,경상북도 안동시 풍산읍,중상사고,0,3,0,0,차량단독 - 공작물충돌,안전운전불이행,젖음/습기,비,단일로 - 기타,승용,남,19세,중상,,,,
2020080800100557,2020년 8월 8일 22시,토요일,경상북도 문경시 호계면,경상사고,0,0,1,0,차대차 - 추돌,안전운전불이행,젖음/습기,비,단일로 - 기타,승용,남,42세,경상,승용,남,53세,상해없음
2020080800100576,2020년 8월 8일 23시,토요일,경상북도 문경시 공평동,중상사고,0,1,0,0,차량단독 - 전도전복 - 전도,안전운전불이행,젖음/습기,비,단일로 - 기타,승용,남,66세,중상,,,,
2020080800100577,2020년 8월 8일 23시,토요일,경상북도 경산시 사동,중상사고,0,1,0,0,차대차 - 측면충돌,신호위반,건조,맑음,교차로 - 교차로안,승합,남,36세,상해없음,이륜,남,47세,중상
2020080800100578,2020년 8월 8일 23시,토요일,경상북도 경산시 조영동,경상사고,0,0,1,0,차대사람 - 기타,안전운전불이행,건조,맑음,단일로 - 기타,승용,남,33세,상해없음,보행자,남,21세,경상
2020080900100025,2020년 8월 9일 01시,일요일,경상북도 포항시 북구 양덕동,경상사고,0,0,1,0,차대차 - 기타,안전운전불이행,건조,맑음,단일로 - 기타,승용,남,52세,상해없음,승용,여,27세,경상
2020080900100026,2020년 8월 9일 01시,일요일,경상북도 포항시 북구 우현동,경상사고,0,0,3,0,차대차 - 추돌,안전운전불이행,젖음/습기,비,교차로 - 교차로부근,승용,남,53세,기타불명,승용,남,44세,경상
2020080900100039,2020년 8월 9일 02시,일요일,경상북도 경주시 외동읍,경상사고,0,0,2,0,차대차 - 측면충돌,신호위반,젖음/습기,비,교차로 - 교차로안,승용,남,27세,경상,승용,남,57세,경상
2020080900100046,2020년 8월 9일 03시,일요일,경상북도 구미시 황상동,부상신고사고,0,0,0,2,차대차 - 기타,차로위반,젖음/습기,비,단일로 - 기타,승용,남,43세,상해없음,승용,남,29세,부상신고
2020080900100047,2020년 8월 9일 03시,일요일,경상북도 포항시 남구 상도동,경상사고,0,0,1,0,차대차 - 측면충돌,안전운전불이행,젖음/습기,비,교차로 - 교차로부근,승용,여,56세,경상,승용,기타불명,미분류,기타불명
2020080900100075,2020년 8월 9일 06시,일요일,경상북도 경산시 신교동,중상사고,0,4,1,0,차대차 - 측면충돌,신호위반,건조,맑음,교차로 - 교차로안,승용,남,74세,중상,승용,남,63세,중상
2020080900100111,2020년 8월 9일 09시,일요일,경상북도 고령군 개진면,중상사고,0,1,0,0,차대사람 - 기타,안전운전불이행,건조,맑음,단일로 - 기타,승용,남,60세,상해없음,보행자,여,89세,중상
2020080900100121,2020년 8월 9일 10시,일요일,경상북도 칠곡군 왜관읍,경상사고,0,0,1,0,차대차 - 측면충돌,교차로운행방법위반,건조,맑음,교차로 - 교차로안,승용,남,66세,상해없음,승용,남,37세,경상
2020080900100134,2020년 8월 9일 11시,일요일,경상북도 경주시 북군동,부상신고사고,0,0,0,3,차대차 - 후진중충돌,안전운전불이행,건조,맑음,단일로 - 기타,승용,남,62세,상해없음,승용,남,30세,부상신고
2020080900100150,2020년 8월 9일 12시,일요일,경상북도 경산시 자인면,경상사고,0,0,1,0,차대차 - 측면충돌,중앙선침범,건조,맑음,교차로 - 교차로부근,화물,남,66세,상해없음,화물,남,71세,경상
2020080900100151,2020년 8월 9일 12시,일요일,경상북도 경산시 중방동,중상사고,0,1,1,0,차대차 - 측면충돌,신호위반,건조,맑음,교차로 - 교차로안,승용,여,73세,경상,이륜,남,44세,중상
2020080900100182,2020년 8월 9일 13시,일요일,경상북도 포항시 북구 신흥동,경상사고,0,0,2,0,차대차 - 측면충돌,안전운전불이행,건조,맑음,교차로 - 교차로안,승용,여,44세,경상,승합,남,46세,경상
2020080900100183,2020년 8월 9일 13시,일요일,경상북도 안동시 옥야동,경상사고,0,0,1,0,차대차 - 측면충돌,안전운전불이행,건조,맑음,교차로 - 교차로횡단보도내,자전거,여,56세,경상,승용,여,39세,상해없음
2020080900100205,2020년 8월 9일 14시,일요일,경상북도 구미시 지산동,중상사고,0,1,0,0,차대차 - 기타,안전운전불이행,건조,맑음,단일로 - 기타,승용,여,57세,상해없음,이륜,남,71세,중상
2020080900100230,2020년 8월 9일 15시,일요일,경상북도 포항시 북구 흥해읍,경상사고,0,0,1,0,차대차 - 기타,안전운전불이행,건조,맑음,단일로 - 기타,화물,남,45세,경상,승용,남,53세,기타불명
2020080900100231,2020년 8월 9일 15시,일요일,경상북도 포항시 남구 오천읍,경상사고,0,0,3,0,차대차 - 추돌,안전거리미확보,건조,맑음,교차로 - 교차로부근,승용,여,24세,상해없음,승용,남,29세,경상
2020080900100232,2020년 8월 9일 15시,일요일,경상북도 문경시 문경읍,경상사고,0,0,1,0,차대차 - 추돌,안전거리미확보,건조,흐림,단일로 - 터널,승용,남,51세,상해없음,승용,여,49세,경상
2020080900100265,2020년 8월 9일 16시,일요일,경상북도 구미시 장천면,경상사고,0,0,1,0,차대차 - 기타,교차로운행방법위반,건조,맑음,단일로 - 기타,승용,여,60세,상해없음,승용,남,35세,경상
2020080900100296,2020년 8월 9일 17시,일요일,경상북도 경주시 황오동,경상사고,0,0,1,0,차대차 - 측면충돌,안전운전불이행,건조,맑음,교차로 - 교차로안,승용,남,18세,상해없음,승용,여,37세,경상
2020080900100297,2020년 8월 9일 17시,일요일,경상북도 의성군 의성읍,사망사고,1,0,0,0,차대차 - 측면충돌,안전운전불이행,건조,맑음,교차로 - 교차로부근,화물,남,70세,상해없음,자전거,남,94세,사망
2020080900100323,2020년 8월 9일 18시,일요일,경상북도 포항시 남구 대잠동,경상사고,0,0,3,0,차대차 - 측면충돌,안전운전불이행,건조,맑음,교차로 - 교차로안,승용,여,41세,상해없음,승합,여,45세,경상
2020080900100358,2020년 8월 9일 19시,일요일,경상북도 안동시 송현동,중상사고,0,1,1,0,차대차 - 측면충돌,중앙선침범,건조,맑음,단일로 - 기타,이륜,남,58세,경상,이륜,남,39세,중상
2020080900100359,2020년 8월 9일 19시,일요일,경상북도 포항시 남구 대잠동,경상사고,0,0,1,0,차대차 - 측면충돌,직진우회전진행방해,젖음/습기,비,교차로 - 교차로안,승합,여,42세,상해없음,이륜,남,40세,경상
2020080900100383,2020년 8월 9일 20시,일요일,경상북도 상주시 남장동,중상사고,0,1,0,0,차대차 - 측면충돌,중앙선침범,건조,흐림,단일로 - 기타,승용,남,57세,상해없음,승용,남,36세,중상
2020080900100384,2020년 8월 9일 20시,일요일,경상북도 경산시 중방동,경상사고,0,0,1,0,차대차 - 측면충돌,안전거리미확보,젖음/습기,흐림,교차로 - 교차로안,승용,남,56세,상해없음,승용,남,24세,경상
2020081000100013,2020년 8월 10일 01시,월요일,경상북도 포항시 북구 두호동,경상사고,0,0,1,0,차대차 - 측면충돌,안전운전불이행,건조,맑음,교차로 - 교차로안,승용,남,65세,기타불명,승용,남,50세,경상
2020081000100035,2020년 8월 10일 06시,월요일,경상북도 상주시 화동면,경상사고,0,0,1,0,차량단독 - 전도전복 - 전도,안전운전불이행,젖음/습기,흐림,단일로 - 기타,이륜,남,82세,경상,,,,
2020081000100036,2020년 8월 10일 06시,월요일,경상북도 포항시 남구 오천읍,경상사고,0,0,1,0,차대차 - 측면충돌,교차로운행방법위반,건조,맑음,교차로 - 교차로안,화물,남,42세,상해없음,화물,여,65세,경상
2020081000100049,2020년 8월 10일 07시,월요일,경상북도 김천시 신음동,경상사고,0,0,1,0,차대차 - 측면충돌,신호위반,젖음/습기,비,교차로 - 교차로부근,승용,남,31세,상해없음,승용,남,34세,경상
2020081000100153,2020년 8월 10일 10시,월요일,경상북도 포항시 남구 오천읍,경상사고,0,0,1,0,차대차 - 측면충돌,신호위반,건조,맑음,교차로 - 교차로안,화물,남,60세,상해없음,승용,여,49세,경상
2020081000100176,2020년 8월 10일 11시,월요일,경상북도 상주시 은척면,사망사고,1,1,0,0,차량단독 - 공작물충돌,안전운전불이행,젖음/습기,비,단일로 - 기타,승용,여,62세,중상,,,,
2020081000100177,2020년 8월 10일 11시,월요일,경상북도 영천시 신령면,경상사고,0,0,1,0,차량단독 - 기타,안전운전불이행,젖음/습기,비,교차로 - 교차로부근,승용,남,55세,상해없음,,,,
2020081000100213,2020년 8월 10일 12시,월요일,경상북도 경주시 충효동,경상사고,0,0,3,0,차대차 - 측면충돌,기타,젖음/습기,비,교차로 - 교차로안,승용,여,53세,경상,승용,남,30세,경상
2020081000100214,2020년 8월 10일 12시,월요일,경상북도 영천시 금호읍,경상사고,0,0,1,0,차대차 - 기타,안전운전불이행,젖음/습기,비,교차로 - 교차로안,승용,여,64세,상해없음,승용,남,46세,경상
2020081000100215,2020년 8월 10일 12시,월요일,경상북도 구미시 원평동,경상사고,0,0,1,0,차대차 - 측면충돌,안전운전불이행,젖음/습기,비,교차로 - 교차로안,승용,남,69세,상해없음,승용,여,30세,경상
2020081000100216,2020년 8월 10일 12시,월요일,경상북도 포항시 남구 상도동,경상사고,0,0,3,0,차대차 - 측면충돌,신호위반,건조,맑음,교차로 - 교차로안,승용,남,82세,경상,승용,남,40세,경상
2020081000100247,2020년 8월 10일 13시,월요일,경상북도 의성군 안계면,경상사고,0,0,3,0,차대차 - 후진중충돌,안전운전불이행,젖음/습기,비,교차로 - 교차로안,화물,남,76세,상해없음,승용,여,45세,경상
2020081000100282,2020년 8월 10일 14시,월요일,경상북도 상주시 낙동면,경상사고,0,0,1,0,차대차 - 추돌,안전운전불이행,젖음/습기,비,교차로 - 교차로부근,승용,남,71세,상해없음,자전거,여,54세,경상
2020081000100283,2020년 8월 10일 14시,월요일,경상북도 군위군 우보면,경상사고,0,0,1,0,차대차 - 기타,교차로운행방법위반,젖음/습기,흐림,교차로 - 교차로안,승합,남,60세,상해없음,화물,남,56세,경상
2020081000100318,2020년 8월 10일 15시,월요일,경상북도 구미시 송정동,중상사고,0,1,7,1,차대차 - 추돌,안전운전불이행,젖음/습기,비,단일로 - 기타,화물,남,57세,부상신고,승용,남,53세,경상
2020081000100345,2020년 8월 10일 16시,월요일,경상북도 의성군 의성읍,중상사고,0,1,0,0,차대사람 - 기타,안전운전불이행,건조,맑음,교차로 - 교차로부근,승용,남,69세,상해없음,보행자,남,57세,중상
2020081000100346,2020년 8월 10일 16시,월요일,경상북도 경산시 와촌면,경상사고,0,0,1,0,차대차 - 추돌,안전거리미확보,건조,맑음,단일로 - 기타,승용,남,21세,상해없음,승용,남,45세,경상
2020081000100384,2020년 8월 10일 17시,월요일,경상북도 경주시 용강동,경상사고,0,0,2,0,차대차 - 추돌,안전운전불이행,젖음/습기,비,단일로 - 기타,승합,남,50세,상해없음,승용,여,27세,경상
2020081000100385,2020년 8월 10일 17시,월요일,경상북도 경주시 건천읍,경상사고,0,0,3,0,차량단독 - 공작물충돌,과속,젖음/습기,비,단일로 - 기타,승합,남,50세,상해없음,,,,
2020081000100450,2020년 8월 10일 19시,월요일,경상북도 김천시 신음동,경상사고,0,0,1,0,차대차 - 추돌,안전운전불이행,건조,맑음,단일로 - 기타,승용,여,48세,상해없음,승용,남,52세,경상