사고번호,사고일시,요일,시군구,사고내용,사망자수,중상자수,경상자수,부상신고자수,사고유형,법규위반,노면상태,기상상태,도로형태,가해운전자 차종,가해운전자 성별,가해운전자 연령,가해운전자 상해정도,피해운전자 차종,피해운전자 성별,피해운전자 연령,피해운전자 상해정도
2020081300100512,2020년 8월 13일 19시,목요일,경상북도 포항시 북구 득량동,경상사고,0,0,1,0,차대차 - 측면충돌,교차로운행방법위반,건조,맑음,교차로 - 교차로안,승용,남,66세,상해없음,이륜,남,21세,경상
2020081300100513,2020년 8월 13일 19시,목요일,경상북도 포항시 북구 용흥동,경상사고,0,0,3,0,차대차 - 측면충돌,안전운전불이행,건조,맑음,단일로 - 기타,승용,여,69세,경상,화물,남,52세,경상
2020081300100540,2020년 8월 13일 20시,목요일,경상북도 경산시 평산동,경상사고,0,0,1,0,차대차 - 측면충돌,안전운전불이행,건조,맑음,교차로 - 교차로부근,승용,남,19세,상해없음,승용,남,24세,경상
2020081300100569,2020년 8월 13일 21시,목요일,경상북도 경주시 동천동,경상사고,0,0,1,0,차대차 - 측면충돌,안전운전불이행,건조,맑음,단일로 - 지하차도(도로)내,승용,여,41세,상해없음,승용,남,42세,경상
2020081300100570,2020년 8월 13일 21시,목요일,경상북도 구미시 공단동,경상사고,0,0,1,0,차대차 - 기타,교차로운행방법위반,건조,맑음,교차로 - 교차로안,승용,남,54세,상해없음,승용,남,24세,경상
2020081300100601,2020년 8월 13일 22시,목요일,경상북도 영주시 문수면,경상사고,0,0,1,0,차대차 - 측면충돌,안전운전불이행,건조,흐림,단일로 - 기타,승용,남,46세,상해없음,승용,남,37세,경상
2020081300100602,2020년 8월 13일 22시,목요일,경상북도 경산시 하양읍,중상사고,0,1,0,0,차대차 - 측면충돌,안전운전불이행,건조,맑음,단일로 - 기타,승용,남,23세,상해없음,승합,남,44세,기타불명
2020081300100622,2020년 8월 13일 23시,목요일,경상북도 성주군 성주읍,중상사고,0,1,1,0,차량단독 - 기타,안전운전불이행,건조,맑음,기타 - 기타,승용,여,40세,경상,,,,
2020081400100015,2020년 8월 14일 00시,금요일,경상북도 상주시 낙동면,사망사고,1,0,0,0,차대차 - 추돌,안전운전불이행,건조,맑음,단일로 - 기타,승용,남,29세,사망,화물,여,41세,상해없음
2020081400100070,2020년 8월 14일 06시,금요일,경상북도 경산시 옥산동,경상사고,0,0,1,0,차대차 - 기타,안전운전불이행,건조,맑음,교차로 - 교차로횡단보도내,승용,남,64세,상해없음,승용,남,43세,경상
2020081400100086,2020년 8월 14일 07시,금요일,경상북도 상주시 낙동면,경상사고,0,0,1,0,차량단독 - 전도전복 - 전도,안전운전불이행,건조,맑음,단일로 - 기타,자전거,여,62세,경상,,,,
2020081400100087,2020년 8월 14일 07시,금요일,경상북도 영천시 금호읍,중상사고,0,1,0,0,차대차 - 측면충돌,교차로운행방법위반,건조,맑음,교차로 - 교차로안,화물,여,63세,상해없음,승용,남,63세,중상
2020081400100088,2020년 8월 14일 07시,금요일,경상북도 경산시 진량읍,경상사고,0,0,1,0,차대차 - 정면충돌,신호위반,건조,맑음,교차로 - 교차로안,승용,남,39세,상해없음,승용,남,54세,경상
2020081400100089,2020년 8월 14일 07시,금요일,경상북도 예천군 예천읍,경상사고,0,0,1,0,차대차 - 측면충돌,직진우회전진행방해,건조,맑음,교차로 - 교차로안,화물,여,56세,상해없음,화물,남,43세,경상
2020081400100090,2020년 8월 14일 07시,금요일,경상북도 청도군 풍각면,사망사고,1,0,0,0,차대차 - 추돌,안전운전불이행,건조,맑음,단일로 - 기타,이륜,남,90세,사망,화물,남,50세,상해없음
2020081400100118,2020년 8월 14일 08시,금요일,경상북도 포항시 북구 죽도동,경상사고,0,0,1,0,차대차 - 기타,안전운전불이행,건조,맑음,교차로 - 교차로부근,승용,여,52세,상해없음,자전거,남,76세,경상
2020081400100119,2020년 8월 14일 08시,금요일,경상북도 상주시 만산동,중상사고,0,2,0,0,차대차 - 측면충돌,안전운전불이행,건조,맑음,교차로 - 교차로안,화물,남,59세,상해없음,승합,남,77세,중상
2020081400100120,2020년 8월 14일 08시,금요일,경상북도 구미시 오태동,중상사고,0,1,0,0,차대차 - 기타,안전운전불이행,건조,맑음,단일로 - 기타,승용,남,33세,상해없음,승용,여,30세,중상
2020081400100144,2020년 8월 14일 09시,금요일,경상북도 포항시 북구 용흥동,경상사고,0,0,3,0,차대차 - 측면충돌,신호위반,건조,맑음,교차로 - 교차로안,승용,여,58세,상해없음,승용,남,48세,경상
2020081400100145,2020년 8월 14일 09시,금요일,경상북도 상주시 남성동,중상사고,0,1,0,0,차대차 - 측면충돌,교차로운행방법위반,건조,맑음,교차로 - 교차로안,화물,남,78세,상해없음,이륜,남,83세,중상
2020081400100146,2020년 8월 14일 09시,금요일,경상북도 포항시 남구 동해면,경상사고,0,0,1,0,차대차 - 측면충돌,안전운전불이행,건조,맑음,교차로 - 교차로안,이륜,남,83세,경상,승용,남,49세,상해없음
2020081400100147,2020년 8월 14일 09시,금요일,경상북도 포항시 남구 대도동,경상사고,0,0,1,0,차대차 - 측면충돌,직진우회전진행방해,건조,맑음,교차로 - 교차로안,승용,여,42세,경상,승용,남,61세,상해없음
2020081400100181,2020년 8월 14일 10시,금요일,경상북도 영천시 망정동,중상사고,0,1,0,0,차대차 - 측면충돌,안전운전불이행,건조,맑음,교차로 - 교차로안,승용,여,38세,상해없음,이륜,남,25세,중상
2020081400100182,2020년 8월 14일 10시,금요일,경상북도 경산시 남천면,중상사고,0,1,5,0,차대차 - 기타,안전운전불이행,기타,맑음,단일로 - 기타,승합,남,52세,상해없음,승용,남,31세,중상
2020081400100223,2020년 8월 14일 11시,금요일,경상북도 상주시 외서면,경상사고,0,0,5,0,차대차 - 측면충돌,중앙선침범,건조,맑음,교차로 - 교차로안,화물,남,66세,상해없음,승용,남,33세,경상
2020081400100225,2020년 8월 14일 11시,금요일,경상북도 영덕군 영덕읍,경상사고,0,0,1,0,차대차 - 측면충돌,안전운전불이행,건조,맑음,단일로 - 기타,승용,남,24세,상해없음,승용,여,55세,경상
2020081400100274,2020년 8월 14일 12시,금요일,경상북도 영천시 완산동,중상사고,0,1,2,0,차대차 - 측면충돌,안전거리미확보,건조,맑음,단일로 - 기타,이륜,남,86세,중상,승용,여,58세,경상
2020081400100275,2020년 8월 14일 12시,금요일,경상북도 경산시 조영동,경상사고,0,0,1,0,차대차 - 정면충돌,중앙선침범,건조,맑음,단일로 - 지하차도(도로)내,승용,남,55세,상해없음,이륜,남,27세,경상
2020081400100311,2020년 8월 14일 13시,금요일,경상북도 포항시 북구 장성동,중상사고,0,1,0,0,차대차 - 측면충돌,신호위반,건조,맑음,교차로 - 교차로부근,승용,남,65세,상해없음,이륜,남,33세,중상
2020081400100312,2020년 8월 14일 13시,금요일,경상북도 김천시 평화동,경상사고,0,0,1,0,차대사람 - 횡단중,안전운전불이행,건조,맑음,교차로 - 교차로부근,이륜,남,84세,상해없음,보행자,여,74세,경상
2020081400100350,2020년 8월 14일 14시,금요일,경상북도 안동시 풍산읍,경상사고,0,0,2,0,차대차 - 정면충돌,직진우회전진행방해,건조,맑음,교차로 - 교차로안,승용,남,33세,경상,화물,남,39세,경상
2020081400100387,2020년 8월 14일 15시,금요일,경상북도 상주시 만산동,중상사고,0,1,0,0,차대차 - 측면충돌,교차로운행방법위반,건조,맑음,교차로 - 교차로안,승용,남,51세,상해없음,자전거,남,80세,중상
2020081400100388,2020년 8월 14일 15시,금요일,경상북도 청도군 화양읍,경상사고,0,0,3,0,차대차 - 추돌,안전거리미확보,건조,맑음,교차로 - 교차로부근,화물,남,60세,상해없음,승용,남,38세,경상
2020081400100423,2020년 8월 14일 16시,금요일,경상북도 포항시 북구 창포동,경상사고,0,0,1,0,차대차 - 추돌,안전거리미확보,건조,맑음,교차로 - 교차로부근,승용,여,21세,상해없음,승용,여,41세,경상
2020081400100424,2020년 8월 14일 16시,금요일,경상북도 김천시 구성면,중상사고,0,1,0,0,차대차 - 측면충돌,교차로운행방법위반,건조,맑음,교차로 - 교차로안,원동기,여,71세,중상,승용,여,58세,상해없음
2020081400100425,2020년 8월 14일 16시,금요일,경상북도 청송군 진보면,경상사고,0,0,1,0,차대차 - 측면충돌,교차로운행방법위반,건조,맑음,교차로 - 교차로안,승용,여,58세,경상,건설기계,남,51세,상해없음
2020081400100528,2020년 8월 14일 18시,금요일,경상북도 문경시 흥덕동,경상사고,0,0,2,0,차대차 - 측면충돌,안전운전불이행,건조,맑음,교차로 - 교차로안,승합,남,74세,경상,승용,여,59세,경상
2020081400100529,2020년 8월 14일 18시,금요일,경상북도 예천군 호명면,경상사고,0,0,1,0,차대차 - 측면충돌,기타,건조,맑음,단일로 - 기타,자전거,남,9세,상해없음,자전거,여,6세,경상
2020081400100607,2020년 8월 14일 20시,금요일,경상북도 안동시 남문동,경상사고,0,0,4,0,차대차 - 측면충돌,신호위반,건조,맑음,단일로 - 기타,승용,여,47세,상해없음,승용,남,20세,경상
2020081400100608,2020년 8월 14일 20시,금요일,경상북도 칠곡군 왜관읍,경상사고,0,0,3,0,차대차 - 추돌,안전운전불이행,건조,맑음,단일로 - 교량,승용,여,51세,경상,승용,남,49세,경상
2020081400100609,2020년 8월 14일 20시,금요일,경상북도 경산시 정평동,경상사고,0,0,1,0,차대차 - 추돌,신호위반,건조,맑음,교차로 - 교차로부근,이륜,남,32세,상해없음,승용,남,58세,경상
2020081400100610,2020년 8월 14일 20시,금요일,경상북도 구미시 도량동,부상신고사고,0,0,0,2,차대차 - 기타,안전운전불이행,건조,맑음,단일로 - 기타,승용,여,45세,상해없음,승용,남,38세,부상신고
2020081400100641,2020년 8월 14일 21시,금요일,경상북도 김천시 양천동,경상사고,0,0,2,0,차대차 - 정면충돌,중앙선침범,건조,맑음,단일로 - 기타,화물,남,55세,경상,승용,남,63세,경상
2020081400100642,2020년 8월 14일 21시,금요일,경상북도 상주시 외서면,중상사고,0,1,0,0,차량단독 - 공작물충돌,안전운전불이행,건조,맑음,단일로 - 기타,승용,남,44세,상해없음,,,,
2020081400100643,2020년 8월 14일 21시,금요일,경상북도 영천시 신령면,중상사고,0,1,0,0,차대차 - 측면충돌,안전운전불이행,건조,맑음,단일로 - 기타,승용,남,47세,중상,화물,남,65세,상해없음
2020081400100673,2020년 8월 14일 22시,금요일,경상북도 포항시 남구 해도동,중상사고,0,1,0,0,차대차 - 측면충돌,안전운전불이행,건조,맑음,단일로 - 기타,승용,남,29세,상해없음,이륜,남,21세,중상
2020081400100691,2020년 8월 14일 23시,금요일,경상북도 경산시 갑제동,중상사고,0,1,0,0,차대차 - 측면충돌,안전운전불이행,건조,맑음,단일로 - 기타,승용,남,49세,상해없음,이륜,남,26세,중상
2020081500100038,2020년 8월 15일 01시,토요일,경상북도 안동시 법흥동,경상사고,0,0,4,0,차대차 - 추돌,안전운전불이행,건조,맑음,교차로 - 교차로부근,승용,여,44세,상해없음,승용,남,55세,경상
2020081500100039,2020년 8월 15일 01시,토요일,경상북도 구미시 해평면,부상신고사고,0,0,0,1,차량단독 - 기타,안전운전불이행,건조,맑음,단일로 - 기타,화물,남,42세,부상신고,,,,
2020081500100068,2020년 8월 15일 03시,토요일,경상북도 포항시 남구 대잠동,경상사고,0,0,3,0,차대차 - 측면충돌,안전거리미확보,건조,맑음,교차로 - 교차로부근,승용,남,63세,경상,승용,남,65세,경상
2020081500100089,2020년 8월 15일 05시,토요일,경상북도 영천시 조교동,사망사고,2,0,1,0,차대차 - 추돌,안전운전불이행,건조,맑음,단일로 - 기타,승용,여,62세,경상,화물,남,70세,상해없음
2020081500100103,2020년 8월 15일 06시,토요일,경상북도 상주시 중동면,경상사고,0,0,1,0,차량단독 - 공작물충돌,안전운전불이행,건조,맑음,단일로 - 기타,승용,남,28세,경상,,,,
2020081500100114,2020년 8월 15일 07시,토요일,경상북도 의성군 옥산면,중상사고,0,1,0,0,차량단독 - 전도전복 - 전도,안전운전불이행,건조,맑음,교차로 - 교차로안,이륜,남,51세,중상,,,,
2020081500100115,2020년 8월 15일 07시,토요일,경상북도 칠곡군 왜관읍,경상사고,0,0,1,0,차대사람 - 차도통행중,안전운전불이행,건조,맑음,단일로 - 기타,승용,남,28세,상해없음,보행자,남,53세,경상
2020081500100142,2020년 8월 15일 09시,토요일,경상북도 포항시 북구 송라면,경상사고,0,0,1,0,차대차 - 추돌,안전거리미확보,건조,맑음,교차로 - 교차로부근,이륜,남,43세,경상,승용,남,68세,상해없음
2020081500100143,2020년 8월 15일 09시,토요일,경상북도 문경시 모전동,경상사고,0,0,1,0,차대차 - 측면충돌,안전운전불이행,건조,맑음,교차로 - 교차로안,자전거,남,98세 이상,경상,승합,남,68세,상해없음
2020081500100164,2020년 8월 15일 10시,토요일,경상북도 칠곡군 동명면,경상사고,0,0,2,0,차대차 - 측면충돌,교차로운행방법위반,건조,맑음,교차로 - 교차로안,승용,여,63세,경상,화물,남,57세,경상
2020081500100165,2020년 8월 15일 10시,토요일,경상북도 경산시 진량읍,중상사고,0,1,0,0,차대사람 - 차도통행중,안전운전불이행,건조,맑음,교차로 - 교차로안,화물,여,50세,상해없음,보행자,남,81세,중상
2020081500100201,2020년 8월 15일 11시,토요일,경상북도 안동시 법흥동,중상사고,0,1,0,0,차대차 - 측면충돌,신호위반,건조,맑음,단일로 - 기타,승용,남,80세,상해없음,이륜,남,63세,중상
2020081500100202,2020년 8월 15일 11시,토요일,경상북도 안동시 풍천면,경상사고,0,0,3,0,차대차 - 정면충돌,중앙선침범,건조,맑음,교차로 - 교차로안,승용,남,25세,경상,승용,여,49세,경상
2020081500100203,2020년 8월 15일 11시,토요일,경상북도 안동시 옥동,경상사고,0,0,1,0,차대차 - 추돌,안전운전불이행,건조,맑음,단일로 - 기타,승용,여,36세,상해없음,화물,남,51세,경상
2020081500100230,2020년 8월 15일 12시,토요일,경상북도 경주시 광명동,중상사고,0,2,0,1,차대차 - 추돌,안전운전불이행,건조,맑음,교차로 - 교차로부근,화물,남,68세,중상,승용,남,51세,중상
2020081500100232,2020년 8월 15일 12시,토요일,경상북도 구미시 원평동,경상사고,0,0,1,0,차대사람 - 기타,신호위반,건조,맑음,단일로 - 기타,승용,여,21세,상해없음,보행자,남,78세,경상
2020081500100272,2020년 8월 15일 13시,토요일,경상북도 영주시 풍기읍,경상사고,0,0,2,0,차대차 - 측면충돌,안전운전불이행,건조,맑음,교차로 - 교차로안,승용,남,63세,경상,승합,여,68세,경상
2020081500100302,2020년 8월 15일 14시,토요일,경상북도 포항시 북구 남빈동,경상사고,0,0,3,0,차대차 - 추돌,안전운전불이행,건조,맑음,단일로 - 기타,승용,남,61세,상해없음,승용,여,36세,경상
2020081500100303,2020년 8월 15일 14시,토요일,경상북도 상주시 서문동,중상사고,0,1,0,0,차대차 - 기타,기타,건조,맑음,단일로 - 기타,화물,남,54세,상해없음,자전거,남,56세,중상
2020081500100304,2020년 8월 15일 14시,토요일,경상북도 청도군 각북면,사망사고,1,1,1,0,차대차 - 정면충돌,중앙선침범,건조,맑음,단일로 - 지하차도(도로)내,화물,남,68세,사망,승용,남,62세,경상
2020081500100305,2020년 8월 15일 14시,토요일,경상북도 청송군 청송읍,중상사고,0,1,0,0,차량단독 - 공작물충돌,안전운전불이행,건조,맑음,단일로 - 기타,이륜,남,30세,중상,,,,
2020081500100306,2020년 8월 15일 14시,토요일,경상북도 포항시 남구 동촌동,경상사고,0,0,2,0,차대차 - 기타,직진우회전진행방해,건조,맑음,단일로 - 기타,승용,남,41세,기타불명,승용,여,54세,경상
2020081500100328,2020년 8월 15일 15시,토요일,경상북도 포항시 북구 장성동,경상사고,0,0,2,0,차대차 - 측면충돌,신호위반,건조,맑음,교차로 - 교차로안,승용,남,48세,경상,승용,여,50세,경상
2020081500100329,2020년 8월 15일 15시,토요일,경상북도 안동시 풍산읍,중상사고,0,3,2,0,차대차 - 추돌,안전운전불이행,건조,맑음,단일로 - 기타,승용,여,42세,상해없음,승용,남,34세,경상
2020081500100330,2020년 8월 15일 15시,토요일,경상북도 문경시 문경읍,경상사고,0,0,2,0,차대차 - 추돌,안전거리미확보,젖음/습기,비,단일로 - 기타,승용,남,29세,경상,승용,남,49세,기타불명
2020081500100392,2020년 8월 15일 17시,토요일,경상북도 문경시 점촌동,경상사고,0,0,1,0,차대차 - 기타,안전운전불이행,건조,맑음,교차로 - 교차로안,승용,여,46세,상해없음,이륜,남,38세,경상
2020081500100393,2020년 8월 15일 17시,토요일,경상북도 구미시 비산동,경상사고,0,0,2,0,차대차 - 측면충돌,안전운전불이행,건조,맑음,교차로 - 교차로안,승용,남,40세,상해없음,승용,남,40세,경상
2020081500100394,2020년 8월 15일 17시,토요일,경상북도 구미시 송정동,경상사고,0,0,2,1,차대차 - 측면충돌,신호위반,건조,맑음,교차로 - 교차로안,승용,여,36세,부상신고,화물,남,73세,경상
2020081500100430,2020년 8월 15일 18시,토요일,경상북도 경주시 황성동,경상사고,0,0,1,0,차대차 - 측면충돌,안전운전불이행,건조,맑음,교차로 - 교차로안,승용,여,58세,상해없음,자전거,여,24세,경상
2020081500100431,2020년 8월 15일 18시,토요일,경상북도 포항시 북구 남빈동,경상사고,0,0,1,0,차대차 - 측면충돌,안전운전불이행,건조,맑음,교차로 - 교차로부근,승용,남,45세,상해없음,승합,남,45세,경상
2020081500100432,2020년 8월 15일 18시,토요일,경상북도 포항시 북구 기북면,경상사고,0,0,1,0,차대차 - 기타,안전운전불이행,건조,맑음,단일로 - 기타,이륜,남,15세,경상,승합,남,61세,기타불명
2020081500100433,2020년 8월 15일 18시,토요일,경상북도 영주시 휴천동,경상사고,0,0,1,0,차대차 - 측면충돌,안전운전불이행,건조,맑음,단일로 - 기타,승용,남,40세,상해없음,이륜,남,21세,경상
2020081500100434,2020년 8월 15일 18시,토요일,경상북도 칠곡군 약목면,부상신고사고,0,0,0,1,차량단독 - 공작물충돌,안전운전불이행,건조,맑음,단일로 - 기타,승용,남,57세,부상신고,,,,
2020081500100435,2020년 8월 15일 18시,토요일,경상북도 구미시 사곡동,중상사고,0,2,1,0,차대차 - 추돌,안전운전불이행,건조,맑음,교차로 - 교차로부근,승용,남,53세,상해없음,화물,남,50세,중상
2020081500100465,2020년 8월 15일 19시,토요일,경상북도 포항시 북구 우현동,경상사고,0,0,1,0,차대차 - 추돌,안전운전불이행,건조,맑음,단일로 - 기타,이륜,남,57세,상해없음,승용,남,25세,경상
2020081500100466,2020년 8월 15일 19시,토요일,경상북도 구미시 송정동,중상사고,0,1,0,0,차대차 - 측면충돌,안전운전불이행,건조,맑음,단일로 - 기타,이륜,남,32세,중상,승용,남,71세,상해없음
2020081500100516,2020년 8월 15일 21시,토요일,경상북도 경주시 신평동,사망사고,1,0,0,0,차대사람 - 횡단중,안전운전불이행,건조,맑음,교차로 - 교차로부근,승용,여,64세,상해없음,보행자,남,57세,사망
2020081500100517,2020년 8월 15일 21시,토요일,경상북도 영천시 고경면,중상사고,0,1,0,0,차대차 - 추돌,안전운전불이행,건조,맑음,교차로 - 교차로부근,승용,남,41세,기타불명,승용,여,45세,중상
2020081500100518,2020년 8월 15일 21시,토요일,경상북도 구미시 인의동,중상사고,0,1,0,0,차대차 - 기타,신호위반,건조,맑음,교차로 - 교차로안,승용,남,55세,상해없음,이륜,남,44세,중상
2020081500100519,2020년 8월 15일 21시,토요일,경상북도 포항시 남구 연일읍,경상사고,0,0,3,1,차대차 - 측면충돌,안전운전불이행,건조,맑음,교차로 - 교차로안,승용,여,52세,상해없음,승합,남,55세,경상
2020081500100539,2020년 8월 15일 22시,토요일,경상북도 경주시 안강읍,중상사고,0,1,0,0,차대사람 - 차도통행중,안전운전불이행,건조,맑음,단일로 - 기타,승용,여,67세,상해없음,보행자,남,70세,중상
2020081500100555,2020년 8월 15일 23시,토요일,경상북도 구미시 남통동,중상사고,0,1,1,0,차대사람 - 횡단중,보행자보호의무위반,건조,맑음,교차로 - 교차로안,이륜,남,59세,경상,보행자,여,45세,중상
2020081500100556,2020년 8월 15일 23시,토요일,경상북도 포항시 남구 연일읍,경상사고,0,0,1,0,차대사람 - 기타,안전운전불이행,건조,맑음,단일로 - 기타,기타불명,기타불명,미분류,기타불명,보행자,여,50세,경상
2020081600100054,2020년 8월 16일 03시,일요일,경상북도 포항시 북구 죽도동,경상사고,0,0,2,0,차대차 - 측면충돌,신호위반,건조,맑음,교차로 - 교차로안,승용,남,64세,상해없음,승용,남,27세,경상
2020081600100088,2020년 8월 16일 07시,일요일,경상북도 칠곡군 왜관읍,경상사고,0,0,3,0,차대차 - 측면충돌,직진우회전진행방해,건조,맑음,교차로 - 교차로안,승용,남,63세,경상,승용,여,61세,경상
2020081600100089,2020년 8월 16일 07시,일요일,경상북도 청도군 금천면,중상사고,0,1,0,0,차대차 - 측면충돌,직진우회전진행방해,건조,맑음,교차로 - 교차로안,화물,남,77세,상해없음,농기계,남,71세,중상
2020081600100090,2020년 8월 16일 07시,일요일,경상북도 구미시 공단동,중상사고,0,2,1,0,차대차 - 측면충돌,신호위반,건조,맑음,교차로 - 교차로안,승용,남,66세,중상,승용,남,57세,중상
2020081600100101,2020년 8월 16일 08시,일요일,경상북도 경주시 안강읍,경상사고,0,0,1,0,차량단독 - 전도전복 - 전도,안전운전불이행,건조,맑음,단일로 - 기타,이륜,여,76세,경상,,,,
2020081600100102,2020년 8월 16일 08시,일요일,경상북도 포항시 남구 오천읍,중상사고,0,1,0,0,차대차 - 측면충돌,중앙선침범,건조,맑음,교차로 - 교차로부근,승용,남,54세,상해없음,이륜,남,21세,중상
2020081600100124,2020년 8월 16일 09시,일요일,경상북도 안동시 서후면,경상사고,0,0,5,0,차대차 - 추돌,안전운전불이행,건조,맑음,교차로 - 교차로부근,승용,남,33세,상해없음,승용,남,42세,경상
2020081600100125,2020년 8월 16일 09시,일요일,경상북도 경산시 진량읍,중상사고,0,1,0,0,차대차 - 측면충돌,안전운전불이행,건조,맑음,교차로 - 교차로안,승합,여,71세,상해없음,자전거,여,54세,중상
2020081600100138,2020년 8월 16일 10시,일요일,경상북도 문경시 모전동,경상사고,0,0,1,0,차대사람 - 기타,안전운전불이행,건조,맑음,주차장 - 주차장,승용,여,52세,상해없음,보행자,여,83세,경상
2020081600100139,2020년 8월 16일 10시,일요일,경상북도 구미시 원평동,중상사고,0,2,1,0,차대차 - 측면충돌,신호위반,건조,맑음,교차로 - 교차로안,승용,남,49세,상해없음,승용,남,64세,경상
2020081600100159,2020년 8월 16일 11시,일요일,경상북도 성주군 대가면,중상사고,0,1,0,0,차대차 - 측면충돌,신호위반,건조,맑음,교차로 - 교차로안,승용,남,40세,상해없음,승용,여,56세,중상
2020081600100189,2020년 8월 16일 12시,일요일,경상북도 영천시 야사동,경상사고,0,0,2,0,차대차 - 측면충돌,신호위반,건조,맑음,교차로 - 교차로안,이륜,남,57세,경상,승용,남,45세,경상
2020081600100227,2020년 8월 16일 13시,일요일,경상북도 울진군 후포면,경상사고,0,0,1,0,차대사람 - 횡단중,교차로운행방법위반,건조,맑음,교차로 - 교차로안,승용,여,66세,상해없음,보행자,여,12세,경상
2020081600100291,2020년 8월 16일 15시,일요일,경상북도 경주시 감포읍,경상사고,0,0,3,0,차대차 - 측면충돌,안전운전불이행,건조,맑음,단일로 - 기타,승용,여,38세,상해없음,승용,남,46세,경상
2020081600100325,2020년 8월 16일 16시,일요일,경상북도 경주시 동천동,경상사고,0,0,1,0,차대차 - 기타,안전운전불이행,건조,맑음,단일로 - 기타,승용,남,37세,상해없음,이륜,남,26세,경상
2020081600100326,2020년 8월 16일 16시,일요일,경상북도 상주시 내서면,경상사고,0,0,1,0,차대차 - 추돌,안전운전불이행,건조,맑음,단일로 - 기타,승용,여,38세,상해없음,승용,여,36세,경상
2020081600100350,2020년 8월 16일 17시,일요일,경상북도 김천시 조마면,중상사고,0,1,0,0,차대차 - 측면충돌,중앙선침범,건조,맑음,단일로 - 기타,승용,남,26세,상해없음,이륜,남,68세,중상
2020081600100351,2020년 8월 16일 17시,일요일,경상북도 상주시 만산동,중상사고,0,1,0,0,차량단독 - 공작물충돌,안전운전불이행,건조,맑음,교차로 - 교차로안,이륜,남,76세,중상,,,,
2020081600100352,2020년 8월 16일 17시,일요일,경상북도 포항시 남구 오천읍,경상사고,0,0,2,0,차대차 - 기타,안전운전불이행,건조,맑음,교차로 - 교차로부근,승용,남,57세,경상,승용,남,41세,경상
2020081600100400,2020년 8월 16일 18시,일요일,경상북도 경주시 용강동,경상사고,0,0,2,0,차대차 - 후진중충돌,안전운전불이행,건조,맑음,교차로 - 교차로부근,승용,여,36세,상해없음,승용,남,24세,경상
2020081600100401,2020년 8월 16일 18시,일요일,경상북도 영덕군 병곡면,중상사고,0,1,1,1,차대차 - 측면충돌,교차로운행방법위반,건조,맑음,교차로 - 교차로안,승용,남,36세,부상신고,승용,남,81세,중상
2020081600100403,2020년 8월 16일 18시,일요일,경상북도 구미시 형곡동,경상사고,0,0,3,0,차대차 - 기타,차로위반,건조,맑음,단일로 - 기타,승용,여,44세,상해없음,화물,남,54세,경상
2020081600100459,2020년 8월 16일 20시,일요일,경상북도 영천시 조교동,중상사고,0,1,8,0,차대차 - 측면충돌,교차로운행방법위반,건조,맑음,교차로 - 교차로안,화물,남,49세,경상,승용,남,38세,중상
2020081600100460,2020년 8월 16일 20시,일요일,경상북도 성주군 선남면,중상사고,0,1,0,0,차대차 - 기타,안전운전불이행,건조,맑음,단일로 - 기타,승용,남,70세,상해없음,농기계,남,68세,중상
2020081600100492,2020년 8월 16일 21시,일요일,경상북도 구미시 장천면,중상사고,0,1,0,0,차대사람 - 횡단중,보행자보호의무위반,건조,맑음,교차로 - 교차로안,승용,여,54세,상해없음,보행자,여,77세,중상
2020081700100046,2020년 8월 17일 06시,월요일,경상북도 포항시 북구 상원동,경상사고,0,0,1,0,차대차 - 기타,안전운전불이행,건조,맑음,교차로 - 교차로안,승용,남,64세,경상,화물,남,54세,상해없음
2020081700100056,2020년 8월 17일 07시,월요일,경상북도 포항시 북구 동빈2가,경상사고,0,0,2,0,차대차 - 측면충돌,직진우회전진행방해,건조,맑음,교차로 - 교차로안,승용,남,67세,상해없음,승용,남,48세,경상
2020081700100057,2020년 8월 17일 07시,월요일,경상북도 안동시 정하동,경상사고,0,0,4,0,차대차 - 측면충돌,안전운전불이행,건조,맑음,단일로 - 기타,승용,남,68세,상해없음,승용,여,28세,경상
2020081700100058,2020년 8월 17일 07시,월요일,경상북도 안동시 풍산읍,사망사고,1,2,0,0,차대차 - 추돌,안전운전불이행,건조,맑음,단일로 - 교량,화물,남,44세,중상,건설기계,남,51세,중상
2020081700100059,2020년 8월 17일 07시,월요일,경상북도 영주시 풍기읍,중상사고,0,1,0,0,차대사람 - 횡단중,안전운전불이행,건조,맑음,교차로 - 교차로안,화물,남,68세,상해없음,보행자,남,77세,중상
2020081700100073,2020년 8월 17일 08시,월요일,경상북도 안동시 송현동,중상사고,0,1,2,0,차대차 - 추돌,안전운전불이행,건조,맑음,교차로 - 교차로부근,승용,남,20세,경상,화물,남,59세,중상
2020081700100074,2020년 8월 17일 08시,월요일,경상북도 영천시 금호읍,중상사고,0,1,2,0,차대차 - 측면충돌,신호위반,건조,맑음,교차로 - 교차로안,화물,남,53세,경상,승용,남,56세,경상
2020081700100101,2020년 8월 17일 09시,월요일,경상북도 포항시 북구 덕산동,경상사고,0,0,1,0,차대차 - 측면충돌,교차로운행방법위반,건조,맑음,교차로 - 교차로안,승용,여,61세,기타불명,승용,여,51세,경상
2020081700100102,2020년 8월 17일 09시,월요일,경상북도 안동시 서후면,경상사고,0,0,1,0,차대사람 - 기타,안전운전불이행,건조,맑음,단일로 - 기타,화물,남,63세,상해없음,보행자,여,57세,경상