사고번호,사고일시,요일,시군구,사고내용,사망자수,중상자수,경상자수,부상신고자수,사고유형,법규위반,노면상태,기상상태,도로형태,가해운전자 차종,가해운전자 성별,가해운전자 연령,가해운전자 상해정도,피해운전자 차종,피해운전자 성별,피해운전자 연령,피해운전자 상해정도
2020081700100103,2020년 8월 17일 09시,월요일,경상북도 의성군 의성읍,중상사고,0,3,0,0,차대차 - 측면충돌,안전거리미확보,건조,맑음,단일로 - 기타,화물,남,60세,상해없음,승용,여,47세,중상
2020081700100104,2020년 8월 17일 09시,월요일,경상북도 영천시 망정동,경상사고,0,0,1,0,차대차 - 측면충돌,안전운전불이행,건조,맑음,교차로 - 교차로안,이륜,남,80세,경상,승용,남,77세,상해없음
2020081700100105,2020년 8월 17일 09시,월요일,경상북도 구미시 신평동,중상사고,0,1,1,0,차대차 - 추돌,안전운전불이행,건조,맑음,단일로 - 기타,승용,남,32세,상해없음,승용,여,39세,중상
2020081700100127,2020년 8월 17일 10시,월요일,경상북도 경주시 동천동,경상사고,0,0,1,0,차대사람 - 기타,안전운전불이행,건조,맑음,단일로 - 기타,승용,남,52세,상해없음,보행자,여,40세,경상
2020081700100128,2020년 8월 17일 10시,월요일,경상북도 영천시 청통면,경상사고,0,0,2,0,차대차 - 측면충돌,안전운전불이행,건조,맑음,단일로 - 기타,농기계,남,63세,상해없음,승용,남,56세,경상
2020081700100157,2020년 8월 17일 11시,월요일,경상북도 경주시 안강읍,중상사고,0,1,0,0,차대차 - 측면충돌,직진우회전진행방해,건조,맑음,교차로 - 교차로안,이륜,남,79세,중상,승용,여,59세,상해없음
2020081700100158,2020년 8월 17일 11시,월요일,경상북도 영주시 영주동,경상사고,0,0,1,0,차대차 - 기타,안전운전불이행,건조,맑음,단일로 - 기타,화물,남,70세,상해없음,자전거,남,68세,경상
2020081700100159,2020년 8월 17일 11시,월요일,경상북도 구미시 형곡동,경상사고,0,0,1,0,차대차 - 기타,안전운전불이행,건조,맑음,교차로 - 교차로안,자전거,남,85세,경상,승용,여,58세,상해없음
2020081700100194,2020년 8월 17일 12시,월요일,경상북도 영주시 풍기읍,경상사고,0,0,1,0,차대차 - 기타,안전운전불이행,건조,맑음,교차로 - 교차로안,화물,남,35세,상해없음,자전거,남,82세,경상
2020081700100195,2020년 8월 17일 12시,월요일,경상북도 구미시 구평동,경상사고,0,0,1,0,차대차 - 기타,안전운전불이행,건조,맑음,단일로 - 기타,승용,여,38세,기타불명,승용,여,30세,경상
2020081700100230,2020년 8월 17일 13시,월요일,경상북도 경주시 천군동,부상신고사고,0,0,0,1,차대차 - 측면충돌,안전운전불이행,건조,맑음,단일로 - 기타,승용,여,19세,부상신고,승용,남,35세,상해없음
2020081700100231,2020년 8월 17일 13시,월요일,경상북도 포항시 북구 두호동,중상사고,0,1,0,0,차대사람 - 횡단중,신호위반,건조,맑음,교차로 - 교차로횡단보도내,승용,남,58세,상해없음,보행자,여,68세,중상
2020081700100232,2020년 8월 17일 13시,월요일,경상북도 영주시 가흥동,경상사고,0,0,1,0,차대차 - 기타,안전운전불이행,건조,맑음,교차로 - 교차로안,자전거,남,11세,경상,승용,남,55세,상해없음
2020081700100275,2020년 8월 17일 14시,월요일,경상북도 포항시 남구 동촌동,경상사고,0,0,1,0,차대차 - 기타,안전운전불이행,건조,맑음,단일로 - 기타,화물,남,40세,상해없음,승용,남,51세,경상
2020081700100312,2020년 8월 17일 15시,월요일,경상북도 포항시 북구 용흥동,경상사고,0,0,3,0,차대차 - 측면충돌,신호위반,건조,맑음,교차로 - 교차로안,승용,남,40세,상해없음,승용,남,44세,경상
2020081700100313,2020년 8월 17일 15시,월요일,경상북도 포항시 남구 오천읍,경상사고,0,0,1,0,차대차 - 측면충돌,안전운전불이행,건조,맑음,교차로 - 교차로부근,승용,남,64세,상해없음,승용,여,67세,경상
2020081700100352,2020년 8월 17일 16시,월요일,경상북도 포항시 북구 죽도동,경상사고,0,0,6,0,차대차 - 추돌,안전운전불이행,건조,맑음,단일로 - 기타,승용,남,50세,경상,승용,남,46세,경상
2020081700100353,2020년 8월 17일 16시,월요일,경상북도 안동시 풍산읍,경상사고,0,0,2,0,차대차 - 측면충돌,중앙선침범,건조,맑음,교차로 - 교차로안,승용,여,51세,상해없음,승용,남,49세,경상
2020081700100354,2020년 8월 17일 16시,월요일,경상북도 경주시 율동,사망사고,1,0,0,0,차대차 - 기타,안전운전불이행,건조,맑음,단일로 - 기타,승용,여,43세,상해없음,화물,남,60세,사망
2020081700100401,2020년 8월 17일 17시,월요일,경상북도 경주시 양남면,경상사고,0,0,3,0,차대차 - 측면충돌,중앙선침범,건조,맑음,단일로 - 기타,승용,여,23세,상해없음,화물,남,62세,경상
2020081700100435,2020년 8월 17일 18시,월요일,경상북도 포항시 북구 장성동,경상사고,0,0,2,0,차대차 - 기타,안전운전불이행,건조,맑음,교차로 - 교차로안,승용,남,46세,상해없음,승용,여,62세,경상
2020081700100436,2020년 8월 17일 18시,월요일,경상북도 안동시 용상동,경상사고,0,0,1,0,차대차 - 추돌,안전운전불이행,건조,맑음,단일로 - 기타,승용,남,65세,상해없음,승용,남,52세,경상
2020081700100437,2020년 8월 17일 18시,월요일,경상북도 경산시 중방동,경상사고,0,0,3,0,차대차 - 측면충돌,교차로운행방법위반,건조,맑음,교차로 - 교차로안,승용,여,60세,상해없음,승용,여,53세,경상
2020081700100438,2020년 8월 17일 18시,월요일,경상북도 성주군 성주읍,경상사고,0,0,1,0,차대차 - 기타,안전운전불이행,건조,맑음,교차로 - 교차로안,승용,남,51세,상해없음,승용,여,37세,경상
2020081700100439,2020년 8월 17일 18시,월요일,경상북도 포항시 남구 상도동,부상신고사고,0,0,0,1,차대차 - 측면충돌,안전운전불이행,건조,맑음,단일로 - 기타,승용,여,60세,상해없음,승용,남,34세,부상신고
2020081700100469,2020년 8월 17일 19시,월요일,경상북도 경주시 외동읍,사망사고,1,0,0,0,차량단독 - 도로외이탈 - 추락,안전운전불이행,건조,맑음,교차로 - 교차로부근,이륜,남,69세,사망,,,,
2020081700100470,2020년 8월 17일 19시,월요일,경상북도 칠곡군 왜관읍,경상사고,0,0,1,0,차대차 - 측면충돌,안전운전불이행,건조,맑음,교차로 - 교차로안,이륜,남,23세,경상,화물,남,54세,상해없음
2020081700100471,2020년 8월 17일 19시,월요일,경상북도 봉화군 법전면,중상사고,0,1,0,0,차대차 - 추돌,안전운전불이행,건조,맑음,단일로 - 기타,승용,남,30세,중상,농기계,남,47세,상해없음
2020081700100532,2020년 8월 17일 21시,월요일,경상북도 경주시 인왕동,중상사고,0,1,2,0,차대차 - 측면충돌,안전운전불이행,건조,맑음,교차로 - 교차로안,승용,남,25세,경상,승용,여,31세,중상
2020081700100533,2020년 8월 17일 21시,월요일,경상북도 포항시 남구 대잠동,중상사고,0,1,0,0,차대차 - 기타,신호위반,건조,맑음,교차로 - 교차로부근,승용,남,30세,상해없음,이륜,남,20세,중상
2020081800100006,2020년 8월 18일 00시,화요일,경상북도 구미시 상모동,부상신고사고,0,0,0,1,차대차 - 기타,안전운전불이행,건조,맑음,교차로 - 교차로안,이륜,남,21세,부상신고,승용,남,65세,상해없음
2020081800100050,2020년 8월 18일 06시,화요일,경상북도 경주시 황성동,경상사고,0,0,1,0,차대차 - 측면충돌,안전거리미확보,건조,맑음,교차로 - 교차로부근,건설기계,남,42세,상해없음,승용,남,53세,경상
2020081800100051,2020년 8월 18일 06시,화요일,경상북도 포항시 남구 연일읍,경상사고,0,0,1,0,차대차 - 기타,안전운전불이행,건조,맑음,교차로 - 교차로횡단보도내,자전거,여,45세,경상,승용,남,67세,상해없음
2020081800100065,2020년 8월 18일 07시,화요일,경상북도 경주시 성동동,부상신고사고,0,0,0,1,차대차 - 측면충돌,안전운전불이행,건조,맑음,교차로 - 교차로부근,승용,남,61세,상해없음,승용,여,52세,부상신고
2020081800100066,2020년 8월 18일 07시,화요일,경상북도 포항시 북구 흥해읍,중상사고,0,1,1,0,차대차 - 측면충돌,안전운전불이행,건조,맑음,단일로 - 기타,승용,남,59세,경상,화물,남,61세,중상
2020081800100067,2020년 8월 18일 07시,화요일,경상북도 문경시 호계면,사망사고,1,0,1,0,차대사람 - 횡단중,안전운전불이행,건조,맑음,단일로 - 기타,승합,남,72세,경상,보행자,여,86세,사망
2020081800100068,2020년 8월 18일 07시,화요일,경상북도 예천군 호명면,중상사고,0,2,1,0,차대차 - 측면충돌,직진우회전진행방해,건조,맑음,교차로 - 교차로안,승용,남,45세,중상,화물,남,51세,경상
2020081800100099,2020년 8월 18일 08시,화요일,경상북도 포항시 북구 기계면,경상사고,0,0,1,0,차대차 - 측면충돌,직진우회전진행방해,건조,맑음,교차로 - 교차로안,화물,남,67세,상해없음,승용,여,59세,경상
2020081800100100,2020년 8월 18일 08시,화요일,경상북도 의성군 의성읍,중상사고,0,2,0,0,차대차 - 측면충돌,안전운전불이행,건조,맑음,교차로 - 교차로안,승용,남,38세,중상,화물,남,63세,중상
2020081800100101,2020년 8월 18일 08시,화요일,경상북도 칠곡군 석적읍,경상사고,0,0,1,0,차대차 - 기타,안전운전불이행,건조,맑음,교차로 - 교차로부근,화물,남,49세,상해없음,승용,남,33세,경상
2020081800100102,2020년 8월 18일 08시,화요일,경상북도 경산시 백천동,경상사고,0,0,1,0,차대차 - 기타,안전운전불이행,건조,맑음,단일로 - 기타,승용,여,53세,상해없음,승용,여,30세,경상
2020081800100134,2020년 8월 18일 09시,화요일,경상북도 경산시 진량읍,경상사고,0,0,1,0,차대차 - 추돌,안전운전불이행,건조,맑음,단일로 - 기타,승용,남,44세,상해없음,승용,남,26세,경상
2020081800100168,2020년 8월 18일 10시,화요일,경상북도 영천시 조교동,중상사고,0,1,0,0,차대사람 - 기타,안전운전불이행,건조,맑음,단일로 - 기타,화물,남,73세,상해없음,보행자,여,76세,중상
2020081800100169,2020년 8월 18일 10시,화요일,경상북도 영덕군 축산면,경상사고,0,0,1,0,차대차 - 측면충돌,안전운전불이행,건조,맑음,단일로 - 기타,승용,남,77세,상해없음,승용,남,35세,경상
2020081800100170,2020년 8월 18일 10시,화요일,경상북도 군위군 산성면,경상사고,0,0,3,0,차대차 - 정면충돌,중앙선침범,건조,맑음,단일로 - 기타,화물,남,55세,경상,승용,남,58세,경상
2020081800100214,2020년 8월 18일 11시,화요일,경상북도 경주시 사정동,중상사고,0,1,0,0,차대차 - 측면충돌,안전거리미확보,건조,맑음,단일로 - 기타,승합,여,59세,상해없음,자전거,여,77세,중상
2020081800100215,2020년 8월 18일 11시,화요일,경상북도 상주시 무양동,중상사고,0,1,2,0,차대차 - 측면충돌,안전운전불이행,건조,맑음,교차로 - 교차로안,승용,남,63세,경상,승용,여,68세,중상
2020081800100216,2020년 8월 18일 11시,화요일,경상북도 영주시 가흥동,중상사고,0,1,1,0,차대차 - 기타,안전운전불이행,건조,맑음,단일로 - 기타,이륜,남,46세,경상,이륜,남,53세,중상
2020081800100217,2020년 8월 18일 11시,화요일,경상북도 경산시 옥산동,중상사고,0,1,0,0,차대차 - 추돌,안전운전불이행,건조,맑음,교차로 - 교차로부근,건설기계,남,66세,상해없음,승용,남,79세,중상
2020081800100218,2020년 8월 18일 11시,화요일,경상북도 구미시 옥계동,중상사고,0,1,0,0,차대차 - 추돌,안전운전불이행,건조,맑음,교차로 - 교차로부근,승합,남,48세,상해없음,승용,남,44세,상해없음
2020081800100219,2020년 8월 18일 11시,화요일,경상북도 상주시 공검면,경상사고,0,0,3,0,차대차 - 추돌,안전거리미확보,건조,맑음,단일로 - 기타,승용,남,41세,경상,승용,여,54세,경상
2020081800100255,2020년 8월 18일 12시,화요일,경상북도 안동시 풍산읍,사망사고,1,0,0,0,차량단독 - 공작물충돌,안전운전불이행,건조,맑음,교차로 - 교차로안,화물,남,83세,사망,,,,
2020081800100256,2020년 8월 18일 12시,화요일,경상북도 경산시 백천동,경상사고,0,0,1,0,차대차 - 정면충돌,안전운전불이행,건조,맑음,교차로 - 교차로안,화물,남,57세,상해없음,승용,여,26세,경상
2020081800100257,2020년 8월 18일 12시,화요일,경상북도 경산시 진량읍,중상사고,0,1,1,0,차대차 - 측면충돌,안전운전불이행,건조,맑음,단일로 - 기타,화물,남,45세,경상,승용,남,62세,중상
2020081800100258,2020년 8월 18일 12시,화요일,경상북도 영양군 입암면,중상사고,0,1,2,0,차대차 - 측면충돌,직진우회전진행방해,건조,맑음,교차로 - 교차로안,승용,여,39세,경상,승합,남,68세,경상
2020081800100298,2020년 8월 18일 13시,화요일,경상북도 영덕군 영해면,중상사고,0,1,0,0,차대차 - 측면충돌,교차로운행방법위반,건조,맑음,교차로 - 교차로안,화물,여,67세,상해없음,자전거,여,57세,중상
2020081800100299,2020년 8월 18일 13시,화요일,경상북도 예천군 예천읍,중상사고,0,2,0,0,차대차 - 측면충돌,안전운전불이행,건조,맑음,단일로 - 기타,승용,남,52세,상해없음,이륜,남,76세,중상
2020081800100300,2020년 8월 18일 13시,화요일,경상북도 울진군 기성면,중상사고,0,1,0,0,차대차 - 측면충돌,기타,건조,맑음,교차로 - 교차로안,승용,여,46세,상해없음,이륜,남,78세,중상
2020081800100346,2020년 8월 18일 14시,화요일,경상북도 경주시 시래동,중상사고,0,2,2,0,차대차 - 추돌,안전운전불이행,건조,맑음,단일로 - 교량,승용,남,74세,상해없음,승용,남,40세,중상
2020081800100347,2020년 8월 18일 14시,화요일,경상북도 영주시 가흥동,경상사고,0,0,2,0,차대차 - 측면충돌,교차로운행방법위반,건조,맑음,교차로 - 교차로안,승용,남,61세,상해없음,승용,남,42세,경상
2020081800100348,2020년 8월 18일 14시,화요일,경상북도 경산시 사동,경상사고,0,0,1,0,차대차 - 추돌,안전운전불이행,건조,맑음,교차로 - 교차로안,승용,여,62세,상해없음,승용,여,46세,경상
2020081800100349,2020년 8월 18일 14시,화요일,경상북도 청송군 청송읍,중상사고,0,1,0,0,차대차 - 정면충돌,중앙선침범,건조,맑음,단일로 - 지하차도(도로)내,승용,여,61세,상해없음,화물,남,51세,중상
2020081800100384,2020년 8월 18일 15시,화요일,경상북도 울진군 북면,경상사고,0,0,1,0,차대차 - 기타,안전운전불이행,건조,맑음,단일로 - 기타,승용,남,48세,상해없음,승용,여,55세,경상
2020081800100426,2020년 8월 18일 16시,화요일,경상북도 경산시 사동,경상사고,0,0,1,0,차대차 - 기타,안전운전불이행,건조,맑음,교차로 - 교차로부근,승용,여,42세,기타불명,이륜,남,29세,경상
2020081800100427,2020년 8월 18일 16시,화요일,경상북도 경산시 계양동,경상사고,0,0,1,0,차대차 - 기타,중앙선침범,건조,맑음,교차로 - 교차로안,승용,여,41세,상해없음,승용,남,55세,상해없음
2020081800100428,2020년 8월 18일 16시,화요일,경상북도 포항시 남구 송내동,경상사고,0,0,2,0,차대차 - 측면충돌,안전거리미확보,건조,맑음,교차로 - 교차로부근,화물,남,50세,상해없음,승용,여,77세,경상
2020081800100473,2020년 8월 18일 17시,화요일,경상북도 상주시 화북면,경상사고,0,0,2,0,차대차 - 측면충돌,교차로운행방법위반,건조,맑음,교차로 - 교차로안,화물,남,62세,경상,승용,여,58세,경상
2020081800100474,2020년 8월 18일 17시,화요일,경상북도 경산시 하양읍,경상사고,0,0,1,0,차대차 - 기타,안전운전불이행,건조,맑음,교차로 - 교차로부근,승합,남,60세,기타불명,승용,여,32세,경상
2020081800100475,2020년 8월 18일 17시,화요일,경상북도 경산시 압량면,경상사고,0,0,1,0,차대차 - 추돌,안전운전불이행,건조,맑음,교차로 - 교차로부근,승용,여,73세,상해없음,승용,여,24세,경상
2020081800100533,2020년 8월 18일 18시,화요일,경상북도 포항시 북구 기계면,중상사고,0,1,0,0,차대사람 - 횡단중,안전운전불이행,건조,맑음,단일로 - 기타,화물,남,60세,상해없음,보행자,여,81세,중상
2020081800100534,2020년 8월 18일 18시,화요일,경상북도 성주군 성주읍,경상사고,0,0,2,0,차대차 - 기타,안전운전불이행,건조,맑음,교차로 - 교차로안,승용,남,21세,경상,이륜,여,37세,경상
2020081800100574,2020년 8월 18일 19시,화요일,경상북도 경산시 대정동,경상사고,0,0,1,0,차대차 - 정면충돌,안전운전불이행,건조,맑음,단일로 - 기타,기타불명,기타불명,미분류,기타불명,자전거,남,62세,경상
2020081800100606,2020년 8월 18일 20시,화요일,경상북도 칠곡군 왜관읍,경상사고,0,0,2,0,차대차 - 측면충돌,안전운전불이행,건조,맑음,교차로 - 교차로안,승용,여,29세,경상,승용,여,47세,경상
2020081800100690,2020년 8월 18일 23시,화요일,경상북도 문경시 모전동,중상사고,0,1,0,0,차대차 - 기타,안전운전불이행,건조,맑음,단일로 - 기타,승용,남,17세,상해없음,이륜,남,18세,중상
2020081800100691,2020년 8월 18일 23시,화요일,경상북도 구미시 고아읍,경상사고,0,0,1,0,차대차 - 기타,신호위반,건조,맑음,교차로 - 교차로안,승용,남,27세,상해없음,이륜,남,21세,경상
2020081900100042,2020년 8월 19일 05시,수요일,경상북도 상주시 무양동,경상사고,0,0,1,0,차대차 - 측면충돌,신호위반,건조,맑음,교차로 - 교차로안,승합,남,35세,상해없음,승용,남,26세,경상
2020081900100055,2020년 8월 19일 06시,수요일,경상북도 영덕군 강구면,중상사고,0,1,0,0,차대차 - 측면충돌,신호위반,건조,맑음,교차로 - 교차로안,승용,남,59세,상해없음,승용,여,52세,중상
2020081900100077,2020년 8월 19일 07시,수요일,경상북도 김천시 모암동,중상사고,0,1,0,0,차대차 - 기타,안전운전불이행,건조,맑음,교차로 - 교차로안,이륜,남,58세,상해없음,자전거,남,50세,중상
2020081900100078,2020년 8월 19일 07시,수요일,경상북도 포항시 남구 대도동,경상사고,0,0,2,0,차대차 - 기타,과속,건조,맑음,단일로 - 기타,승용,남,28세,경상,승용,남,57세,상해없음
2020081900100102,2020년 8월 19일 08시,수요일,경상북도 경주시 용강동,경상사고,0,0,1,0,차대차 - 측면충돌,안전운전불이행,건조,맑음,단일로 - 기타,승용,여,64세,상해없음,승용,여,42세,경상
2020081900100130,2020년 8월 19일 09시,수요일,경상북도 포항시 북구 두호동,경상사고,0,0,2,0,차대차 - 추돌,안전운전불이행,건조,맑음,단일로 - 기타,승용,남,61세,상해없음,승용,여,54세,경상
2020081900100132,2020년 8월 19일 09시,수요일,경상북도 김천시 농소면,경상사고,0,0,1,0,차대차 - 추돌,안전운전불이행,건조,맑음,단일로 - 기타,화물,남,30세,상해없음,화물,남,65세,경상
2020081900100133,2020년 8월 19일 09시,수요일,경상북도 구미시 장천면,경상사고,0,0,1,0,차대차 - 측면충돌,안전운전불이행,건조,맑음,단일로 - 기타,승용,남,51세,상해없음,이륜,남,78세,경상
2020081900100174,2020년 8월 19일 10시,수요일,경상북도 문경시 동로면,중상사고,0,1,0,0,차량단독 - 전도전복 - 전도,안전운전불이행,건조,맑음,단일로 - 기타,화물,남,48세,중상,,,,
2020081900100175,2020년 8월 19일 10시,수요일,경상북도 경산시 진량읍,경상사고,0,0,1,0,차대차 - 추돌,안전거리미확보,건조,맑음,교차로 - 교차로부근,화물,남,29세,상해없음,화물,남,41세,경상
2020081900100206,2020년 8월 19일 11시,수요일,경상북도 울진군 후포면,중상사고,0,1,0,0,차대차 - 측면충돌,안전운전불이행,건조,맑음,기타 - 기타,특수,남,44세,상해없음,승용,여,54세,중상
2020081900100246,2020년 8월 19일 12시,수요일,경상북도 경주시 성동동,경상사고,0,0,1,0,차대사람 - 차도통행중,안전운전불이행,건조,맑음,단일로 - 기타,승용,여,46세,상해없음,보행자,여,72세,경상
2020081900100247,2020년 8월 19일 12시,수요일,경상북도 영양군 영양읍,중상사고,0,2,0,0,차대차 - 측면충돌,직진우회전진행방해,건조,맑음,교차로 - 교차로안,화물,남,72세,상해없음,승용,여,67세,중상
2020081900100296,2020년 8월 19일 13시,수요일,경상북도 영천시 고경면,경상사고,0,0,2,0,차대차 - 측면충돌,안전운전불이행,건조,맑음,단일로 - 기타,승용,여,69세,경상,건설기계,남,46세,경상
2020081900100297,2020년 8월 19일 13시,수요일,경상북도 영천시 망정동,경상사고,0,0,1,0,차대차 - 측면충돌,중앙선침범,건조,맑음,교차로 - 교차로안,승합,남,54세,상해없음,이륜,남,44세,경상
2020081900100298,2020년 8월 19일 13시,수요일,경상북도 구미시 도량동,경상사고,0,0,1,0,차대차 - 추돌,안전운전불이행,건조,맑음,교차로 - 교차로부근,승용,여,72세,상해없음,승용,여,42세,경상
2020081900100299,2020년 8월 19일 13시,수요일,경상북도 포항시 남구 대송면,경상사고,0,0,2,0,차대차 - 측면충돌,직진우회전진행방해,건조,맑음,교차로 - 교차로안,승용,남,43세,경상,승용,남,59세,경상
2020081900100330,2020년 8월 19일 14시,수요일,경상북도 경주시 구정동,중상사고,0,1,0,0,차대차 - 측면충돌,안전운전불이행,건조,맑음,단일로 - 지하차도(도로)내,승합,남,42세,상해없음,자전거,남,65세,중상
2020081900100331,2020년 8월 19일 14시,수요일,경상북도 포항시 북구 청하면,경상사고,0,0,1,0,차대차 - 추돌,안전거리미확보,건조,맑음,교차로 - 교차로부근,승용,여,65세,상해없음,승용,남,52세,경상
2020081900100332,2020년 8월 19일 14시,수요일,경상북도 구미시 선산읍,중상사고,0,2,1,0,차대차 - 추돌,안전운전불이행,건조,맑음,단일로 - 교량,화물,남,49세,경상,화물,남,55세,중상
2020081900100409,2020년 8월 19일 16시,수요일,경상북도 포항시 북구 덕산동,경상사고,0,0,1,0,차대차 - 추돌,안전거리미확보,건조,맑음,단일로 - 기타,승용,남,24세,상해없음,승용,남,72세,경상
2020081900100410,2020년 8월 19일 16시,수요일,경상북도 안동시 북후면,중상사고,0,1,0,0,차대차 - 정면충돌,안전운전불이행,건조,맑음,교차로 - 교차로부근,이륜,남,65세,중상,사륜오토바이(ATV),여,76세,상해없음
2020081900100411,2020년 8월 19일 16시,수요일,경상북도 경산시 삼북동,경상사고,0,0,1,0,차대차 - 추돌,안전운전불이행,건조,맑음,단일로 - 기타,화물,남,57세,상해없음,승용,여,33세,경상
2020081900100412,2020년 8월 19일 16시,수요일,경상북도 성주군 선남면,경상사고,0,0,2,1,차대차 - 기타,안전운전불이행,건조,맑음,기타 - 기타,특수,남,62세,부상신고,승용,여,49세,경상
2020081900100413,2020년 8월 19일 16시,수요일,경상북도 성주군 선남면,경상사고,0,0,3,0,차대차 - 추돌,안전운전불이행,건조,맑음,단일로 - 기타,화물,남,47세,경상,승용,여,55세,경상
2020081900100414,2020년 8월 19일 16시,수요일,경상북도 성주군 선남면,중상사고,0,2,0,0,차대차 - 추돌,안전운전불이행,건조,맑음,단일로 - 기타,승용,남,56세,상해없음,승용,남,72세,중상
2020081900100415,2020년 8월 19일 16시,수요일,경상북도 포항시 남구 동촌동,경상사고,0,0,1,0,차대차 - 측면충돌,교차로운행방법위반,건조,맑음,교차로 - 교차로안,승합,남,51세,상해없음,승용,여,49세,경상
2020081900100455,2020년 8월 19일 17시,수요일,경상북도 경주시 황오동,경상사고,0,0,1,0,차대사람 - 횡단중,보행자보호의무위반,건조,맑음,교차로 - 교차로부근,승용,여,38세,상해없음,보행자,여,64세,경상
2020081900100456,2020년 8월 19일 17시,수요일,경상북도 포항시 북구 죽도동,중상사고,0,1,0,0,차대차 - 기타,안전운전불이행,건조,맑음,교차로 - 교차로안,승용,여,65세,상해없음,기타불명,남,69세,중상
2020081900100457,2020년 8월 19일 17시,수요일,경상북도 경산시 하양읍,경상사고,0,0,1,0,차대사람 - 횡단중,안전운전불이행,건조,맑음,단일로 - 기타,승용,남,40세,상해없음,보행자,여,62세,경상
2020081900100458,2020년 8월 19일 17시,수요일,경상북도 성주군 선남면,중상사고,0,1,0,0,차대차 - 측면충돌,직진우회전진행방해,건조,맑음,교차로 - 교차로안,승용,남,57세,상해없음,이륜,남,71세,중상
2020081900100498,2020년 8월 19일 18시,수요일,경상북도 봉화군 소천면,중상사고,0,1,0,0,차량단독 - 도로외이탈 - 기타,안전운전불이행,건조,맑음,단일로 - 기타,화물,여,57세,중상,,,,
2020081900100499,2020년 8월 19일 18시,수요일,경상북도 성주군 성주읍,중상사고,0,1,0,0,차대차 - 기타,불법유턴,건조,맑음,단일로 - 기타,승용,남,41세,기타불명,화물,남,45세,중상
2020081900100500,2020년 8월 19일 18시,수요일,경상북도 구미시 황상동,경상사고,0,0,2,0,차대차 - 추돌,안전거리미확보,건조,맑음,교차로 - 교차로부근,승용,남,48세,상해없음,승용,여,49세,경상
2020081900100547,2020년 8월 19일 19시,수요일,경상북도 포항시 북구 두호동,경상사고,0,0,2,0,차대차 - 추돌,안전거리미확보,건조,맑음,단일로 - 기타,화물,남,37세,상해없음,승용,남,33세,경상
2020081900100584,2020년 8월 19일 20시,수요일,경상북도 문경시 점촌동,부상신고사고,0,0,0,1,차대차 - 기타,안전운전불이행,건조,맑음,단일로 - 기타,승용,남,61세,상해없음,이륜,남,19세,부상신고
2020081900100585,2020년 8월 19일 20시,수요일,경상북도 구미시 구포동,경상사고,0,0,1,0,차대차 - 측면충돌,중앙선침범,건조,맑음,교차로 - 교차로부근,자전거,남,36세,경상,승용,남,42세,상해없음
2020081900100586,2020년 8월 19일 20시,수요일,경상북도 포항시 남구 대송면,경상사고,0,0,1,0,차대차 - 기타,안전운전불이행,건조,맑음,교차로 - 교차로안,승용,남,53세,상해없음,승용,남,44세,경상
2020081900100587,2020년 8월 19일 20시,수요일,경상북도 포항시 남구 상도동,경상사고,0,0,1,0,차대사람 - 기타,안전운전불이행,건조,맑음,교차로 - 교차로안,승용,남,61세,상해없음,보행자,남,23세,경상
2020081900100615,2020년 8월 19일 21시,수요일,경상북도 상주시 내서면,경상사고,0,0,2,0,차대차 - 추돌,안전거리미확보,건조,맑음,단일로 - 기타,승용,남,61세,상해없음,승용,남,60세,상해없음
2020081900100662,2020년 8월 19일 23시,수요일,경상북도 포항시 북구 대흥동,경상사고,0,0,2,3,차대차 - 측면충돌,신호위반,건조,맑음,교차로 - 교차로안,승용,남,28세,상해없음,화물,남,41세,경상
2020081900100663,2020년 8월 19일 23시,수요일,경상북도 안동시 옥동,중상사고,0,1,0,0,차대사람 - 길가장자리구역통행중,안전운전불이행,건조,맑음,단일로 - 기타,승용,여,38세,상해없음,보행자,남,45세,중상
2020082000100028,2020년 8월 20일 03시,목요일,경상북도 구미시 진평동,경상사고,0,0,2,0,차대차 - 기타,교차로운행방법위반,건조,맑음,교차로 - 교차로안,승용,남,42세,경상,승용,남,21세,상해없음
2020082000100051,2020년 8월 20일 06시,목요일,경상북도 포항시 북구 양덕동,경상사고,0,0,1,0,차대차 - 측면충돌,차로위반,건조,맑음,단일로 - 기타,승용,남,32세,기타불명,승용,남,62세,경상
2020082000100052,2020년 8월 20일 06시,목요일,경상북도 구미시 선기동,부상신고사고,0,0,0,1,차대사람 - 길가장자리구역통행중,안전운전불이행,건조,맑음,단일로 - 기타,승용,여,54세,상해없음,보행자,여,57세,부상신고
2020082000100111,2020년 8월 20일 08시,목요일,경상북도 김천시 농소면,경상사고,0,0,1,0,차대차 - 추돌,안전거리미확보,건조,맑음,교차로 - 교차로부근,승용,여,39세,상해없음,승용,남,63세,경상
2020082000100139,2020년 8월 20일 09시,목요일,경상북도 포항시 남구 대도동,경상사고,0,0,2,0,차대차 - 측면충돌,안전거리미확보,건조,맑음,교차로 - 교차로부근,이륜,남,76세,경상,승용,남,60세,경상
2020082000100248,2020년 8월 20일 12시,목요일,경상북도 안동시 정상동,경상사고,0,0,3,0,차대차 - 측면충돌,안전운전불이행,건조,맑음,교차로 - 교차로안,화물,남,60세,기타불명,승용,여,44세,경상