사고번호,사고일시,요일,시군구,사고내용,사망자수,중상자수,경상자수,부상신고자수,사고유형,법규위반,노면상태,기상상태,도로형태,가해운전자 차종,가해운전자 성별,가해운전자 연령,가해운전자 상해정도,피해운전자 차종,피해운전자 성별,피해운전자 연령,피해운전자 상해정도
2020082400100111,2020년 8월 24일 08시,월요일,경상북도 영주시 문수면,경상사고,0,0,1,0,차량단독 - 도로외이탈 - 기타,안전운전불이행,건조,맑음,단일로 - 기타,승용,여,38세,경상,,,,
2020082400100112,2020년 8월 24일 08시,월요일,경상북도 경산시 하양읍,경상사고,0,0,1,0,차대사람 - 횡단중,보행자보호의무위반,건조,맑음,단일로 - 기타,기타불명,기타불명,미분류,기타불명,보행자,남,25세,경상
2020082400100113,2020년 8월 24일 08시,월요일,경상북도 포항시 남구 지곡동,경상사고,0,0,1,0,차대차 - 추돌,안전운전불이행,건조,맑음,교차로 - 교차로부근,승용,남,59세,상해없음,승용,남,76세,상해없음
2020082400100151,2020년 8월 24일 09시,월요일,경상북도 경주시 성건동,경상사고,0,0,1,0,차대사람 - 기타,안전운전불이행,건조,맑음,기타 - 기타,화물,남,50세,상해없음,보행자,여,47세,경상
2020082400100152,2020년 8월 24일 09시,월요일,경상북도 경주시 건천읍,경상사고,0,0,1,0,차대차 - 측면충돌,안전운전불이행,건조,맑음,교차로 - 교차로안,원동기,남,72세,경상,화물,남,51세,상해없음
2020082400100153,2020년 8월 24일 09시,월요일,경상북도 김천시 황금동,경상사고,0,0,1,0,차대차 - 측면충돌,안전운전불이행,건조,맑음,기타 - 기타,승용,여,62세,상해없음,승용,남,58세,상해없음
2020082400100154,2020년 8월 24일 09시,월요일,경상북도 포항시 남구 괴동동,경상사고,0,0,1,0,차대차 - 추돌,안전운전불이행,건조,맑음,교차로 - 교차로부근,화물,남,53세,상해없음,화물,남,48세,경상
2020082400100188,2020년 8월 24일 10시,월요일,경상북도 영덕군 영덕읍,중상사고,0,1,1,0,차대차 - 측면충돌,직진우회전진행방해,건조,맑음,교차로 - 교차로안,승용,여,58세,경상,승용,남,83세,상해없음
2020082400100189,2020년 8월 24일 10시,월요일,경상북도 구미시 송정동,경상사고,0,0,2,0,차대차 - 기타,안전운전불이행,건조,맑음,교차로 - 교차로안,승용,남,66세,상해없음,승용,남,68세,경상
2020082400100190,2020년 8월 24일 10시,월요일,경상북도 포항시 남구 송도동,경상사고,0,0,1,0,차대차 - 측면충돌,안전운전불이행,건조,맑음,단일로 - 기타,승용,남,73세,상해없음,승용,남,73세,경상
2020082400100250,2020년 8월 24일 12시,월요일,경상북도 경산시 계양동,중상사고,0,1,0,0,차대차 - 추돌,안전운전불이행,건조,맑음,교차로 - 교차로부근,승용,여,42세,상해없음,승용,남,53세,중상
2020082400100251,2020년 8월 24일 12시,월요일,경상북도 성주군 성주읍,경상사고,0,0,1,0,차량단독 - 공작물충돌,안전운전불이행,건조,맑음,단일로 - 기타,승용,여,60세,경상,,,,
2020082400100252,2020년 8월 24일 12시,월요일,경상북도 경주시 율동,경상사고,0,0,1,0,차대차 - 추돌,안전운전불이행,건조,맑음,단일로 - 기타,화물,남,55세,상해없음,승용,여,57세,경상
2020082400100278,2020년 8월 24일 13시,월요일,경상북도 포항시 북구 대신동,중상사고,0,1,0,0,차대차 - 측면충돌,안전운전불이행,건조,맑음,교차로 - 교차로안,승용,여,64세,상해없음,자전거,남,75세,중상
2020082400100313,2020년 8월 24일 14시,월요일,경상북도 포항시 북구 장성동,경상사고,0,0,1,0,차대차 - 기타,안전운전불이행,건조,맑음,교차로 - 교차로부근,승용,남,24세,상해없음,이륜,남,20세,경상
2020082400100314,2020년 8월 24일 14시,월요일,경상북도 김천시 대항면,경상사고,0,0,3,0,차대차 - 추돌,안전거리미확보,건조,맑음,단일로 - 기타,특수,남,52세,상해없음,승용,남,79세,경상
2020082400100315,2020년 8월 24일 14시,월요일,경상북도 경산시 하양읍,중상사고,0,1,0,0,차대차 - 측면충돌,교차로운행방법위반,기타,맑음,교차로 - 교차로안,승용,여,64세,상해없음,승용,남,59세,중상
2020082400100316,2020년 8월 24일 14시,월요일,경상북도 영덕군 남정면,경상사고,0,0,4,1,차대차 - 추돌,안전운전불이행,건조,맑음,교차로 - 교차로안,화물,남,61세,부상신고,승용,남,46세,경상
2020082400100367,2020년 8월 24일 15시,월요일,경상북도 경주시 성건동,경상사고,0,0,1,0,차대차 - 측면충돌,안전운전불이행,건조,맑음,교차로 - 교차로안,이륜,여,65세,경상,이륜,남,40세,상해없음
2020082400100368,2020년 8월 24일 15시,월요일,경상북도 포항시 북구 기계면,부상신고사고,0,0,0,1,차대차 - 측면충돌,안전운전불이행,건조,맑음,교차로 - 교차로안,원동기,남,90세,부상신고,승용,여,61세,상해없음
2020082400100369,2020년 8월 24일 15시,월요일,경상북도 영주시 풍기읍,중상사고,0,1,0,0,차대사람 - 보도통행중,중앙선침범,건조,맑음,단일로 - 기타,화물,남,58세,상해없음,보행자,여,65세,중상
2020082400100370,2020년 8월 24일 15시,월요일,경상북도 영천시 완산동,경상사고,0,0,1,0,차대차 - 추돌,안전운전불이행,건조,맑음,교차로 - 교차로부근,승합,남,65세,상해없음,승용,여,68세,경상
2020082400100371,2020년 8월 24일 15시,월요일,경상북도 성주군 대가면,경상사고,0,0,2,0,차대차 - 측면충돌,신호위반,건조,맑음,교차로 - 교차로안,승용,여,67세,경상,화물,남,57세,경상
2020082400100456,2020년 8월 24일 17시,월요일,경상북도 포항시 남구 상도동,경상사고,0,0,1,0,차대차 - 기타,차로위반,건조,맑음,교차로 - 교차로부근,승용,남,46세,상해없음,승용,여,24세,경상
2020082400100503,2020년 8월 24일 18시,월요일,경상북도 포항시 북구 덕산동,경상사고,0,0,1,0,차대차 - 측면충돌,신호위반,건조,맑음,교차로 - 교차로안,승용,남,69세,상해없음,승용,남,30세,경상
2020082400100504,2020년 8월 24일 18시,월요일,경상북도 포항시 북구 죽도동,경상사고,0,0,1,0,차대차 - 추돌,안전거리미확보,건조,맑음,단일로 - 기타,승용,남,52세,상해없음,승용,남,62세,경상
2020082400100505,2020년 8월 24일 18시,월요일,경상북도 구미시 구포동,경상사고,0,0,1,0,차대사람 - 횡단중,안전운전불이행,건조,맑음,교차로 - 교차로안,승용,남,29세,상해없음,보행자,남,43세,경상
2020082400100550,2020년 8월 24일 19시,월요일,경상북도 영주시 가흥동,경상사고,0,0,1,0,차대차 - 측면충돌,신호위반,건조,맑음,교차로 - 교차로안,승용,남,67세,상해없음,승용,여,43세,경상
2020082400100551,2020년 8월 24일 19시,월요일,경상북도 경산시 갑제동,중상사고,0,1,0,0,차대차 - 정면충돌,중앙선침범,건조,맑음,단일로 - 기타,승합,남,26세,상해없음,승용,남,45세,중상
2020082400100552,2020년 8월 24일 19시,월요일,경상북도 구미시 공단동,경상사고,0,0,1,0,차대사람 - 횡단중,안전운전불이행,건조,맑음,교차로 - 교차로안,승용,남,25세,상해없음,보행자,남,76세,경상
2020082400100553,2020년 8월 24일 19시,월요일,경상북도 포항시 남구 연일읍,경상사고,0,0,1,0,차대차 - 측면충돌,안전운전불이행,건조,맑음,단일로 - 기타,승용,남,18세,상해없음,자전거,남,66세,경상
2020082400100589,2020년 8월 24일 20시,월요일,경상북도 경주시 양남면,경상사고,0,0,1,0,차대차 - 측면충돌,중앙선침범,건조,맑음,단일로 - 기타,이륜,남,64세,경상,승용,남,37세,상해없음
2020082400100590,2020년 8월 24일 20시,월요일,경상북도 영덕군 영덕읍,경상사고,0,0,8,0,차대차 - 정면충돌,중앙선침범,건조,맑음,단일로 - 교량,승용,남,75세,상해없음,승합,남,49세,경상
2020082400100614,2020년 8월 24일 21시,월요일,경상북도 김천시 신음동,경상사고,0,0,1,0,차량단독 - 기타,안전운전불이행,건조,맑음,교차로 - 교차로부근,자전거,남,61세,경상,,,,
2020082400100615,2020년 8월 24일 21시,월요일,경상북도 칠곡군 북삼읍,경상사고,0,0,1,0,차대차 - 측면충돌,직진우회전진행방해,건조,맑음,교차로 - 교차로안,승용,남,44세,상해없음,승용,여,37세,경상
2020082400100637,2020년 8월 24일 22시,월요일,경상북도 구미시 도량동,경상사고,0,0,1,0,차대차 - 기타,안전운전불이행,건조,맑음,교차로 - 교차로안,이륜,남,33세,상해없음,화물,남,48세,상해없음
2020082400100654,2020년 8월 24일 23시,월요일,경상북도 구미시 진평동,부상신고사고,0,0,0,1,차대사람 - 횡단중,안전운전불이행,건조,맑음,단일로 - 기타,기타불명,기타불명,미분류,기타불명,보행자,남,43세,부상신고
2020082500100008,2020년 8월 25일 00시,화요일,경상북도 안동시 풍산읍,경상사고,0,0,1,0,차대차 - 추돌,안전운전불이행,건조,맑음,단일로 - 기타,승용,남,38세,상해없음,화물,남,49세,경상
2020082500100033,2020년 8월 25일 03시,화요일,경상북도 청도군 운문면,사망사고,1,0,0,0,차량단독 - 공작물충돌,안전운전불이행,건조,맑음,단일로 - 지하차도(도로)내,이륜,남,22세,사망,,,,
2020082500100057,2020년 8월 25일 06시,화요일,경상북도 의성군 의성읍,경상사고,0,0,1,0,차대차 - 측면충돌,안전운전불이행,건조,맑음,교차로 - 교차로안,이륜,남,78세,경상,승용,여,51세,상해없음
2020082500100082,2020년 8월 25일 07시,화요일,경상북도 경주시 안강읍,경상사고,0,0,1,0,차대차 - 측면충돌,중앙선침범,건조,맑음,단일로 - 지하차도(도로)내,승용,여,58세,상해없음,승용,여,52세,경상
2020082500100083,2020년 8월 25일 07시,화요일,경상북도 포항시 남구 동해면,경상사고,0,0,2,0,차대차 - 추돌,안전거리미확보,건조,맑음,교차로 - 교차로부근,화물,남,52세,상해없음,승용,여,63세,경상
2020082500100112,2020년 8월 25일 08시,화요일,경상북도 경주시 서부동,경상사고,0,0,1,1,차대사람 - 횡단중,보행자보호의무위반,건조,맑음,교차로 - 교차로횡단보도내,이륜,남,49세,부상신고,보행자,여,84세,경상
2020082500100113,2020년 8월 25일 08시,화요일,경상북도 영천시 언하동,경상사고,0,0,2,0,차대차 - 측면충돌,안전거리미확보,건조,맑음,단일로 - 기타,승용,여,39세,경상,건설기계,남,66세,경상
2020082500100114,2020년 8월 25일 08시,화요일,경상북도 구미시 해평면,중상사고,0,1,0,0,차대차 - 기타,안전운전불이행,건조,맑음,단일로 - 기타,이륜,남,87세,중상,승용,여,30세,상해없음
2020082500100155,2020년 8월 25일 09시,화요일,경상북도 포항시 북구 창포동,경상사고,0,0,1,0,차대차 - 기타,안전운전불이행,건조,맑음,단일로 - 기타,승용,남,45세,상해없음,승용,여,40세,경상
2020082500100156,2020년 8월 25일 09시,화요일,경상북도 포항시 북구 용흥동,경상사고,0,0,1,0,차대차 - 측면충돌,안전운전불이행,건조,맑음,교차로 - 교차로안,승용,여,61세,상해없음,승용,여,52세,경상
2020082500100157,2020년 8월 25일 09시,화요일,경상북도 김천시 부곡동,중상사고,0,1,0,0,차대사람 - 기타,안전운전불이행,건조,맑음,교차로 - 교차로안,승합,남,41세,상해없음,보행자,남,39세,중상
2020082500100158,2020년 8월 25일 09시,화요일,경상북도 김천시 부곡동,사망사고,1,0,0,0,차대차 - 측면충돌,신호위반,건조,맑음,교차로 - 교차로안,이륜,남,67세,사망,승용,여,57세,상해없음
2020082500100159,2020년 8월 25일 09시,화요일,경상북도 영주시 가흥동,중상사고,0,2,5,0,차대차 - 추돌,안전운전불이행,건조,맑음,교차로 - 교차로부근,화물,남,50세,상해없음,화물,남,46세,경상
2020082500100185,2020년 8월 25일 10시,화요일,경상북도 경주시 현곡면,부상신고사고,0,0,0,1,차대차 - 측면충돌,안전운전불이행,건조,맑음,교차로 - 교차로안,이륜,남,69세,부상신고,건설기계,남,47세,상해없음
2020082500100186,2020년 8월 25일 10시,화요일,경상북도 경주시 양남면,중상사고,0,1,0,0,차대차 - 측면충돌,안전운전불이행,건조,맑음,교차로 - 교차로안,이륜,여,61세,중상,승용,여,47세,상해없음
2020082500100187,2020년 8월 25일 10시,화요일,경상북도 상주시 이안면,중상사고,0,1,3,0,차대차 - 추돌,안전거리미확보,건조,맑음,교차로 - 교차로안,승용,남,75세,경상,승합,남,44세,경상
2020082500100188,2020년 8월 25일 10시,화요일,경상북도 영주시 영주동,중상사고,0,1,0,0,차대사람 - 차도통행중,안전운전불이행,건조,맑음,교차로 - 교차로부근,승합,남,35세,상해없음,보행자,여,54세,중상
2020082500100189,2020년 8월 25일 10시,화요일,경상북도 칠곡군 동명면,중상사고,0,1,1,0,차대차 - 기타,안전운전불이행,건조,맑음,단일로 - 기타,건설기계,남,56세,상해없음,승용,여,51세,경상
2020082500100190,2020년 8월 25일 10시,화요일,경상북도 포항시 남구 송도동,중상사고,0,1,1,0,차대차 - 측면충돌,안전운전불이행,건조,맑음,교차로 - 교차로부근,자전거,남,70세,중상,이륜,남,65세,경상
2020082500100191,2020년 8월 25일 10시,화요일,경상북도 칠곡군 동명면,경상사고,0,0,2,0,차대차 - 추돌,안전운전불이행,건조,맑음,단일로 - 기타,승용,여,33세,상해없음,승용,남,53세,경상
2020082500100227,2020년 8월 25일 11시,화요일,경상북도 경주시 외동읍,경상사고,0,0,1,0,차대차 - 측면충돌,안전운전불이행,건조,맑음,단일로 - 기타,화물,남,51세,상해없음,승용,여,60세,경상
2020082500100228,2020년 8월 25일 11시,화요일,경상북도 상주시 낙동면,중상사고,0,1,3,0,차대차 - 추돌,안전운전불이행,건조,맑음,단일로 - 기타,승용,남,53세,상해없음,화물,남,42세,경상
2020082500100266,2020년 8월 25일 12시,화요일,경상북도 경주시 황성동,경상사고,0,0,1,0,차대차 - 측면충돌,안전운전불이행,건조,맑음,교차로 - 교차로부근,승용,여,49세,상해없음,승용,남,19세,경상
2020082500100267,2020년 8월 25일 12시,화요일,경상북도 안동시 당북동,경상사고,0,0,1,0,차대차 - 측면충돌,안전운전불이행,건조,맑음,단일로 - 기타,승용,여,53세,상해없음,자전거,남,46세,경상
2020082500100268,2020년 8월 25일 12시,화요일,경상북도 포항시 남구 연일읍,중상사고,0,1,0,0,차대차 - 기타,안전운전불이행,건조,맑음,단일로 - 기타,화물,남,50세,중상,승용,남,66세,기타불명
2020082500100304,2020년 8월 25일 13시,화요일,경상북도 포항시 북구 송라면,경상사고,0,0,1,0,차량단독 - 기타,기타,건조,맑음,단일로 - 기타,승합,남,54세,상해없음,,,,
2020082500100305,2020년 8월 25일 13시,화요일,경상북도 구미시 임은동,경상사고,0,0,2,0,차대차 - 기타,차로위반,건조,맑음,교차로 - 교차로부근,승용,남,29세,기타불명,승용,여,35세,경상
2020082500100339,2020년 8월 25일 14시,화요일,경상북도 포항시 북구 송라면,중상사고,0,1,0,0,차대차 - 측면충돌,교차로운행방법위반,건조,맑음,교차로 - 교차로안,이륜,남,72세,중상,화물,남,57세,상해없음
2020082500100372,2020년 8월 25일 15시,화요일,경상북도 경주시 황남동,경상사고,0,0,2,0,차대차 - 측면충돌,안전운전불이행,건조,맑음,교차로 - 교차로안,승용,남,50세,상해없음,승용,여,31세,경상
2020082500100373,2020년 8월 25일 15시,화요일,경상북도 봉화군 법전면,경상사고,0,0,1,0,차대차 - 후진중충돌,안전운전불이행,건조,맑음,단일로 - 기타,화물,남,53세,상해없음,화물,남,48세,경상
2020082500100406,2020년 8월 25일 16시,화요일,경상북도 구미시 송정동,중상사고,0,1,1,0,차대차 - 측면충돌,안전거리미확보,건조,맑음,교차로 - 교차로부근,화물,남,61세,중상,승용,여,26세,경상
2020082500100454,2020년 8월 25일 17시,화요일,경상북도 경주시 안강읍,경상사고,0,0,3,0,차대차 - 정면충돌,직진우회전진행방해,건조,맑음,교차로 - 교차로안,승용,여,42세,경상,화물,남,56세,경상
2020082500100455,2020년 8월 25일 17시,화요일,경상북도 포항시 북구 동빈2가,경상사고,0,0,1,0,차대차 - 기타,안전운전불이행,건조,맑음,단일로 - 기타,승용,여,43세,상해없음,승용,여,56세,경상
2020082500100456,2020년 8월 25일 17시,화요일,경상북도 영천시 야사동,경상사고,0,0,1,0,차대차 - 측면충돌,안전거리미확보,건조,맑음,단일로 - 기타,승용,남,40세,상해없음,이륜,남,37세,경상
2020082500100457,2020년 8월 25일 17시,화요일,경상북도 문경시 모전동,경상사고,0,0,2,0,차대차 - 측면충돌,기타,건조,맑음,교차로 - 교차로안,승합,남,60세,상해없음,승용,여,36세,경상
2020082500100458,2020년 8월 25일 17시,화요일,경상북도 경산시 사동,중상사고,0,2,1,0,차대차 - 정면충돌,중앙선침범,건조,맑음,교차로 - 교차로횡단보도내,화물,남,75세,경상,승용,여,53세,중상
2020082500100499,2020년 8월 25일 18시,화요일,경상북도 포항시 북구 용흥동,경상사고,0,0,1,0,차대차 - 추돌,안전거리미확보,건조,맑음,단일로 - 고가도로위,승용,남,53세,상해없음,승용,남,42세,경상
2020082500100500,2020년 8월 25일 18시,화요일,경상북도 구미시 공단동,중상사고,0,1,0,0,차대사람 - 횡단중,보행자보호의무위반,건조,맑음,교차로 - 교차로횡단보도내,승용,남,52세,상해없음,보행자,남,4세,중상
2020082500100501,2020년 8월 25일 18시,화요일,경상북도 구미시 진평동,경상사고,0,0,3,1,차대차 - 측면충돌,직진우회전진행방해,건조,맑음,교차로 - 교차로안,승용,여,60세,부상신고,승용,여,37세,경상
2020082500100535,2020년 8월 25일 19시,화요일,경상북도 경주시 건천읍,사망사고,1,0,0,0,차대사람 - 횡단중,안전운전불이행,건조,맑음,단일로 - 기타,승용,여,51세,상해없음,보행자,여,88세,사망
2020082500100536,2020년 8월 25일 19시,화요일,경상북도 포항시 북구 흥해읍,경상사고,0,0,1,0,차대차 - 추돌,안전거리미확보,건조,맑음,단일로 - 기타,승용,남,70세,상해없음,농기계,남,69세,경상
2020082500100537,2020년 8월 25일 19시,화요일,경상북도 포항시 북구 장성동,경상사고,0,0,1,0,차대차 - 측면충돌,안전운전불이행,건조,맑음,교차로 - 교차로부근,승용,남,62세,상해없음,승용,남,60세,경상
2020082500100538,2020년 8월 25일 19시,화요일,경상북도 영주시 풍기읍,사망사고,1,0,0,0,차대사람 - 기타,안전운전불이행,건조,맑음,교차로 - 교차로안,화물,남,80세,상해없음,보행자,여,83세,사망
2020082500100539,2020년 8월 25일 19시,화요일,경상북도 경산시 사동,경상사고,0,0,1,0,차대차 - 추돌,안전운전불이행,건조,맑음,단일로 - 기타,승용,남,31세,상해없음,승합,남,72세,경상
2020082500100540,2020년 8월 25일 19시,화요일,경상북도 영양군 일월면,경상사고,0,0,1,0,차량단독 - 도로외이탈 - 추락,안전운전불이행,건조,맑음,단일로 - 기타,화물,기타불명,미분류,기타불명,,,,
2020082500100541,2020년 8월 25일 19시,화요일,경상북도 구미시 형곡동,경상사고,0,0,1,0,차대차 - 기타,기타,건조,맑음,교차로 - 교차로부근,승합,남,57세,상해없음,원동기,남,27세,경상
2020082500100542,2020년 8월 25일 19시,화요일,경상북도 포항시 남구 해도동,중상사고,0,1,0,0,차대차 - 측면충돌,안전운전불이행,젖음/습기,맑음,단일로 - 기타,승용,남,28세,상해없음,이륜,남,36세,중상
2020082500100569,2020년 8월 25일 20시,화요일,경상북도 포항시 남구 대잠동,중상사고,0,1,0,0,차대사람 - 기타,보행자보호의무위반,건조,맑음,교차로 - 교차로횡단보도내,승용,남,41세,상해없음,보행자,여,59세,중상
2020082500100570,2020년 8월 25일 20시,화요일,경상북도 포항시 남구 오천읍,경상사고,0,0,1,0,차대차 - 추돌,안전운전불이행,건조,맑음,교차로 - 교차로부근,이륜,남,28세,경상,승용,남,28세,상해없음
2020082500100571,2020년 8월 25일 20시,화요일,경상북도 안동시 일직면,경상사고,0,0,1,0,차대차 - 기타,기타,건조,맑음,단일로 - 기타,화물,남,57세,상해없음,승용,남,42세,경상
2020082500100609,2020년 8월 25일 21시,화요일,경상북도 김천시 신음동,경상사고,0,0,1,0,차대사람 - 횡단중,보행자보호의무위반,건조,맑음,단일로 - 기타,승용,여,39세,상해없음,보행자,남,52세,경상
2020082500100610,2020년 8월 25일 21시,화요일,경상북도 칠곡군 동명면,중상사고,0,3,0,0,차대차 - 측면충돌,직진우회전진행방해,건조,맑음,교차로 - 교차로안,승용,남,28세,상해없음,승용,남,34세,중상
2020082500100643,2020년 8월 25일 22시,화요일,경상북도 안동시 정하동,경상사고,0,0,1,0,차대차 - 정면충돌,안전운전불이행,건조,맑음,단일로 - 기타,승용,남,50세,상해없음,승용,남,40세,경상
2020082500100644,2020년 8월 25일 22시,화요일,경상북도 구미시 원평동,경상사고,0,0,1,0,차대차 - 기타,안전운전불이행,건조,맑음,단일로 - 기타,승용,남,50세,상해없음,승용,남,65세,경상
2020082500100645,2020년 8월 25일 22시,화요일,경상북도 구미시 공단동,중상사고,0,1,0,0,차대사람 - 횡단중,신호위반,건조,맑음,교차로 - 교차로안,승용,남,26세,상해없음,보행자,남,53세,중상
2020082600100024,2020년 8월 26일 02시,수요일,경상북도 포항시 남구 동해면,중상사고,0,1,1,0,차량단독 - 기타,안전운전불이행,건조,맑음,단일로 - 기타,이륜,남,18세,경상,,,,
2020082600100025,2020년 8월 26일 03시,수요일,경상북도 예천군 예천읍,중상사고,0,1,0,0,차대사람 - 보도통행중,보행자보호의무위반,건조,맑음,교차로 - 교차로횡단보도내,화물,남,68세,상해없음,보행자,남,81세,중상
2020082600100074,2020년 8월 26일 07시,수요일,경상북도 포항시 북구 흥해읍,경상사고,0,0,1,0,차대차 - 기타,안전운전불이행,건조,맑음,단일로 - 기타,화물,남,67세,상해없음,승용,여,35세,경상
2020082600100075,2020년 8월 26일 07시,수요일,경상북도 구미시 옥계동,경상사고,0,0,1,0,차대사람 - 횡단중,보행자보호의무위반,건조,맑음,교차로 - 교차로횡단보도내,승용,여,35세,상해없음,보행자,남,50세,경상
2020082600100076,2020년 8월 26일 07시,수요일,경상북도 구미시 공단동,경상사고,0,0,1,0,차대차 - 정면충돌,중앙선침범,건조,맑음,단일로 - 기타,승용,남,27세,경상,화물,남,60세,상해없음
2020082600100102,2020년 8월 26일 08시,수요일,경상북도 안동시 송현동,경상사고,0,0,1,0,차대차 - 추돌,안전운전불이행,건조,맑음,교차로 - 교차로부근,이륜,남,70세,경상,화물,남,54세,상해없음
2020082600100103,2020년 8월 26일 08시,수요일,경상북도 안동시 녹전면,중상사고,0,1,0,0,차대차 - 기타,안전운전불이행,건조,맑음,단일로 - 기타,사륜오토바이(ATV),여,75세,중상,화물,남,75세,상해없음
2020082600100104,2020년 8월 26일 08시,수요일,경상북도 상주시 외서면,경상사고,0,0,2,0,차대차 - 추돌,안전운전불이행,건조,맑음,단일로 - 기타,화물,남,38세,상해없음,승용,남,42세,경상
2020082600100129,2020년 8월 26일 09시,수요일,경상북도 청도군 운문면,경상사고,0,0,1,0,차대차 - 정면충돌,중앙선침범,젖음/습기,비,단일로 - 기타,화물,남,60세,상해없음,승용,여,49세,경상
2020082600100148,2020년 8월 26일 10시,수요일,경상북도 문경시 점촌동,경상사고,0,0,1,0,차대차 - 추돌,안전운전불이행,건조,흐림,단일로 - 기타,이륜,여,70세,경상,승용,남,56세,상해없음
2020082600100179,2020년 8월 26일 11시,수요일,경상북도 경산시 진량읍,경상사고,0,0,2,0,차대차 - 측면충돌,안전거리미확보,건조,맑음,단일로 - 기타,승용,남,74세,상해없음,승용,남,47세,경상
2020082600100211,2020년 8월 26일 12시,수요일,경상북도 경주시 인왕동,경상사고,0,0,1,0,차대사람 - 횡단중,신호위반,건조,맑음,교차로 - 교차로부근,승용,여,28세,상해없음,보행자,남,34세,상해없음
2020082600100212,2020년 8월 26일 12시,수요일,경상북도 안동시 수상동,경상사고,0,0,2,0,차대차 - 측면충돌,안전거리미확보,건조,맑음,단일로 - 기타,승용,여,70세,경상,화물,남,52세,경상
2020082600100213,2020년 8월 26일 12시,수요일,경상북도 의성군 사곡면,중상사고,0,1,0,0,차대차 - 추돌,안전운전불이행,건조,맑음,단일로 - 기타,이륜,여,63세,중상,화물,남,47세,상해없음
2020082600100214,2020년 8월 26일 12시,수요일,경상북도 영천시 임고면,경상사고,0,0,1,0,차대차 - 측면충돌,직진우회전진행방해,건조,맑음,교차로 - 교차로안,화물,남,44세,상해없음,승용,여,57세,경상
2020082600100215,2020년 8월 26일 12시,수요일,경상북도 고령군 다산면,중상사고,0,1,0,0,차대차 - 정면충돌,중앙선침범,젖음/습기,비,단일로 - 지하차도(도로)내,원동기,남,48세,중상,화물,남,61세,상해없음
2020082600100253,2020년 8월 26일 13시,수요일,경상북도 김천시 부항면,중상사고,0,1,1,0,차대차 - 측면충돌,안전운전불이행,젖음/습기,비,교차로 - 교차로안,화물,남,57세,경상,승용,여,60세,중상
2020082600100254,2020년 8월 26일 13시,수요일,경상북도 경산시 평산동,경상사고,0,0,2,0,차대차 - 측면충돌,안전운전불이행,건조,맑음,단일로 - 기타,이륜,남,20세,상해없음,승용,여,50세,경상
2020082600100255,2020년 8월 26일 13시,수요일,경상북도 구미시 원평동,중상사고,0,1,0,0,차대차 - 기타,안전운전불이행,건조,맑음,교차로 - 교차로부근,이륜,남,34세,중상,승용,남,68세,상해없음
2020082600100256,2020년 8월 26일 13시,수요일,경상북도 구미시 구포동,중상사고,0,1,0,0,차량단독 - 전도전복 - 전도,안전운전불이행,건조,맑음,단일로 - 기타,이륜,남,62세,중상,,,,
2020082600100273,2020년 8월 26일 14시,수요일,경상북도 경산시 압량면,경상사고,0,0,1,0,차대차 - 측면충돌,안전운전불이행,건조,맑음,단일로 - 기타,화물,남,24세,기타불명,건설기계,남,45세,경상
2020082600100274,2020년 8월 26일 14시,수요일,경상북도 청도군 풍각면,중상사고,0,2,1,0,차대차 - 정면충돌,중앙선침범,건조,맑음,단일로 - 기타,화물,남,68세,상해없음,승용,여,49세,중상
2020082600100275,2020년 8월 26일 14시,수요일,경상북도 구미시 구포동,중상사고,0,1,0,0,차량단독 - 공작물충돌,안전운전불이행,건조,맑음,단일로 - 기타,이륜,남,30세,중상,,,,
2020082600100276,2020년 8월 26일 14시,수요일,경상북도 칠곡군 왜관읍,경상사고,0,0,1,0,차대차 - 측면충돌,안전운전불이행,젖음/습기,비,단일로 - 기타,승용,기타불명,미분류,기타불명,화물,남,65세,경상
2020082600100309,2020년 8월 26일 15시,수요일,경상북도 고령군 대가야읍,경상사고,0,0,2,0,차대차 - 정면충돌,중앙선침범,건조,맑음,단일로 - 기타,자전거,남,62세,경상,승용,남,30세,경상
2020082600100377,2020년 8월 26일 17시,수요일,경상북도 경주시 양남면,부상신고사고,0,0,0,1,차량단독 - 기타,안전운전불이행,건조,맑음,단일로 - 기타,이륜,남,42세,부상신고,,,,
2020082600100378,2020년 8월 26일 17시,수요일,경상북도 경주시 충효동,경상사고,0,0,1,0,차대차 - 추돌,안전운전불이행,건조,맑음,교차로 - 교차로부근,승용,남,34세,상해없음,승용,남,43세,경상
2020082600100379,2020년 8월 26일 17시,수요일,경상북도 경산시 백천동,경상사고,0,0,1,0,차대사람 - 횡단중,보행자보호의무위반,건조,맑음,교차로 - 교차로횡단보도내,승용,여,34세,상해없음,보행자,남,3세,경상
2020082600100380,2020년 8월 26일 17시,수요일,경상북도 군위군 군위읍,경상사고,0,0,1,0,차대차 - 기타,기타,건조,맑음,단일로 - 기타,승용,남,41세,상해없음,승용,여,59세,경상
2020082600100381,2020년 8월 26일 17시,수요일,경상북도 포항시 남구 동해면,경상사고,0,0,1,0,차대차 - 기타,안전운전불이행,건조,맑음,단일로 - 기타,승용,남,35세,상해없음,승용,남,33세,경상
2020082600100416,2020년 8월 26일 18시,수요일,경상북도 구미시 고아읍,경상사고,0,0,1,0,차대차 - 측면충돌,중앙선침범,건조,흐림,단일로 - 기타,승용,남,59세,상해없음,이륜,남,23세,경상