사고번호,사고일시,요일,시군구,사고내용,사망자수,중상자수,경상자수,부상신고자수,사고유형,법규위반,노면상태,기상상태,도로형태,가해운전자 차종,가해운전자 성별,가해운전자 연령,가해운전자 상해정도,피해운전자 차종,피해운전자 성별,피해운전자 연령,피해운전자 상해정도
2020082600100445,2020년 8월 26일 19시,수요일,경상북도 김천시 감천면,경상사고,0,0,1,0,차대차 - 후진중충돌,안전운전불이행,건조,맑음,단일로 - 기타,승용,남,43세,경상,건설기계,남,59세,상해없음
2020082600100476,2020년 8월 26일 20시,수요일,경상북도 구미시 원평동,중상사고,0,1,0,0,차대차 - 추돌,중앙선침범,건조,맑음,단일로 - 기타,자전거,남,11세,중상,이륜,남,53세,상해없음
2020082600100477,2020년 8월 26일 20시,수요일,경상북도 구미시 황상동,경상사고,0,0,1,0,차대차 - 추돌,안전거리미확보,건조,맑음,단일로 - 기타,승용,남,60세,상해없음,승용,남,25세,경상
2020082600100504,2020년 8월 26일 21시,수요일,경상북도 경주시 황성동,부상신고사고,0,0,0,1,차대차 - 후진중충돌,안전운전불이행,건조,맑음,단일로 - 기타,기타불명,남,57세,부상신고,승용,여,48세,상해없음
2020082600100505,2020년 8월 26일 21시,수요일,경상북도 상주시 낙동면,중상사고,0,1,0,0,차대사람 - 길가장자리구역통행중,안전운전불이행,건조,흐림,교차로 - 교차로안,승용,남,49세,상해없음,보행자,여,78세,중상
2020082600100506,2020년 8월 26일 21시,수요일,경상북도 구미시 원평동,경상사고,0,0,1,0,차대차 - 기타,직진우회전진행방해,건조,맑음,교차로 - 교차로안,승용,남,54세,상해없음,승용,남,62세,경상
2020082600100522,2020년 8월 26일 22시,수요일,경상북도 안동시 와룡면,중상사고,0,2,0,0,차대차 - 정면충돌,중앙선침범,건조,흐림,단일로 - 기타,승용,여,68세,중상,화물,남,33세,중상
2020082600100523,2020년 8월 26일 22시,수요일,경상북도 경산시 계양동,경상사고,0,0,2,0,차대차 - 추돌,안전거리미확보,건조,맑음,단일로 - 기타,승용,남,66세,상해없음,승용,남,26세,경상
2020082600100524,2020년 8월 26일 22시,수요일,경상북도 청도군 화양읍,경상사고,0,0,2,0,차대차 - 추돌,안전운전불이행,건조,맑음,단일로 - 지하차도(도로)내,승용,남,71세,상해없음,승용,여,58세,경상
2020082600100525,2020년 8월 26일 22시,수요일,경상북도 구미시 송정동,중상사고,0,1,1,1,차대차 - 측면충돌,안전운전불이행,건조,맑음,교차로 - 교차로부근,승용,남,46세,부상신고,승용,남,30세,경상
2020082600100550,2020년 8월 26일 23시,수요일,경상북도 포항시 북구 죽도동,경상사고,0,0,3,0,차대차 - 정면충돌,안전운전불이행,건조,맑음,단일로 - 기타,승용,여,53세,상해없음,승용,남,60세,경상
2020082700100032,2020년 8월 27일 04시,목요일,경상북도 경주시 용강동,경상사고,0,0,4,0,차대차 - 측면충돌,신호위반,건조,맑음,교차로 - 교차로안,화물,남,52세,경상,승용,남,19세,경상
2020082700100103,2020년 8월 27일 08시,목요일,경상북도 영천시 오수동,경상사고,0,0,2,0,차대차 - 추돌,안전운전불이행,젖음/습기,비,교차로 - 교차로부근,승용,남,34세,경상,승용,여,61세,경상
2020082700100135,2020년 8월 27일 09시,목요일,경상북도 경주시 동천동,중상사고,0,1,1,0,차대차 - 측면충돌,직진우회전진행방해,젖음/습기,비,교차로 - 교차로안,승용,여,56세,경상,승용,여,43세,중상
2020082700100136,2020년 8월 27일 09시,목요일,경상북도 포항시 북구 죽도동,경상사고,0,0,1,0,차대차 - 측면충돌,안전운전불이행,건조,맑음,단일로 - 기타,승용,남,88세,상해없음,승용,여,56세,경상
2020082700100137,2020년 8월 27일 09시,목요일,경상북도 포항시 북구 흥해읍,경상사고,0,0,3,0,차대차 - 추돌,안전운전불이행,건조,맑음,단일로 - 기타,승용,남,51세,경상,승용,남,31세,경상
2020082700100138,2020년 8월 27일 09시,목요일,경상북도 김천시 성내동,중상사고,0,1,0,0,차대차 - 측면충돌,안전운전불이행,건조,맑음,교차로 - 교차로안,화물,남,45세,상해없음,화물,여,52세,중상
2020082700100139,2020년 8월 27일 09시,목요일,경상북도 구미시 황상동,경상사고,0,0,1,0,차대차 - 기타,안전운전불이행,건조,맑음,교차로 - 교차로안,승용,여,46세,상해없음,승용,남,26세,경상
2020082700100140,2020년 8월 27일 09시,목요일,경상북도 포항시 남구 인덕동,중상사고,0,1,1,0,차대차 - 기타,교차로운행방법위반,건조,맑음,교차로 - 교차로안,승용,여,45세,경상,승용,여,33세,중상
2020082700100165,2020년 8월 27일 10시,목요일,경상북도 문경시 산양면,중상사고,0,1,0,0,차대사람 - 차도통행중,안전운전불이행,건조,맑음,교차로 - 교차로안,화물,남,33세,상해없음,보행자,여,86세,중상
2020082700100166,2020년 8월 27일 10시,목요일,경상북도 청도군 이서면,중상사고,0,1,0,0,차대사람 - 기타,보행자보호의무위반,건조,맑음,단일로 - 기타,화물,남,68세,상해없음,보행자,남,46세,중상
2020082700100191,2020년 8월 27일 11시,목요일,경상북도 칠곡군 왜관읍,경상사고,0,0,4,0,차대차 - 측면충돌,직진우회전진행방해,건조,맑음,교차로 - 교차로안,승합,남,57세,경상,승용,남,53세,경상
2020082700100192,2020년 8월 27일 11시,목요일,경상북도 문경시 모전동,경상사고,0,0,2,0,차대차 - 측면충돌,직진우회전진행방해,건조,맑음,교차로 - 교차로안,승용,남,67세,상해없음,화물,남,83세,상해없음
2020082700100193,2020년 8월 27일 11시,목요일,경상북도 문경시 가은읍,중상사고,0,1,0,0,차량단독 - 도로외이탈 - 기타,안전운전불이행,건조,맑음,단일로 - 기타,승용,여,62세,중상,,,,
2020082700100194,2020년 8월 27일 11시,목요일,경상북도 구미시 사곡동,경상사고,0,0,1,0,차대차 - 기타,안전운전불이행,건조,흐림,교차로 - 교차로안,승용,여,47세,상해없음,승용,남,46세,경상
2020082700100195,2020년 8월 27일 11시,목요일,경상북도 구미시 비산동,경상사고,0,0,1,0,차대차 - 측면충돌,교차로운행방법위반,건조,맑음,교차로 - 교차로안,승용,남,58세,상해없음,승용,남,42세,경상
2020082700100246,2020년 8월 27일 13시,목요일,경상북도 구미시 도량동,경상사고,0,0,1,0,차대차 - 측면충돌,안전운전불이행,건조,맑음,단일로 - 기타,승용,남,37세,상해없음,승용,남,37세,경상
2020082700100272,2020년 8월 27일 14시,목요일,경상북도 경주시 성건동,중상사고,0,1,0,0,차대차 - 정면충돌,신호위반,건조,맑음,교차로 - 교차로안,화물,남,30세,상해없음,승용,여,54세,중상
2020082700100273,2020년 8월 27일 14시,목요일,경상북도 경주시 성건동,부상신고사고,0,0,0,1,차대사람 - 기타,안전운전불이행,건조,맑음,단일로 - 기타,승용,남,33세,상해없음,보행자,여,26세,부상신고
2020082700100274,2020년 8월 27일 14시,목요일,경상북도 포항시 북구 죽도동,중상사고,0,1,0,0,차대사람 - 보도통행중,기타,건조,맑음,단일로 - 기타,승용,남,58세,상해없음,보행자,남,77세,중상
2020082700100275,2020년 8월 27일 14시,목요일,경상북도 안동시 광석동,경상사고,0,0,1,0,차대사람 - 보도통행중,안전운전불이행,건조,맑음,단일로 - 기타,승용,여,33세,상해없음,보행자,남,41세,경상
2020082700100276,2020년 8월 27일 14시,목요일,경상북도 안동시 용상동,중상사고,0,1,0,0,차대차 - 측면충돌,신호위반,건조,맑음,교차로 - 교차로안,승용,남,28세,상해없음,자전거,남,60세,중상
2020082700100317,2020년 8월 27일 15시,목요일,경상북도 경산시 옥산동,경상사고,0,0,1,0,차대차 - 측면충돌,안전운전불이행,기타,흐림,단일로 - 기타,승용,여,41세,상해없음,화물,남,53세,경상
2020082700100318,2020년 8월 27일 15시,목요일,경상북도 성주군 수륜면,경상사고,0,0,1,0,차대차 - 추돌,안전운전불이행,젖음/습기,비,단일로 - 기타,화물,남,57세,상해없음,승용,남,41세,기타불명
2020082700100319,2020년 8월 27일 15시,목요일,경상북도 청송군 진보면,경상사고,0,0,1,0,차대사람 - 횡단중,안전운전불이행,건조,맑음,단일로 - 지하차도(도로)내,화물,남,71세,상해없음,보행자,남,69세,경상
2020082700100355,2020년 8월 27일 16시,목요일,경상북도 영주시 영주동,경상사고,0,0,1,0,차대차 - 추돌,안전운전불이행,젖음/습기,흐림,단일로 - 기타,승용,남,61세,상해없음,승용,여,39세,경상
2020082700100356,2020년 8월 27일 16시,목요일,경상북도 구미시 선산읍,중상사고,0,1,0,0,차대차 - 측면충돌,신호위반,건조,맑음,교차로 - 교차로안,승용,남,31세,상해없음,승용,남,52세,중상
2020082700100357,2020년 8월 27일 16시,목요일,경상북도 포항시 남구 상도동,경상사고,0,0,3,0,차대차 - 기타,안전운전불이행,건조,맑음,교차로 - 교차로안,화물,남,84세,경상,승용,여,46세,경상
2020082700100358,2020년 8월 27일 16시,목요일,경상북도 포항시 남구 대도동,중상사고,0,1,0,0,차대차 - 측면충돌,안전운전불이행,건조,맑음,단일로 - 기타,승용,남,40세,상해없음,자전거,남,64세,중상
2020082700100386,2020년 8월 27일 17시,목요일,경상북도 칠곡군 왜관읍,경상사고,0,0,2,0,차대차 - 측면충돌,안전운전불이행,건조,맑음,주차장 - 주차장,승용,여,45세,경상,승용,여,59세,경상
2020082700100388,2020년 8월 27일 17시,목요일,경상북도 청도군 금천면,경상사고,0,0,1,0,차대차 - 정면충돌,안전운전불이행,건조,맑음,단일로 - 기타,승용,남,73세,상해없음,승용,여,53세,경상
2020082700100389,2020년 8월 27일 17시,목요일,경상북도 포항시 남구 괴동동,경상사고,0,0,2,0,차대차 - 추돌,안전운전불이행,건조,맑음,단일로 - 기타,승용,여,29세,상해없음,승용,남,50세,경상
2020082700100390,2020년 8월 27일 17시,목요일,경상북도 포항시 남구 구룡포읍,경상사고,0,0,4,0,차대차 - 측면충돌,안전운전불이행,건조,맑음,단일로 - 기타,화물,남,72세,상해없음,승용,남,48세,경상
2020082700100429,2020년 8월 27일 18시,목요일,경상북도 경주시 동천동,경상사고,0,0,1,0,차대사람 - 길가장자리구역통행중,안전운전불이행,건조,맑음,단일로 - 기타,승용,여,46세,상해없음,보행자,남,26세,경상
2020082700100430,2020년 8월 27일 18시,목요일,경상북도 영천시 야사동,경상사고,0,0,1,0,차대사람 - 횡단중,안전운전불이행,건조,맑음,교차로 - 교차로안,승용,남,28세,상해없음,보행자,남,59세,경상
2020082700100431,2020년 8월 27일 18시,목요일,경상북도 구미시 시미동,경상사고,0,0,1,0,차대차 - 기타,안전운전불이행,건조,맑음,교차로 - 교차로안,승용,남,28세,상해없음,승용,남,33세,경상
2020082700100494,2020년 8월 27일 20시,목요일,경상북도 포항시 남구 오천읍,중상사고,0,1,0,0,차대차 - 기타,안전운전불이행,건조,맑음,교차로 - 교차로안,이륜,남,36세,중상,승용,남,29세,상해없음
2020082700100523,2020년 8월 27일 21시,목요일,경상북도 경주시 동천동,경상사고,0,0,1,0,차대사람 - 길가장자리구역통행중,안전운전불이행,건조,맑음,단일로 - 기타,승합,남,42세,상해없음,보행자,남,59세,경상
2020082700100524,2020년 8월 27일 21시,목요일,경상북도 포항시 북구 학산동,경상사고,0,0,3,0,차대차 - 측면충돌,교차로운행방법위반,건조,맑음,교차로 - 교차로부근,승용,여,21세,상해없음,승용,여,63세,경상
2020082700100542,2020년 8월 27일 22시,목요일,경상북도 경주시 외동읍,중상사고,0,1,0,0,차대차 - 측면충돌,안전운전불이행,건조,맑음,단일로 - 지하차도(도로)내,화물,남,51세,상해없음,승용,남,28세,중상
2020082700100543,2020년 8월 27일 22시,목요일,경상북도 경주시 사정동,중상사고,0,1,0,0,차대차 - 측면충돌,안전운전불이행,건조,맑음,교차로 - 교차로안,승용,남,23세,상해없음,승용,여,49세,중상
2020082800100022,2020년 8월 28일 01시,금요일,경상북도 구미시 임수동,중상사고,0,1,1,0,차대차 - 기타,안전운전불이행,건조,맑음,교차로 - 교차로부근,승용,남,34세,상해없음,승용,여,49세,중상
2020082800100031,2020년 8월 28일 02시,금요일,경상북도 포항시 북구 양덕동,경상사고,0,0,1,0,차대사람 - 횡단중,안전운전불이행,건조,맑음,단일로 - 기타,승용,여,40세,상해없음,보행자,남,21세,경상
2020082800100083,2020년 8월 28일 07시,금요일,경상북도 김천시 감호동,중상사고,0,2,0,0,차대차 - 측면충돌,안전운전불이행,건조,맑음,교차로 - 교차로안,화물,남,79세,상해없음,화물,남,61세,중상
2020082800100084,2020년 8월 28일 07시,금요일,경상북도 칠곡군 북삼읍,경상사고,0,0,2,0,차대차 - 측면충돌,교차로운행방법위반,건조,맑음,교차로 - 교차로안,승용,남,44세,경상,승용,남,61세,경상
2020082800100085,2020년 8월 28일 07시,금요일,경상북도 경산시 진량읍,중상사고,0,2,0,0,차대차 - 측면충돌,안전운전불이행,건조,맑음,교차로 - 교차로안,승용,남,33세,중상,승용,남,33세,중상
2020082800100086,2020년 8월 28일 07시,금요일,경상북도 구미시 상모동,사망사고,1,0,0,0,차대차 - 기타,안전운전불이행,건조,맑음,교차로 - 교차로안,자전거,여,60세,사망,승합,남,55세,상해없음
2020082800100136,2020년 8월 28일 09시,금요일,경상북도 안동시 옥동,경상사고,0,0,1,0,차대차 - 측면충돌,교차로운행방법위반,건조,맑음,교차로 - 교차로안,승용,남,62세,상해없음,화물,남,57세,상해없음
2020082800100137,2020년 8월 28일 09시,금요일,경상북도 김천시 모암동,중상사고,0,1,0,0,차대사람 - 횡단중,보행자보호의무위반,건조,맑음,교차로 - 교차로횡단보도내,승합,남,69세,상해없음,보행자,여,79세,중상
2020082800100138,2020년 8월 28일 09시,금요일,경상북도 영천시 도림동,중상사고,0,1,1,0,차대차 - 추돌,안전운전불이행,건조,맑음,교차로 - 교차로부근,승용,남,76세,상해없음,승용,여,37세,경상
2020082800100139,2020년 8월 28일 09시,금요일,경상북도 청도군 각북면,중상사고,0,1,0,0,차대차 - 추돌,안전거리미확보,건조,맑음,단일로 - 기타,승용,여,56세,상해없음,승용,여,67세,중상
2020082800100140,2020년 8월 28일 09시,금요일,경상북도 구미시 송정동,중상사고,0,1,0,0,차대차 - 측면충돌,교차로운행방법위반,건조,맑음,교차로 - 교차로안,이륜,남,27세,중상,승용,남,36세,상해없음
2020082800100169,2020년 8월 28일 10시,금요일,경상북도 안동시 당북동,중상사고,0,1,0,0,차대차 - 정면충돌,안전운전불이행,건조,맑음,단일로 - 기타,자전거,남,80세,중상,승용,남,53세,상해없음
2020082800100170,2020년 8월 28일 10시,금요일,경상북도 문경시 산양면,경상사고,0,0,2,0,차대차 - 측면충돌,안전운전불이행,건조,맑음,단일로 - 기타,이륜,남,64세,경상,승합,남,44세,경상
2020082800100191,2020년 8월 28일 11시,금요일,경상북도 경주시 외동읍,중상사고,0,1,0,0,차대차 - 측면충돌,교차로운행방법위반,젖음/습기,맑음,교차로 - 교차로안,화물,남,39세,상해없음,이륜,남,71세,중상
2020082800100192,2020년 8월 28일 11시,금요일,경상북도 문경시 흥덕동,경상사고,0,0,2,0,차대차 - 기타,차로위반,건조,맑음,교차로 - 교차로부근,화물,남,70세,경상,화물,남,41세,상해없음
2020082800100193,2020년 8월 28일 11시,금요일,경상북도 영덕군 강구면,중상사고,0,1,3,0,차대차 - 측면충돌,신호위반,건조,맑음,교차로 - 교차로안,화물,남,82세,상해없음,화물,남,52세,경상
2020082800100194,2020년 8월 28일 11시,금요일,경상북도 구미시 고아읍,부상신고사고,0,0,0,1,차대차 - 기타,안전운전불이행,젖음/습기,흐림,주차장 - 주차장,이륜,남,91세,부상신고,승용,남,61세,상해없음
2020082800100297,2020년 8월 28일 14시,금요일,경상북도 상주시 남성동,중상사고,0,1,0,0,차대사람 - 횡단중,안전운전불이행,건조,맑음,단일로 - 기타,승용,남,28세,상해없음,보행자,남,36세,중상
2020082800100298,2020년 8월 28일 14시,금요일,경상북도 영천시 문외동,경상사고,0,0,1,0,차대차 - 측면충돌,안전운전불이행,건조,맑음,주차장 - 주차장,승용,남,41세,상해없음,승용,남,61세,경상
2020082800100299,2020년 8월 28일 14시,금요일,경상북도 성주군 초전면,경상사고,0,0,1,0,차대차 - 측면충돌,안전운전불이행,건조,맑음,단일로 - 기타,이륜,남,79세,경상,승용,여,47세,상해없음
2020082800100300,2020년 8월 28일 14시,금요일,경상북도 구미시 신평동,중상사고,0,1,1,0,차대차 - 기타,안전운전불이행,건조,맑음,단일로 - 기타,화물,남,26세,상해없음,승용,남,31세,경상
2020082800100301,2020년 8월 28일 14시,금요일,경상북도 포항시 남구 청림동,경상사고,0,0,1,0,차대차 - 측면충돌,안전운전불이행,건조,맑음,교차로 - 교차로부근,이륜,남,56세,경상,승합,남,58세,상해없음
2020082800100336,2020년 8월 28일 15시,금요일,경상북도 경주시 감포읍,사망사고,1,0,0,0,차량단독 - 도로외이탈 - 추락,안전운전불이행,건조,맑음,단일로 - 기타,이륜,남,78세,사망,,,,
2020082800100337,2020년 8월 28일 15시,금요일,경상북도 경주시 현곡면,부상신고사고,0,0,0,1,차량단독 - 공작물충돌,안전운전불이행,건조,맑음,단일로 - 기타,승용,여,42세,부상신고,,,,
2020082800100387,2020년 8월 28일 16시,금요일,경상북도 경주시 용강동,중상사고,0,1,1,0,차대차 - 측면충돌,신호위반,건조,맑음,교차로 - 교차로안,승용,남,77세,상해없음,승용,남,47세,중상
2020082800100388,2020년 8월 28일 16시,금요일,경상북도 포항시 북구 학잠동,경상사고,0,0,1,0,차대차 - 기타,교차로운행방법위반,건조,맑음,교차로 - 교차로안,승용,남,67세,상해없음,승용,남,53세,경상
2020082800100389,2020년 8월 28일 16시,금요일,경상북도 구미시 산동면,경상사고,0,0,1,0,차대차 - 기타,기타,건조,맑음,단일로 - 기타,승용,남,65세,상해없음,승용,남,62세,경상
2020082800100436,2020년 8월 28일 17시,금요일,경상북도 영천시 창구동,경상사고,0,0,2,0,차대차 - 측면충돌,안전운전불이행,건조,맑음,교차로 - 교차로안,승용,여,63세,상해없음,승용,남,78세,경상
2020082800100437,2020년 8월 28일 17시,금요일,경상북도 구미시 산동면,경상사고,0,0,1,1,차대차 - 측면충돌,교차로운행방법위반,건조,맑음,교차로 - 교차로안,승용,여,31세,부상신고,승용,남,39세,경상
2020082800100438,2020년 8월 28일 17시,금요일,경상북도 포항시 남구 상도동,경상사고,0,0,2,0,차대차 - 후진중충돌,안전운전불이행,건조,맑음,주차장 - 주차장,승용,남,71세,상해없음,승용,여,46세,경상
2020082800100439,2020년 8월 28일 17시,금요일,경상북도 포항시 남구 청림동,부상신고사고,0,0,0,1,차대차 - 기타,안전운전불이행,건조,맑음,교차로 - 교차로안,승용,여,59세,부상신고,승용,여,59세,상해없음
2020082800100484,2020년 8월 28일 18시,금요일,경상북도 경산시 진량읍,부상신고사고,0,0,0,1,차대차 - 정면충돌,안전운전불이행,건조,맑음,교차로 - 교차로안,이륜,남,60세,부상신고,승용,남,38세,상해없음
2020082800100485,2020년 8월 28일 18시,금요일,경상북도 봉화군 법전면,경상사고,0,0,1,0,차량단독 - 공작물충돌,안전운전불이행,건조,맑음,기타 - 기타,승용,여,42세,경상,,,,
2020082800100486,2020년 8월 28일 18시,금요일,경상북도 구미시 고아읍,경상사고,0,0,2,0,차대차 - 기타,안전운전불이행,건조,맑음,단일로 - 기타,승용,여,46세,상해없음,승용,남,60세,상해없음
2020082800100487,2020년 8월 28일 18시,금요일,경상북도 포항시 남구 인덕동,경상사고,0,0,1,0,차대차 - 측면충돌,교차로운행방법위반,건조,맑음,교차로 - 교차로안,승용,남,71세,경상,승용,남,61세,상해없음
2020082800100525,2020년 8월 28일 19시,금요일,경상북도 포항시 남구 오천읍,중상사고,0,1,0,0,차대차 - 측면충돌,안전운전불이행,건조,맑음,교차로 - 교차로부근,승용,남,61세,상해없음,이륜,남,40세,중상
2020082800100562,2020년 8월 28일 20시,금요일,경상북도 안동시 옥동,중상사고,0,1,0,0,차대사람 - 횡단중,안전운전불이행,젖음/습기,비,단일로 - 기타,승용,남,61세,상해없음,보행자,남,76세,중상
2020082800100563,2020년 8월 28일 20시,금요일,경상북도 구미시 상모동,중상사고,0,1,2,0,차대사람 - 횡단중,중앙선침범,건조,맑음,교차로 - 교차로횡단보도내,승용,여,57세,상해없음,보행자,남,45세,중상
2020082800100564,2020년 8월 28일 20시,금요일,경상북도 포항시 남구 오천읍,경상사고,0,0,1,0,차대차 - 기타,안전운전불이행,건조,맑음,교차로 - 교차로부근,승용,남,25세,상해없음,이륜,남,38세,경상
2020082800100624,2020년 8월 28일 22시,금요일,경상북도 구미시 원평동,부상신고사고,0,0,0,1,차대차 - 기타,안전운전불이행,건조,맑음,교차로 - 교차로안,자전거,남,68세,부상신고,승용,여,36세,상해없음
2020082800100625,2020년 8월 28일 22시,금요일,경상북도 구미시 도개면,중상사고,0,1,0,0,차대차 - 기타,안전운전불이행,건조,맑음,단일로 - 기타,화물,남,42세,상해없음,자전거,남,58세,중상
2020082900100043,2020년 8월 29일 02시,토요일,경상북도 김천시 남면,중상사고,0,1,0,0,차량단독 - 전도전복 - 전도,안전운전불이행,건조,맑음,단일로 - 기타,개인형이동수단(PM),남,40세,중상,,,,
2020082900100060,2020년 8월 29일 04시,토요일,경상북도 상주시 외답동,경상사고,0,0,1,0,차량단독 - 전도전복 - 전도,안전운전불이행,건조,맑음,단일로 - 기타,이륜,남,23세,경상,,,,
2020082900100061,2020년 8월 29일 04시,토요일,경상북도 의성군 점곡면,사망사고,1,0,1,0,차량단독 - 전도전복 - 전복,안전운전불이행,젖음/습기,흐림,단일로 - 기타,승용,남,47세,사망,,,,
2020082900100071,2020년 8월 29일 05시,토요일,경상북도 경주시 암곡동,사망사고,1,0,0,0,차대차 - 정면충돌,중앙선침범,건조,맑음,단일로 - 기타,승용,남,62세,상해없음,농기계,남,68세,사망
2020082900100087,2020년 8월 29일 06시,토요일,경상북도 포항시 북구 대흥동,중상사고,0,1,0,0,차대사람 - 횡단중,보행자보호의무위반,건조,맑음,교차로 - 교차로부근,승용,남,72세,상해없음,보행자,여,60세,중상
2020082900100102,2020년 8월 29일 07시,토요일,경상북도 의성군 의성읍,경상사고,0,0,1,0,차대차 - 추돌,안전운전불이행,건조,맑음,단일로 - 기타,화물,남,54세,상해없음,승용,남,60세,경상
2020082900100118,2020년 8월 29일 08시,토요일,경상북도 경산시 압량면,경상사고,0,0,1,0,차대차 - 측면충돌,직진우회전진행방해,건조,맑음,단일로 - 지하차도(도로)내,승용,남,80세,상해없음,승용,남,30세,경상
2020082900100140,2020년 8월 29일 09시,토요일,경상북도 칠곡군 왜관읍,중상사고,0,1,0,0,차대차 - 측면충돌,안전운전불이행,건조,맑음,단일로 - 기타,승용,남,73세,상해없음,이륜,남,67세,중상
2020082900100141,2020년 8월 29일 09시,토요일,경상북도 문경시 점촌동,경상사고,0,0,1,0,차대차 - 기타,안전운전불이행,건조,맑음,기타 - 기타,승용,남,58세,상해없음,이륜,여,63세,경상
2020082900100142,2020년 8월 29일 09시,토요일,경상북도 경산시 압량면,경상사고,0,0,2,0,차대차 - 기타,안전운전불이행,건조,맑음,교차로 - 교차로부근,승용,남,44세,상해없음,승용,남,38세,경상
2020082900100162,2020년 8월 29일 10시,토요일,경상북도 경주시 성동동,중상사고,0,1,0,0,차대차 - 측면충돌,안전운전불이행,건조,맑음,교차로 - 교차로부근,승용,남,29세,상해없음,자전거,여,67세,중상
2020082900100163,2020년 8월 29일 10시,토요일,경상북도 상주시 중동면,중상사고,0,1,0,0,차대차 - 추돌,안전운전불이행,건조,흐림,단일로 - 기타,화물,남,36세,상해없음,이륜,여,78세,중상
2020082900100164,2020년 8월 29일 10시,토요일,경상북도 경산시 대평동,경상사고,0,0,1,0,차대차 - 정면충돌,직진우회전진행방해,건조,흐림,교차로 - 교차로안,승용,남,27세,상해없음,승용,여,48세,경상
2020082900100205,2020년 8월 29일 11시,토요일,경상북도 안동시 광석동,중상사고,0,1,0,0,차대사람 - 기타,안전운전불이행,건조,맑음,단일로 - 기타,승용,여,65세,상해없음,보행자,여,83세,중상
2020082900100206,2020년 8월 29일 11시,토요일,경상북도 구미시 오태동,경상사고,0,0,1,0,차대사람 - 기타,안전운전불이행,건조,흐림,교차로 - 교차로안,승용,여,48세,상해없음,보행자,남,57세,경상
2020082900100236,2020년 8월 29일 12시,토요일,경상북도 안동시 신안동,경상사고,0,0,1,0,차대차 - 추돌,안전운전불이행,건조,맑음,교차로 - 교차로부근,승용,남,44세,상해없음,승용,여,49세,경상
2020082900100237,2020년 8월 29일 12시,토요일,경상북도 구미시 원평동,경상사고,0,0,1,0,차대사람 - 기타,보행자보호의무위반,건조,맑음,단일로 - 기타,화물,남,56세,상해없음,보행자,남,66세,경상
2020082900100277,2020년 8월 29일 13시,토요일,경상북도 안동시 풍산읍,경상사고,0,0,4,0,차대차 - 측면충돌,직진우회전진행방해,건조,맑음,교차로 - 교차로안,승용,남,48세,경상,화물,남,47세,경상
2020082900100308,2020년 8월 29일 14시,토요일,경상북도 경주시 성건동,중상사고,0,1,4,0,차대차 - 추돌,안전운전불이행,건조,맑음,단일로 - 지하차도(도로)내,승용,남,63세,상해없음,승용,남,44세,경상
2020082900100309,2020년 8월 29일 14시,토요일,경상북도 영천시 금노동,중상사고,0,1,0,0,차대차 - 측면충돌,중앙선침범,건조,맑음,단일로 - 기타,화물,여,52세,상해없음,이륜,남,18세,중상
2020082900100310,2020년 8월 29일 14시,토요일,경상북도 예천군 지보면,부상신고사고,0,0,0,1,차대차 - 측면충돌,안전운전불이행,건조,맑음,교차로 - 교차로안,이륜,남,63세,부상신고,승용,남,42세,상해없음
2020082900100339,2020년 8월 29일 15시,토요일,경상북도 안동시 길안면,경상사고,0,0,6,0,차대차 - 정면충돌,안전운전불이행,건조,맑음,단일로 - 기타,승용,여,48세,경상,승용,남,28세,경상
2020082900100340,2020년 8월 29일 15시,토요일,경상북도 상주시 낙동면,부상신고사고,0,0,0,1,차대차 - 기타,안전거리미확보,건조,맑음,단일로 - 기타,자전거,남,40세,부상신고,승용,남,28세,상해없음
2020082900100341,2020년 8월 29일 15시,토요일,경상북도 구미시 장천면,경상사고,0,0,1,0,차대차 - 측면충돌,교차로운행방법위반,건조,맑음,교차로 - 교차로안,화물,남,46세,상해없음,승용,남,36세,경상
2020082900100402,2020년 8월 29일 17시,토요일,경상북도 영천시 망정동,경상사고,0,0,1,0,차대차 - 측면충돌,안전운전불이행,건조,맑음,교차로 - 교차로부근,승용,남,33세,상해없음,이륜,남,51세,경상
2020082900100428,2020년 8월 29일 18시,토요일,경상북도 경주시 양북면,중상사고,0,1,3,0,차대차 - 측면충돌,안전운전불이행,건조,맑음,단일로 - 기타,승용,남,57세,중상,승합,남,54세,경상
2020082900100469,2020년 8월 29일 19시,토요일,경상북도 상주시 냉림동,경상사고,0,0,1,0,차대차 - 측면충돌,안전운전불이행,젖음/습기,비,단일로 - 기타,승합,여,65세,상해없음,이륜,남,38세,경상
2020082900100470,2020년 8월 29일 19시,토요일,경상북도 영천시 청통면,경상사고,0,0,1,0,차대차 - 측면충돌,안전운전불이행,건조,맑음,주차장 - 주차장,개인형이동수단(PM),남,58세,상해없음,승용,여,40세,경상
2020082900100471,2020년 8월 29일 19시,토요일,경상북도 문경시 가은읍,중상사고,0,1,0,0,차대차 - 정면충돌,중앙선침범,젖음/습기,비,단일로 - 기타,승용,남,46세,상해없음,이륜,남,59세,중상
2020082900100499,2020년 8월 29일 20시,토요일,경상북도 안동시 용상동,중상사고,0,1,0,0,차대사람 - 횡단중,안전운전불이행,건조,맑음,단일로 - 기타,승용,남,37세,상해없음,보행자,여,60세,중상