사고번호,사고일시,요일,시군구,사고내용,사망자수,중상자수,경상자수,부상신고자수,사고유형,법규위반,노면상태,기상상태,도로형태,가해운전자 차종,가해운전자 성별,가해운전자 연령,가해운전자 상해정도,피해운전자 차종,피해운전자 성별,피해운전자 연령,피해운전자 상해정도
2020082900100500,2020년 8월 29일 20시,토요일,경상북도 영주시 가흥동,경상사고,0,0,1,0,차대차 - 측면충돌,안전운전불이행,건조,맑음,교차로 - 교차로부근,승용,여,26세,기타불명,이륜,남,30세,경상
2020082900100535,2020년 8월 29일 21시,토요일,경상북도 김천시 성내동,부상신고사고,0,0,0,1,차대차 - 측면충돌,신호위반,건조,맑음,교차로 - 교차로안,승용,남,23세,상해없음,승용,남,61세,상해없음
2020082900100549,2020년 8월 29일 22시,토요일,경상북도 포항시 북구 양덕동,경상사고,0,0,3,0,차대차 - 측면충돌,신호위반,건조,맑음,교차로 - 교차로안,이륜,남,28세,경상,승용,남,70세,경상
2020082900100550,2020년 8월 29일 22시,토요일,경상북도 안동시 송현동,경상사고,0,0,3,0,차대차 - 측면충돌,안전거리미확보,젖음/습기,비,단일로 - 기타,승용,남,30세,상해없음,승용,여,44세,경상
2020082900100551,2020년 8월 29일 22시,토요일,경상북도 김천시 신음동,경상사고,0,0,2,0,차대차 - 측면충돌,안전운전불이행,젖음/습기,비,단일로 - 기타,승용,여,66세,상해없음,승용,여,43세,경상
2020082900100552,2020년 8월 29일 22시,토요일,경상북도 경산시 대평동,경상사고,0,0,1,0,차대차 - 추돌,안전운전불이행,건조,맑음,교차로 - 교차로부근,이륜,남,61세,상해없음,승용,남,51세,상해없음
2020082900100572,2020년 8월 29일 23시,토요일,경상북도 포항시 북구 항구동,경상사고,0,0,2,0,차대차 - 기타,안전운전불이행,건조,맑음,교차로 - 교차로안,이륜,남,28세,상해없음,승용,남,43세,경상
2020082900100573,2020년 8월 29일 23시,토요일,경상북도 포항시 북구 장성동,사망사고,1,0,0,0,차대사람 - 횡단중,신호위반,건조,맑음,단일로 - 기타,승용,남,43세,상해없음,보행자,남,49세,사망
2020082900100574,2020년 8월 29일 23시,토요일,경상북도 구미시 지산동,중상사고,0,1,0,0,차대사람 - 횡단중,안전운전불이행,건조,맑음,교차로 - 교차로부근,승용,여,47세,상해없음,보행자,남,42세,중상
2020082900100575,2020년 8월 29일 23시,토요일,경상북도 구미시 인의동,부상신고사고,0,0,0,1,차대차 - 기타,안전운전불이행,건조,맑음,단일로 - 기타,승용,남,30세,상해없음,이륜,남,39세,부상신고
2020083000100037,2020년 8월 30일 02시,일요일,경상북도 영덕군 축산면,경상사고,0,0,1,0,차대사람 - 길가장자리구역통행중,안전운전불이행,건조,맑음,단일로 - 기타,승용,남,36세,상해없음,보행자,남,68세,경상
2020083000100044,2020년 8월 30일 03시,일요일,경상북도 포항시 남구 오천읍,경상사고,0,0,1,0,차대사람 - 횡단중,안전운전불이행,건조,맑음,단일로 - 기타,승용,남,25세,상해없음,보행자,남,80세,경상
2020083000100067,2020년 8월 30일 06시,일요일,경상북도 청도군 청도읍,중상사고,0,1,1,0,차대차 - 추돌,안전운전불이행,건조,맑음,단일로 - 기타,화물,남,60세,상해없음,화물,남,49세,경상
2020083000100077,2020년 8월 30일 07시,일요일,경상북도 예천군 유천면,중상사고,0,1,0,0,차량단독 - 기타,기타,건조,맑음,단일로 - 기타,화물,남,25세,상해없음,,,,
2020083000100085,2020년 8월 30일 08시,일요일,경상북도 포항시 남구 호미곶면,중상사고,0,1,0,0,차대차 - 추돌,안전거리미확보,건조,맑음,교차로 - 교차로부근,자전거,남,42세,중상,화물,남,70세,상해없음
2020083000100102,2020년 8월 30일 09시,일요일,경상북도 경주시 율동,중상사고,0,1,0,0,차대차 - 측면충돌,안전운전불이행,건조,맑음,단일로 - 기타,화물,남,46세,상해없음,이륜,남,71세,중상
2020083000100103,2020년 8월 30일 09시,일요일,경상북도 김천시 개령면,사망사고,1,0,0,0,차대차 - 후진중충돌,안전운전불이행,건조,맑음,단일로 - 기타,화물,남,50세,상해없음,이륜,남,77세,사망
2020083000100113,2020년 8월 30일 10시,일요일,경상북도 예천군 예천읍,중상사고,0,1,2,0,차대차 - 측면충돌,직진우회전진행방해,건조,맑음,교차로 - 교차로안,승용,남,50세,경상,승용,여,46세,중상
2020083000100131,2020년 8월 30일 11시,일요일,경상북도 경산시 남산면,중상사고,0,1,2,0,차대차 - 정면충돌,중앙선침범,건조,맑음,단일로 - 기타,승용,남,61세,경상,승용,남,32세,경상
2020083000100153,2020년 8월 30일 12시,일요일,경상북도 안동시 안막동,경상사고,0,0,2,0,차대차 - 측면충돌,중앙선침범,건조,맑음,단일로 - 기타,승용,여,73세,상해없음,승용,남,67세,경상
2020083000100154,2020년 8월 30일 12시,일요일,경상북도 칠곡군 석적읍,경상사고,0,0,1,0,차대차 - 기타,안전운전불이행,건조,맑음,교차로 - 교차로안,승용,여,46세,상해없음,이륜,남,33세,경상
2020083000100155,2020년 8월 30일 12시,일요일,경상북도 청도군 매전면,중상사고,0,1,1,0,차량단독 - 전도전복 - 전도,안전운전불이행,건조,맑음,단일로 - 지하차도(도로)내,특수,남,36세,경상,,,,
2020083000100178,2020년 8월 30일 13시,일요일,경상북도 경산시 정평동,경상사고,0,0,1,0,차대차 - 기타,안전운전불이행,건조,맑음,단일로 - 기타,승용,여,60세,기타불명,개인형이동수단(PM),여,23세,경상
2020083000100179,2020년 8월 30일 13시,일요일,경상북도 경산시 옥곡동,경상사고,0,0,1,0,차대차 - 측면충돌,안전거리미확보,건조,맑음,교차로 - 교차로부근,화물,남,63세,상해없음,승용,남,51세,경상
2020083000100180,2020년 8월 30일 13시,일요일,경상북도 봉화군 봉화읍,경상사고,0,0,1,0,차대차 - 측면충돌,직진우회전진행방해,건조,맑음,교차로 - 교차로안,화물,여,68세,상해없음,승합,남,57세,경상
2020083000100181,2020년 8월 30일 13시,일요일,경상북도 구미시 옥계동,경상사고,0,0,1,0,차대차 - 기타,교차로운행방법위반,건조,맑음,교차로 - 교차로부근,승용,남,38세,상해없음,이륜,남,41세,경상
2020083000100214,2020년 8월 30일 14시,일요일,경상북도 포항시 남구 구룡포읍,중상사고,0,1,0,0,차대차 - 추돌,안전운전불이행,건조,맑음,교차로 - 교차로부근,승용,남,57세,상해없음,화물,남,58세,중상
2020083000100244,2020년 8월 30일 15시,일요일,경상북도 구미시 구포동,경상사고,0,0,1,0,차대차 - 기타,안전운전불이행,건조,맑음,단일로 - 기타,승용,남,46세,상해없음,화물,남,53세,경상
2020083000100266,2020년 8월 30일 16시,일요일,경상북도 구미시 지산동,중상사고,0,1,1,1,차대차 - 추돌,안전운전불이행,건조,흐림,단일로 - 기타,승용,남,38세,부상신고,승용,남,46세,중상
2020083000100267,2020년 8월 30일 16시,일요일,경상북도 영주시 풍기읍,중상사고,0,1,0,0,차량단독 - 기타,안전운전불이행,젖음/습기,비,단일로 - 기타,승용,남,60세,상해없음,,,,
2020083000100296,2020년 8월 30일 17시,일요일,경상북도 포항시 북구 흥해읍,경상사고,0,0,2,0,차대차 - 추돌,안전거리미확보,건조,맑음,교차로 - 교차로안,화물,남,57세,상해없음,승용,여,27세,경상
2020083000100321,2020년 8월 30일 18시,일요일,경상북도 성주군 용암면,경상사고,0,0,1,0,차대차 - 측면충돌,직진우회전진행방해,건조,맑음,교차로 - 교차로안,승용,여,55세,상해없음,승용,남,31세,경상
2020083000100322,2020년 8월 30일 18시,일요일,경상북도 구미시 해평면,부상신고사고,0,0,0,1,차량단독 - 전도전복 - 전도,안전운전불이행,건조,맑음,단일로 - 기타,사륜오토바이(ATV),여,86세,부상신고,,,,
2020083000100355,2020년 8월 30일 19시,일요일,경상북도 경산시 백천동,경상사고,0,0,2,0,차대차 - 정면충돌,중앙선침범,건조,맑음,단일로 - 지하차도(도로)내,승용,남,37세,상해없음,승용,남,35세,경상
2020083000100383,2020년 8월 30일 20시,일요일,경상북도 안동시 태화동,경상사고,0,0,2,0,차대차 - 추돌,안전운전불이행,건조,맑음,단일로 - 기타,승용,남,58세,상해없음,승용,여,39세,경상
2020083000100423,2020년 8월 30일 22시,일요일,경상북도 구미시 형곡동,중상사고,0,1,0,0,차대차 - 기타,안전운전불이행,젖음/습기,비,교차로 - 교차로안,승용,남,19세,상해없음,원동기,남,51세,중상
2020083000100439,2020년 8월 30일 23시,일요일,경상북도 포항시 북구 대신동,중상사고,0,1,0,0,차대차 - 측면충돌,안전운전불이행,건조,맑음,교차로 - 교차로안,화물,남,50세,상해없음,이륜,남,23세,중상
2020083100100004,2020년 8월 31일 00시,월요일,경상북도 경주시 외동읍,경상사고,0,0,2,1,차대차 - 측면충돌,안전운전불이행,건조,맑음,교차로 - 교차로안,승용,여,60세,경상,승용,남,39세,경상
2020083100100042,2020년 8월 31일 06시,월요일,경상북도 구미시 시미동,중상사고,0,1,0,0,차대차 - 정면충돌,교차로운행방법위반,건조,맑음,교차로 - 교차로안,승용,남,57세,상해없음,승용,남,40세,중상
2020083100100061,2020년 8월 31일 07시,월요일,경상북도 안동시 정하동,경상사고,0,0,3,0,차대차 - 측면충돌,안전운전불이행,건조,맑음,교차로 - 교차로부근,승용,남,54세,경상,승용,여,63세,경상
2020083100100091,2020년 8월 31일 08시,월요일,경상북도 경주시 성건동,중상사고,0,2,0,0,차대차 - 추돌,안전운전불이행,젖음/습기,비,교차로 - 교차로부근,승용,남,75세,상해없음,승용,여,34세,중상
2020083100100092,2020년 8월 31일 08시,월요일,경상북도 성주군 성주읍,경상사고,0,0,1,0,차대차 - 추돌,안전운전불이행,젖음/습기,맑음,교차로 - 교차로안,화물,남,61세,상해없음,화물,남,44세,경상
2020083100100093,2020년 8월 31일 08시,월요일,경상북도 구미시 상모동,중상사고,0,1,0,0,차대사람 - 차도통행중,안전운전불이행,건조,맑음,단일로 - 기타,화물,남,37세,상해없음,보행자,여,8세,중상
2020083100100094,2020년 8월 31일 08시,월요일,경상북도 구미시 옥계동,경상사고,0,0,1,0,차대차 - 기타,안전운전불이행,건조,맑음,단일로 - 지하차도(도로)내,특수,남,48세,상해없음,승용,여,52세,경상
2020083100100128,2020년 8월 31일 09시,월요일,경상북도 포항시 남구 해도동,경상사고,0,0,1,0,차대차 - 측면충돌,안전운전불이행,젖음/습기,비,단일로 - 기타,승용,남,76세,상해없음,승용,남,35세,경상
2020083100100155,2020년 8월 31일 10시,월요일,경상북도 안동시 당북동,부상신고사고,0,0,0,2,차대차 - 기타,안전거리미확보,건조,맑음,단일로 - 기타,화물,남,60세,상해없음,승용,남,65세,상해없음
2020083100100156,2020년 8월 31일 10시,월요일,경상북도 구미시 신평동,경상사고,0,0,1,0,차대차 - 기타,안전운전불이행,건조,맑음,교차로 - 교차로안,승용,여,46세,상해없음,승용,여,54세,경상
2020083100100189,2020년 8월 31일 11시,월요일,경상북도 안동시 정하동,경상사고,0,0,2,0,차대차 - 측면충돌,안전거리미확보,건조,맑음,단일로 - 교량,승용,남,74세,상해없음,특수,남,44세,경상
2020083100100190,2020년 8월 31일 11시,월요일,경상북도 의성군 점곡면,경상사고,0,0,3,0,차대차 - 측면충돌,신호위반,건조,맑음,교차로 - 교차로안,화물,남,41세,상해없음,화물,남,44세,경상
2020083100100214,2020년 8월 31일 12시,월요일,경상북도 영주시 장수면,경상사고,0,0,1,0,차량단독 - 공작물충돌,안전운전불이행,건조,맑음,단일로 - 기타,승용,남,76세,경상,,,,
2020083100100215,2020년 8월 31일 12시,월요일,경상북도 성주군 성주읍,경상사고,0,0,2,0,차대차 - 정면충돌,안전운전불이행,건조,맑음,교차로 - 교차로안,승용,여,40세,경상,승용,남,67세,경상
2020083100100216,2020년 8월 31일 12시,월요일,경상북도 포항시 남구 연일읍,경상사고,0,0,1,0,차대사람 - 차도통행중,안전운전불이행,건조,맑음,교차로 - 교차로부근,승용,여,49세,상해없음,보행자,남,80세,경상
2020083100100243,2020년 8월 31일 13시,월요일,경상북도 영덕군 영해면,중상사고,0,1,0,0,차대차 - 측면충돌,교차로운행방법위반,건조,맑음,교차로 - 교차로안,이륜,여,67세,중상,화물,남,43세,상해없음
2020083100100275,2020년 8월 31일 14시,월요일,경상북도 포항시 남구 해도동,중상사고,0,1,0,0,차대차 - 측면충돌,안전운전불이행,건조,맑음,교차로 - 교차로부근,이륜,남,75세,상해없음,이륜,남,32세,중상
2020083100100363,2020년 8월 31일 16시,월요일,경상북도 칠곡군 석적읍,중상사고,0,1,0,0,차량단독 - 전도전복 - 전도,안전운전불이행,건조,맑음,단일로 - 기타,자전거,남,35세,중상,,,,
2020083100100364,2020년 8월 31일 16시,월요일,경상북도 구미시 옥계동,경상사고,0,0,1,0,차대차 - 기타,교차로운행방법위반,건조,맑음,교차로 - 교차로안,승용,남,47세,상해없음,승용,여,47세,경상
2020083100100365,2020년 8월 31일 16시,월요일,경상북도 포항시 남구 대잠동,경상사고,0,0,2,0,차대차 - 기타,안전운전불이행,건조,맑음,단일로 - 기타,승용,남,61세,상해없음,승용,여,47세,경상
2020083100100390,2020년 8월 31일 17시,월요일,경상북도 칠곡군 석적읍,경상사고,0,0,2,0,차대차 - 기타,안전거리미확보,건조,맑음,기타 - 기타,자전거,남,43세,경상,자전거,남,23세,경상
2020083100100391,2020년 8월 31일 17시,월요일,경상북도 영천시 망정동,경상사고,0,0,1,0,차대차 - 측면충돌,차로위반,건조,맑음,교차로 - 교차로부근,승용,여,48세,상해없음,승용,남,49세,경상
2020083100100392,2020년 8월 31일 17시,월요일,경상북도 성주군 성주읍,중상사고,0,1,0,0,차대차 - 기타,신호위반,건조,맑음,교차로 - 교차로안,이륜,남,64세,중상,승용,남,68세,상해없음
2020083100100429,2020년 8월 31일 18시,월요일,경상북도 경주시 강동면,중상사고,0,2,0,1,차대차 - 추돌,안전운전불이행,건조,맑음,단일로 - 기타,화물,남,77세,중상,농기계,남,63세,부상신고
2020083100100430,2020년 8월 31일 18시,월요일,경상북도 포항시 북구 환호동,중상사고,0,1,0,0,차대차 - 기타,직진우회전진행방해,건조,맑음,교차로 - 교차로부근,승용,여,54세,상해없음,자전거,남,40세,중상
2020083100100431,2020년 8월 31일 18시,월요일,경상북도 김천시 신음동,중상사고,0,1,0,0,차대사람 - 보도통행중,안전운전불이행,건조,맑음,단일로 - 기타,승용,남,54세,상해없음,보행자,여,4세,중상
2020083100100476,2020년 8월 31일 19시,월요일,경상북도 포항시 북구 득량동,경상사고,0,0,1,0,차대사람 - 기타,신호위반,건조,맑음,단일로 - 기타,이륜,남,24세,상해없음,보행자,남,57세,경상
2020083100100477,2020년 8월 31일 19시,월요일,경상북도 김천시 개령면,중상사고,0,1,0,0,차대사람 - 차도통행중,안전운전불이행,건조,맑음,단일로 - 기타,승용,남,26세,상해없음,보행자,남,83세,중상
2020083100100478,2020년 8월 31일 19시,월요일,경상북도 포항시 남구 대도동,중상사고,0,1,0,0,차대차 - 기타,신호위반,건조,맑음,교차로 - 교차로횡단보도내,승용,여,61세,상해없음,자전거,남,65세,중상
2020083100100521,2020년 8월 31일 20시,월요일,경상북도 구미시 산동면,경상사고,0,0,1,0,차대차 - 기타,교차로운행방법위반,건조,맑음,교차로 - 교차로안,승용,여,36세,상해없음,이륜,남,38세,경상
2020083100100522,2020년 8월 31일 20시,월요일,경상북도 포항시 남구 동해면,경상사고,0,0,4,0,차대차 - 측면충돌,신호위반,건조,맑음,교차로 - 교차로안,승용,여,51세,경상,승용,남,31세,경상
2020083100100574,2020년 8월 31일 23시,월요일,경상북도 경산시 하양읍,부상신고사고,0,0,0,1,차량단독 - 전도전복 - 전도,안전운전불이행,건조,맑음,단일로 - 기타,이륜,남,48세,부상신고,,,,
2020083100100575,2020년 8월 31일 23시,월요일,경상북도 예천군 예천읍,중상사고,0,2,0,0,차대차 - 정면충돌,중앙선침범,건조,맑음,단일로 - 기타,승용,여,70세,중상,승용,남,30세,중상
2020090100100006,2020년 9월 1일 00시,화요일,경상북도 상주시 화남면,사망사고,1,0,0,0,차량단독 - 공작물충돌,안전운전불이행,건조,맑음,단일로 - 기타,화물,남,50세,사망,,,,
2020090100100011,2020년 9월 1일 01시,화요일,경상북도 포항시 남구 청림동,경상사고,0,0,1,0,차대차 - 추돌,안전거리미확보,건조,맑음,교차로 - 교차로안,화물,남,59세,상해없음,승용,남,42세,경상
2020090100100022,2020년 9월 1일 03시,화요일,경상북도 경산시 옥산동,경상사고,0,0,1,0,차대사람 - 길가장자리구역통행중,안전운전불이행,건조,맑음,교차로 - 교차로부근,승용,남,25세,상해없음,보행자,남,54세,경상
2020090100100037,2020년 9월 1일 05시,화요일,경상북도 안동시 정하동,경상사고,0,0,1,0,차대차 - 기타,안전운전불이행,건조,맑음,교차로 - 교차로부근,화물,남,43세,상해없음,이륜,남,40세,경상
2020090100100046,2020년 9월 1일 06시,화요일,경상북도 구미시 구포동,경상사고,0,0,2,0,차대차 - 기타,안전운전불이행,건조,맑음,단일로 - 기타,승용,남,68세,경상,승용,남,30세,경상
2020090100100069,2020년 9월 1일 07시,화요일,경상북도 포항시 북구 장성동,경상사고,0,0,1,0,차대차 - 기타,안전운전불이행,건조,맑음,단일로 - 기타,화물,남,52세,상해없음,이륜,남,36세,경상
2020090100100070,2020년 9월 1일 07시,화요일,경상북도 김천시 신음동,경상사고,0,0,1,0,차대차 - 측면충돌,안전운전불이행,건조,맑음,교차로 - 교차로안,승용,남,24세,상해없음,농기계,남,81세,경상
2020090100100071,2020년 9월 1일 07시,화요일,경상북도 문경시 산양면,중상사고,0,1,0,0,차대차 - 측면충돌,안전운전불이행,건조,흐림,교차로 - 교차로안,화물,남,71세,상해없음,개인형이동수단(PM),여,84세,중상
2020090100100171,2020년 9월 1일 11시,화요일,경상북도 경산시 진량읍,경상사고,0,0,1,0,차대차 - 측면충돌,안전운전불이행,건조,맑음,단일로 - 지하차도(도로)내,특수,남,67세,상해없음,승용,남,43세,경상
2020090100100172,2020년 9월 1일 11시,화요일,경상북도 포항시 남구 오천읍,부상신고사고,0,0,0,2,차대차 - 측면충돌,안전운전불이행,건조,맑음,교차로 - 교차로안,승용,여,61세,상해없음,승합,남,35세,부상신고
2020090100100197,2020년 9월 1일 12시,화요일,경상북도 구미시 옥계동,경상사고,0,0,3,0,차대차 - 측면충돌,직진우회전진행방해,건조,맑음,교차로 - 교차로안,승용,남,19세,경상,원동기,남,31세,경상
2020090100100227,2020년 9월 1일 13시,화요일,경상북도 안동시 와룡면,부상신고사고,0,0,0,1,차량단독 - 전도전복 - 전도,안전운전불이행,건조,맑음,단일로 - 기타,자전거,여,49세,부상신고,,,,
2020090100100228,2020년 9월 1일 13시,화요일,경상북도 구미시 송정동,경상사고,0,0,1,0,차대차 - 기타,안전운전불이행,건조,맑음,교차로 - 교차로부근,화물,여,62세,상해없음,승용,여,28세,경상
2020090100100297,2020년 9월 1일 15시,화요일,경상북도 의성군 가음면,경상사고,0,0,1,0,차대차 - 추돌,안전운전불이행,건조,맑음,단일로 - 기타,화물,남,56세,상해없음,이륜,남,84세,경상
2020090100100298,2020년 9월 1일 15시,화요일,경상북도 영천시 화산면,경상사고,0,0,1,0,차대차 - 측면충돌,안전운전불이행,건조,맑음,교차로 - 교차로안,승용,여,54세,경상,화물,남,45세,상해없음
2020090100100299,2020년 9월 1일 15시,화요일,경상북도 영천시 성내동,경상사고,0,0,3,0,차대차 - 측면충돌,안전운전불이행,건조,맑음,교차로 - 교차로부근,승용,남,45세,경상,화물,남,64세,경상
2020090100100300,2020년 9월 1일 15시,화요일,경상북도 군위군 군위읍,중상사고,0,1,0,0,차대차 - 측면충돌,기타,건조,맑음,교차로 - 교차로부근,승용,남,63세,상해없음,승용,여,43세,중상
2020090100100301,2020년 9월 1일 15시,화요일,경상북도 포항시 남구 오천읍,경상사고,0,0,1,0,차대차 - 기타,안전운전불이행,건조,흐림,단일로 - 기타,승용,남,35세,상해없음,승용,남,49세,경상
2020090100100327,2020년 9월 1일 16시,화요일,경상북도 경주시 양남면,경상사고,0,0,1,0,차대사람 - 차도통행중,안전운전불이행,건조,맑음,단일로 - 지하차도(도로)내,승용,여,21세,상해없음,보행자,여,62세,경상
2020090100100328,2020년 9월 1일 16시,화요일,경상북도 포항시 북구 용흥동,경상사고,0,0,1,0,차대차 - 기타,신호위반,건조,맑음,교차로 - 교차로안,승용,남,65세,상해없음,승용,여,50세,경상
2020090100100329,2020년 9월 1일 16시,화요일,경상북도 안동시 태화동,경상사고,0,0,1,0,차대차 - 측면충돌,신호위반,건조,맑음,교차로 - 교차로안,이륜,남,45세,상해없음,승용,여,37세,경상
2020090100100330,2020년 9월 1일 16시,화요일,경상북도 안동시 법상동,경상사고,0,0,1,0,차대차 - 기타,안전운전불이행,건조,맑음,단일로 - 기타,승용,여,62세,상해없음,이륜,남,26세,경상
2020090100100331,2020년 9월 1일 16시,화요일,경상북도 구미시 도량동,중상사고,0,1,0,0,차대차 - 측면충돌,안전운전불이행,건조,맑음,단일로 - 기타,화물,남,52세,상해없음,승용,남,48세,중상
2020090100100380,2020년 9월 1일 17시,화요일,경상북도 의성군 의성읍,경상사고,0,0,3,0,차대차 - 측면충돌,중앙선침범,건조,맑음,단일로 - 기타,승용,여,37세,경상,승용,여,41세,경상
2020090100100381,2020년 9월 1일 17시,화요일,경상북도 울진군 근남면,경상사고,0,0,2,0,차대사람 - 횡단중,보행자보호의무위반,건조,맑음,기타 - 기타,자전거,남,67세,경상,보행자,남,66세,경상
2020090100100382,2020년 9월 1일 17시,화요일,경상북도 구미시 황상동,경상사고,0,0,1,0,차대차 - 추돌,안전운전불이행,건조,맑음,교차로 - 교차로부근,승용,여,23세,상해없음,승용,남,54세,상해없음
2020090100100419,2020년 9월 1일 18시,화요일,경상북도 경산시 조영동,경상사고,0,0,2,0,차대차 - 추돌,안전거리미확보,건조,맑음,단일로 - 기타,승용,남,25세,상해없음,승용,여,49세,경상
2020090100100420,2020년 9월 1일 18시,화요일,경상북도 포항시 남구 해도동,중상사고,0,1,1,0,차대차 - 기타,안전운전불이행,건조,맑음,단일로 - 기타,승용,남,63세,상해없음,승용,남,29세,경상
2020090100100451,2020년 9월 1일 19시,화요일,경상북도 포항시 북구 장성동,경상사고,0,0,1,0,차대차 - 측면충돌,신호위반,건조,맑음,교차로 - 교차로안,승용,남,62세,상해없음,이륜,남,20세,경상
2020090100100452,2020년 9월 1일 19시,화요일,경상북도 안동시 안막동,경상사고,0,0,1,0,차대차 - 정면충돌,안전운전불이행,건조,흐림,교차로 - 교차로안,이륜,남,66세,경상,승용,남,40세,상해없음
2020090100100453,2020년 9월 1일 19시,화요일,경상북도 문경시 모전동,경상사고,0,0,2,0,차대차 - 추돌,안전운전불이행,건조,맑음,교차로 - 교차로부근,승용,남,62세,상해없음,승용,남,25세,경상
2020090100100454,2020년 9월 1일 19시,화요일,경상북도 구미시 임수동,경상사고,0,0,2,0,차대차 - 기타,안전운전불이행,건조,맑음,교차로 - 교차로부근,승용,남,31세,기타불명,승용,여,25세,경상
2020090100100455,2020년 9월 1일 19시,화요일,경상북도 포항시 남구 해도동,중상사고,0,1,0,0,차대차 - 기타,안전운전불이행,건조,맑음,단일로 - 기타,자전거,남,53세,중상,자전거,남,37세,상해없음
2020090100100487,2020년 9월 1일 20시,화요일,경상북도 영천시 신령면,경상사고,0,0,1,0,차대차 - 측면충돌,교차로운행방법위반,젖음/습기,비,교차로 - 교차로안,승용,여,59세,경상,화물,남,50세,상해없음
2020090100100516,2020년 9월 1일 21시,화요일,경상북도 경주시 황남동,경상사고,0,0,1,0,차대차 - 추돌,안전운전불이행,건조,맑음,교차로 - 교차로부근,승용,남,58세,상해없음,승용,여,28세,경상
2020090100100517,2020년 9월 1일 21시,화요일,경상북도 포항시 남구 연일읍,중상사고,0,1,0,0,차대사람 - 기타,안전운전불이행,젖음/습기,맑음,교차로 - 교차로부근,승용,여,45세,상해없음,보행자,여,47세,중상
2020090100100536,2020년 9월 1일 22시,화요일,경상북도 경주시 교동,부상신고사고,0,0,0,1,차대사람 - 횡단중,안전운전불이행,건조,맑음,교차로 - 교차로안,승용,여,60세,상해없음,보행자,남,57세,부상신고
2020090200100012,2020년 9월 2일 01시,수요일,경상북도 경주시 건천읍,부상신고사고,0,0,0,1,차량단독 - 도로외이탈 - 추락,안전운전불이행,건조,맑음,단일로 - 기타,화물,여,56세,부상신고,,,,
2020090200100023,2020년 9월 2일 02시,수요일,경상북도 구미시 봉곡동,경상사고,0,0,1,0,차대차 - 기타,안전운전불이행,건조,흐림,단일로 - 기타,승용,여,50세,상해없음,승용,남,43세,경상
2020090200100033,2020년 9월 2일 05시,수요일,경상북도 영천시 신령면,중상사고,0,1,0,0,차량단독 - 공작물충돌,안전운전불이행,건조,맑음,단일로 - 기타,화물,남,51세,중상,,,,
2020090200100034,2020년 9월 2일 05시,수요일,경상북도 경산시 사동,중상사고,0,1,0,0,차량단독 - 공작물충돌,안전운전불이행,건조,맑음,단일로 - 기타,이륜,남,19세,중상,,,,
2020090200100059,2020년 9월 2일 07시,수요일,경상북도 포항시 남구 상도동,경상사고,0,0,1,0,차대사람 - 횡단중,보행자보호의무위반,건조,맑음,교차로 - 교차로횡단보도내,기타불명,기타불명,미분류,기타불명,보행자,여,20세,경상
2020090200100093,2020년 9월 2일 08시,수요일,경상북도 경산시 정평동,중상사고,0,1,0,0,차대사람 - 횡단중,안전운전불이행,젖음/습기,비,교차로 - 교차로횡단보도내,승합,여,45세,상해없음,보행자,여,53세,중상
2020090200100094,2020년 9월 2일 08시,수요일,경상북도 영덕군 병곡면,부상신고사고,0,0,0,1,차량단독 - 공작물충돌,안전운전불이행,젖음/습기,비,단일로 - 기타,승용,남,27세,부상신고,,,,
2020090200100095,2020년 9월 2일 08시,수요일,경상북도 청도군 화양읍,중상사고,0,1,1,0,차대차 - 추돌,안전운전불이행,젖음/습기,비,단일로 - 지하차도(도로)내,승용,여,35세,상해없음,화물,남,36세,경상
2020090200100116,2020년 9월 2일 09시,수요일,경상북도 안동시 금곡동,중상사고,0,1,0,0,차대사람 - 보도통행중,신호위반,젖음/습기,비,교차로 - 교차로횡단보도내,원동기,남,64세,상해없음,보행자,여,76세,중상
2020090200100117,2020년 9월 2일 09시,수요일,경상북도 칠곡군 지천면,부상신고사고,0,0,0,1,차량단독 - 공작물충돌,안전운전불이행,젖음/습기,비,단일로 - 기타,승용,남,51세,부상신고,,,,
2020090200100140,2020년 9월 2일 10시,수요일,경상북도 경주시 성건동,중상사고,0,1,0,0,차대차 - 측면충돌,신호위반,젖음/습기,비,교차로 - 교차로안,승합,남,57세,상해없음,승용,남,37세,중상
2020090200100161,2020년 9월 2일 11시,수요일,경상북도 구미시 광평동,중상사고,0,1,0,0,차대차 - 측면충돌,안전운전불이행,건조,맑음,교차로 - 교차로부근,승용,남,32세,상해없음,승용,남,37세,중상
2020090200100181,2020년 9월 2일 12시,수요일,경상북도 김천시 부곡동,경상사고,0,0,2,0,차대차 - 추돌,안전거리미확보,젖음/습기,비,교차로 - 교차로안,승용,남,57세,상해없음,승용,여,64세,경상
2020090200100201,2020년 9월 2일 13시,수요일,경상북도 영주시 봉현면,중상사고,0,1,0,0,차대차 - 정면충돌,중앙선침범,젖음/습기,맑음,단일로 - 기타,승용,여,54세,상해없음,승용,남,78세,중상
2020090200100202,2020년 9월 2일 13시,수요일,경상북도 경산시 옥곡동,경상사고,0,0,1,0,차대차 - 측면충돌,안전운전불이행,건조,맑음,단일로 - 기타,자전거,남,77세,경상,승용,남,33세,상해없음
2020090200100203,2020년 9월 2일 13시,수요일,경상북도 봉화군 봉성면,경상사고,0,0,1,0,차대차 - 정면충돌,중앙선침범,건조,맑음,기타 - 기타,화물,남,54세,상해없음,승용,남,36세,경상