사고번호,사고일시,요일,시군구,사고내용,사망자수,중상자수,경상자수,부상신고자수,사고유형,법규위반,노면상태,기상상태,도로형태,가해운전자 차종,가해운전자 성별,가해운전자 연령,가해운전자 상해정도,피해운전자 차종,피해운전자 성별,피해운전자 연령,피해운전자 상해정도
2020090200100231,2020년 9월 2일 14시,수요일,경상북도 청도군 화양읍,경상사고,0,0,2,0,차대차 - 측면충돌,직진우회전진행방해,건조,맑음,교차로 - 교차로안,이륜,남,56세,상해없음,승용,남,64세,경상
2020090200100255,2020년 9월 2일 15시,수요일,경상북도 경주시 양남면,경상사고,0,0,1,0,차대차 - 측면충돌,안전운전불이행,건조,맑음,단일로 - 기타,화물,여,65세,상해없음,승용,여,35세,경상
2020090200100256,2020년 9월 2일 15시,수요일,경상북도 영천시 금노동,중상사고,0,1,0,0,차대차 - 측면충돌,차로위반,건조,맑음,단일로 - 기타,이륜,남,71세,중상,화물,남,37세,상해없음
2020090200100257,2020년 9월 2일 15시,수요일,경상북도 영양군 입암면,경상사고,0,0,1,0,차량단독 - 공작물충돌,안전운전불이행,젖음/습기,맑음,단일로 - 기타,승용,여,55세,경상,,,,
2020090200100258,2020년 9월 2일 15시,수요일,경상북도 포항시 남구 오천읍,경상사고,0,0,1,0,차대차 - 기타,안전운전불이행,건조,맑음,교차로 - 교차로안,승용,남,37세,상해없음,승합,여,41세,상해없음
2020090200100319,2020년 9월 2일 17시,수요일,경상북도 안동시 광석동,경상사고,0,0,1,0,차대차 - 측면충돌,안전운전불이행,건조,맑음,단일로 - 기타,승용,남,50세,상해없음,승용,여,42세,경상
2020090200100320,2020년 9월 2일 17시,수요일,경상북도 김천시 평화동,경상사고,0,0,1,0,차대사람 - 기타,안전운전불이행,젖음/습기,비,기타 - 기타,승용,여,38세,상해없음,보행자,남,3세,경상
2020090200100321,2020년 9월 2일 17시,수요일,경상북도 상주시 냉림동,중상사고,0,1,0,0,차대사람 - 기타,안전운전불이행,젖음/습기,흐림,교차로 - 교차로부근,화물,남,51세,상해없음,보행자,여,74세,중상
2020090200100322,2020년 9월 2일 17시,수요일,경상북도 경산시 진량읍,경상사고,0,0,1,0,차대차 - 측면충돌,교차로운행방법위반,건조,맑음,교차로 - 교차로안,화물,남,66세,상해없음,승용,남,34세,경상
2020090200100355,2020년 9월 2일 18시,수요일,경상북도 상주시 낙동면,경상사고,0,0,1,0,차대차 - 측면충돌,교차로운행방법위반,건조,흐림,교차로 - 교차로안,승용,남,62세,상해없음,승용,여,48세,경상
2020090200100402,2020년 9월 2일 19시,수요일,경상북도 영주시 부석면,중상사고,0,1,0,0,차대차 - 추돌,안전운전불이행,젖음/습기,비,단일로 - 기타,승용,남,56세,상해없음,농기계,여,73세,중상
2020090200100456,2020년 9월 2일 20시,수요일,경상북도 문경시 모전동,중상사고,0,1,0,0,차대사람 - 횡단중,안전운전불이행,기타,흐림,교차로 - 교차로부근,승용,여,51세,상해없음,보행자,남,64세,중상
2020090200100491,2020년 9월 2일 21시,수요일,경상북도 포항시 북구 죽도동,중상사고,0,1,0,0,차대차 - 측면충돌,중앙선침범,건조,맑음,단일로 - 기타,승용,남,62세,상해없음,원동기,남,34세,중상
2020090200100520,2020년 9월 2일 22시,수요일,경상북도 김천시 율곡동,중상사고,0,1,0,0,차대사람 - 횡단중,보행자보호의무위반,건조,맑음,교차로 - 교차로안,화물,남,37세,상해없음,보행자,남,67세,중상
2020090200100521,2020년 9월 2일 22시,수요일,경상북도 칠곡군 왜관읍,부상신고사고,0,0,0,1,차대차 - 기타,안전운전불이행,젖음/습기,비,기타 - 기타,승용,여,60세,부상신고,승용,남,67세,상해없음
2020090200100549,2020년 9월 2일 23시,수요일,경상북도 구미시 옥계동,중상사고,0,1,0,0,차대차 - 정면충돌,중앙선침범,젖음/습기,비,교차로 - 교차로부근,승용,남,40세,상해없음,화물,남,74세,중상
2020090300100007,2020년 9월 3일 00시,목요일,경상북도 경산시 압량면,경상사고,0,0,2,0,차대차 - 추돌,안전운전불이행,젖음/습기,비,교차로 - 교차로부근,승용,남,39세,상해없음,승용,남,56세,경상
2020090300100060,2020년 9월 3일 06시,목요일,경상북도 칠곡군 왜관읍,중상사고,0,1,0,0,차대차 - 측면충돌,안전운전불이행,젖음/습기,비,교차로 - 교차로부근,승용,남,54세,상해없음,화물,남,40세,중상
2020090300100071,2020년 9월 3일 07시,목요일,경상북도 상주시 함창읍,중상사고,0,1,0,0,차대차 - 측면충돌,안전운전불이행,젖음/습기,비,교차로 - 교차로안,자전거,여,60세,중상,화물,남,47세,상해없음
2020090300100096,2020년 9월 3일 08시,목요일,경상북도 경주시 용강동,중상사고,0,1,0,0,차대차 - 추돌,안전운전불이행,건조,맑음,단일로 - 지하차도(도로)내,승용,남,32세,상해없음,승용,여,48세,중상
2020090300100097,2020년 9월 3일 08시,목요일,경상북도 포항시 북구 장성동,경상사고,0,0,1,0,차대사람 - 기타,안전운전불이행,젖음/습기,맑음,단일로 - 기타,승용,여,52세,상해없음,보행자,남,42세,경상
2020090300100132,2020년 9월 3일 09시,목요일,경상북도 영덕군 영덕읍,경상사고,0,0,2,0,차대차 - 측면충돌,직진우회전진행방해,건조,맑음,교차로 - 교차로안,화물,남,53세,경상,승용,여,50세,경상
2020090300100133,2020년 9월 3일 09시,목요일,경상북도 예천군 개포면,경상사고,0,0,1,0,차대차 - 측면충돌,안전거리미확보,건조,맑음,단일로 - 기타,화물,남,70세,상해없음,승용,남,60세,경상
2020090300100150,2020년 9월 3일 10시,목요일,경상북도 김천시 모암동,경상사고,0,0,2,0,차대차 - 추돌,안전운전불이행,건조,맑음,단일로 - 기타,승용,남,55세,상해없음,승용,여,50세,경상
2020090300100151,2020년 9월 3일 10시,목요일,경상북도 의성군 의성읍,경상사고,0,0,1,0,차대차 - 추돌,안전운전불이행,건조,맑음,단일로 - 기타,화물,남,59세,상해없음,승용,남,54세,경상
2020090300100169,2020년 9월 3일 11시,목요일,경상북도 칠곡군 지천면,경상사고,0,0,1,1,차대차 - 측면충돌,안전운전불이행,건조,맑음,단일로 - 기타,승용,여,50세,부상신고,화물,남,41세,경상
2020090300100195,2020년 9월 3일 12시,목요일,경상북도 경주시 시래동,경상사고,0,0,1,0,차대차 - 추돌,안전운전불이행,건조,맑음,단일로 - 기타,승용,여,62세,기타불명,승용,남,45세,경상
2020090300100196,2020년 9월 3일 12시,목요일,경상북도 칠곡군 동명면,경상사고,0,0,2,0,차대차 - 측면충돌,중앙선침범,건조,맑음,단일로 - 기타,화물,남,65세,상해없음,승용,남,61세,경상
2020090300100197,2020년 9월 3일 12시,목요일,경상북도 경산시 점촌동,중상사고,0,1,0,0,차대차 - 측면충돌,교차로운행방법위반,건조,맑음,교차로 - 교차로안,이륜,남,65세,중상,화물,남,58세,상해없음
2020090300100198,2020년 9월 3일 12시,목요일,경상북도 경산시 중방동,중상사고,0,1,0,0,차대차 - 측면충돌,안전거리미확보,건조,맑음,단일로 - 기타,승용,남,55세,상해없음,이륜,남,27세,중상
2020090300100258,2020년 9월 3일 14시,목요일,경상북도 포항시 북구 대흥동,중상사고,0,1,1,0,차대차 - 추돌,안전거리미확보,건조,맑음,교차로 - 교차로부근,승용,남,57세,상해없음,승용,남,63세,중상
2020090300100290,2020년 9월 3일 15시,목요일,경상북도 영천시 청통면,경상사고,0,0,4,0,차대차 - 기타,안전운전불이행,건조,맑음,교차로 - 교차로안,승용,남,70세,경상,화물,남,76세,경상
2020090300100291,2020년 9월 3일 15시,목요일,경상북도 경산시 자인면,경상사고,0,0,1,0,차대차 - 측면충돌,기타,건조,맑음,단일로 - 기타,승용,남,42세,상해없음,이륜,남,70세,경상
2020090300100292,2020년 9월 3일 15시,목요일,경상북도 포항시 남구 송도동,경상사고,0,0,1,0,차대차 - 측면충돌,안전운전불이행,건조,맑음,단일로 - 기타,승용,남,88세,상해없음,승용,남,65세,상해없음
2020090300100316,2020년 9월 3일 16시,목요일,경상북도 김천시 농소면,중상사고,0,1,0,0,차량단독 - 전도전복 - 전도,안전운전불이행,건조,맑음,단일로 - 기타,이륜,남,85세,중상,,,,
2020090300100317,2020년 9월 3일 16시,목요일,경상북도 영천시 완산동,경상사고,0,0,3,0,차대차 - 측면충돌,안전운전불이행,건조,맑음,교차로 - 교차로안,승용,여,27세,경상,승용,여,33세,경상
2020090300100346,2020년 9월 3일 17시,목요일,경상북도 경산시 진량읍,중상사고,0,1,0,0,차대차 - 측면충돌,신호위반,기타,맑음,교차로 - 교차로안,이륜,남,85세,중상,화물,남,52세,상해없음
2020090300100383,2020년 9월 3일 18시,목요일,경상북도 예천군 예천읍,경상사고,0,0,1,0,차대차 - 측면충돌,불법유턴,건조,맑음,기타 - 기타,자전거,여,64세,경상,승용,남,50세,상해없음
2020090300100384,2020년 9월 3일 18시,목요일,경상북도 포항시 남구 대도동,경상사고,0,0,1,0,차대차 - 측면충돌,직진우회전진행방해,건조,맑음,교차로 - 교차로안,승용,여,50세,상해없음,이륜,남,57세,경상
2020090300100426,2020년 9월 3일 19시,목요일,경상북도 포항시 북구 죽도동,경상사고,0,0,1,0,차대차 - 기타,안전운전불이행,건조,맑음,교차로 - 교차로안,승용,여,61세,상해없음,이륜,남,36세,경상
2020090300100458,2020년 9월 3일 20시,목요일,경상북도 포항시 남구 청림동,경상사고,0,0,1,0,차대차 - 측면충돌,안전운전불이행,건조,맑음,교차로 - 교차로안,승용,남,40세,상해없음,승용,남,29세,경상
2020090300100516,2020년 9월 3일 22시,목요일,경상북도 칠곡군 북삼읍,중상사고,0,1,1,1,차대차 - 측면충돌,신호위반,젖음/습기,흐림,교차로 - 교차로안,승용,남,67세,부상신고,승용,여,64세,중상
2020090300100517,2020년 9월 3일 22시,목요일,경상북도 포항시 남구 장흥동,경상사고,0,0,3,0,차대차 - 추돌,안전거리미확보,건조,맑음,교차로 - 교차로안,승합,남,67세,상해없음,승용,남,28세,경상
2020090300100534,2020년 9월 3일 23시,목요일,경상북도 경산시 옥산동,경상사고,0,0,1,0,차대차 - 측면충돌,중앙선침범,건조,맑음,교차로 - 교차로안,이륜,남,21세,경상,승용,남,56세,상해없음
2020090400100015,2020년 9월 4일 01시,금요일,경상북도 김천시 농소면,중상사고,0,1,1,0,차대차 - 측면충돌,신호위반,건조,맑음,교차로 - 교차로안,승용,남,18세,경상,승용,남,48세,중상
2020090400100016,2020년 9월 4일 01시,금요일,경상북도 상주시 남성동,중상사고,0,1,0,0,차대차 - 기타,안전운전불이행,건조,맑음,단일로 - 기타,승용,여,48세,상해없음,이륜,남,39세,중상
2020090400100067,2020년 9월 4일 07시,금요일,경상북도 칠곡군 지천면,경상사고,0,0,3,0,차대차 - 추돌,안전운전불이행,건조,맑음,단일로 - 기타,화물,남,65세,상해없음,승용,남,36세,경상
2020090400100068,2020년 9월 4일 07시,금요일,경상북도 포항시 남구 연일읍,경상사고,0,0,1,0,차대차 - 기타,안전운전불이행,건조,맑음,단일로 - 기타,자전거,남,26세,경상,화물,남,47세,상해없음
2020090400100093,2020년 9월 4일 08시,금요일,경상북도 영천시 작산동,경상사고,0,0,2,0,차대차 - 정면충돌,안전운전불이행,건조,맑음,교차로 - 교차로안,승용,남,33세,경상,화물,남,63세,경상
2020090400100094,2020년 9월 4일 08시,금요일,경상북도 봉화군 봉화읍,경상사고,0,0,1,0,차대차 - 정면충돌,교차로운행방법위반,건조,맑음,교차로 - 교차로안,승용,남,63세,상해없음,이륜,여,67세,경상
2020090400100095,2020년 9월 4일 08시,금요일,경상북도 구미시 산동면,경상사고,0,0,1,0,차대차 - 기타,신호위반,건조,맑음,교차로 - 교차로안,승용,남,34세,상해없음,승용,여,36세,경상
2020090400100096,2020년 9월 4일 08시,금요일,경상북도 포항시 남구 해도동,경상사고,0,0,1,0,차대차 - 기타,안전운전불이행,건조,맑음,단일로 - 기타,승용,남,53세,상해없음,승용,여,26세,경상
2020090400100126,2020년 9월 4일 09시,금요일,경상북도 포항시 북구 죽도동,경상사고,0,0,1,0,차량단독 - 기타,안전운전불이행,건조,맑음,교차로 - 교차로부근,원동기,남,40세,경상,,,,
2020090400100127,2020년 9월 4일 09시,금요일,경상북도 상주시 은척면,중상사고,0,1,0,0,차량단독 - 전도전복 - 전도,안전운전불이행,건조,맑음,교차로 - 교차로안,이륜,여,79세,중상,,,,
2020090400100128,2020년 9월 4일 09시,금요일,경상북도 영주시 영주동,중상사고,0,1,1,0,차대차 - 추돌,안전운전불이행,건조,맑음,단일로 - 기타,승용,남,57세,상해없음,승용,여,44세,중상
2020090400100129,2020년 9월 4일 09시,금요일,경상북도 경산시 중방동,중상사고,0,1,0,0,차대사람 - 횡단중,안전운전불이행,건조,맑음,단일로 - 기타,화물,남,47세,상해없음,보행자,여,65세,중상
2020090400100160,2020년 9월 4일 10시,금요일,경상북도 의성군 금성면,중상사고,0,1,0,0,차량단독 - 도로외이탈 - 기타,안전운전불이행,건조,맑음,기타 - 기타,화물,남,80세,중상,,,,
2020090400100161,2020년 9월 4일 10시,금요일,경상북도 포항시 남구 연일읍,경상사고,0,0,3,0,차대차 - 측면충돌,기타,건조,맑음,단일로 - 기타,승용,남,76세,경상,승용,남,70세,경상
2020090400100202,2020년 9월 4일 11시,금요일,경상북도 영천시 성내동,경상사고,0,0,2,0,차대차 - 측면충돌,안전운전불이행,건조,맑음,교차로 - 교차로부근,화물,남,84세,경상,화물,남,47세,경상
2020090400100203,2020년 9월 4일 11시,금요일,경상북도 포항시 남구 대도동,경상사고,0,0,1,0,차대차 - 기타,안전운전불이행,건조,맑음,단일로 - 기타,이륜,남,53세,경상,화물,남,52세,기타불명
2020090400100231,2020년 9월 4일 12시,금요일,경상북도 김천시 성내동,경상사고,0,0,2,0,차대차 - 추돌,안전운전불이행,건조,맑음,교차로 - 교차로부근,승용,남,59세,상해없음,승용,여,65세,경상
2020090400100232,2020년 9월 4일 12시,금요일,경상북도 칠곡군 지천면,사망사고,1,0,0,0,차량단독 - 공작물충돌,안전운전불이행,건조,맑음,단일로 - 기타,화물,남,24세,사망,,,,
2020090400100233,2020년 9월 4일 12시,금요일,경상북도 영천시 완산동,경상사고,0,0,1,0,차대차 - 기타,안전운전불이행,건조,맑음,단일로 - 기타,화물,남,70세,상해없음,이륜,남,38세,경상
2020090400100234,2020년 9월 4일 12시,금요일,경상북도 구미시 상모동,경상사고,0,0,2,0,차대차 - 후진중충돌,안전운전불이행,건조,맑음,교차로 - 교차로부근,승용,여,62세,상해없음,승용,여,32세,경상
2020090400100293,2020년 9월 4일 14시,금요일,경상북도 안동시 평화동,경상사고,0,0,1,0,차대차 - 후진중충돌,안전운전불이행,건조,맑음,단일로 - 기타,승용,여,59세,상해없음,승용,남,33세,경상
2020090400100327,2020년 9월 4일 15시,금요일,경상북도 경주시 황오동,경상사고,0,0,1,0,차대차 - 측면충돌,중앙선침범,건조,맑음,단일로 - 기타,승용,여,60세,상해없음,이륜,남,22세,경상
2020090400100328,2020년 9월 4일 15시,금요일,경상북도 경주시 현곡면,경상사고,0,0,1,0,차대사람 - 차도통행중,보행자보호의무위반,건조,맑음,교차로 - 교차로안,특수,남,51세,상해없음,보행자,여,6세,경상
2020090400100329,2020년 9월 4일 15시,금요일,경상북도 구미시 선산읍,사망사고,1,0,0,0,차대차 - 추돌,안전운전불이행,건조,맑음,단일로 - 기타,승용,남,36세,상해없음,이륜,남,82세,사망
2020090400100330,2020년 9월 4일 15시,금요일,경상북도 포항시 남구 해도동,중상사고,0,1,0,0,차대차 - 측면충돌,교차로운행방법위반,건조,맑음,교차로 - 교차로안,승용,남,34세,상해없음,개인형이동수단(PM),남,36세,중상
2020090400100368,2020년 9월 4일 16시,금요일,경상북도 울진군 후포면,중상사고,0,1,0,0,차대차 - 기타,안전운전불이행,건조,맑음,단일로 - 기타,승용,남,36세,상해없음,원동기,남,67세,중상
2020090400100419,2020년 9월 4일 17시,금요일,경상북도 경주시 서악동,경상사고,0,0,1,0,차대차 - 측면충돌,안전운전불이행,건조,맑음,교차로 - 교차로안,이륜,남,39세,경상,승용,여,30세,상해없음
2020090400100420,2020년 9월 4일 17시,금요일,경상북도 경주시 동천동,경상사고,0,0,1,0,차대차 - 측면충돌,교차로운행방법위반,건조,맑음,교차로 - 교차로안,승용,여,67세,기타불명,승용,남,56세,경상
2020090400100421,2020년 9월 4일 17시,금요일,경상북도 예천군 보문면,사망사고,1,0,0,0,차대차 - 측면충돌,안전운전불이행,건조,맑음,교차로 - 교차로부근,사륜오토바이(ATV),여,76세,사망,화물,남,61세,상해없음
2020090400100467,2020년 9월 4일 18시,금요일,경상북도 안동시 풍천면,경상사고,0,0,1,0,차대차 - 측면충돌,안전운전불이행,건조,맑음,단일로 - 기타,농기계,여,67세,경상,승용,여,42세,상해없음
2020090400100468,2020년 9월 4일 18시,금요일,경상북도 안동시 태화동,경상사고,0,0,1,0,차대차 - 측면충돌,직진우회전진행방해,건조,맑음,교차로 - 교차로횡단보도내,화물,남,54세,상해없음,승용,여,19세,경상
2020090400100469,2020년 9월 4일 18시,금요일,경상북도 영덕군 영해면,경상사고,0,0,1,0,차대차 - 추돌,안전운전불이행,건조,맑음,단일로 - 기타,승용,남,53세,상해없음,승용,여,59세,경상
2020090400100470,2020년 9월 4일 18시,금요일,경상북도 구미시 임은동,경상사고,0,0,3,0,차대차 - 추돌,안전운전불이행,젖음/습기,맑음,단일로 - 기타,승용,남,34세,상해없음,승용,여,46세,경상
2020090400100471,2020년 9월 4일 18시,금요일,경상북도 포항시 남구 대도동,경상사고,0,0,1,0,차대차 - 측면충돌,직진우회전진행방해,건조,맑음,교차로 - 교차로안,화물,남,51세,상해없음,승용,남,40세,경상
2020090400100514,2020년 9월 4일 19시,금요일,경상북도 영주시 하망동,경상사고,0,0,1,0,차대차 - 측면충돌,중앙선침범,건조,맑음,단일로 - 기타,승용,남,45세,상해없음,이륜,남,40세,경상
2020090400100515,2020년 9월 4일 19시,금요일,경상북도 구미시 황상동,경상사고,0,0,1,0,차대차 - 측면충돌,중앙선침범,건조,맑음,단일로 - 기타,승용,여,44세,상해없음,이륜,남,28세,경상
2020090400100541,2020년 9월 4일 20시,금요일,경상북도 경주시 시래동,경상사고,0,0,1,0,차대차 - 측면충돌,안전운전불이행,건조,맑음,주차장 - 주차장,승용,남,59세,기타불명,승용,여,58세,경상
2020090400100580,2020년 9월 4일 21시,금요일,경상북도 경주시 성동동,부상신고사고,0,0,0,1,차대차 - 측면충돌,중앙선침범,건조,맑음,교차로 - 교차로부근,이륜,남,39세,부상신고,승용,여,37세,상해없음
2020090400100581,2020년 9월 4일 21시,금요일,경상북도 경산시 옥산동,경상사고,0,0,1,0,차대차 - 측면충돌,교차로운행방법위반,기타,맑음,교차로 - 교차로안,승용,여,70세,기타불명,승용,여,37세,경상
2020090400100622,2020년 9월 4일 23시,금요일,경상북도 포항시 북구 장성동,중상사고,0,1,0,0,차대차 - 기타,중앙선침범,건조,맑음,단일로 - 기타,승합,남,60세,상해없음,이륜,남,38세,중상
2020090500100015,2020년 9월 5일 00시,토요일,경상북도 안동시 송현동,경상사고,0,0,1,0,차대차 - 측면충돌,안전운전불이행,건조,맑음,단일로 - 기타,승용,남,28세,상해없음,이륜,남,25세,경상
2020090500100016,2020년 9월 5일 00시,토요일,경상북도 포항시 남구 오천읍,경상사고,0,0,2,0,차대차 - 추돌,안전운전불이행,건조,맑음,교차로 - 교차로부근,승용,남,29세,상해없음,승용,남,32세,경상
2020090500100080,2020년 9월 5일 08시,토요일,경상북도 영천시 금노동,경상사고,0,0,1,0,차대차 - 측면충돌,안전거리미확보,건조,맑음,교차로 - 교차로안,화물,남,75세,상해없음,승용,여,27세,경상
2020090500100096,2020년 9월 5일 09시,토요일,경상북도 김천시 덕곡동,경상사고,0,0,1,0,차대차 - 측면충돌,신호위반,건조,맑음,교차로 - 교차로안,화물,남,64세,상해없음,승용,여,30세,경상
2020090500100097,2020년 9월 5일 09시,토요일,경상북도 의성군 금성면,경상사고,0,0,1,0,차량단독 - 공작물충돌,안전운전불이행,건조,맑음,단일로 - 기타,화물,남,62세,경상,,,,
2020090500100098,2020년 9월 5일 09시,토요일,경상북도 경산시 중방동,경상사고,0,0,1,0,차대차 - 측면충돌,안전운전불이행,건조,맑음,교차로 - 교차로부근,승용,여,57세,상해없음,승용,여,26세,경상
2020090500100153,2020년 9월 5일 11시,토요일,경상북도 경주시 서면,경상사고,0,0,3,0,차대차 - 추돌,안전운전불이행,젖음/습기,비,단일로 - 기타,화물,남,40세,상해없음,승용,남,64세,경상
2020090500100186,2020년 9월 5일 12시,토요일,경상북도 포항시 북구 흥해읍,경상사고,0,0,1,0,차대차 - 기타,안전운전불이행,건조,맑음,교차로 - 교차로안,화물,남,74세,상해없음,승합,남,57세,경상
2020090500100187,2020년 9월 5일 12시,토요일,경상북도 구미시 진평동,경상사고,0,0,1,0,차대차 - 측면충돌,중앙선침범,건조,맑음,단일로 - 기타,승용,여,26세,상해없음,이륜,남,25세,경상
2020090500100229,2020년 9월 5일 13시,토요일,경상북도 경주시 인왕동,경상사고,0,0,1,0,차량단독 - 공작물충돌,안전운전불이행,젖음/습기,흐림,기타 - 기타,승용,남,38세,경상,,,,
2020090500100306,2020년 9월 5일 15시,토요일,경상북도 포항시 남구 호미곶면,부상신고사고,0,0,0,1,차대차 - 기타,안전운전불이행,건조,맑음,교차로 - 교차로부근,승용,남,62세,상해없음,승용,남,40세,상해없음
2020090500100377,2020년 9월 5일 17시,토요일,경상북도 영주시 문수면,경상사고,0,0,2,0,차대차 - 측면충돌,안전운전불이행,건조,맑음,단일로 - 기타,승용,여,63세,상해없음,승용,여,41세,경상
2020090500100378,2020년 9월 5일 17시,토요일,경상북도 구미시 구평동,경상사고,0,0,1,0,차대차 - 기타,안전운전불이행,젖음/습기,비,교차로 - 교차로안,이륜,남,38세,경상,승용,남,27세,상해없음
2020090500100414,2020년 9월 5일 18시,토요일,경상북도 포항시 남구 지곡동,경상사고,0,0,1,0,차대사람 - 기타,보행자보호의무위반,젖음/습기,비,교차로 - 교차로안,승용,여,45세,상해없음,보행자,여,62세,경상
2020090500100415,2020년 9월 5일 18시,토요일,경상북도 포항시 남구 대잠동,경상사고,0,0,1,0,차대차 - 기타,안전운전불이행,젖음/습기,비,교차로 - 교차로부근,승용,남,50세,상해없음,이륜,남,41세,경상
2020090500100486,2020년 9월 5일 20시,토요일,경상북도 영천시 고경면,중상사고,0,1,0,0,차대차 - 기타,안전거리미확보,젖음/습기,비,단일로 - 기타,승용,남,44세,상해없음,승용,남,51세,중상
2020090500100487,2020년 9월 5일 20시,토요일,경상북도 포항시 남구 대도동,경상사고,0,0,1,0,차대차 - 측면충돌,안전운전불이행,젖음/습기,비,교차로 - 교차로안,화물,남,59세,상해없음,이륜,남,43세,경상
2020090500100516,2020년 9월 5일 21시,토요일,경상북도 포항시 북구 죽도동,사망사고,1,0,0,0,차대사람 - 횡단중,안전운전불이행,젖음/습기,비,단일로 - 기타,승합,남,60세,상해없음,보행자,남,50세,사망
2020090500100517,2020년 9월 5일 21시,토요일,경상북도 안동시 옥동,경상사고,0,0,2,0,차대차 - 정면충돌,신호위반,건조,흐림,교차로 - 교차로안,승용,남,67세,상해없음,승용,남,68세,경상
2020090500100518,2020년 9월 5일 21시,토요일,경상북도 구미시 오태동,경상사고,0,0,1,0,차대차 - 기타,안전운전불이행,젖음/습기,비,단일로 - 기타,승용,남,53세,상해없음,이륜,남,45세,경상
2020090500100519,2020년 9월 5일 21시,토요일,경상북도 포항시 남구 대도동,경상사고,0,0,1,0,차대차 - 추돌,안전운전불이행,젖음/습기,비,교차로 - 교차로안,화물,남,23세,상해없음,승용,남,57세,경상
2020090500100561,2020년 9월 5일 23시,토요일,경상북도 포항시 북구 죽도동,경상사고,0,0,1,0,차대차 - 측면충돌,안전운전불이행,젖음/습기,비,단일로 - 기타,승용,남,62세,상해없음,승용,남,24세,경상
2020090500100562,2020년 9월 5일 23시,토요일,경상북도 예천군 예천읍,중상사고,0,2,0,0,차대차 - 측면충돌,안전운전불이행,젖음/습기,흐림,교차로 - 교차로횡단보도내,승용,남,21세,중상,승용,남,65세,중상
2020090600100021,2020년 9월 6일 01시,일요일,경상북도 영덕군 축산면,중상사고,0,1,0,0,차량단독 - 공작물충돌,안전운전불이행,젖음/습기,비,단일로 - 기타,승용,남,25세,중상,,,,
2020090600100033,2020년 9월 6일 02시,일요일,경상북도 영주시 가흥동,경상사고,0,0,1,0,차대차 - 측면충돌,안전운전불이행,젖음/습기,비,단일로 - 기타,이륜,남,18세,경상,승합,여,62세,상해없음
2020090600100034,2020년 9월 6일 02시,일요일,경상북도 칠곡군 지천면,경상사고,0,0,1,0,차대차 - 추돌,안전운전불이행,젖음/습기,비,단일로 - 기타,화물,남,65세,상해없음,승용,남,29세,경상
2020090600100050,2020년 9월 6일 05시,일요일,경상북도 경주시 성건동,경상사고,0,0,1,0,차대차 - 기타,안전운전불이행,젖음/습기,흐림,단일로 - 기타,승용,남,38세,기타불명,이륜,남,57세,경상
2020090600100056,2020년 9월 6일 06시,일요일,경상북도 경주시 용강동,중상사고,0,1,5,0,차대차 - 추돌,안전운전불이행,건조,맑음,단일로 - 기타,승용,남,40세,중상,승용,남,18세,경상
2020090600100069,2020년 9월 6일 08시,일요일,경상북도 경주시 동천동,사망사고,1,0,1,0,차량단독 - 도로외이탈 - 추락,중앙선침범,젖음/습기,비,단일로 - 지하차도(도로)내,화물,남,59세,사망,,,,
2020090600100091,2020년 9월 6일 10시,일요일,경상북도 경주시 진현동,중상사고,0,1,0,0,차대차 - 측면충돌,직진우회전진행방해,젖음/습기,비,교차로 - 교차로안,승용,여,57세,상해없음,이륜,여,77세,중상
2020090600100092,2020년 9월 6일 10시,일요일,경상북도 상주시 모동면,사망사고,1,0,0,0,차대사람 - 횡단중,중앙선침범,건조,흐림,단일로 - 기타,화물,남,64세,상해없음,보행자,여,81세,사망
2020090600100108,2020년 9월 6일 11시,일요일,경상북도 군위군 고로면,중상사고,0,1,3,0,차대차 - 기타,안전운전불이행,젖음/습기,흐림,단일로 - 기타,승용,남,65세,상해없음,승용,남,33세,경상
2020090600100127,2020년 9월 6일 12시,일요일,경상북도 포항시 북구 죽도동,경상사고,0,0,1,0,차대차 - 후진중충돌,안전운전불이행,건조,맑음,단일로 - 기타,승용,여,68세,상해없음,이륜,남,27세,경상
2020090600100128,2020년 9월 6일 12시,일요일,경상북도 안동시 상아동,중상사고,0,1,4,0,차대차 - 측면충돌,안전운전불이행,젖음/습기,흐림,단일로 - 기타,승용,남,59세,상해없음,화물,남,43세,경상
2020090600100175,2020년 9월 6일 14시,일요일,경상북도 청도군 운문면,중상사고,0,1,3,0,차대차 - 측면충돌,안전운전불이행,건조,맑음,단일로 - 기타,화물,남,73세,상해없음,승용,남,53세,경상
2020090600100176,2020년 9월 6일 14시,일요일,경상북도 구미시 진평동,경상사고,0,0,1,0,차대차 - 기타,안전운전불이행,건조,맑음,단일로 - 기타,승용,남,66세,상해없음,승용,남,44세,경상
2020090600100223,2020년 9월 6일 16시,일요일,경상북도 경주시 안강읍,사망사고,1,1,0,0,차대차 - 측면충돌,중앙선침범,젖음/습기,비,단일로 - 기타,이륜,남,54세,중상,특수,남,57세,상해없음
2020090600100224,2020년 9월 6일 16시,일요일,경상북도 김천시 조마면,경상사고,0,0,2,0,차대차 - 추돌,안전운전불이행,젖음/습기,비,교차로 - 교차로부근,화물,남,71세,상해없음,승용,여,60세,경상
2020090600100247,2020년 9월 6일 17시,일요일,경상북도 의성군 안계면,경상사고,0,0,3,0,차대차 - 측면충돌,안전운전불이행,건조,맑음,단일로 - 기타,승용,남,70세,상해없음,승용,남,61세,경상
2020090600100248,2020년 9월 6일 17시,일요일,경상북도 문경시 흥덕동,경상사고,0,0,1,0,차대차 - 기타,안전운전불이행,건조,맑음,교차로 - 교차로안,화물,남,65세,상해없음,승용,남,38세,경상