사고번호,사고일시,요일,시군구,사고내용,사망자수,중상자수,경상자수,부상신고자수,사고유형,법규위반,노면상태,기상상태,도로형태,가해운전자 차종,가해운전자 성별,가해운전자 연령,가해운전자 상해정도,피해운전자 차종,피해운전자 성별,피해운전자 연령,피해운전자 상해정도
2020090600100249,2020년 9월 6일 17시,일요일,경상북도 경산시 대동,경상사고,0,0,1,0,차대사람 - 기타,안전운전불이행,건조,맑음,기타 - 기타,승용,남,42세,상해없음,보행자,남,67세,경상
2020090600100273,2020년 9월 6일 18시,일요일,경상북도 영천시 야사동,경상사고,0,0,4,0,차대차 - 측면충돌,교차로운행방법위반,건조,맑음,교차로 - 교차로안,승용,여,44세,경상,승용,남,44세,경상
2020090600100305,2020년 9월 6일 19시,일요일,경상북도 경주시 사정동,경상사고,0,0,1,0,차대차 - 측면충돌,안전운전불이행,젖음/습기,비,교차로 - 교차로안,승용,여,63세,상해없음,승용,남,54세,상해없음
2020090600100306,2020년 9월 6일 19시,일요일,경상북도 안동시 용상동,경상사고,0,0,1,0,차대차 - 측면충돌,기타,젖음/습기,비,단일로 - 기타,승용,남,78세,상해없음,이륜,남,54세,경상
2020090600100344,2020년 9월 6일 20시,일요일,경상북도 상주시 서문동,경상사고,0,0,1,0,차대차 - 기타,안전운전불이행,젖음/습기,비,교차로 - 교차로안,화물,남,70세,상해없음,이륜,남,27세,경상
2020090600100374,2020년 9월 6일 21시,일요일,경상북도 구미시 오태동,부상신고사고,0,0,0,1,차량단독 - 기타,안전운전불이행,젖음/습기,비,교차로 - 교차로안,승합,여,42세,부상신고,,,,
2020090600100375,2020년 9월 6일 21시,일요일,경상북도 포항시 남구 오천읍,경상사고,0,0,1,0,차대사람 - 보도통행중,신호위반,젖음/습기,비,교차로 - 교차로횡단보도내,승용,남,29세,상해없음,보행자,여,37세,경상
2020090600100393,2020년 9월 6일 22시,일요일,경상북도 안동시 풍산읍,중상사고,0,1,2,0,차대차 - 측면충돌,안전운전불이행,젖음/습기,비,단일로 - 기타,승용,여,63세,경상,승용,남,27세,중상
2020090600100394,2020년 9월 6일 22시,일요일,경상북도 김천시 부곡동,경상사고,0,0,6,0,차대차 - 추돌,안전운전불이행,젖음/습기,비,교차로 - 교차로부근,승용,남,40세,상해없음,승용,남,28세,경상
2020090600100395,2020년 9월 6일 22시,일요일,경상북도 칠곡군 석적읍,중상사고,0,1,1,0,차대차 - 측면충돌,안전운전불이행,젖음/습기,비,단일로 - 기타,승용,남,57세,상해없음,승용,여,46세,중상
2020090600100409,2020년 9월 6일 23시,일요일,경상북도 포항시 북구 죽도동,경상사고,0,0,1,0,차대차 - 기타,안전운전불이행,젖음/습기,흐림,단일로 - 기타,승합,남,45세,기타불명,원동기,남,35세,경상
2020090600100410,2020년 9월 6일 23시,일요일,경상북도 안동시 목성동,경상사고,0,0,1,0,차대차 - 측면충돌,안전운전불이행,젖음/습기,비,교차로 - 교차로부근,승용,남,47세,상해없음,이륜,남,30세,경상
2020090700100011,2020년 9월 7일 01시,월요일,경상북도 김천시 봉산면,경상사고,0,0,1,0,차대차 - 추돌,안전운전불이행,젖음/습기,비,단일로 - 기타,승용,남,33세,상해없음,화물,남,48세,경상
2020090700100021,2020년 9월 7일 02시,월요일,경상북도 경산시 압량면,중상사고,0,1,4,0,차대차 - 측면충돌,신호위반,젖음/습기,비,교차로 - 교차로안,승합,남,28세,상해없음,승합,남,26세,경상
2020090700100041,2020년 9월 7일 05시,월요일,경상북도 경주시 건천읍,중상사고,0,1,0,0,차량단독 - 공작물충돌,안전운전불이행,젖음/습기,비,단일로 - 기타,화물,남,67세,기타불명,,,,
2020090700100070,2020년 9월 7일 07시,월요일,경상북도 의성군 단촌면,중상사고,0,1,0,0,차량단독 - 공작물충돌,안전운전불이행,건조,맑음,단일로 - 기타,승용,남,52세,중상,,,,
2020090700100071,2020년 9월 7일 07시,월요일,경상북도 영덕군 강구면,중상사고,0,1,0,0,차대사람 - 횡단중,신호위반,건조,맑음,교차로 - 교차로안,승용,여,57세,상해없음,보행자,남,63세,중상
2020090700100072,2020년 9월 7일 07시,월요일,경상북도 김천시 농소면,경상사고,0,0,2,0,차대차 - 측면충돌,안전운전불이행,젖음/습기,비,단일로 - 기타,승용,남,19세,상해없음,승용,남,43세,경상
2020090700100108,2020년 9월 7일 08시,월요일,경상북도 상주시 서성동,경상사고,0,0,1,0,차대사람 - 횡단중,안전운전불이행,젖음/습기,비,교차로 - 교차로안,승용,남,59세,상해없음,보행자,여,29세,경상
2020090700100109,2020년 9월 7일 08시,월요일,경상북도 영덕군 지품면,중상사고,0,1,0,0,차량단독 - 기타,안전운전불이행,젖음/습기,비,단일로 - 기타,승용,여,44세,중상,,,,
2020090700100130,2020년 9월 7일 09시,월요일,경상북도 상주시 도남동,경상사고,0,0,1,0,차대차 - 정면충돌,안전운전불이행,젖음/습기,비,단일로 - 기타,화물,남,77세,상해없음,승용,남,47세,경상
2020090700100204,2020년 9월 7일 12시,월요일,경상북도 김천시 신음동,경상사고,0,0,1,0,차대사람 - 횡단중,보행자보호의무위반,건조,맑음,교차로 - 교차로횡단보도내,승용,여,24세,상해없음,보행자,여,82세,경상
2020090700100205,2020년 9월 7일 12시,월요일,경상북도 경산시 사동,경상사고,0,0,1,0,차대차 - 추돌,안전운전불이행,기타,맑음,단일로 - 기타,승용,남,39세,기타불명,승용,남,44세,경상
2020090700100281,2020년 9월 7일 14시,월요일,경상북도 김천시 지좌동,경상사고,0,0,1,0,차대차 - 측면충돌,신호위반,건조,맑음,교차로 - 교차로안,이륜,남,67세,경상,승용,여,59세,상해없음
2020090700100282,2020년 9월 7일 14시,월요일,경상북도 경산시 하양읍,경상사고,0,0,1,0,차대차 - 정면충돌,안전운전불이행,젖음/습기,흐림,교차로 - 교차로부근,이륜,남,85세,상해없음,승용,여,47세,경상
2020090700100283,2020년 9월 7일 14시,월요일,경상북도 구미시 사곡동,경상사고,0,0,1,0,차대차 - 기타,신호위반,건조,맑음,교차로 - 교차로안,승용,남,46세,상해없음,승용,남,41세,경상
2020090700100317,2020년 9월 7일 15시,월요일,경상북도 영천시 완산동,중상사고,0,1,2,0,차대차 - 추돌,안전거리미확보,건조,맑음,단일로 - 기타,화물,남,47세,중상,화물,남,30세,경상
2020090700100350,2020년 9월 7일 16시,월요일,경상북도 문경시 마성면,중상사고,0,1,0,0,차대차 - 측면충돌,안전운전불이행,건조,맑음,단일로 - 기타,승용,남,50세,상해없음,승합,남,39세,중상
2020090700100380,2020년 9월 7일 17시,월요일,경상북도 안동시 태화동,경상사고,0,0,1,0,차대차 - 측면충돌,신호위반,건조,맑음,단일로 - 기타,승용,남,49세,경상,화물,남,56세,상해없음
2020090700100381,2020년 9월 7일 17시,월요일,경상북도 김천시 감호동,중상사고,0,1,0,0,차대차 - 추돌,안전거리미확보,건조,맑음,교차로 - 교차로횡단보도내,승용,남,86세,상해없음,이륜,남,50세,중상
2020090700100382,2020년 9월 7일 17시,월요일,경상북도 구미시 고아읍,중상사고,0,1,0,0,차대사람 - 횡단중,안전운전불이행,건조,맑음,단일로 - 기타,승용,남,24세,상해없음,보행자,여,38세,중상
2020090700100421,2020년 9월 7일 18시,월요일,경상북도 경주시 동천동,중상사고,0,1,0,0,차대사람 - 횡단중,안전운전불이행,건조,맑음,교차로 - 교차로안,승용,여,52세,상해없음,보행자,남,47세,중상
2020090700100422,2020년 9월 7일 18시,월요일,경상북도 포항시 남구 해도동,경상사고,0,0,1,0,차대사람 - 횡단중,보행자보호의무위반,건조,맑음,단일로 - 기타,화물,남,68세,상해없음,보행자,여,50세,경상
2020090700100423,2020년 9월 7일 18시,월요일,경상북도 포항시 남구 해도동,경상사고,0,0,1,0,차대차 - 측면충돌,불법유턴,건조,맑음,단일로 - 기타,승용,남,72세,상해없음,화물,남,45세,경상
2020090700100465,2020년 9월 7일 19시,월요일,경상북도 경주시 안강읍,경상사고,0,0,1,0,차대사람 - 횡단중,안전운전불이행,건조,맑음,교차로 - 교차로부근,화물,남,42세,상해없음,보행자,여,72세,경상
2020090700100466,2020년 9월 7일 19시,월요일,경상북도 칠곡군 석적읍,경상사고,0,0,4,0,차대차 - 기타,안전운전불이행,건조,맑음,교차로 - 교차로안,승용,여,58세,상해없음,승용,여,41세,경상
2020090700100563,2020년 9월 7일 22시,월요일,경상북도 경산시 압량면,경상사고,0,0,1,0,차대차 - 후진중충돌,안전운전불이행,건조,맑음,주차장 - 주차장,승용,남,46세,기타불명,승용,남,37세,경상
2020090700100564,2020년 9월 7일 22시,월요일,경상북도 포항시 남구 청림동,경상사고,0,0,2,1,차대차 - 기타,안전운전불이행,건조,맑음,단일로 - 기타,승합,남,72세,부상신고,승용,여,41세,경상
2020090700100579,2020년 9월 7일 23시,월요일,경상북도 경산시 남천면,중상사고,0,2,0,0,차대차 - 기타,안전운전불이행,건조,맑음,단일로 - 기타,승용,남,21세,중상,승용,남,37세,기타불명
2020090800100009,2020년 9월 8일 00시,화요일,경상북도 경주시 시래동,경상사고,0,0,1,0,차대사람 - 기타,안전운전불이행,건조,맑음,단일로 - 기타,승용,여,37세,상해없음,보행자,남,83세,경상
2020090800100071,2020년 9월 8일 07시,화요일,경상북도 포항시 남구 오천읍,중상사고,0,1,1,0,차대차 - 기타,안전거리미확보,건조,맑음,교차로 - 교차로부근,화물,남,61세,중상,승용,남,40세,경상
2020090800100112,2020년 9월 8일 08시,화요일,경상북도 포항시 북구 득량동,경상사고,0,0,1,0,차대차 - 추돌,안전운전불이행,건조,맑음,교차로 - 교차로부근,승용,남,65세,상해없음,승용,여,68세,상해없음
2020090800100113,2020년 9월 8일 08시,화요일,경상북도 안동시 수상동,경상사고,0,0,5,0,차대차 - 추돌,안전거리미확보,건조,맑음,단일로 - 기타,승용,남,57세,경상,승용,남,24세,상해없음
2020090800100114,2020년 9월 8일 08시,화요일,경상북도 칠곡군 약목면,중상사고,0,1,0,0,차대차 - 후진중충돌,안전운전불이행,건조,맑음,단일로 - 기타,화물,남,57세,상해없음,승용,여,47세,중상
2020090800100115,2020년 9월 8일 08시,화요일,경상북도 예천군 호명면,경상사고,0,0,1,0,차대차 - 측면충돌,안전운전불이행,건조,맑음,단일로 - 기타,승용,남,24세,상해없음,승용,여,49세,경상
2020090800100116,2020년 9월 8일 08시,화요일,경상북도 구미시 광평동,경상사고,0,0,1,0,차대차 - 측면충돌,안전운전불이행,건조,맑음,교차로 - 교차로안,승용,남,62세,상해없음,승합,남,57세,경상
2020090800100117,2020년 9월 8일 08시,화요일,경상북도 구미시 봉곡동,부상신고사고,0,0,0,1,차대사람 - 횡단중,안전운전불이행,건조,맑음,기타 - 기타,기타불명,기타불명,미분류,기타불명,보행자,여,39세,부상신고
2020090800100118,2020년 9월 8일 08시,화요일,경상북도 포항시 남구 오천읍,경상사고,0,0,1,0,차대차 - 측면충돌,신호위반,건조,맑음,교차로 - 교차로안,이륜,남,66세,경상,승용,남,60세,상해없음
2020090800100148,2020년 9월 8일 09시,화요일,경상북도 포항시 북구 대흥동,경상사고,0,0,1,0,차대차 - 기타,안전운전불이행,건조,맑음,단일로 - 기타,승용,남,64세,상해없음,승용,남,28세,경상
2020090800100149,2020년 9월 8일 09시,화요일,경상북도 안동시 태화동,중상사고,0,1,0,0,차대차 - 측면충돌,안전운전불이행,건조,맑음,단일로 - 기타,승용,여,64세,상해없음,승용,여,61세,중상
2020090800100150,2020년 9월 8일 09시,화요일,경상북도 김천시 평화동,경상사고,0,0,2,0,차대차 - 측면충돌,차로위반,건조,맑음,단일로 - 기타,화물,남,59세,경상,승용,여,63세,경상
2020090800100151,2020년 9월 8일 09시,화요일,경상북도 고령군 성산면,경상사고,0,0,2,0,차대차 - 추돌,안전거리미확보,건조,맑음,단일로 - 기타,승용,남,65세,경상,화물,남,59세,경상
2020090800100152,2020년 9월 8일 09시,화요일,경상북도 포항시 남구 오천읍,중상사고,0,1,0,0,차대사람 - 횡단중,안전운전불이행,건조,맑음,단일로 - 기타,승용,여,66세,상해없음,보행자,여,73세,중상
2020090800100181,2020년 9월 8일 10시,화요일,경상북도 포항시 남구 이동,경상사고,0,0,1,0,차대차 - 기타,안전운전불이행,건조,맑음,교차로 - 교차로부근,화물,남,61세,상해없음,승합,남,52세,상해없음
2020090800100216,2020년 9월 8일 11시,화요일,경상북도 경주시 황남동,경상사고,0,0,1,0,차대사람 - 기타,안전운전불이행,건조,맑음,단일로 - 기타,승용,남,60세,상해없음,보행자,남,24세,경상
2020090800100217,2020년 9월 8일 11시,화요일,경상북도 포항시 북구 기계면,경상사고,0,0,1,0,차대차 - 측면충돌,기타,건조,맑음,교차로 - 교차로안,승합,여,61세,상해없음,승용,남,62세,경상
2020090800100218,2020년 9월 8일 11시,화요일,경상북도 안동시 금곡동,경상사고,0,0,2,0,차대차 - 추돌,안전운전불이행,건조,맑음,교차로 - 교차로부근,승용,남,70세,상해없음,승용,남,50세,경상
2020090800100219,2020년 9월 8일 11시,화요일,경상북도 안동시 금곡동,경상사고,0,0,1,0,차대사람 - 기타,안전운전불이행,건조,맑음,단일로 - 기타,승용,남,70세,상해없음,보행자,남,50세,경상
2020090800100220,2020년 9월 8일 11시,화요일,경상북도 경산시 용성면,부상신고사고,0,0,0,1,차량단독 - 전도전복 - 전도,안전운전불이행,건조,흐림,단일로 - 기타,농기계,남,67세,부상신고,,,,
2020090800100245,2020년 9월 8일 12시,화요일,경상북도 경주시 사정동,경상사고,0,0,3,0,차대차 - 측면충돌,신호위반,건조,맑음,교차로 - 교차로안,이륜,남,56세,경상,승용,남,34세,상해없음
2020090800100246,2020년 9월 8일 12시,화요일,경상북도 김천시 아포읍,경상사고,0,0,1,0,차대사람 - 기타,안전운전불이행,건조,맑음,기타 - 기타,승용,남,86세,상해없음,보행자,여,62세,경상
2020090800100247,2020년 9월 8일 12시,화요일,경상북도 상주시 중동면,중상사고,0,1,0,0,차량단독 - 전도전복 - 전도,안전운전불이행,건조,맑음,단일로 - 기타,자전거,여,74세,중상,,,,
2020090800100274,2020년 9월 8일 13시,화요일,경상북도 안동시 송현동,경상사고,0,0,1,0,차대차 - 추돌,안전운전불이행,건조,맑음,단일로 - 기타,화물,남,63세,상해없음,승용,남,39세,경상
2020090800100275,2020년 9월 8일 13시,화요일,경상북도 안동시 녹전면,경상사고,0,0,1,2,차대차 - 추돌,안전운전불이행,건조,맑음,단일로 - 기타,승용,남,61세,상해없음,승용,남,53세,경상
2020090800100306,2020년 9월 8일 14시,화요일,경상북도 구미시 지산동,경상사고,0,0,3,0,차대차 - 기타,안전거리미확보,건조,맑음,교차로 - 교차로부근,승용,여,69세,상해없음,승용,남,36세,경상
2020090800100346,2020년 9월 8일 15시,화요일,경상북도 영주시 영주동,중상사고,0,1,0,0,차대사람 - 길가장자리구역통행중,안전운전불이행,건조,맑음,단일로 - 기타,승용,여,54세,상해없음,보행자,여,64세,중상
2020090800100347,2020년 9월 8일 15시,화요일,경상북도 영주시 휴천동,경상사고,0,0,2,0,차대차 - 측면충돌,중앙선침범,건조,맑음,단일로 - 기타,화물,남,67세,상해없음,승용,여,53세,경상
2020090800100348,2020년 9월 8일 15시,화요일,경상북도 영주시 영주동,경상사고,0,0,1,0,차대차 - 측면충돌,안전운전불이행,건조,맑음,교차로 - 교차로부근,이륜,남,59세,경상,승용,남,61세,상해없음
2020090800100397,2020년 9월 8일 16시,화요일,경상북도 포항시 북구 신흥동,경상사고,0,0,3,0,차대차 - 측면충돌,중앙선침범,건조,맑음,단일로 - 기타,승용,남,33세,경상,승용,남,51세,경상
2020090800100398,2020년 9월 8일 16시,화요일,경상북도 영천시 완산동,경상사고,0,0,2,0,차대차 - 측면충돌,안전운전불이행,건조,맑음,단일로 - 기타,승용,여,57세,경상,화물,여,61세,경상
2020090800100437,2020년 9월 8일 17시,화요일,경상북도 경주시 감포읍,중상사고,0,3,0,0,차대사람 - 기타,안전운전불이행,건조,맑음,단일로 - 기타,화물,남,82세,중상,보행자,남,49세,중상
2020090800100438,2020년 9월 8일 17시,화요일,경상북도 상주시 만산동,경상사고,0,0,4,0,차대차 - 추돌,안전운전불이행,건조,맑음,단일로 - 교량,화물,남,61세,상해없음,승용,남,59세,경상
2020090800100439,2020년 9월 8일 17시,화요일,경상북도 포항시 북구 죽도동,경상사고,0,0,1,0,차대차 - 측면충돌,안전운전불이행,건조,맑음,교차로 - 교차로안,화물,남,62세,상해없음,승용,여,45세,경상
2020090800100481,2020년 9월 8일 18시,화요일,경상북도 상주시 가장동,중상사고,0,1,2,0,차대차 - 추돌,안전운전불이행,건조,맑음,단일로 - 기타,이륜,남,22세,중상,승용,남,24세,경상
2020090800100519,2020년 9월 8일 19시,화요일,경상북도 안동시 정상동,경상사고,0,0,1,0,차량단독 - 전도전복 - 전도,안전운전불이행,건조,맑음,단일로 - 기타,이륜,남,69세,경상,,,,
2020090800100520,2020년 9월 8일 19시,화요일,경상북도 안동시 풍산읍,중상사고,0,1,0,0,차대차 - 기타,안전운전불이행,건조,맑음,단일로 - 기타,이륜,남,69세,중상,기타불명,기타불명,미분류,기타불명
2020090800100587,2020년 9월 8일 21시,화요일,경상북도 경주시 안강읍,중상사고,0,1,0,0,차대차 - 정면충돌,안전운전불이행,건조,맑음,단일로 - 기타,승용,여,61세,상해없음,자전거,남,11세,중상
2020090800100588,2020년 9월 8일 21시,화요일,경상북도 영덕군 영해면,경상사고,0,0,1,0,차대차 - 측면충돌,안전운전불이행,건조,맑음,단일로 - 기타,화물,남,62세,상해없음,승용,여,42세,경상
2020090800100617,2020년 9월 8일 22시,화요일,경상북도 경산시 중방동,경상사고,0,0,1,0,차대사람 - 횡단중,보행자보호의무위반,건조,맑음,교차로 - 교차로횡단보도내,승용,남,49세,상해없음,보행자,남,61세,경상
2020090900100010,2020년 9월 9일 00시,수요일,경상북도 고령군 운수면,중상사고,0,1,1,0,차대차 - 측면충돌,신호위반,건조,맑음,교차로 - 교차로안,승합,남,19세,상해없음,이륜,남,28세,중상
2020090900100024,2020년 9월 9일 02시,수요일,경상북도 구미시 원평동,부상신고사고,0,0,0,1,차대사람 - 차도통행중,안전운전불이행,건조,맑음,단일로 - 기타,승용,남,66세,상해없음,보행자,여,27세,부상신고
2020090900100033,2020년 9월 9일 05시,수요일,경상북도 구미시 봉곡동,경상사고,0,0,1,0,차대차 - 추돌,안전운전불이행,건조,맑음,교차로 - 교차로부근,화물,남,52세,상해없음,승합,남,37세,경상
2020090900100044,2020년 9월 9일 06시,수요일,경상북도 구미시 선산읍,부상신고사고,0,0,0,1,차대차 - 기타,안전운전불이행,건조,맑음,교차로 - 교차로부근,자전거,남,72세,부상신고,승용,여,59세,상해없음
2020090900100064,2020년 9월 9일 07시,수요일,경상북도 영천시 신령면,경상사고,0,0,1,0,차대차 - 추돌,안전거리미확보,건조,맑음,단일로 - 기타,화물,남,31세,상해없음,화물,남,41세,경상
2020090900100089,2020년 9월 9일 08시,수요일,경상북도 안동시 수상동,중상사고,0,1,1,0,차대차 - 추돌,안전운전불이행,건조,맑음,교차로 - 교차로안,승용,여,51세,상해없음,승용,여,33세,경상
2020090900100090,2020년 9월 9일 08시,수요일,경상북도 구미시 원평동,경상사고,0,0,1,0,차대차 - 기타,안전운전불이행,건조,흐림,단일로 - 기타,승용,남,43세,상해없음,승용,남,50세,경상
2020090900100118,2020년 9월 9일 09시,수요일,경상북도 김천시 신음동,중상사고,0,1,0,0,차대차 - 측면충돌,안전운전불이행,건조,맑음,단일로 - 기타,승용,여,44세,상해없음,이륜,여,60세,중상
2020090900100119,2020년 9월 9일 09시,수요일,경상북도 포항시 남구 해도동,경상사고,0,0,1,0,차대차 - 기타,안전운전불이행,젖음/습기,비,교차로 - 교차로부근,이륜,남,56세,경상,승용,남,60세,상해없음
2020090900100141,2020년 9월 9일 10시,수요일,경상북도 경주시 건천읍,경상사고,0,0,1,0,차대차 - 측면충돌,안전운전불이행,건조,맑음,교차로 - 교차로부근,화물,남,42세,상해없음,이륜,여,65세,경상
2020090900100142,2020년 9월 9일 10시,수요일,경상북도 구미시 신평동,중상사고,0,1,0,0,차대사람 - 보도통행중,보행자보호의무위반,건조,맑음,교차로 - 교차로부근,승용,여,56세,상해없음,보행자,여,78세,중상
2020090900100143,2020년 9월 9일 10시,수요일,경상북도 구미시 장천면,경상사고,0,0,1,1,차대차 - 기타,교차로운행방법위반,건조,맑음,교차로 - 교차로안,승용,남,61세,부상신고,승용,여,51세,경상
2020090900100177,2020년 9월 9일 11시,수요일,경상북도 경주시 건천읍,경상사고,0,0,1,0,차대차 - 측면충돌,안전운전불이행,건조,맑음,주차장 - 주차장,승용,남,83세,상해없음,승용,여,54세,경상
2020090900100178,2020년 9월 9일 11시,수요일,경상북도 포항시 북구 청하면,중상사고,0,1,1,0,차대차 - 추돌,안전거리미확보,젖음/습기,비,교차로 - 교차로부근,화물,남,61세,상해없음,승용,남,61세,중상
2020090900100179,2020년 9월 9일 11시,수요일,경상북도 포항시 북구 죽도동,경상사고,0,0,1,0,차대차 - 기타,안전운전불이행,건조,맑음,단일로 - 기타,승용,남,54세,상해없음,승용,남,24세,경상
2020090900100180,2020년 9월 9일 11시,수요일,경상북도 예천군 예천읍,경상사고,0,0,2,0,차대차 - 추돌,안전거리미확보,건조,맑음,교차로 - 교차로부근,승용,남,60세,상해없음,승용,남,59세,경상
2020090900100224,2020년 9월 9일 13시,수요일,경상북도 상주시 낙양동,중상사고,0,1,0,0,차대차 - 측면충돌,안전운전불이행,건조,맑음,단일로 - 기타,승용,여,39세,상해없음,이륜,남,80세,중상
2020090900100225,2020년 9월 9일 13시,수요일,경상북도 영천시 청통면,중상사고,0,1,0,0,차대차 - 기타,안전운전불이행,건조,맑음,교차로 - 교차로부근,화물,남,50세,상해없음,원동기,남,58세,중상
2020090900100226,2020년 9월 9일 13시,수요일,경상북도 청도군 각북면,경상사고,0,0,1,0,차대차 - 추돌,안전거리미확보,건조,맑음,단일로 - 기타,승용,남,53세,상해없음,자전거,남,30세,경상
2020090900100227,2020년 9월 9일 13시,수요일,경상북도 영양군 영양읍,부상신고사고,0,0,0,1,차대차 - 측면충돌,안전운전불이행,건조,맑음,교차로 - 교차로안,화물,여,57세,상해없음,자전거,남,79세,부상신고
2020090900100261,2020년 9월 9일 14시,수요일,경상북도 포항시 북구 학산동,경상사고,0,0,1,0,차대차 - 기타,안전운전불이행,건조,맑음,단일로 - 기타,승용,남,68세,상해없음,승용,여,48세,경상
2020090900100262,2020년 9월 9일 14시,수요일,경상북도 영천시 고경면,경상사고,0,0,2,0,차대차 - 추돌,안전거리미확보,건조,맑음,단일로 - 기타,화물,남,47세,상해없음,화물,남,73세,경상
2020090900100263,2020년 9월 9일 14시,수요일,경상북도 성주군 선남면,경상사고,0,0,1,0,차대차 - 측면충돌,안전운전불이행,건조,맑음,단일로 - 기타,건설기계,남,51세,상해없음,승용,여,52세,경상
2020090900100302,2020년 9월 9일 15시,수요일,경상북도 김천시 아포읍,경상사고,0,0,1,0,차대사람 - 차도통행중,안전운전불이행,건조,맑음,단일로 - 기타,승용,여,60세,상해없음,보행자,남,3세,경상
2020090900100303,2020년 9월 9일 15시,수요일,경상북도 경산시 용성면,경상사고,0,0,1,0,차량단독 - 전도전복 - 전도,안전운전불이행,건조,맑음,단일로 - 기타,이륜,남,19세,경상,,,,
2020090900100304,2020년 9월 9일 15시,수요일,경상북도 구미시 원평동,경상사고,0,0,1,0,차대차 - 측면충돌,교차로운행방법위반,건조,맑음,교차로 - 교차로안,승용,남,62세,상해없음,이륜,남,29세,경상
2020090900100329,2020년 9월 9일 16시,수요일,경상북도 경산시 계양동,경상사고,0,0,1,0,차대차 - 측면충돌,안전운전불이행,건조,맑음,교차로 - 교차로횡단보도내,이륜,남,34세,상해없음,자전거,남,15세,경상
2020090900100366,2020년 9월 9일 17시,수요일,경상북도 영주시 문수면,경상사고,0,0,1,0,차대차 - 측면충돌,안전운전불이행,건조,맑음,단일로 - 기타,승용,남,58세,기타불명,자전거,남,66세,경상
2020090900100409,2020년 9월 9일 18시,수요일,경상북도 김천시 신음동,경상사고,0,0,1,0,차대차 - 기타,안전운전불이행,건조,맑음,단일로 - 기타,승용,남,66세,상해없음,승합,남,67세,상해없음
2020090900100410,2020년 9월 9일 18시,수요일,경상북도 영주시 영주동,경상사고,0,0,2,0,차대차 - 측면충돌,신호위반,건조,맑음,교차로 - 교차로안,승용,남,34세,경상,화물,남,67세,경상
2020090900100442,2020년 9월 9일 19시,수요일,경상북도 칠곡군 동명면,중상사고,0,5,0,0,차대차 - 측면충돌,안전운전불이행,건조,맑음,단일로 - 기타,승용,남,40세,중상,승용,남,28세,중상
2020090900100443,2020년 9월 9일 19시,수요일,경상북도 영천시 창구동,경상사고,0,0,3,0,차대차 - 기타,안전운전불이행,건조,맑음,교차로 - 교차로안,승용,여,32세,경상,승용,여,31세,경상
2020090900100444,2020년 9월 9일 19시,수요일,경상북도 청도군 청도읍,사망사고,1,0,0,0,차대사람 - 횡단중,보행자보호의무위반,건조,흐림,교차로 - 교차로횡단보도내,승합,남,64세,상해없음,보행자,여,82세,사망
2020090900100506,2020년 9월 9일 21시,수요일,경상북도 안동시 서후면,경상사고,0,0,2,0,차대차 - 추돌,안전운전불이행,건조,흐림,단일로 - 교량,승용,남,56세,상해없음,승용,여,31세,경상
2020090900100507,2020년 9월 9일 21시,수요일,경상북도 구미시 송정동,중상사고,0,1,0,0,차대차 - 측면충돌,안전운전불이행,젖음/습기,비,단일로 - 기타,승용,남,63세,상해없음,이륜,남,24세,중상
2020090900100533,2020년 9월 9일 22시,수요일,경상북도 경산시 옥산동,경상사고,0,0,3,0,차대차 - 추돌,안전운전불이행,건조,맑음,단일로 - 기타,승용,남,51세,상해없음,승용,남,57세,경상
2020090900100545,2020년 9월 9일 23시,수요일,경상북도 경주시 동천동,경상사고,0,0,1,0,차대차 - 추돌,안전운전불이행,건조,맑음,교차로 - 교차로부근,승용,남,20세,상해없음,승용,남,59세,경상
2020091000100006,2020년 9월 10일 00시,목요일,경상북도 포항시 북구 죽도동,중상사고,0,1,0,0,차대차 - 측면충돌,안전운전불이행,건조,맑음,단일로 - 기타,승용,남,62세,상해없음,이륜,남,36세,중상
2020091000100019,2020년 9월 10일 03시,목요일,경상북도 김천시 지좌동,경상사고,0,0,1,0,차대차 - 측면충돌,기타,건조,맑음,교차로 - 교차로안,화물,남,66세,상해없음,승용,여,56세,경상
2020091000100055,2020년 9월 10일 07시,목요일,경상북도 포항시 북구 양덕동,경상사고,0,0,1,0,차대차 - 측면충돌,안전운전불이행,건조,맑음,교차로 - 교차로안,승용,남,65세,상해없음,화물,남,55세,경상
2020091000100056,2020년 9월 10일 07시,목요일,경상북도 영천시 화산면,경상사고,0,0,3,0,차대차 - 기타,안전운전불이행,건조,맑음,기타 - 기타,화물,남,53세,상해없음,화물,남,55세,경상
2020091000100102,2020년 9월 10일 09시,목요일,경상북도 김천시 증산면,중상사고,0,1,0,0,차량단독 - 기타,안전운전불이행,건조,맑음,단일로 - 기타,승합,남,50세,상해없음,,,,
2020091000100103,2020년 9월 10일 09시,목요일,경상북도 고령군 대가야읍,경상사고,0,0,1,0,차대차 - 측면충돌,차로위반,건조,맑음,단일로 - 기타,원동기,남,66세,경상,승용,여,66세,상해없음
2020091000100133,2020년 9월 10일 10시,목요일,경상북도 포항시 남구 오천읍,경상사고,0,0,1,0,차대차 - 추돌,안전거리미확보,건조,맑음,교차로 - 교차로부근,승용,남,66세,상해없음,승용,여,37세,경상
2020091000100210,2020년 9월 10일 12시,목요일,경상북도 김천시 부항면,경상사고,0,0,1,0,차대사람 - 차도통행중,안전운전불이행,건조,맑음,단일로 - 기타,화물,남,68세,상해없음,보행자,여,84세,경상