사고번호,사고일시,요일,시군구,사고내용,사망자수,중상자수,경상자수,부상신고자수,사고유형,법규위반,노면상태,기상상태,도로형태,가해운전자 차종,가해운전자 성별,가해운전자 연령,가해운전자 상해정도,피해운전자 차종,피해운전자 성별,피해운전자 연령,피해운전자 상해정도
2020091000100211,2020년 9월 10일 12시,목요일,경상북도 상주시 화동면,경상사고,0,0,2,0,차대차 - 측면충돌,교차로운행방법위반,건조,맑음,교차로 - 교차로안,승합,남,59세,상해없음,승용,남,60세,경상
2020091000100212,2020년 9월 10일 12시,목요일,경상북도 상주시 인봉동,경상사고,0,0,1,0,차대차 - 추돌,안전운전불이행,건조,맑음,단일로 - 기타,화물,남,69세,상해없음,승용,여,35세,경상
2020091000100213,2020년 9월 10일 12시,목요일,경상북도 포항시 남구 연일읍,경상사고,0,0,2,0,차대차 - 기타,안전운전불이행,건조,맑음,교차로 - 교차로부근,화물,남,64세,상해없음,화물,남,51세,경상
2020091000100244,2020년 9월 10일 13시,목요일,경상북도 안동시 운안동,경상사고,0,0,1,0,차대차 - 추돌,안전운전불이행,건조,맑음,단일로 - 기타,승용,여,40세,상해없음,이륜,여,52세,경상
2020091000100245,2020년 9월 10일 13시,목요일,경상북도 경산시 자인면,경상사고,0,0,1,0,차대사람 - 횡단중,안전운전불이행,건조,맑음,단일로 - 기타,승용,남,41세,상해없음,보행자,여,67세,경상
2020091000100266,2020년 9월 10일 14시,목요일,경상북도 포항시 북구 용흥동,경상사고,0,0,1,0,차대차 - 기타,차로위반,건조,맑음,교차로 - 교차로안,승용,남,70세,상해없음,승용,여,61세,상해없음
2020091000100267,2020년 9월 10일 14시,목요일,경상북도 안동시 송현동,경상사고,0,0,2,0,차대차 - 추돌,안전운전불이행,건조,맑음,교차로 - 교차로부근,승용,여,60세,경상,화물,남,55세,경상
2020091000100268,2020년 9월 10일 14시,목요일,경상북도 칠곡군 북삼읍,경상사고,0,0,1,0,차대차 - 측면충돌,안전운전불이행,건조,맑음,단일로 - 기타,이륜,남,18세,경상,승용,남,31세,상해없음
2020091000100269,2020년 9월 10일 14시,목요일,경상북도 칠곡군 기산면,중상사고,0,3,0,0,차대차 - 측면충돌,중앙선침범,건조,맑음,단일로 - 기타,승합,남,41세,상해없음,승용,여,50세,중상
2020091000100299,2020년 9월 10일 15시,목요일,경상북도 안동시 용상동,경상사고,0,0,1,0,차대차 - 측면충돌,안전운전불이행,건조,맑음,단일로 - 교량,승용,남,80세,상해없음,승용,남,34세,경상
2020091000100300,2020년 9월 10일 15시,목요일,경상북도 구미시 인의동,중상사고,0,1,0,0,차대차 - 기타,안전운전불이행,건조,맑음,교차로 - 교차로안,승합,남,65세,상해없음,이륜,남,46세,중상
2020091000100301,2020년 9월 10일 15시,목요일,경상북도 구미시 구포동,사망사고,1,0,0,0,차대차 - 측면충돌,안전운전불이행,건조,맑음,단일로 - 기타,승용,남,33세,상해없음,자전거,남,84세,사망
2020091000100336,2020년 9월 10일 16시,목요일,경상북도 경주시 율동,경상사고,0,0,1,0,차대차 - 측면충돌,안전운전불이행,건조,맑음,주차장 - 주차장,화물,남,53세,상해없음,승용,여,53세,경상
2020091000100337,2020년 9월 10일 16시,목요일,경상북도 구미시 고아읍,경상사고,0,0,1,0,차대차 - 기타,기타,건조,맑음,교차로 - 교차로횡단보도내,승용,여,45세,상해없음,원동기,남,36세,경상
2020091000100384,2020년 9월 10일 17시,목요일,경상북도 경주시 건천읍,부상신고사고,0,0,0,2,차대차 - 측면충돌,안전거리미확보,건조,맑음,단일로 - 교량,화물,남,60세,부상신고,승용,남,28세,부상신고
2020091000100385,2020년 9월 10일 17시,목요일,경상북도 안동시 도산면,중상사고,0,1,3,0,차량단독 - 도로외이탈 - 추락,안전운전불이행,건조,맑음,단일로 - 기타,화물,남,51세,경상,,,,
2020091000100386,2020년 9월 10일 17시,목요일,경상북도 김천시 신음동,경상사고,0,0,1,0,차대차 - 추돌,안전운전불이행,건조,맑음,교차로 - 교차로부근,건설기계,남,67세,상해없음,승용,여,61세,상해없음
2020091000100387,2020년 9월 10일 17시,목요일,경상북도 경산시 임당동,중상사고,0,1,0,0,차대사람 - 기타,안전운전불이행,건조,맑음,교차로 - 교차로횡단보도내,승용,여,40세,상해없음,보행자,여,78세,중상
2020091000100388,2020년 9월 10일 17시,목요일,경상북도 구미시 공단동,중상사고,0,1,0,0,차대차 - 기타,안전운전불이행,건조,맑음,단일로 - 기타,승용,남,58세,상해없음,자전거,남,33세,중상
2020091000100440,2020년 9월 10일 18시,목요일,경상북도 경주시 현곡면,경상사고,0,0,1,0,차대차 - 측면충돌,신호위반,건조,맑음,교차로 - 교차로안,승용,남,67세,상해없음,자전거,남,25세,경상
2020091000100441,2020년 9월 10일 18시,목요일,경상북도 포항시 북구 두호동,경상사고,0,0,1,0,차대사람 - 기타,안전운전불이행,건조,맑음,단일로 - 기타,승용,여,41세,상해없음,보행자,남,6세,경상
2020091000100442,2020년 9월 10일 18시,목요일,경상북도 김천시 율곡동,부상신고사고,0,0,0,1,차대차 - 측면충돌,안전운전불이행,건조,맑음,교차로 - 교차로안,이륜,남,41세,부상신고,승용,여,60세,상해없음
2020091000100443,2020년 9월 10일 18시,목요일,경상북도 구미시 공단동,경상사고,0,0,4,1,차대차 - 기타,안전거리미확보,건조,맑음,단일로 - 기타,승용,남,57세,부상신고,승용,여,43세,경상
2020091000100483,2020년 9월 10일 19시,목요일,경상북도 안동시 옥동,경상사고,0,0,1,0,차대사람 - 기타,기타,건조,맑음,교차로 - 교차로부근,화물,남,41세,상해없음,보행자,여,69세,경상
2020091000100484,2020년 9월 10일 19시,목요일,경상북도 청송군 주왕산면,부상신고사고,0,0,0,1,차대사람 - 길가장자리구역통행중,안전운전불이행,건조,맑음,교차로 - 교차로안,기타불명,기타불명,미분류,기타불명,보행자,여,82세,부상신고
2020091000100541,2020년 9월 10일 21시,목요일,경상북도 구미시 원평동,경상사고,0,0,3,0,차대차 - 측면충돌,안전운전불이행,건조,맑음,단일로 - 기타,승용,남,24세,상해없음,승용,남,51세,경상
2020091000100542,2020년 9월 10일 21시,목요일,경상북도 포항시 남구 송도동,중상사고,0,2,0,0,차대차 - 측면충돌,안전운전불이행,건조,맑음,교차로 - 교차로안,자전거,남,61세,중상,이륜,남,41세,중상
2020091000100585,2020년 9월 10일 23시,목요일,경상북도 포항시 북구 용흥동,경상사고,0,0,1,0,차대사람 - 횡단중,안전운전불이행,건조,맑음,단일로 - 기타,승용,여,59세,상해없음,보행자,남,54세,경상
2020091000100586,2020년 9월 10일 23시,목요일,경상북도 구미시 상모동,경상사고,0,0,1,0,차대차 - 기타,안전운전불이행,건조,맑음,단일로 - 기타,승용,남,61세,상해없음,승용,여,43세,경상
2020091100100008,2020년 9월 11일 00시,금요일,경상북도 경산시 중방동,경상사고,0,0,1,0,차대차 - 측면충돌,직진우회전진행방해,건조,맑음,교차로 - 교차로안,승용,남,53세,상해없음,승용,남,35세,기타불명
2020091100100042,2020년 9월 11일 05시,금요일,경상북도 김천시 신음동,경상사고,0,0,2,0,차대차 - 측면충돌,안전운전불이행,건조,맑음,단일로 - 기타,승용,여,60세,상해없음,승용,남,35세,경상
2020091100100051,2020년 9월 11일 06시,금요일,경상북도 안동시 일직면,중상사고,0,1,1,0,차대차 - 기타,신호위반,건조,맑음,교차로 - 교차로안,승합,남,48세,경상,화물,남,46세,중상
2020091100100075,2020년 9월 11일 07시,금요일,경상북도 김천시 덕곡동,경상사고,0,0,1,0,차대차 - 추돌,안전운전불이행,건조,맑음,교차로 - 교차로부근,승용,남,66세,상해없음,승용,남,32세,경상
2020091100100076,2020년 9월 11일 07시,금요일,경상북도 의성군 신평면,중상사고,0,1,0,0,차대차 - 측면충돌,중앙선침범,건조,맑음,단일로 - 기타,화물,남,63세,상해없음,승합,남,32세,중상
2020091100100127,2020년 9월 11일 09시,금요일,경상북도 영천시 금호읍,경상사고,0,0,1,0,차대차 - 추돌,안전거리미확보,젖음/습기,비,교차로 - 교차로부근,화물,남,58세,상해없음,승용,남,50세,경상
2020091100100156,2020년 9월 11일 10시,금요일,경상북도 의성군 안계면,중상사고,0,1,0,0,차대사람 - 차도통행중,안전운전불이행,건조,맑음,단일로 - 기타,승용,남,74세,상해없음,보행자,남,72세,중상
2020091100100157,2020년 9월 11일 10시,금요일,경상북도 의성군 봉양면,중상사고,0,1,0,0,차대차 - 추돌,안전운전불이행,젖음/습기,비,교차로 - 교차로안,화물,남,68세,상해없음,승용,여,34세,중상
2020091100100158,2020년 9월 11일 10시,금요일,경상북도 포항시 남구 이동,경상사고,0,0,3,0,차대차 - 측면충돌,기타,건조,맑음,교차로 - 교차로안,승용,여,59세,경상,승용,남,65세,경상
2020091100100208,2020년 9월 11일 12시,금요일,경상북도 경주시 동천동,중상사고,0,1,1,0,차대차 - 측면충돌,안전운전불이행,건조,맑음,교차로 - 교차로안,승용,여,41세,상해없음,승용,남,68세,경상
2020091100100209,2020년 9월 11일 12시,금요일,경상북도 구미시 공단동,중상사고,0,1,0,0,차대차 - 측면충돌,교차로운행방법위반,건조,맑음,교차로 - 교차로안,화물,남,63세,상해없음,자전거,여,37세,중상
2020091100100239,2020년 9월 11일 13시,금요일,경상북도 경주시 강동면,중상사고,0,1,0,0,차대차 - 추돌,안전운전불이행,건조,맑음,단일로 - 기타,화물,남,57세,상해없음,승용,남,63세,중상
2020091100100240,2020년 9월 11일 13시,금요일,경상북도 영주시 가흥동,중상사고,0,1,0,0,차대차 - 측면충돌,교차로운행방법위반,건조,맑음,교차로 - 교차로안,승용,남,47세,상해없음,이륜,남,21세,중상
2020091100100241,2020년 9월 11일 13시,금요일,경상북도 영천시 금호읍,중상사고,0,1,0,1,차대차 - 기타,안전운전불이행,건조,맑음,교차로 - 교차로안,승용,남,78세,부상신고,화물,남,69세,중상
2020091100100242,2020년 9월 11일 13시,금요일,경상북도 경산시 자인면,중상사고,0,1,0,0,차대차 - 측면충돌,안전운전불이행,건조,맑음,단일로 - 기타,화물,남,71세,상해없음,이륜,남,77세,중상
2020091100100265,2020년 9월 11일 14시,금요일,경상북도 예천군 예천읍,중상사고,0,2,0,0,차대차 - 측면충돌,직진우회전진행방해,건조,맑음,교차로 - 교차로안,화물,여,63세,중상,승용,남,55세,중상
2020091100100287,2020년 9월 11일 15시,금요일,경상북도 포항시 북구 죽도동,경상사고,0,0,1,0,차대차 - 측면충돌,안전운전불이행,건조,흐림,단일로 - 기타,승용,남,29세,상해없음,자전거,남,23세,경상
2020091100100288,2020년 9월 11일 15시,금요일,경상북도 영양군 영양읍,중상사고,0,1,0,0,차대사람 - 길가장자리구역통행중,안전운전불이행,건조,맑음,교차로 - 교차로부근,승용,여,62세,상해없음,보행자,여,82세,중상
2020091100100328,2020년 9월 11일 16시,금요일,경상북도 경주시 외동읍,경상사고,0,0,1,0,차대차 - 측면충돌,안전운전불이행,건조,맑음,단일로 - 지하차도(도로)내,승용,여,54세,상해없음,승용,여,27세,경상
2020091100100329,2020년 9월 11일 16시,금요일,경상북도 청도군 매전면,경상사고,0,0,1,0,차대차 - 측면충돌,안전운전불이행,건조,맑음,단일로 - 지하차도(도로)내,농기계,여,73세,상해없음,화물,남,57세,경상
2020091100100330,2020년 9월 11일 16시,금요일,경상북도 군위군 효령면,경상사고,0,0,2,0,차대차 - 측면충돌,안전운전불이행,건조,맑음,단일로 - 기타,화물,남,33세,상해없음,화물,남,76세,경상
2020091100100331,2020년 9월 11일 16시,금요일,경상북도 문경시 문경읍,경상사고,0,0,1,0,차대차 - 추돌,안전운전불이행,건조,맑음,단일로 - 기타,승용,남,22세,상해없음,승용,여,34세,경상
2020091100100378,2020년 9월 11일 17시,금요일,경상북도 경주시 황성동,경상사고,0,0,1,0,차대차 - 추돌,안전운전불이행,젖음/습기,맑음,단일로 - 교량,승용,여,24세,상해없음,승용,남,37세,경상
2020091100100379,2020년 9월 11일 17시,금요일,경상북도 안동시 수상동,경상사고,0,0,1,0,차대차 - 측면충돌,안전운전불이행,건조,맑음,단일로 - 기타,승용,남,74세,상해없음,승용,남,56세,경상
2020091100100380,2020년 9월 11일 17시,금요일,경상북도 구미시 옥계동,부상신고사고,0,0,0,1,차대사람 - 횡단중,안전운전불이행,건조,맑음,단일로 - 기타,승용,남,22세,상해없음,보행자,남,8세,부상신고
2020091100100434,2020년 9월 11일 18시,금요일,경상북도 포항시 북구 죽도동,중상사고,0,2,0,0,차대사람 - 횡단중,보행자보호의무위반,젖음/습기,비,교차로 - 교차로횡단보도내,승용,남,66세,상해없음,보행자,여,70세,중상
2020091100100435,2020년 9월 11일 18시,금요일,경상북도 상주시 남장동,중상사고,0,1,0,0,차대차 - 추돌,안전운전불이행,건조,맑음,단일로 - 기타,화물,남,35세,상해없음,승용,남,66세,중상
2020091100100492,2020년 9월 11일 19시,금요일,경상북도 김천시 아포읍,경상사고,0,0,3,0,차대차 - 추돌,안전운전불이행,젖음/습기,비,교차로 - 교차로안,승합,남,69세,상해없음,승용,여,30세,경상
2020091100100493,2020년 9월 11일 19시,금요일,경상북도 경산시 진량읍,경상사고,0,0,1,0,차대차 - 정면충돌,신호위반,젖음/습기,맑음,단일로 - 지하차도(도로)내,화물,남,52세,상해없음,승용,여,51세,경상
2020091100100559,2020년 9월 11일 20시,금요일,경상북도 포항시 북구 덕수동,경상사고,0,0,3,0,차대차 - 측면충돌,신호위반,건조,맑음,교차로 - 교차로안,승용,남,37세,경상,승용,여,47세,경상
2020091100100560,2020년 9월 11일 20시,금요일,경상북도 영천시 금노동,경상사고,0,0,2,0,차대차 - 추돌,안전운전불이행,젖음/습기,비,교차로 - 교차로안,화물,남,65세,상해없음,승용,남,36세,경상
2020091200100012,2020년 9월 12일 00시,토요일,경상북도 포항시 북구 장성동,경상사고,0,0,2,0,차대차 - 측면충돌,안전운전불이행,건조,맑음,단일로 - 기타,승용,남,53세,상해없음,승용,남,49세,경상
2020091200100013,2020년 9월 12일 00시,토요일,경상북도 영주시 가흥동,경상사고,0,0,1,0,차대차 - 기타,교차로운행방법위반,젖음/습기,비,교차로 - 교차로안,화물,남,41세,기타불명,승용,남,26세,경상
2020091200100014,2020년 9월 12일 00시,토요일,경상북도 영천시 신령면,경상사고,0,0,1,0,차대차 - 추돌,안전운전불이행,건조,맑음,단일로 - 기타,승용,여,28세,상해없음,특수,남,34세,경상
2020091200100036,2020년 9월 12일 01시,토요일,경상북도 칠곡군 왜관읍,부상신고사고,0,0,0,1,차대차 - 후진중충돌,안전운전불이행,건조,맑음,주차장 - 주차장,승용,여,38세,부상신고,승용,남,42세,상해없음
2020091200100037,2020년 9월 12일 01시,토요일,경상북도 포항시 남구 상도동,경상사고,0,0,1,0,차대차 - 추돌,안전거리미확보,젖음/습기,비,교차로 - 교차로부근,승용,남,58세,상해없음,승용,여,57세,경상
2020091200100065,2020년 9월 12일 04시,토요일,경상북도 영주시 문수면,경상사고,0,0,1,0,차량단독 - 공작물충돌,안전운전불이행,건조,맑음,단일로 - 기타,승용,여,17세,경상,,,,
2020091200100137,2020년 9월 12일 09시,토요일,경상북도 포항시 북구 청하면,중상사고,0,1,0,0,차량단독 - 공작물충돌,안전운전불이행,젖음/습기,비,단일로 - 기타,승용,남,42세,상해없음,,,,
2020091200100138,2020년 9월 12일 09시,토요일,경상북도 상주시 신봉동,경상사고,0,0,1,0,차대차 - 추돌,안전거리미확보,젖음/습기,비,교차로 - 교차로부근,화물,남,56세,상해없음,승용,남,55세,경상
2020091200100139,2020년 9월 12일 09시,토요일,경상북도 포항시 남구 연일읍,중상사고,0,1,1,0,차대차 - 추돌,안전운전불이행,젖음/습기,비,단일로 - 기타,승용,여,46세,경상,승용,여,64세,중상
2020091200100167,2020년 9월 12일 10시,토요일,경상북도 안동시 송천동,사망사고,1,0,0,0,차량단독 - 전도전복 - 전도,안전운전불이행,젖음/습기,비,단일로 - 기타,이륜,남,86세,사망,,,,
2020091200100168,2020년 9월 12일 10시,토요일,경상북도 영주시 휴천동,중상사고,0,2,0,0,차대차 - 측면충돌,교차로운행방법위반,젖음/습기,비,교차로 - 교차로안,승용,남,59세,상해없음,승용,남,44세,중상
2020091200100242,2020년 9월 12일 12시,토요일,경상북도 영천시 완산동,경상사고,0,0,4,1,차대차 - 기타,안전거리미확보,젖음/습기,비,단일로 - 기타,승용,남,48세,상해없음,화물,남,58세,경상
2020091200100243,2020년 9월 12일 12시,토요일,경상북도 경산시 진량읍,경상사고,0,0,3,0,차대차 - 정면충돌,중앙선침범,젖음/습기,비,교차로 - 교차로부근,승용,여,43세,상해없음,승용,남,49세,경상
2020091200100282,2020년 9월 12일 13시,토요일,경상북도 안동시 목성동,중상사고,0,1,0,0,차대사람 - 횡단중,안전운전불이행,건조,맑음,교차로 - 교차로안,승용,남,18세,상해없음,보행자,남,88세,중상
2020091200100283,2020년 9월 12일 13시,토요일,경상북도 영천시 금노동,중상사고,0,1,0,2,차대차 - 기타,안전운전불이행,건조,맑음,단일로 - 기타,화물,남,60세,상해없음,화물,남,80세,부상신고
2020091200100284,2020년 9월 12일 13시,토요일,경상북도 경산시 삼북동,경상사고,0,0,1,0,차대사람 - 기타,안전운전불이행,젖음/습기,비,단일로 - 기타,승용,여,64세,상해없음,보행자,남,55세,경상
2020091200100285,2020년 9월 12일 13시,토요일,경상북도 칠곡군 왜관읍,경상사고,0,0,1,0,차대차 - 추돌,안전운전불이행,젖음/습기,비,단일로 - 기타,승용,남,67세,기타불명,승용,남,28세,경상
2020091200100317,2020년 9월 12일 14시,토요일,경상북도 포항시 북구 죽도동,경상사고,0,0,1,0,차대사람 - 기타,안전운전불이행,젖음/습기,비,교차로 - 교차로부근,승용,남,59세,상해없음,보행자,여,30세,경상
2020091200100318,2020년 9월 12일 14시,토요일,경상북도 안동시 옥동,경상사고,0,0,3,0,차대차 - 측면충돌,직진우회전진행방해,건조,맑음,교차로 - 교차로안,승용,여,38세,경상,승용,남,38세,경상
2020091200100319,2020년 9월 12일 14시,토요일,경상북도 영천시 완산동,경상사고,0,0,1,0,차대차 - 후진중충돌,안전운전불이행,젖음/습기,흐림,교차로 - 교차로부근,승용,남,79세,상해없음,승용,남,35세,경상
2020091200100320,2020년 9월 12일 14시,토요일,경상북도 경산시 하양읍,경상사고,0,0,2,0,차대차 - 측면충돌,안전운전불이행,젖음/습기,비,교차로 - 교차로안,승용,여,55세,경상,화물,여,60세,경상
2020091200100366,2020년 9월 12일 15시,토요일,경상북도 경주시 동천동,중상사고,0,1,0,0,차대사람 - 횡단중,보행자보호의무위반,건조,맑음,교차로 - 교차로횡단보도내,승용,남,63세,상해없음,보행자,남,50세,중상
2020091200100367,2020년 9월 12일 15시,토요일,경상북도 청도군 이서면,경상사고,0,0,1,0,차대차 - 측면충돌,신호위반,건조,맑음,교차로 - 교차로안,승용,남,28세,상해없음,승용,여,65세,경상
2020091200100368,2020년 9월 12일 15시,토요일,경상북도 구미시 신평동,중상사고,0,1,0,0,차대차 - 측면충돌,기타,건조,맑음,교차로 - 교차로안,화물,남,54세,상해없음,승용,여,38세,중상
2020091200100369,2020년 9월 12일 15시,토요일,경상북도 구미시 산동면,경상사고,0,0,2,0,차대차 - 기타,과속,건조,맑음,교차로 - 교차로안,승용,여,46세,경상,승용,여,45세,경상
2020091200100404,2020년 9월 12일 16시,토요일,경상북도 구미시 고아읍,중상사고,0,1,0,0,차대차 - 기타,안전운전불이행,건조,맑음,교차로 - 교차로부근,자전거,남,13세,중상,승용,남,32세,상해없음
2020091200100505,2020년 9월 12일 19시,토요일,경상북도 경주시 황성동,중상사고,0,1,0,1,차량단독 - 도로외이탈 - 추락,안전운전불이행,건조,맑음,교차로 - 교차로안,승용,남,27세,부상신고,,,,
2020091200100506,2020년 9월 12일 19시,토요일,경상북도 문경시 모전동,중상사고,0,1,0,0,차대차 - 측면충돌,안전거리미확보,건조,맑음,교차로 - 교차로안,승용,남,34세,상해없음,이륜,여,19세,중상
2020091200100507,2020년 9월 12일 19시,토요일,경상북도 포항시 남구 오천읍,경상사고,0,0,3,1,차대차 - 추돌,안전운전불이행,건조,맑음,교차로 - 교차로부근,승용,남,67세,상해없음,화물,남,50세,부상신고
2020091200100539,2020년 9월 12일 20시,토요일,경상북도 경산시 압량면,경상사고,0,0,1,0,차대차 - 정면충돌,중앙선침범,건조,맑음,단일로 - 기타,승용,남,56세,상해없음,승용,남,55세,경상
2020091200100568,2020년 9월 12일 21시,토요일,경상북도 구미시 원평동,부상신고사고,0,0,0,1,차대사람 - 기타,안전운전불이행,건조,맑음,교차로 - 교차로안,승용,남,36세,상해없음,보행자,여,80세,부상신고
2020091200100604,2020년 9월 12일 23시,토요일,경상북도 구미시 사곡동,중상사고,0,1,0,0,차대사람 - 기타,안전운전불이행,건조,맑음,단일로 - 기타,승용,남,60세,상해없음,보행자,여,48세,중상
2020091300100026,2020년 9월 13일 02시,일요일,경상북도 경산시 진량읍,부상신고사고,0,0,0,1,차대차 - 측면충돌,안전운전불이행,건조,맑음,단일로 - 기타,승용,여,25세,상해없음,승용,남,49세,기타불명
2020091300100032,2020년 9월 13일 03시,일요일,경상북도 영천시 신령면,경상사고,0,0,3,0,차량단독 - 공작물충돌,안전운전불이행,건조,맑음,단일로 - 기타,승용,남,27세,상해없음,,,,
2020091300100036,2020년 9월 13일 04시,일요일,경상북도 영천시 고경면,경상사고,0,0,1,0,차량단독 - 공작물충돌,안전운전불이행,건조,맑음,단일로 - 기타,승용,여,18세,경상,,,,
2020091300100061,2020년 9월 13일 07시,일요일,경상북도 경주시 외동읍,경상사고,0,0,1,0,차대차 - 측면충돌,신호위반,건조,맑음,교차로 - 교차로안,승용,남,72세,상해없음,화물,남,54세,경상
2020091300100086,2020년 9월 13일 09시,일요일,경상북도 의성군 단촌면,중상사고,0,1,0,0,차량단독 - 공작물충돌,안전운전불이행,건조,맑음,단일로 - 기타,이륜,남,57세,중상,,,,
2020091300100087,2020년 9월 13일 09시,일요일,경상북도 영양군 영양읍,중상사고,0,1,1,0,차량단독 - 도로외이탈 - 추락,안전운전불이행,건조,맑음,단일로 - 기타,농기계,남,61세,상해없음,,,,
2020091300100109,2020년 9월 13일 10시,일요일,경상북도 영덕군 강구면,경상사고,0,0,3,0,차대차 - 추돌,안전운전불이행,건조,맑음,교차로 - 교차로부근,승용,여,49세,상해없음,승용,남,66세,경상
2020091300100110,2020년 9월 13일 10시,일요일,경상북도 봉화군 봉화읍,중상사고,0,2,0,0,차대차 - 측면충돌,직진우회전진행방해,건조,맑음,교차로 - 교차로안,화물,남,61세,상해없음,이륜,남,82세,중상
2020091300100132,2020년 9월 13일 11시,일요일,경상북도 상주시 이안면,경상사고,0,0,5,0,차대차 - 측면충돌,교차로운행방법위반,건조,맑음,교차로 - 교차로부근,승용,남,55세,경상,승용,남,41세,경상
2020091300100133,2020년 9월 13일 11시,일요일,경상북도 상주시 내서면,중상사고,0,1,3,0,차대차 - 측면충돌,신호위반,건조,맑음,교차로 - 교차로안,승용,여,52세,경상,승용,남,60세,경상
2020091300100134,2020년 9월 13일 11시,일요일,경상북도 영덕군 강구면,중상사고,0,1,1,0,차대차 - 추돌,안전운전불이행,건조,맑음,교차로 - 교차로부근,승용,남,31세,상해없음,승용,남,25세,중상
2020091300100171,2020년 9월 13일 12시,일요일,경상북도 경주시 성동동,경상사고,0,0,1,0,차대차 - 기타,안전운전불이행,건조,맑음,단일로 - 기타,자전거,남,59세,경상,화물,남,73세,상해없음
2020091300100172,2020년 9월 13일 12시,일요일,경상북도 포항시 남구 구룡포읍,중상사고,0,1,0,3,차대차 - 측면충돌,안전운전불이행,건조,맑음,단일로 - 기타,농기계,남,59세,중상,승용,여,21세,부상신고
2020091300100207,2020년 9월 13일 13시,일요일,경상북도 영천시 완산동,중상사고,0,1,1,0,차대차 - 추돌,안전운전불이행,건조,맑음,교차로 - 교차로부근,화물,남,60세,상해없음,승합,남,42세,경상
2020091300100208,2020년 9월 13일 13시,일요일,경상북도 구미시 도량동,경상사고,0,0,1,0,차대사람 - 기타,교차로운행방법위반,건조,맑음,교차로 - 교차로안,승용,여,46세,상해없음,보행자,여,24세,경상
2020091300100246,2020년 9월 13일 14시,일요일,경상북도 포항시 북구 신광면,경상사고,0,0,1,0,차대차 - 기타,안전운전불이행,건조,맑음,단일로 - 기타,승용,남,53세,상해없음,자전거,남,58세,경상
2020091300100247,2020년 9월 13일 14시,일요일,경상북도 구미시 도량동,경상사고,0,0,2,0,차대차 - 기타,안전운전불이행,건조,맑음,단일로 - 기타,승합,남,69세,상해없음,승용,남,23세,경상
2020091300100278,2020년 9월 13일 15시,일요일,경상북도 구미시 인의동,중상사고,0,1,0,0,차대차 - 기타,안전운전불이행,건조,맑음,교차로 - 교차로안,승용,남,24세,상해없음,승용,여,57세,중상
2020091300100279,2020년 9월 13일 15시,일요일,경상북도 구미시 장천면,경상사고,0,0,3,0,차대차 - 추돌,안전운전불이행,건조,맑음,단일로 - 기타,승용,남,28세,상해없음,승용,여,39세,경상
2020091300100315,2020년 9월 13일 16시,일요일,경상북도 영천시 야사동,경상사고,0,0,1,0,차량단독 - 공작물충돌,안전운전불이행,건조,맑음,단일로 - 기타,이륜,남,70세,경상,,,,
2020091300100316,2020년 9월 13일 16시,일요일,경상북도 경산시 삼북동,중상사고,0,1,0,0,차대차 - 측면충돌,안전거리미확보,건조,맑음,교차로 - 교차로횡단보도내,승용,여,52세,상해없음,이륜,남,60세,중상
2020091300100317,2020년 9월 13일 16시,일요일,경상북도 군위군 부계면,경상사고,0,0,2,0,차대차 - 기타,기타,건조,맑음,단일로 - 기타,화물,남,58세,상해없음,승용,남,25세,경상
2020091300100318,2020년 9월 13일 16시,일요일,경상북도 구미시 남통동,중상사고,0,1,0,0,차대사람 - 횡단중,안전운전불이행,건조,맑음,단일로 - 기타,승용,남,30세,상해없음,보행자,남,9세,중상
2020091300100346,2020년 9월 13일 17시,일요일,경상북도 영천시 금호읍,경상사고,0,0,1,0,차대차 - 후진중충돌,안전운전불이행,건조,맑음,교차로 - 교차로안,승용,남,42세,상해없음,화물,남,57세,경상
2020091300100347,2020년 9월 13일 17시,일요일,경상북도 경산시 중방동,경상사고,0,0,1,0,차대차 - 기타,안전운전불이행,건조,맑음,단일로 - 기타,승용,남,39세,상해없음,자전거,남,48세,경상
2020091300100348,2020년 9월 13일 17시,일요일,경상북도 청도군 청도읍,중상사고,0,1,0,0,차대차 - 측면충돌,안전운전불이행,건조,맑음,교차로 - 교차로안,승합,남,64세,상해없음,이륜,남,31세,중상
2020091300100391,2020년 9월 13일 18시,일요일,경상북도 경주시 서악동,중상사고,0,1,0,0,차대차 - 측면충돌,안전운전불이행,건조,맑음,교차로 - 교차로부근,승용,남,48세,상해없음,이륜,남,37세,중상
2020091300100412,2020년 9월 13일 19시,일요일,경상북도 김천시 삼락동,경상사고,0,0,1,0,차대차 - 측면충돌,교차로운행방법위반,건조,맑음,교차로 - 교차로안,이륜,남,64세,상해없음,자전거,남,47세,경상
2020091300100413,2020년 9월 13일 19시,일요일,경상북도 상주시 화북면,사망사고,1,0,0,0,차대사람 - 기타,안전운전불이행,건조,맑음,단일로 - 기타,승용,남,36세,상해없음,보행자,남,63세,사망
2020091300100414,2020년 9월 13일 19시,일요일,경상북도 봉화군 소천면,중상사고,0,1,0,0,차량단독 - 전도전복 - 전도,안전운전불이행,건조,맑음,기타 - 기타,화물,남,62세,기타불명,,,,
2020091300100415,2020년 9월 13일 19시,일요일,경상북도 포항시 남구 호미곶면,경상사고,0,0,2,0,차대차 - 기타,중앙선침범,건조,맑음,단일로 - 기타,기타불명,기타불명,미분류,기타불명,승용,남,44세,경상