사고번호,사고일시,요일,시군구,사고내용,사망자수,중상자수,경상자수,부상신고자수,사고유형,법규위반,노면상태,기상상태,도로형태,가해운전자 차종,가해운전자 성별,가해운전자 연령,가해운전자 상해정도,피해운전자 차종,피해운전자 성별,피해운전자 연령,피해운전자 상해정도
2020091300100460,2020년 9월 13일 21시,일요일,경상북도 구미시 공단동,중상사고,0,1,0,0,차대차 - 기타,중앙선침범,건조,맑음,교차로 - 교차로부근,이륜,남,36세,중상,이륜,남,40세,상해없음
2020091300100486,2020년 9월 13일 23시,일요일,경상북도 영주시 가흥동,경상사고,0,0,1,0,차대차 - 정면충돌,안전운전불이행,건조,맑음,단일로 - 기타,이륜,남,18세,경상,승용,남,71세,상해없음
2020091300100487,2020년 9월 13일 23시,일요일,경상북도 울진군 후포면,경상사고,0,0,1,0,차대차 - 측면충돌,중앙선침범,건조,기타,기타 - 기타,승용,남,39세,상해없음,승용,여,61세,경상
2020091400100022,2020년 9월 14일 02시,월요일,경상북도 포항시 남구 오천읍,중상사고,0,2,0,0,차대사람 - 횡단중,안전운전불이행,건조,맑음,단일로 - 기타,승용,남,39세,상해없음,보행자,남,64세,중상
2020091400100033,2020년 9월 14일 05시,월요일,경상북도 경주시 구정동,경상사고,0,0,1,0,차대차 - 정면충돌,안전운전불이행,건조,맑음,교차로 - 교차로안,승용,남,38세,상해없음,승용,남,41세,경상
2020091400100050,2020년 9월 14일 06시,월요일,경상북도 상주시 서문동,중상사고,0,1,0,0,차대사람 - 기타,보행자보호의무위반,건조,맑음,단일로 - 기타,화물,남,65세,상해없음,보행자,여,32세,중상
2020091400100051,2020년 9월 14일 06시,월요일,경상북도 구미시 사곡동,경상사고,0,0,1,0,차대차 - 측면충돌,불법유턴,건조,맑음,교차로 - 교차로안,원동기,남,37세,경상,승용,남,43세,상해없음
2020091400100080,2020년 9월 14일 07시,월요일,경상북도 경주시 양북면,경상사고,0,0,1,0,차대차 - 측면충돌,과속,건조,맑음,단일로 - 기타,승용,남,61세,상해없음,승용,남,53세,경상
2020091400100081,2020년 9월 14일 07시,월요일,경상북도 경주시 안강읍,경상사고,0,0,1,0,차대차 - 측면충돌,안전운전불이행,건조,맑음,교차로 - 교차로안,화물,남,60세,상해없음,승용,여,34세,경상
2020091400100082,2020년 9월 14일 07시,월요일,경상북도 포항시 남구 청림동,경상사고,0,0,1,0,차대차 - 측면충돌,안전운전불이행,건조,맑음,단일로 - 기타,건설기계,남,59세,상해없음,승용,남,38세,경상
2020091400100122,2020년 9월 14일 08시,월요일,경상북도 영천시 신령면,중상사고,0,1,0,0,차량단독 - 공작물충돌,안전운전불이행,건조,맑음,단일로 - 기타,승용,여,49세,중상,,,,
2020091400100123,2020년 9월 14일 08시,월요일,경상북도 구미시 선산읍,경상사고,0,0,2,1,차대차 - 기타,신호위반,건조,맑음,교차로 - 교차로안,화물,남,46세,부상신고,화물,남,76세,경상
2020091400100124,2020년 9월 14일 08시,월요일,경상북도 포항시 남구 일월동,경상사고,0,0,2,0,차대차 - 기타,안전거리미확보,건조,맑음,단일로 - 기타,승용,여,64세,경상,승용,여,58세,경상
2020091400100158,2020년 9월 14일 09시,월요일,경상북도 의성군 의성읍,경상사고,0,0,1,0,차대차 - 측면충돌,신호위반,건조,맑음,교차로 - 교차로부근,화물,남,47세,상해없음,화물,남,60세,경상
2020091400100196,2020년 9월 14일 10시,월요일,경상북도 포항시 북구 우현동,경상사고,0,0,2,0,차대차 - 기타,안전운전불이행,건조,맑음,단일로 - 기타,승용,남,64세,상해없음,승용,여,63세,경상
2020091400100197,2020년 9월 14일 10시,월요일,경상북도 안동시 송천동,중상사고,0,1,0,0,차대차 - 추돌,안전운전불이행,건조,맑음,단일로 - 기타,승용,남,61세,상해없음,승용,여,62세,중상
2020091400100198,2020년 9월 14일 10시,월요일,경상북도 영덕군 강구면,중상사고,0,1,0,0,차대차 - 측면충돌,교차로운행방법위반,건조,맑음,교차로 - 교차로안,승용,남,86세,상해없음,승용,남,65세,중상
2020091400100232,2020년 9월 14일 11시,월요일,경상북도 안동시 용상동,중상사고,0,1,2,0,차대차 - 측면충돌,교차로운행방법위반,건조,맑음,교차로 - 교차로안,승용,남,27세,경상,승용,여,55세,중상
2020091400100233,2020년 9월 14일 11시,월요일,경상북도 영천시 야사동,경상사고,0,0,1,0,차대차 - 측면충돌,안전운전불이행,건조,맑음,단일로 - 기타,이륜,남,42세,경상,화물,남,57세,상해없음
2020091400100234,2020년 9월 14일 11시,월요일,경상북도 문경시 문경읍,경상사고,0,0,2,0,차대차 - 추돌,안전거리미확보,건조,맑음,단일로 - 기타,화물,남,49세,상해없음,승용,남,66세,경상
2020091400100235,2020년 9월 14일 11시,월요일,경상북도 구미시 신동,경상사고,0,0,2,0,차대차 - 기타,중앙선침범,건조,맑음,단일로 - 기타,승용,남,34세,상해없음,승용,여,31세,경상
2020091400100260,2020년 9월 14일 12시,월요일,경상북도 경주시 안강읍,중상사고,0,1,0,0,차대차 - 측면충돌,안전운전불이행,건조,맑음,교차로 - 교차로안,자전거,여,80세,중상,승용,여,43세,상해없음
2020091400100261,2020년 9월 14일 12시,월요일,경상북도 칠곡군 왜관읍,경상사고,0,0,2,1,차대차 - 정면충돌,신호위반,건조,맑음,교차로 - 교차로안,승용,남,31세,부상신고,승용,여,20세,경상
2020091400100262,2020년 9월 14일 12시,월요일,경상북도 문경시 가은읍,경상사고,0,0,1,0,차대차 - 측면충돌,안전운전불이행,건조,맑음,교차로 - 교차로안,자전거,여,73세,경상,화물,남,77세,상해없음
2020091400100263,2020년 9월 14일 12시,월요일,경상북도 성주군 성주읍,경상사고,0,0,2,0,차대차 - 기타,안전운전불이행,건조,맑음,교차로 - 교차로안,승용,여,37세,경상,원동기,남,20세,경상
2020091400100293,2020년 9월 14일 13시,월요일,경상북도 포항시 북구 장성동,경상사고,0,0,1,0,차대차 - 측면충돌,안전운전불이행,건조,맑음,교차로 - 교차로안,원동기,남,20세,경상,승용,여,42세,상해없음
2020091400100294,2020년 9월 14일 13시,월요일,경상북도 상주시 남성동,경상사고,0,0,1,0,차대차 - 기타,안전운전불이행,건조,맑음,교차로 - 교차로안,승용,남,72세,상해없음,자전거,남,12세,경상
2020091400100331,2020년 9월 14일 14시,월요일,경상북도 예천군 예천읍,중상사고,0,1,2,0,차대차 - 측면충돌,안전운전불이행,건조,맑음,교차로 - 교차로안,승용,여,59세,중상,승용,남,29세,경상
2020091400100362,2020년 9월 14일 15시,월요일,경상북도 포항시 북구 송라면,경상사고,0,0,1,0,차대차 - 측면충돌,안전운전불이행,건조,맑음,단일로 - 기타,화물,남,61세,상해없음,승용,남,59세,경상
2020091400100363,2020년 9월 14일 15시,월요일,경상북도 안동시 용상동,경상사고,0,0,1,0,차대차 - 측면충돌,안전운전불이행,건조,맑음,단일로 - 기타,승용,남,71세,상해없음,이륜,남,24세,경상
2020091400100364,2020년 9월 14일 15시,월요일,경상북도 상주시 성하동,경상사고,0,0,1,0,차대차 - 측면충돌,차로위반,건조,맑음,단일로 - 기타,이륜,남,81세,경상,승용,여,62세,상해없음
2020091400100365,2020년 9월 14일 15시,월요일,경상북도 칠곡군 동명면,중상사고,0,1,0,0,차대차 - 측면충돌,중앙선침범,건조,맑음,단일로 - 기타,화물,남,59세,상해없음,이륜,남,55세,중상
2020091400100407,2020년 9월 14일 16시,월요일,경상북도 영주시 고현동,경상사고,0,0,3,0,차대차 - 측면충돌,직진우회전진행방해,건조,맑음,교차로 - 교차로안,승용,남,49세,상해없음,승용,남,41세,경상
2020091400100408,2020년 9월 14일 16시,월요일,경상북도 칠곡군 가산면,경상사고,0,0,1,0,차대차 - 추돌,안전운전불이행,건조,맑음,단일로 - 기타,승용,남,53세,상해없음,승용,여,61세,경상
2020091400100452,2020년 9월 14일 17시,월요일,경상북도 포항시 북구 양덕동,경상사고,0,0,1,0,차대차 - 기타,신호위반,건조,맑음,교차로 - 교차로부근,승용,여,46세,상해없음,자전거,남,68세,경상
2020091400100454,2020년 9월 14일 17시,월요일,경상북도 안동시 옥동,경상사고,0,0,1,0,차대차 - 측면충돌,안전운전불이행,건조,맑음,교차로 - 교차로안,승용,여,60세,상해없음,화물,남,26세,경상
2020091400100455,2020년 9월 14일 17시,월요일,경상북도 안동시 옥동,경상사고,0,0,1,0,차대사람 - 기타,안전운전불이행,건조,맑음,단일로 - 기타,승용,여,30세,상해없음,보행자,여,54세,경상
2020091400100494,2020년 9월 14일 18시,월요일,경상북도 김천시 교동,경상사고,0,0,3,0,차대차 - 측면충돌,신호위반,건조,맑음,교차로 - 교차로안,승용,남,38세,상해없음,승용,남,51세,경상
2020091400100531,2020년 9월 14일 19시,월요일,경상북도 칠곡군 왜관읍,중상사고,0,1,0,0,차대사람 - 차도통행중,안전운전불이행,건조,기타,단일로 - 기타,화물,남,78세,상해없음,보행자,여,82세,중상
2020091400100532,2020년 9월 14일 19시,월요일,경상북도 경산시 백천동,중상사고,0,1,0,0,차대차 - 측면충돌,안전운전불이행,건조,맑음,단일로 - 기타,승용,여,39세,상해없음,자전거,남,76세,중상
2020091400100533,2020년 9월 14일 19시,월요일,경상북도 경산시 삼북동,경상사고,0,0,1,0,차대차 - 측면충돌,불법유턴,건조,맑음,교차로 - 교차로안,승용,남,22세,상해없음,이륜,남,31세,경상
2020091400100534,2020년 9월 14일 19시,월요일,경상북도 구미시 원평동,사망사고,1,0,0,0,차대사람 - 횡단중,안전운전불이행,건조,맑음,단일로 - 기타,승용,남,64세,상해없음,보행자,여,78세,사망
2020091400100535,2020년 9월 14일 19시,월요일,경상북도 포항시 남구 효자동,중상사고,0,1,1,0,차대차 - 측면충돌,기타,건조,맑음,교차로 - 교차로안,원동기,남,23세,경상,원동기,남,45세,중상
2020091400100569,2020년 9월 14일 20시,월요일,경상북도 포항시 북구 흥해읍,중상사고,0,1,0,0,차대사람 - 기타,신호위반,건조,맑음,교차로 - 교차로횡단보도내,이륜,남,37세,상해없음,보행자,남,68세,중상
2020091400100570,2020년 9월 14일 20시,월요일,경상북도 김천시 신음동,중상사고,0,1,0,0,차대차 - 측면충돌,안전운전불이행,건조,기타,교차로 - 교차로안,이륜,남,28세,중상,승용,남,35세,상해없음
2020091400100571,2020년 9월 14일 20시,월요일,경상북도 칠곡군 북삼읍,경상사고,0,0,3,0,차대사람 - 횡단중,보행자보호의무위반,건조,맑음,교차로 - 교차로횡단보도내,이륜,남,18세,경상,보행자,여,42세,경상
2020091400100572,2020년 9월 14일 20시,월요일,경상북도 구미시 사곡동,중상사고,0,1,0,0,차대차 - 기타,안전운전불이행,건조,맑음,교차로 - 교차로횡단보도내,승용,남,35세,상해없음,개인형이동수단(PM),여,21세,중상
2020091400100585,2020년 9월 14일 21시,월요일,경상북도 문경시 모전동,경상사고,0,0,2,0,차대차 - 추돌,안전운전불이행,건조,맑음,교차로 - 교차로안,승용,남,47세,상해없음,승용,남,22세,경상
2020091400100625,2020년 9월 14일 23시,월요일,경상북도 김천시 성내동,경상사고,0,0,1,0,차대차 - 정면충돌,신호위반,건조,맑음,교차로 - 교차로부근,승용,남,23세,상해없음,승용,남,21세,경상
2020091500100013,2020년 9월 15일 00시,화요일,경상북도 경산시 사동,경상사고,0,0,3,0,차대차 - 측면충돌,신호위반,건조,맑음,교차로 - 교차로안,승용,남,59세,상해없음,승용,남,45세,경상
2020091500100023,2020년 9월 15일 01시,화요일,경상북도 포항시 남구 장흥동,경상사고,0,0,2,0,차대차 - 측면충돌,신호위반,건조,맑음,교차로 - 교차로안,승용,남,38세,경상,승용,여,44세,경상
2020091500100029,2020년 9월 15일 02시,화요일,경상북도 영천시 완산동,부상신고사고,0,0,0,1,차량단독 - 기타,안전운전불이행,건조,맑음,교차로 - 교차로부근,승용,남,51세,부상신고,,,,
2020091500100030,2020년 9월 15일 02시,화요일,경상북도 포항시 남구 해도동,경상사고,0,0,1,0,차대차 - 추돌,안전운전불이행,건조,맑음,교차로 - 교차로부근,승용,남,24세,상해없음,승용,남,32세,경상
2020091500100054,2020년 9월 15일 06시,화요일,경상북도 안동시 수상동,경상사고,0,0,2,0,차대차 - 측면충돌,안전운전불이행,건조,맑음,단일로 - 기타,승용,남,53세,상해없음,승합,남,61세,경상
2020091500100055,2020년 9월 15일 06시,화요일,경상북도 영천시 청통면,경상사고,0,0,1,0,차대차 - 추돌,안전운전불이행,건조,맑음,단일로 - 기타,승용,여,34세,기타불명,건설기계,남,48세,경상
2020091500100070,2020년 9월 15일 07시,화요일,경상북도 포항시 북구 두호동,중상사고,0,1,0,0,차대차 - 측면충돌,안전운전불이행,건조,맑음,교차로 - 교차로안,자전거,남,73세,중상,승용,여,37세,상해없음
2020091500100099,2020년 9월 15일 08시,화요일,경상북도 영천시 본촌동,경상사고,0,0,1,0,차대차 - 후진중충돌,안전운전불이행,건조,맑음,기타 - 기타,화물,남,60세,상해없음,승용,남,32세,경상
2020091500100100,2020년 9월 15일 08시,화요일,경상북도 경산시 갑제동,경상사고,0,0,1,0,차대차 - 측면충돌,안전운전불이행,건조,맑음,교차로 - 교차로안,승용,여,45세,상해없음,승용,남,40세,경상
2020091500100101,2020년 9월 15일 08시,화요일,경상북도 성주군 성주읍,중상사고,0,1,1,0,차대차 - 측면충돌,안전운전불이행,건조,맑음,교차로 - 교차로안,화물,남,66세,중상,승용,여,43세,경상
2020091500100152,2020년 9월 15일 10시,화요일,경상북도 안동시 송현동,경상사고,0,0,1,0,차대차 - 측면충돌,안전운전불이행,건조,맑음,교차로 - 교차로부근,이륜,남,53세,경상,승용,남,74세,상해없음
2020091500100153,2020년 9월 15일 10시,화요일,경상북도 안동시 옥동,경상사고,0,0,2,0,차대차 - 측면충돌,직진우회전진행방해,건조,맑음,교차로 - 교차로안,승용,남,63세,경상,승용,남,28세,경상
2020091500100154,2020년 9월 15일 10시,화요일,경상북도 의성군 의성읍,경상사고,0,0,1,0,차대차 - 측면충돌,안전거리미확보,건조,맑음,단일로 - 교량,건설기계,남,61세,상해없음,승용,여,54세,경상
2020091500100155,2020년 9월 15일 10시,화요일,경상북도 칠곡군 북삼읍,경상사고,0,0,1,0,차대차 - 기타,안전운전불이행,건조,맑음,단일로 - 기타,화물,남,46세,상해없음,화물,남,35세,경상
2020091500100156,2020년 9월 15일 10시,화요일,경상북도 경산시 옥산동,중상사고,0,1,0,0,차대차 - 기타,안전운전불이행,건조,맑음,교차로 - 교차로안,승용,여,58세,상해없음,승합,남,58세,상해없음
2020091500100157,2020년 9월 15일 10시,화요일,경상북도 영덕군 강구면,경상사고,0,0,1,0,차대차 - 기타,안전운전불이행,건조,맑음,주차장 - 주차장,화물,남,53세,상해없음,화물,남,38세,경상
2020091500100187,2020년 9월 15일 11시,화요일,경상북도 포항시 북구 흥해읍,경상사고,0,0,2,0,차대차 - 측면충돌,안전운전불이행,건조,맑음,교차로 - 교차로안,승용,여,66세,상해없음,승용,여,59세,경상
2020091500100188,2020년 9월 15일 11시,화요일,경상북도 청도군 풍각면,중상사고,0,1,0,0,차대차 - 측면충돌,직진우회전진행방해,건조,맑음,교차로 - 교차로부근,승용,남,62세,상해없음,승용,여,59세,중상
2020091500100229,2020년 9월 15일 12시,화요일,경상북도 칠곡군 왜관읍,중상사고,0,1,0,0,차대차 - 측면충돌,안전운전불이행,건조,맑음,단일로 - 기타,승용,여,55세,상해없음,이륜,남,84세,중상
2020091500100230,2020년 9월 15일 12시,화요일,경상북도 포항시 남구 이동,경상사고,0,0,2,0,차대차 - 기타,안전거리미확보,건조,맑음,단일로 - 기타,승용,남,47세,상해없음,승용,여,54세,경상
2020091500100262,2020년 9월 15일 13시,화요일,경상북도 포항시 북구 양덕동,경상사고,0,0,2,0,차대차 - 기타,신호위반,건조,맑음,교차로 - 교차로안,승용,남,19세,상해없음,승용,남,63세,경상
2020091500100263,2020년 9월 15일 13시,화요일,경상북도 안동시 광석동,경상사고,0,0,1,0,차대사람 - 보도통행중,보행자보호의무위반,건조,맑음,교차로 - 교차로횡단보도내,승용,여,59세,상해없음,보행자,여,71세,경상
2020091500100264,2020년 9월 15일 13시,화요일,경상북도 문경시 가은읍,경상사고,0,0,2,0,차대차 - 정면충돌,중앙선침범,건조,맑음,단일로 - 기타,승용,여,71세,상해없음,승용,남,62세,경상
2020091500100265,2020년 9월 15일 13시,화요일,경상북도 구미시 공단동,경상사고,0,0,1,0,차대차 - 측면충돌,안전거리미확보,건조,맑음,교차로 - 교차로부근,승용,남,55세,상해없음,승용,남,43세,경상
2020091500100301,2020년 9월 15일 14시,화요일,경상북도 안동시 옥야동,경상사고,0,0,1,0,차대차 - 측면충돌,안전거리미확보,건조,맑음,단일로 - 기타,승용,남,72세,상해없음,자전거,남,66세,경상
2020091500100337,2020년 9월 15일 15시,화요일,경상북도 김천시 교동,경상사고,0,0,2,0,차대차 - 추돌,안전거리미확보,건조,맑음,교차로 - 교차로부근,승용,남,77세,상해없음,승용,여,37세,경상
2020091500100338,2020년 9월 15일 15시,화요일,경상북도 상주시 무양동,중상사고,0,1,0,0,차대차 - 추돌,안전운전불이행,건조,맑음,단일로 - 교량,특수,남,51세,상해없음,이륜,남,79세,중상
2020091500100378,2020년 9월 15일 16시,화요일,경상북도 포항시 북구 양덕동,경상사고,0,0,1,0,차대차 - 추돌,안전운전불이행,건조,맑음,단일로 - 기타,화물,남,54세,상해없음,승용,여,48세,경상
2020091500100379,2020년 9월 15일 16시,화요일,경상북도 구미시 인의동,부상신고사고,0,0,0,1,차대차 - 기타,교차로운행방법위반,건조,맑음,교차로 - 교차로안,승용,남,36세,상해없음,원동기,여,26세,부상신고
2020091500100419,2020년 9월 15일 17시,화요일,경상북도 문경시 모전동,경상사고,0,0,1,0,차대차 - 측면충돌,안전운전불이행,건조,맑음,교차로 - 교차로안,이륜,남,45세,경상,승용,남,64세,기타불명
2020091500100420,2020년 9월 15일 17시,화요일,경상북도 경산시 압량면,경상사고,0,0,1,0,차대차 - 측면충돌,안전운전불이행,건조,맑음,교차로 - 교차로안,승용,여,52세,기타불명,승용,남,29세,경상
2020091500100421,2020년 9월 15일 17시,화요일,경상북도 구미시 광평동,경상사고,0,0,1,1,차대차 - 기타,안전운전불이행,건조,맑음,기타 - 기타,화물,남,50세,부상신고,승용,여,43세,경상
2020091500100454,2020년 9월 15일 18시,화요일,경상북도 구미시 봉곡동,중상사고,0,1,0,0,차대차 - 정면충돌,안전운전불이행,건조,맑음,단일로 - 기타,승용,여,47세,상해없음,이륜,남,44세,중상
2020091500100455,2020년 9월 15일 18시,화요일,경상북도 구미시 황상동,중상사고,0,1,0,0,차대차 - 측면충돌,안전운전불이행,건조,맑음,교차로 - 교차로안,승용,남,23세,상해없음,이륜,남,74세,중상
2020091500100492,2020년 9월 15일 19시,화요일,경상북도 군위군 산성면,중상사고,0,1,0,0,차대차 - 측면충돌,중앙선침범,건조,맑음,단일로 - 기타,화물,남,40세,상해없음,화물,남,59세,중상
2020091500100548,2020년 9월 15일 21시,화요일,경상북도 포항시 북구 남빈동,경상사고,0,0,1,0,차대차 - 측면충돌,직진우회전진행방해,건조,맑음,교차로 - 교차로안,승용,남,22세,상해없음,승용,여,51세,상해없음
2020091500100563,2020년 9월 15일 22시,화요일,경상북도 경산시 압량면,중상사고,0,1,0,0,차대차 - 측면충돌,직진우회전진행방해,기타,맑음,교차로 - 교차로안,승용,남,49세,상해없음,이륜,여,58세,중상
2020091500100577,2020년 9월 15일 23시,화요일,경상북도 구미시 인의동,중상사고,0,1,2,0,차대차 - 기타,신호위반,건조,맑음,교차로 - 교차로안,승용,남,28세,경상,승용,남,56세,경상
2020091600100011,2020년 9월 16일 00시,수요일,경상북도 안동시 운흥동,중상사고,0,1,0,0,차대사람 - 기타,과속,건조,맑음,단일로 - 기타,승용,여,22세,상해없음,보행자,남,33세,중상
2020091600100015,2020년 9월 16일 01시,수요일,경상북도 구미시 구평동,중상사고,0,1,0,0,차대차 - 측면충돌,신호위반,건조,맑음,교차로 - 교차로안,승용,남,22세,상해없음,승용,남,38세,중상
2020091600100016,2020년 9월 16일 01시,수요일,경상북도 칠곡군 왜관읍,경상사고,0,0,1,0,차대차 - 추돌,안전운전불이행,건조,맑음,단일로 - 기타,승용,남,33세,상해없음,승용,남,27세,경상
2020091600100096,2020년 9월 16일 08시,수요일,경상북도 경주시 외동읍,중상사고,0,1,0,0,차대차 - 측면충돌,안전운전불이행,젖음/습기,비,교차로 - 교차로안,승용,남,59세,상해없음,승용,여,49세,중상
2020091600100097,2020년 9월 16일 08시,수요일,경상북도 영주시 가흥동,경상사고,0,0,1,0,차대차 - 기타,안전운전불이행,건조,맑음,교차로 - 교차로부근,승용,여,59세,상해없음,승용,남,36세,경상
2020091600100098,2020년 9월 16일 08시,수요일,경상북도 구미시 임은동,경상사고,0,0,2,0,차대차 - 측면충돌,중앙선침범,젖음/습기,비,단일로 - 기타,승용,여,52세,상해없음,승용,남,49세,경상
2020091600100136,2020년 9월 16일 09시,수요일,경상북도 경산시 갑제동,경상사고,0,0,1,0,차대차 - 기타,안전운전불이행,건조,맑음,단일로 - 기타,승용,여,48세,상해없음,승용,여,63세,경상
2020091600100169,2020년 9월 16일 10시,수요일,경상북도 경주시 안강읍,중상사고,0,2,1,0,차대차 - 측면충돌,중앙선침범,젖음/습기,비,단일로 - 기타,화물,남,56세,중상,승용,여,58세,중상
2020091600100170,2020년 9월 16일 10시,수요일,경상북도 포항시 북구 덕수동,중상사고,0,1,0,0,차대사람 - 차도통행중,안전운전불이행,건조,맑음,단일로 - 기타,승용,여,31세,상해없음,보행자,여,78세,중상
2020091600100171,2020년 9월 16일 10시,수요일,경상북도 안동시 송천동,중상사고,0,1,0,0,차대차 - 추돌,안전운전불이행,건조,맑음,교차로 - 교차로부근,승용,남,67세,상해없음,승용,남,41세,중상
2020091600100199,2020년 9월 16일 11시,수요일,경상북도 포항시 북구 흥해읍,중상사고,0,2,2,0,차대차 - 추돌,안전거리미확보,건조,맑음,단일로 - 기타,화물,남,59세,상해없음,승용,여,40세,중상
2020091600100200,2020년 9월 16일 11시,수요일,경상북도 영천시 야사동,경상사고,0,0,1,0,차대차 - 측면충돌,교차로운행방법위반,건조,맑음,교차로 - 교차로안,승용,여,64세,상해없음,승합,남,65세,경상
2020091600100201,2020년 9월 16일 11시,수요일,경상북도 구미시 송정동,중상사고,0,1,0,0,차대차 - 기타,안전운전불이행,젖음/습기,비,교차로 - 교차로안,화물,남,47세,상해없음,이륜,남,30세,중상
2020091600100278,2020년 9월 16일 14시,수요일,경상북도 상주시 성하동,경상사고,0,0,1,0,차대차 - 측면충돌,신호위반,건조,맑음,교차로 - 교차로안,승용,남,87세,상해없음,승용,여,42세,경상
2020091600100279,2020년 9월 16일 14시,수요일,경상북도 경산시 중방동,경상사고,0,0,2,0,차대사람 - 기타,안전운전불이행,건조,맑음,단일로 - 기타,승용,남,76세,기타불명,보행자,여,7세,경상
2020091600100280,2020년 9월 16일 14시,수요일,경상북도 포항시 남구 괴동동,경상사고,0,0,1,0,차대차 - 기타,안전운전불이행,건조,맑음,교차로 - 교차로안,원동기,남,49세,경상,건설기계,남,43세,상해없음
2020091600100306,2020년 9월 16일 15시,수요일,경상북도 포항시 북구 죽도동,경상사고,0,0,2,0,차대차 - 측면충돌,안전운전불이행,건조,맑음,단일로 - 기타,승용,여,53세,경상,승용,여,65세,경상
2020091600100307,2020년 9월 16일 15시,수요일,경상북도 안동시 송현동,경상사고,0,0,1,0,차대차 - 측면충돌,안전운전불이행,건조,맑음,단일로 - 기타,승용,남,54세,상해없음,승합,여,50세,경상
2020091600100308,2020년 9월 16일 15시,수요일,경상북도 칠곡군 지천면,경상사고,0,0,1,0,차대차 - 측면충돌,안전운전불이행,건조,맑음,교차로 - 교차로안,화물,남,56세,상해없음,화물,남,29세,경상
2020091600100343,2020년 9월 16일 16시,수요일,경상북도 경주시 외동읍,경상사고,0,0,1,0,차대차 - 추돌,안전거리미확보,건조,흐림,교차로 - 교차로부근,승용,남,50세,상해없음,승용,여,50세,경상
2020091600100344,2020년 9월 16일 16시,수요일,경상북도 경산시 정평동,경상사고,0,0,1,0,차대차 - 측면충돌,안전운전불이행,건조,맑음,단일로 - 기타,승용,여,46세,상해없음,승용,여,20세,경상
2020091600100345,2020년 9월 16일 16시,수요일,경상북도 구미시 봉곡동,부상신고사고,0,0,0,1,차량단독 - 공작물충돌,안전운전불이행,건조,맑음,단일로 - 기타,승용,여,54세,부상신고,,,,
2020091600100384,2020년 9월 16일 17시,수요일,경상북도 경주시 천북면,경상사고,0,0,1,0,차대차 - 측면충돌,중앙선침범,건조,맑음,교차로 - 교차로부근,화물,남,57세,상해없음,승용,남,54세,경상
2020091600100385,2020년 9월 16일 17시,수요일,경상북도 칠곡군 약목면,경상사고,0,0,1,0,차대차 - 추돌,안전거리미확보,건조,맑음,단일로 - 기타,화물,남,71세,상해없음,승용,남,54세,경상
2020091600100386,2020년 9월 16일 17시,수요일,경상북도 경산시 자인면,경상사고,0,0,1,0,차대사람 - 기타,교차로운행방법위반,건조,맑음,교차로 - 교차로안,승용,여,49세,상해없음,보행자,여,63세,경상
2020091600100387,2020년 9월 16일 17시,수요일,경상북도 구미시 산동면,경상사고,0,0,1,0,차대차 - 정면충돌,안전운전불이행,건조,맑음,교차로 - 교차로안,승용,여,53세,상해없음,승용,남,37세,경상
2020091600100388,2020년 9월 16일 17시,수요일,경상북도 구미시 신평동,경상사고,0,0,2,0,차대차 - 기타,신호위반,건조,맑음,교차로 - 교차로부근,승용,여,47세,상해없음,승용,여,46세,경상
2020091600100426,2020년 9월 16일 18시,수요일,경상북도 영주시 영주동,중상사고,0,1,0,0,차대사람 - 기타,교차로운행방법위반,건조,흐림,교차로 - 교차로안,승용,남,33세,기타불명,보행자,여,70세,중상
2020091600100427,2020년 9월 16일 18시,수요일,경상북도 청도군 운문면,경상사고,0,0,1,0,차량단독 - 도로외이탈 - 기타,안전운전불이행,건조,맑음,단일로 - 지하차도(도로)내,이륜,남,77세,경상,,,,
2020091600100508,2020년 9월 16일 20시,수요일,경상북도 구미시 선산읍,부상신고사고,0,0,0,1,차대차 - 기타,신호위반,건조,맑음,교차로 - 교차로안,승용,여,48세,부상신고,승용,남,27세,상해없음
2020091600100550,2020년 9월 16일 22시,수요일,경상북도 칠곡군 석적읍,중상사고,0,2,4,0,차대차 - 측면충돌,신호위반,건조,맑음,교차로 - 교차로안,승용,여,26세,경상,승용,남,59세,중상
2020091600100551,2020년 9월 16일 22시,수요일,경상북도 경산시 사정동,경상사고,0,0,1,0,차대차 - 측면충돌,안전운전불이행,건조,맑음,교차로 - 교차로부근,화물,남,42세,경상,승용,남,23세,기타불명
2020091600100571,2020년 9월 16일 23시,수요일,경상북도 구미시 신동,부상신고사고,0,0,0,1,차량단독 - 전도전복 - 전복,안전운전불이행,건조,흐림,단일로 - 기타,승용,여,43세,부상신고,,,,
2020091700100041,2020년 9월 17일 05시,목요일,경상북도 영주시 하망동,중상사고,0,1,0,0,차대사람 - 횡단중,보행자보호의무위반,젖음/습기,맑음,교차로 - 교차로횡단보도내,승용,여,47세,상해없음,보행자,여,68세,중상
2020091700100057,2020년 9월 17일 06시,목요일,경상북도 안동시 수상동,경상사고,0,0,2,0,차대차 - 측면충돌,교차로운행방법위반,건조,맑음,교차로 - 교차로안,승합,남,48세,경상,화물,남,44세,경상
2020091700100107,2020년 9월 17일 08시,목요일,경상북도 포항시 남구 인덕동,경상사고,0,0,1,0,차대차 - 기타,안전운전불이행,건조,흐림,단일로 - 기타,승용,여,26세,상해없음,승용,남,50세,경상