사고번호,사고일시,요일,시군구,사고내용,사망자수,중상자수,경상자수,부상신고자수,사고유형,법규위반,노면상태,기상상태,도로형태,가해운전자 차종,가해운전자 성별,가해운전자 연령,가해운전자 상해정도,피해운전자 차종,피해운전자 성별,피해운전자 연령,피해운전자 상해정도
2020092000100132,2020년 9월 20일 10시,일요일,경상북도 봉화군 봉화읍,부상신고사고,0,0,0,1,차대차 - 측면충돌,직진우회전진행방해,건조,맑음,교차로 - 교차로안,농기계,남,56세,부상신고,화물,남,57세,상해없음
2020092000100156,2020년 9월 20일 11시,일요일,경상북도 경주시 동천동,중상사고,0,1,0,0,차량단독 - 도로외이탈 - 기타,안전운전불이행,건조,맑음,단일로 - 기타,이륜,남,20세,중상,,,,
2020092000100193,2020년 9월 20일 12시,일요일,경상북도 안동시 태화동,경상사고,0,0,1,0,차대사람 - 횡단중,안전운전불이행,건조,맑음,단일로 - 기타,자전거,남,64세,상해없음,보행자,여,48세,경상
2020092000100194,2020년 9월 20일 12시,일요일,경상북도 김천시 용두동,경상사고,0,0,1,0,차대차 - 측면충돌,안전운전불이행,건조,맑음,교차로 - 교차로부근,이륜,남,73세,경상,승용,여,39세,상해없음
2020092000100231,2020년 9월 20일 13시,일요일,경상북도 경주시 천군동,경상사고,0,0,2,0,차대차 - 추돌,안전거리미확보,건조,맑음,교차로 - 교차로부근,승용,남,59세,상해없음,승용,남,32세,경상
2020092000100270,2020년 9월 20일 14시,일요일,경상북도 포항시 북구 장성동,경상사고,0,0,1,0,차대차 - 측면충돌,직진우회전진행방해,건조,맑음,교차로 - 교차로안,화물,남,51세,상해없음,이륜,남,51세,경상
2020092000100271,2020년 9월 20일 14시,일요일,경상북도 안동시 옥야동,경상사고,0,0,3,0,차대차 - 측면충돌,안전운전불이행,건조,맑음,교차로 - 교차로안,이륜,남,54세,경상,승용,남,57세,상해없음
2020092000100272,2020년 9월 20일 14시,일요일,경상북도 봉화군 봉성면,경상사고,0,0,2,0,차대차 - 기타,안전운전불이행,건조,맑음,기타 - 기타,승용,여,68세,상해없음,승용,남,33세,경상
2020092000100311,2020년 9월 20일 15시,일요일,경상북도 칠곡군 약목면,경상사고,0,0,1,0,차량단독 - 공작물충돌,안전운전불이행,건조,맑음,단일로 - 기타,승합,남,45세,경상,,,,
2020092000100343,2020년 9월 20일 16시,일요일,경상북도 안동시 옥동,경상사고,0,0,3,0,차대차 - 추돌,안전운전불이행,건조,맑음,단일로 - 기타,승용,여,45세,경상,승용,남,58세,경상
2020092000100344,2020년 9월 20일 16시,일요일,경상북도 김천시 덕곡동,경상사고,0,0,1,0,차대차 - 추돌,안전운전불이행,건조,맑음,교차로 - 교차로부근,이륜,남,28세,상해없음,승용,남,39세,경상
2020092000100345,2020년 9월 20일 16시,일요일,경상북도 구미시 비산동,경상사고,0,0,1,0,차대차 - 측면충돌,중앙선침범,건조,맑음,교차로 - 교차로안,자전거,남,64세,경상,승용,남,48세,상해없음
2020092000100385,2020년 9월 20일 17시,일요일,경상북도 안동시 송현동,경상사고,0,0,1,0,차대차 - 정면충돌,안전운전불이행,건조,맑음,단일로 - 기타,승용,여,24세,상해없음,승용,여,47세,경상
2020092000100416,2020년 9월 20일 18시,일요일,경상북도 구미시 원평동,경상사고,0,0,1,0,차대차 - 기타,안전운전불이행,건조,맑음,주차장 - 주차장,화물,남,51세,상해없음,승용,남,52세,상해없음
2020092000100500,2020년 9월 20일 21시,일요일,경상북도 포항시 남구 오천읍,경상사고,0,0,1,0,차대차 - 측면충돌,직진우회전진행방해,건조,맑음,교차로 - 교차로안,승용,남,51세,상해없음,이륜,남,22세,경상
2020092100100029,2020년 9월 21일 04시,월요일,경상북도 포항시 남구 오천읍,경상사고,0,0,2,0,차대차 - 측면충돌,안전운전불이행,건조,맑음,교차로 - 교차로부근,승용,남,28세,상해없음,승용,여,59세,경상
2020092100100039,2020년 9월 21일 05시,월요일,경상북도 경주시 외동읍,경상사고,0,0,2,0,차대차 - 추돌,안전운전불이행,건조,맑음,단일로 - 기타,승용,남,62세,상해없음,승용,여,48세,경상
2020092100100055,2020년 9월 21일 06시,월요일,경상북도 봉화군 석포면,중상사고,0,1,1,0,차대차 - 정면충돌,안전운전불이행,건조,맑음,기타 - 기타,승용,남,47세,상해없음,사륜오토바이(ATV),남,78세,경상
2020092100100075,2020년 9월 21일 07시,월요일,경상북도 포항시 북구 흥해읍,경상사고,0,0,2,0,차대차 - 기타,직진우회전진행방해,건조,맑음,교차로 - 교차로안,승용,여,57세,경상,승용,여,58세,경상
2020092100100076,2020년 9월 21일 07시,월요일,경상북도 봉화군 봉성면,중상사고,0,1,0,0,차대사람 - 기타,안전운전불이행,건조,맑음,기타 - 기타,화물,남,51세,상해없음,보행자,여,82세,중상
2020092100100115,2020년 9월 21일 08시,월요일,경상북도 의성군 옥산면,경상사고,0,0,1,0,차대차 - 추돌,안전운전불이행,건조,맑음,교차로 - 교차로안,화물,남,58세,상해없음,승용,여,21세,경상
2020092100100116,2020년 9월 21일 08시,월요일,경상북도 영주시 하망동,경상사고,0,0,1,0,차대차 - 측면충돌,신호위반,건조,맑음,교차로 - 교차로안,승용,남,67세,상해없음,이륜,남,75세,경상
2020092100100117,2020년 9월 21일 08시,월요일,경상북도 칠곡군 북삼읍,경상사고,0,0,2,0,차대차 - 측면충돌,교차로운행방법위반,건조,맑음,교차로 - 교차로안,승용,남,38세,상해없음,농기계,남,79세,경상
2020092100100118,2020년 9월 21일 08시,월요일,경상북도 문경시 불정동,사망사고,1,0,1,0,차대차 - 추돌,안전운전불이행,건조,맑음,단일로 - 기타,승용,남,50세,사망,화물,남,41세,경상
2020092100100161,2020년 9월 21일 09시,월요일,경상북도 상주시 공성면,경상사고,0,0,1,0,차대사람 - 기타,안전운전불이행,건조,맑음,단일로 - 기타,화물,남,71세,상해없음,보행자,여,89세,경상
2020092100100162,2020년 9월 21일 09시,월요일,경상북도 영덕군 병곡면,경상사고,0,0,1,1,차량단독 - 공작물충돌,안전운전불이행,건조,맑음,단일로 - 기타,화물,남,47세,부상신고,,,,
2020092100100204,2020년 9월 21일 10시,월요일,경상북도 구미시 원평동,경상사고,0,0,1,0,차대차 - 기타,안전운전불이행,건조,맑음,단일로 - 기타,승용,남,73세,상해없음,화물,남,64세,상해없음
2020092100100237,2020년 9월 21일 11시,월요일,경상북도 영주시 영주동,경상사고,0,0,1,0,차대사람 - 기타,안전운전불이행,건조,맑음,단일로 - 기타,승용,남,61세,상해없음,보행자,여,64세,경상
2020092100100282,2020년 9월 21일 12시,월요일,경상북도 청도군 화양읍,경상사고,0,0,1,0,차대차 - 추돌,안전운전불이행,건조,맑음,단일로 - 기타,화물,남,55세,상해없음,승용,여,39세,경상
2020092100100313,2020년 9월 21일 13시,월요일,경상북도 포항시 북구 학산동,경상사고,0,0,1,0,차대차 - 측면충돌,안전운전불이행,건조,맑음,단일로 - 기타,화물,남,48세,기타불명,자전거,남,51세,경상
2020092100100314,2020년 9월 21일 13시,월요일,경상북도 포항시 남구 대도동,중상사고,0,1,0,0,차대차 - 기타,직진우회전진행방해,건조,맑음,교차로 - 교차로안,승용,남,28세,상해없음,이륜,여,47세,중상
2020092100100315,2020년 9월 21일 13시,월요일,경상북도 영천시 북안면,경상사고,0,0,1,0,차대차 - 기타,안전운전불이행,건조,맑음,단일로 - 기타,승용,남,65세,상해없음,승용,여,30세,경상
2020092100100363,2020년 9월 21일 14시,월요일,경상북도 경주시 도지동,중상사고,0,1,0,0,차대차 - 측면충돌,안전운전불이행,건조,맑음,교차로 - 교차로부근,승용,여,68세,상해없음,승용,여,66세,중상
2020092100100364,2020년 9월 21일 14시,월요일,경상북도 칠곡군 동명면,경상사고,0,0,1,0,차대차 - 측면충돌,안전거리미확보,건조,맑음,단일로 - 기타,화물,남,70세,상해없음,승용,여,47세,경상
2020092100100407,2020년 9월 21일 15시,월요일,경상북도 포항시 북구 양덕동,경상사고,0,0,2,0,차대차 - 추돌,직진우회전진행방해,건조,맑음,교차로 - 교차로안,승용,남,21세,상해없음,승용,여,37세,상해없음
2020092100100408,2020년 9월 21일 15시,월요일,경상북도 포항시 북구 우현동,경상사고,0,0,1,0,차대차 - 추돌,안전거리미확보,건조,맑음,단일로 - 기타,승용,남,39세,상해없음,승용,여,37세,경상
2020092100100409,2020년 9월 21일 15시,월요일,경상북도 안동시 광석동,경상사고,0,0,3,0,차대차 - 추돌,안전거리미확보,건조,맑음,교차로 - 교차로부근,승합,여,55세,상해없음,승용,남,35세,경상
2020092100100410,2020년 9월 21일 15시,월요일,경상북도 영천시 고경면,경상사고,0,0,1,0,차대차 - 측면충돌,안전운전불이행,건조,맑음,교차로 - 교차로부근,승용,남,65세,상해없음,이륜,남,29세,경상
2020092100100411,2020년 9월 21일 15시,월요일,경상북도 경산시 옥산동,경상사고,0,0,1,0,차대차 - 기타,신호위반,건조,맑음,교차로 - 교차로안,승용,여,34세,상해없음,승용,남,51세,상해없음
2020092100100412,2020년 9월 21일 15시,월요일,경상북도 경산시 중방동,경상사고,0,0,1,0,차대차 - 측면충돌,안전거리미확보,건조,맑음,교차로 - 교차로부근,건설기계,남,60세,상해없음,승용,남,52세,경상
2020092100100413,2020년 9월 21일 15시,월요일,경상북도 청도군 풍각면,경상사고,0,0,1,0,차대차 - 측면충돌,교차로운행방법위반,건조,맑음,교차로 - 교차로안,화물,남,71세,상해없음,화물,남,59세,경상
2020092100100460,2020년 9월 21일 16시,월요일,경상북도 고령군 대가야읍,중상사고,0,1,0,0,차대사람 - 횡단중,보행자보호의무위반,건조,맑음,단일로 - 기타,승용,여,46세,상해없음,보행자,여,17세,중상
2020092100100514,2020년 9월 21일 17시,월요일,경상북도 포항시 북구 창포동,중상사고,0,1,0,0,차대차 - 측면충돌,교차로운행방법위반,건조,맑음,교차로 - 교차로안,승용,남,64세,상해없음,자전거,남,72세,중상
2020092100100515,2020년 9월 21일 17시,월요일,경상북도 구미시 임은동,경상사고,0,0,1,0,차대차 - 측면충돌,교차로운행방법위반,건조,맑음,교차로 - 교차로안,승용,남,29세,상해없음,승용,여,65세,경상
2020092100100557,2020년 9월 21일 18시,월요일,경상북도 경산시 상방동,중상사고,0,1,0,0,차대사람 - 횡단중,보행자보호의무위반,건조,맑음,기타 - 기타,승용,남,64세,상해없음,보행자,여,62세,중상
2020092100100606,2020년 9월 21일 19시,월요일,경상북도 경주시 동천동,경상사고,0,0,1,0,차대차 - 측면충돌,안전운전불이행,건조,맑음,교차로 - 교차로부근,승용,남,45세,상해없음,원동기,남,51세,경상
2020092100100607,2020년 9월 21일 19시,월요일,경상북도 포항시 북구 학잠동,경상사고,0,0,1,0,차대차 - 기타,안전운전불이행,건조,맑음,교차로 - 교차로부근,승용,남,65세,상해없음,승용,남,61세,경상
2020092100100608,2020년 9월 21일 19시,월요일,경상북도 안동시 길안면,중상사고,0,1,0,0,차량단독 - 공작물충돌,안전운전불이행,건조,맑음,교차로 - 교차로안,승용,남,61세,중상,,,,
2020092100100609,2020년 9월 21일 19시,월요일,경상북도 영천시 금호읍,경상사고,0,0,2,0,차대차 - 측면충돌,안전거리미확보,건조,맑음,단일로 - 기타,승용,여,36세,경상,승용,여,30세,경상
2020092100100610,2020년 9월 21일 19시,월요일,경상북도 경산시 정평동,경상사고,0,0,1,0,차대차 - 측면충돌,차로위반,건조,맑음,단일로 - 기타,승용,남,40세,상해없음,이륜,남,25세,경상
2020092100100611,2020년 9월 21일 19시,월요일,경상북도 구미시 봉곡동,경상사고,0,0,1,0,차대차 - 기타,교차로운행방법위반,건조,맑음,교차로 - 교차로부근,승용,여,51세,상해없음,승용,남,49세,경상
2020092100100612,2020년 9월 21일 19시,월요일,경상북도 구미시 산동면,경상사고,0,0,1,0,차대차 - 기타,안전운전불이행,건조,맑음,단일로 - 기타,승용,여,59세,상해없음,승용,남,30세,경상
2020092100100652,2020년 9월 21일 20시,월요일,경상북도 고령군 다산면,중상사고,0,2,1,0,차대차 - 추돌,안전운전불이행,건조,맑음,단일로 - 기타,승합,남,64세,상해없음,원동기,남,27세,중상
2020092100100686,2020년 9월 21일 21시,월요일,경상북도 군위군 군위읍,경상사고,0,0,1,0,차대사람 - 횡단중,보행자보호의무위반,건조,맑음,단일로 - 기타,승용,여,31세,상해없음,보행자,남,65세,경상
2020092100100696,2020년 9월 21일 22시,월요일,경상북도 칠곡군 왜관읍,부상신고사고,0,0,0,1,차량단독 - 공작물충돌,안전운전불이행,건조,맑음,기타 - 기타,승용,여,39세,부상신고,,,,
2020092200100027,2020년 9월 22일 02시,화요일,경상북도 안동시 옥야동,경상사고,0,0,3,0,차대차 - 기타,중앙선침범,건조,맑음,단일로 - 기타,승용,여,52세,상해없음,승용,남,29세,경상
2020092200100037,2020년 9월 22일 04시,화요일,경상북도 경주시 강동면,경상사고,0,0,1,0,차량단독 - 기타,안전운전불이행,건조,맑음,단일로 - 기타,특수,남,55세,경상,,,,
2020092200100038,2020년 9월 22일 04시,화요일,경상북도 구미시 송정동,경상사고,0,0,1,0,차대차 - 추돌,안전운전불이행,건조,맑음,교차로 - 교차로부근,이륜,남,34세,경상,화물,남,37세,상해없음
2020092200100046,2020년 9월 22일 05시,화요일,경상북도 안동시 안막동,경상사고,0,0,2,0,차대차 - 측면충돌,신호위반,건조,맑음,교차로 - 교차로안,화물,남,72세,경상,화물,남,68세,상해없음
2020092200100047,2020년 9월 22일 05시,화요일,경상북도 봉화군 소천면,사망사고,1,0,0,0,차량단독 - 기타,안전운전불이행,건조,맑음,단일로 - 기타,특수,남,69세,사망,,,,
2020092200100062,2020년 9월 22일 06시,화요일,경상북도 김천시 덕곡동,중상사고,0,1,0,0,차대차 - 측면충돌,교차로운행방법위반,건조,맑음,교차로 - 교차로안,화물,남,38세,상해없음,이륜,여,53세,중상
2020092200100086,2020년 9월 22일 07시,화요일,경상북도 김천시 남산동,중상사고,0,1,0,0,차대차 - 측면충돌,안전운전불이행,건조,맑음,단일로 - 기타,승용,남,67세,상해없음,승용,여,62세,중상
2020092200100127,2020년 9월 22일 08시,화요일,경상북도 안동시 와룡면,경상사고,0,0,1,0,차대차 - 추돌,안전운전불이행,건조,맑음,단일로 - 기타,승용,남,51세,상해없음,승용,남,50세,경상
2020092200100169,2020년 9월 22일 09시,화요일,경상북도 구미시 선산읍,경상사고,0,0,2,0,차대차 - 측면충돌,안전거리미확보,건조,맑음,단일로 - 기타,화물,남,73세,상해없음,승용,남,77세,경상
2020092200100243,2020년 9월 22일 11시,화요일,경상북도 경산시 하양읍,경상사고,0,0,1,0,차대차 - 측면충돌,안전운전불이행,건조,맑음,교차로 - 교차로안,건설기계,남,73세,상해없음,승용,여,57세,경상
2020092200100244,2020년 9월 22일 11시,화요일,경상북도 구미시 형곡동,중상사고,0,1,0,0,차대사람 - 횡단중,안전운전불이행,건조,맑음,교차로 - 교차로횡단보도내,화물,남,40세,상해없음,보행자,여,59세,중상
2020092200100284,2020년 9월 22일 12시,화요일,경상북도 안동시 옥동,중상사고,0,1,0,0,차대차 - 측면충돌,신호위반,건조,맑음,교차로 - 교차로안,승용,여,61세,상해없음,승용,남,57세,중상
2020092200100285,2020년 9월 22일 12시,화요일,경상북도 영주시 영주동,경상사고,0,0,1,0,차대사람 - 길가장자리구역통행중,안전운전불이행,건조,맑음,단일로 - 기타,승용,여,46세,상해없음,보행자,남,51세,경상
2020092200100286,2020년 9월 22일 12시,화요일,경상북도 영천시 북안면,중상사고,0,1,0,0,차대사람 - 기타,안전운전불이행,건조,맑음,단일로 - 기타,승합,남,59세,상해없음,보행자,여,84세,중상
2020092200100287,2020년 9월 22일 12시,화요일,경상북도 포항시 남구 대잠동,중상사고,0,1,1,0,차대차 - 기타,직진우회전진행방해,건조,맑음,교차로 - 교차로안,승용,여,54세,상해없음,이륜,여,19세,중상
2020092200100356,2020년 9월 22일 14시,화요일,경상북도 안동시 풍산읍,경상사고,0,0,1,0,차량단독 - 전도전복 - 전도,안전운전불이행,건조,맑음,단일로 - 기타,이륜,남,77세,경상,,,,
2020092200100357,2020년 9월 22일 14시,화요일,경상북도 안동시 와룡면,중상사고,0,1,2,2,차대차 - 정면충돌,중앙선침범,건조,맑음,단일로 - 기타,승용,남,61세,중상,승합,남,60세,경상
2020092200100358,2020년 9월 22일 14시,화요일,경상북도 안동시 옥야동,경상사고,0,0,2,0,차대차 - 추돌,안전운전불이행,건조,맑음,교차로 - 교차로부근,승용,남,64세,상해없음,승용,남,75세,경상
2020092200100359,2020년 9월 22일 14시,화요일,경상북도 영천시 화룡동,경상사고,0,0,2,0,차대차 - 기타,안전운전불이행,건조,맑음,교차로 - 교차로부근,승용,여,37세,경상,승용,여,57세,경상
2020092200100360,2020년 9월 22일 14시,화요일,경상북도 경산시 대동,경상사고,0,0,2,0,차대차 - 측면충돌,안전거리미확보,건조,맑음,교차로 - 교차로부근,승용,남,38세,상해없음,이륜,남,22세,경상
2020092200100361,2020년 9월 22일 14시,화요일,경상북도 경산시 옥곡동,경상사고,0,0,1,0,차대차 - 추돌,안전운전불이행,건조,맑음,단일로 - 기타,원동기,남,25세,상해없음,승용,여,49세,경상
2020092200100362,2020년 9월 22일 14시,화요일,경상북도 울진군 금강송면,중상사고,0,1,4,0,차대차 - 추돌,안전운전불이행,건조,맑음,단일로 - 터널,승용,여,52세,중상,승용,남,37세,경상
2020092200100409,2020년 9월 22일 15시,화요일,경상북도 포항시 남구 송도동,경상사고,0,0,2,0,차대차 - 기타,신호위반,건조,맑음,교차로 - 교차로횡단보도내,이륜,남,63세,경상,자전거,여,69세,경상
2020092200100466,2020년 9월 22일 16시,화요일,경상북도 영덕군 영해면,경상사고,0,0,2,0,차대차 - 기타,안전운전불이행,건조,맑음,단일로 - 기타,화물,남,41세,상해없음,승용,여,36세,경상
2020092200100467,2020년 9월 22일 16시,화요일,경상북도 고령군 운수면,중상사고,0,1,0,0,차대차 - 측면충돌,안전운전불이행,건조,맑음,단일로 - 기타,승용,여,51세,상해없음,자전거,여,84세,중상
2020092200100468,2020년 9월 22일 16시,화요일,경상북도 고령군 성산면,중상사고,0,1,1,0,차량단독 - 전도전복 - 전도,안전운전불이행,건조,맑음,기타 - 기타,이륜,남,18세,상해없음,,,,
2020092200100469,2020년 9월 22일 16시,화요일,경상북도 구미시 사곡동,경상사고,0,0,1,0,차대차 - 기타,안전운전불이행,건조,맑음,단일로 - 기타,승용,남,59세,상해없음,승용,여,37세,경상
2020092200100470,2020년 9월 22일 16시,화요일,경상북도 포항시 남구 오천읍,경상사고,0,0,6,0,차대차 - 측면충돌,중앙선침범,건조,맑음,단일로 - 기타,승용,남,61세,상해없음,승합,남,57세,상해없음
2020092200100520,2020년 9월 22일 17시,화요일,경상북도 상주시 함창읍,경상사고,0,0,1,0,차대차 - 측면충돌,안전운전불이행,건조,맑음,단일로 - 기타,승용,남,53세,상해없음,자전거,남,13세,경상
2020092200100521,2020년 9월 22일 17시,화요일,경상북도 영천시 야사동,경상사고,0,0,1,0,차대차 - 측면충돌,안전운전불이행,건조,맑음,단일로 - 기타,승용,남,19세,상해없음,승용,여,28세,경상
2020092200100522,2020년 9월 22일 17시,화요일,경상북도 문경시 점촌동,중상사고,0,1,0,0,차대사람 - 기타,안전운전불이행,건조,맑음,기타 - 기타,승합,남,53세,상해없음,보행자,여,76세,중상
2020092200100523,2020년 9월 22일 17시,화요일,경상북도 경산시 하양읍,경상사고,0,0,2,0,차대차 - 추돌,안전운전불이행,건조,맑음,단일로 - 기타,승용,남,58세,상해없음,승용,남,29세,경상
2020092200100524,2020년 9월 22일 17시,화요일,경상북도 청도군 청도읍,경상사고,0,0,1,0,차대차 - 측면충돌,안전운전불이행,건조,맑음,교차로 - 교차로부근,승용,남,46세,상해없음,승합,여,50세,경상
2020092200100525,2020년 9월 22일 17시,화요일,경상북도 고령군 쌍림면,중상사고,0,1,0,0,차대차 - 측면충돌,중앙선침범,건조,맑음,교차로 - 교차로안,농기계,남,69세,중상,승용,남,23세,상해없음
2020092200100576,2020년 9월 22일 18시,화요일,경상북도 경주시 진현동,경상사고,0,0,1,0,차대차 - 측면충돌,신호위반,건조,맑음,교차로 - 교차로부근,화물,남,78세,상해없음,승용,여,39세,경상
2020092200100577,2020년 9월 22일 18시,화요일,경상북도 상주시 냉림동,경상사고,0,0,1,0,차대차 - 측면충돌,안전운전불이행,건조,맑음,단일로 - 기타,승용,남,47세,상해없음,이륜,남,43세,경상
2020092200100578,2020년 9월 22일 18시,화요일,경상북도 상주시 남성동,경상사고,0,0,1,0,차대차 - 기타,안전운전불이행,건조,맑음,단일로 - 기타,승용,여,49세,상해없음,자전거,여,23세,경상
2020092200100579,2020년 9월 22일 18시,화요일,경상북도 경산시 사동,중상사고,0,1,0,0,차대사람 - 횡단중,기타,건조,맑음,단일로 - 기타,이륜,남,27세,상해없음,보행자,여,53세,중상
2020092200100580,2020년 9월 22일 18시,화요일,경상북도 청도군 각북면,경상사고,0,0,1,0,차대차 - 측면충돌,안전운전불이행,건조,맑음,단일로 - 지하차도(도로)내,승용,남,33세,상해없음,자전거,여,60세,경상
2020092200100581,2020년 9월 22일 18시,화요일,경상북도 포항시 남구 송도동,중상사고,0,1,0,0,차대사람 - 기타,안전운전불이행,건조,맑음,단일로 - 기타,이륜,남,68세,상해없음,보행자,남,72세,중상
2020092200100630,2020년 9월 22일 19시,화요일,경상북도 영천시 야사동,경상사고,0,0,1,0,차대사람 - 차도통행중,안전운전불이행,건조,맑음,교차로 - 교차로안,승용,남,49세,상해없음,보행자,여,58세,경상
2020092200100631,2020년 9월 22일 19시,화요일,경상북도 영천시 완산동,경상사고,0,0,1,0,차대차 - 측면충돌,안전운전불이행,건조,맑음,단일로 - 기타,승용,여,46세,상해없음,승용,남,63세,경상
2020092200100632,2020년 9월 22일 19시,화요일,경상북도 성주군 초전면,경상사고,0,0,1,0,차대차 - 기타,안전운전불이행,건조,맑음,단일로 - 기타,승용,여,52세,상해없음,화물,남,39세,상해없음
2020092200100633,2020년 9월 22일 19시,화요일,경상북도 포항시 남구 상도동,경상사고,0,0,2,1,차대차 - 기타,중앙선침범,건조,맑음,단일로 - 기타,이륜,남,33세,부상신고,승용,여,30세,경상
2020092200100691,2020년 9월 22일 21시,화요일,경상북도 김천시 농소면,경상사고,0,0,1,0,차대차 - 기타,기타,건조,맑음,단일로 - 기타,화물,남,47세,상해없음,승용,남,34세,경상
2020092300100116,2020년 9월 23일 08시,수요일,경상북도 안동시 정상동,경상사고,0,0,2,0,차대차 - 추돌,안전운전불이행,건조,맑음,교차로 - 교차로부근,승합,남,41세,상해없음,승용,여,35세,경상
2020092300100117,2020년 9월 23일 08시,수요일,경상북도 영천시 신령면,경상사고,0,0,1,0,차대차 - 추돌,과속,건조,맑음,단일로 - 기타,승용,남,57세,상해없음,화물,남,55세,경상
2020092300100153,2020년 9월 23일 09시,수요일,경상북도 김천시 구성면,경상사고,0,0,1,0,차대차 - 측면충돌,교차로운행방법위반,건조,맑음,교차로 - 교차로안,승용,남,72세,상해없음,승합,남,43세,상해없음
2020092300100154,2020년 9월 23일 09시,수요일,경상북도 상주시 만산동,경상사고,0,0,1,0,차대차 - 기타,안전운전불이행,건조,맑음,단일로 - 기타,화물,남,54세,상해없음,승용,남,54세,경상
2020092300100155,2020년 9월 23일 09시,수요일,경상북도 구미시 원평동,경상사고,0,0,1,0,차대사람 - 기타,기타,건조,맑음,기타 - 기타,승합,남,63세,상해없음,보행자,남,20세,경상
2020092300100183,2020년 9월 23일 10시,수요일,경상북도 영주시 문정동,중상사고,0,1,0,0,차대차 - 추돌,안전운전불이행,건조,맑음,단일로 - 기타,특수,남,52세,상해없음,화물,남,29세,중상
2020092300100184,2020년 9월 23일 10시,수요일,경상북도 예천군 예천읍,경상사고,0,0,1,0,차대차 - 측면충돌,안전운전불이행,건조,맑음,교차로 - 교차로안,이륜,남,65세,경상,화물,남,62세,상해없음
2020092300100185,2020년 9월 23일 10시,수요일,경상북도 포항시 남구 대잠동,중상사고,0,1,1,0,차대차 - 기타,신호위반,건조,맑음,교차로 - 교차로안,승용,여,72세,중상,승용,여,55세,경상
2020092300100249,2020년 9월 23일 12시,수요일,경상북도 봉화군 춘양면,경상사고,0,0,2,0,차대차 - 측면충돌,안전운전불이행,건조,맑음,단일로 - 기타,화물,남,63세,경상,승용,남,65세,경상
2020092300100280,2020년 9월 23일 13시,수요일,경상북도 안동시 용상동,부상신고사고,0,0,0,1,차대차 - 측면충돌,안전운전불이행,건조,맑음,단일로 - 기타,화물,남,38세,상해없음,원동기,남,59세,부상신고
2020092300100281,2020년 9월 23일 13시,수요일,경상북도 안동시 당북동,경상사고,0,0,1,0,차대차 - 측면충돌,안전운전불이행,건조,맑음,단일로 - 기타,승용,여,24세,상해없음,승용,여,53세,경상
2020092300100282,2020년 9월 23일 13시,수요일,경상북도 성주군 선남면,중상사고,0,1,0,0,차대사람 - 기타,안전운전불이행,건조,맑음,기타 - 기타,화물,남,32세,상해없음,보행자,남,58세,중상
2020092300100283,2020년 9월 23일 13시,수요일,경상북도 포항시 남구 대도동,경상사고,0,0,1,0,차대차 - 추돌,안전운전불이행,건조,맑음,교차로 - 교차로부근,승용,여,50세,상해없음,승용,남,44세,상해없음
2020092300100323,2020년 9월 23일 14시,수요일,경상북도 포항시 남구 오천읍,경상사고,0,0,1,0,차대차 - 기타,기타,건조,맑음,단일로 - 기타,화물,남,49세,상해없음,자전거,여,58세,경상
2020092300100324,2020년 9월 23일 14시,수요일,경상북도 포항시 남구 오천읍,부상신고사고,0,0,0,1,차대차 - 추돌,안전운전불이행,건조,맑음,교차로 - 교차로부근,승용,남,55세,부상신고,건설기계,남,43세,상해없음
2020092300100358,2020년 9월 23일 15시,수요일,경상북도 안동시 안막동,경상사고,0,0,3,0,차대차 - 측면충돌,안전운전불이행,건조,맑음,단일로 - 기타,승용,남,67세,경상,화물,여,45세,경상
2020092300100359,2020년 9월 23일 15시,수요일,경상북도 영양군 영양읍,경상사고,0,0,1,0,차대차 - 측면충돌,불법유턴,건조,맑음,주차장 - 주차장,화물,남,67세,상해없음,승용,여,27세,경상
2020092300100360,2020년 9월 23일 15시,수요일,경상북도 구미시 옥계동,경상사고,0,0,1,0,차대차 - 기타,교차로운행방법위반,건조,맑음,교차로 - 교차로안,승용,여,45세,상해없음,이륜,남,35세,경상
2020092300100402,2020년 9월 23일 16시,수요일,경상북도 김천시 부곡동,중상사고,0,1,0,0,차대차 - 측면충돌,차로위반,건조,맑음,단일로 - 기타,승용,남,71세,상해없음,이륜,남,16세,중상
2020092300100403,2020년 9월 23일 16시,수요일,경상북도 칠곡군 석적읍,경상사고,0,0,2,1,차대차 - 추돌,안전운전불이행,건조,맑음,교차로 - 교차로부근,승용,남,29세,부상신고,승용,남,31세,경상
2020092300100404,2020년 9월 23일 16시,수요일,경상북도 영천시 북안면,중상사고,0,1,0,0,차대사람 - 횡단중,안전운전불이행,건조,맑음,단일로 - 기타,승용,여,38세,상해없음,보행자,남,86세,중상
2020092300100444,2020년 9월 23일 17시,수요일,경상북도 포항시 남구 송내동,중상사고,0,1,1,0,차대차 - 측면충돌,중앙선침범,건조,맑음,단일로 - 기타,승용,남,57세,중상,승용,남,66세,경상
2020092300100485,2020년 9월 23일 18시,수요일,경상북도 상주시 이안면,사망사고,1,0,0,0,차량단독 - 전도전복 - 전도,안전운전불이행,건조,맑음,단일로 - 기타,이륜,남,53세,사망,,,,
2020092300100486,2020년 9월 23일 18시,수요일,경상북도 구미시 진평동,경상사고,0,0,1,0,차대차 - 기타,신호위반,건조,맑음,교차로 - 교차로안,승용,남,51세,상해없음,이륜,남,43세,경상