사고번호,사고일시,요일,시군구,사고내용,사망자수,중상자수,경상자수,부상신고자수,사고유형,법규위반,노면상태,기상상태,도로형태,가해운전자 차종,가해운전자 성별,가해운전자 연령,가해운전자 상해정도,피해운전자 차종,피해운전자 성별,피해운전자 연령,피해운전자 상해정도
2020092600100592,2020년 9월 26일 19시,토요일,경상북도 영주시 봉현면,경상사고,0,0,2,0,차대차 - 측면충돌,중앙선침범,건조,맑음,단일로 - 기타,승합,남,61세,상해없음,승용,남,34세,경상
2020092600100593,2020년 9월 26일 19시,토요일,경상북도 구미시 송정동,경상사고,0,0,1,0,차대차 - 기타,신호위반,건조,맑음,교차로 - 교차로안,기타불명,기타불명,미분류,기타불명,승용,남,59세,경상
2020092600100594,2020년 9월 26일 19시,토요일,경상북도 구미시 봉곡동,경상사고,0,0,1,0,차대차 - 기타,교차로운행방법위반,건조,맑음,단일로 - 기타,승용,남,41세,상해없음,이륜,남,48세,경상
2020092600100635,2020년 9월 26일 20시,토요일,경상북도 김천시 평화동,부상신고사고,0,0,0,1,차대사람 - 횡단중,안전운전불이행,건조,맑음,단일로 - 기타,승용,여,29세,상해없음,보행자,여,59세,부상신고
2020092600100659,2020년 9월 26일 21시,토요일,경상북도 안동시 옥동,경상사고,0,0,1,0,차대차 - 측면충돌,직진우회전진행방해,건조,맑음,교차로 - 교차로안,승용,여,27세,상해없음,이륜,남,42세,경상
2020092600100660,2020년 9월 26일 21시,토요일,경상북도 영양군 영양읍,중상사고,0,1,0,0,차대차 - 정면충돌,중앙선침범,건조,맑음,단일로 - 기타,승용,여,46세,상해없음,이륜,남,50세,중상
2020092600100682,2020년 9월 26일 22시,토요일,경상북도 안동시 용상동,중상사고,0,2,0,0,차대차 - 추돌,안전운전불이행,건조,맑음,단일로 - 기타,승용,남,39세,상해없음,승용,남,23세,중상
2020092700100034,2020년 9월 27일 01시,일요일,경상북도 칠곡군 북삼읍,부상신고사고,0,0,0,1,차량단독 - 공작물충돌,안전운전불이행,건조,맑음,교차로 - 교차로부근,승용,남,42세,부상신고,,,,
2020092700100073,2020년 9월 27일 05시,일요일,경상북도 칠곡군 동명면,중상사고,0,2,0,0,차대차 - 기타,안전운전불이행,건조,흐림,교차로 - 교차로부근,승용,남,55세,상해없음,승용,남,21세,상해없음
2020092700100082,2020년 9월 27일 06시,일요일,경상북도 경주시 서악동,경상사고,0,0,1,0,차대차 - 측면충돌,신호위반,건조,맑음,교차로 - 교차로안,승용,남,61세,상해없음,승용,남,62세,경상
2020092700100083,2020년 9월 27일 06시,일요일,경상북도 경산시 하양읍,경상사고,0,0,1,0,차대차 - 기타,안전운전불이행,건조,맑음,단일로 - 기타,승용,여,24세,기타불명,승용,남,51세,경상
2020092700100110,2020년 9월 27일 08시,일요일,경상북도 상주시 냉림동,경상사고,0,0,1,0,차대차 - 측면충돌,안전운전불이행,건조,맑음,교차로 - 교차로안,이륜,남,58세,경상,화물,남,77세,상해없음
2020092700100165,2020년 9월 27일 11시,일요일,경상북도 안동시 풍산읍,중상사고,0,2,0,0,차대차 - 추돌,안전운전불이행,건조,맑음,단일로 - 기타,승용,여,42세,상해없음,승용,여,58세,중상
2020092700100166,2020년 9월 27일 11시,일요일,경상북도 영천시 신령면,경상사고,0,0,2,0,차대차 - 기타,안전운전불이행,건조,맑음,단일로 - 기타,승용,남,63세,상해없음,승용,남,30세,경상
2020092700100203,2020년 9월 27일 12시,일요일,경상북도 의성군 가음면,경상사고,0,0,1,0,차량단독 - 공작물충돌,안전운전불이행,건조,맑음,단일로 - 기타,승용,여,60세,경상,,,,
2020092700100204,2020년 9월 27일 12시,일요일,경상북도 영천시 완산동,경상사고,0,0,2,0,차대차 - 추돌,안전운전불이행,건조,맑음,단일로 - 기타,승용,남,70세,상해없음,승용,남,60세,경상
2020092700100205,2020년 9월 27일 12시,일요일,경상북도 구미시 고아읍,경상사고,0,0,1,0,차대차 - 기타,중앙선침범,건조,맑음,단일로 - 기타,승용,여,61세,상해없음,승용,남,30세,경상
2020092700100241,2020년 9월 27일 13시,일요일,경상북도 경주시 양남면,중상사고,0,1,0,0,차대사람 - 횡단중,보행자보호의무위반,건조,맑음,단일로 - 기타,승용,여,26세,상해없음,보행자,남,6세,중상
2020092700100279,2020년 9월 27일 14시,일요일,경상북도 안동시 성곡동,중상사고,0,1,0,0,차대차 - 측면충돌,안전운전불이행,건조,맑음,교차로 - 교차로안,이륜,남,71세,중상,승용,남,28세,상해없음
2020092700100280,2020년 9월 27일 14시,일요일,경상북도 김천시 모암동,경상사고,0,0,1,0,차대사람 - 길가장자리구역통행중,안전운전불이행,건조,맑음,단일로 - 기타,승용,남,44세,상해없음,보행자,남,43세,경상
2020092700100281,2020년 9월 27일 14시,일요일,경상북도 경산시 남산면,경상사고,0,0,3,0,차대차 - 추돌,안전거리미확보,건조,맑음,단일로 - 기타,승용,남,71세,경상,승용,남,25세,경상
2020092700100282,2020년 9월 27일 14시,일요일,경상북도 고령군 운수면,중상사고,0,2,0,0,차대차 - 측면충돌,안전운전불이행,건조,맑음,단일로 - 기타,건설기계,남,56세,상해없음,승용,남,53세,중상
2020092700100315,2020년 9월 27일 15시,일요일,경상북도 김천시 아포읍,경상사고,0,0,2,0,차대차 - 기타,안전운전불이행,건조,맑음,단일로 - 기타,승용,여,70세,상해없음,승용,여,52세,경상
2020092700100316,2020년 9월 27일 15시,일요일,경상북도 상주시 사벌면,중상사고,0,1,0,0,차대차 - 정면충돌,안전운전불이행,건조,맑음,단일로 - 기타,이륜,남,45세,중상,화물,남,61세,상해없음
2020092700100317,2020년 9월 27일 15시,일요일,경상북도 영덕군 창수면,경상사고,0,0,1,0,차량단독 - 공작물충돌,안전운전불이행,건조,맑음,단일로 - 기타,승용,남,52세,상해없음,,,,
2020092700100318,2020년 9월 27일 15시,일요일,경상북도 구미시 공단동,경상사고,0,0,4,0,차대차 - 측면충돌,신호위반,건조,맑음,교차로 - 교차로안,승용,여,38세,경상,승용,남,46세,경상
2020092700100356,2020년 9월 27일 16시,일요일,경상북도 안동시 송현동,경상사고,0,0,1,0,차대차 - 기타,안전거리미확보,건조,맑음,교차로 - 교차로부근,승용,여,69세,상해없음,승용,남,56세,경상
2020092700100357,2020년 9월 27일 16시,일요일,경상북도 영천시 화룡동,경상사고,0,0,4,0,차대차 - 측면충돌,안전운전불이행,건조,맑음,교차로 - 교차로안,승용,여,50세,경상,승용,남,36세,경상
2020092700100392,2020년 9월 27일 17시,일요일,경상북도 포항시 북구 죽도동,경상사고,0,0,1,0,차대차 - 측면충돌,안전운전불이행,건조,맑음,단일로 - 기타,화물,남,70세,기타불명,승용,남,73세,경상
2020092700100393,2020년 9월 27일 17시,일요일,경상북도 예천군 예천읍,중상사고,0,1,0,0,차대차 - 측면충돌,안전거리미확보,건조,맑음,교차로 - 교차로부근,자전거,남,81세,중상,승합,남,41세,상해없음
2020092700100394,2020년 9월 27일 17시,일요일,경상북도 구미시 구평동,중상사고,0,1,0,0,차대차 - 측면충돌,차로위반,건조,맑음,교차로 - 교차로부근,승용,남,66세,상해없음,이륜,남,33세,중상
2020092700100395,2020년 9월 27일 17시,일요일,경상북도 칠곡군 동명면,경상사고,0,0,2,0,차대차 - 기타,안전운전불이행,건조,맑음,단일로 - 기타,승용,남,63세,상해없음,승용,남,37세,경상
2020092700100462,2020년 9월 27일 19시,일요일,경상북도 칠곡군 석적읍,경상사고,0,0,1,0,차대차 - 측면충돌,안전운전불이행,건조,맑음,기타 - 기타,개인형이동수단(PM),남,16세,상해없음,자전거,남,62세,경상
2020092700100493,2020년 9월 27일 20시,일요일,경상북도 경산시 백천동,경상사고,0,0,1,0,차대사람 - 길가장자리구역통행중,안전운전불이행,건조,맑음,단일로 - 기타,승용,여,21세,상해없음,보행자,남,38세,경상
2020092700100552,2020년 9월 27일 23시,일요일,경상북도 구미시 진평동,경상사고,0,0,1,0,차대차 - 측면충돌,안전운전불이행,건조,맑음,단일로 - 기타,승용,남,42세,상해없음,승용,여,46세,기타불명
2020092800100035,2020년 9월 28일 05시,월요일,경상북도 경산시 계양동,경상사고,0,0,2,0,차대차 - 추돌,안전운전불이행,건조,맑음,교차로 - 교차로부근,승용,남,37세,상해없음,승용,남,23세,경상
2020092800100112,2020년 9월 28일 08시,월요일,경상북도 포항시 북구 장성동,경상사고,0,0,1,0,차대차 - 기타,신호위반,건조,맑음,교차로 - 교차로안,승용,여,68세,상해없음,승용,여,33세,경상
2020092800100113,2020년 9월 28일 08시,월요일,경상북도 안동시 태화동,경상사고,0,0,1,0,차대차 - 기타,안전운전불이행,건조,맑음,단일로 - 기타,승용,남,23세,경상,화물,남,66세,상해없음
2020092800100114,2020년 9월 28일 08시,월요일,경상북도 영천시 금호읍,중상사고,0,1,3,0,차대차 - 추돌,안전운전불이행,건조,맑음,단일로 - 기타,승용,여,38세,경상,승용,여,31세,경상
2020092800100115,2020년 9월 28일 08시,월요일,경상북도 영양군 영양읍,중상사고,0,1,0,0,차대차 - 측면충돌,직진우회전진행방해,건조,맑음,교차로 - 교차로안,승용,여,37세,상해없음,이륜,남,34세,중상
2020092800100156,2020년 9월 28일 09시,월요일,경상북도 구미시 진평동,경상사고,0,0,1,0,차대차 - 기타,안전운전불이행,건조,맑음,교차로 - 교차로안,승용,여,34세,상해없음,승용,여,27세,경상
2020092800100157,2020년 9월 28일 09시,월요일,경상북도 구미시 형곡동,경상사고,0,0,2,0,차대차 - 측면충돌,불법유턴,건조,맑음,단일로 - 기타,승용,여,53세,상해없음,승용,남,69세,경상
2020092800100189,2020년 9월 28일 10시,월요일,경상북도 포항시 북구 덕수동,중상사고,0,1,0,0,차대사람 - 차도통행중,신호위반,건조,맑음,교차로 - 교차로부근,이륜,남,24세,상해없음,보행자,남,66세,중상
2020092800100190,2020년 9월 28일 10시,월요일,경상북도 안동시 일직면,경상사고,0,0,1,0,차대차 - 추돌,안전거리미확보,건조,맑음,단일로 - 기타,승용,남,59세,상해없음,승용,남,82세,경상
2020092800100191,2020년 9월 28일 10시,월요일,경상북도 안동시 북후면,경상사고,0,0,1,0,차대차 - 기타,안전운전불이행,건조,맑음,단일로 - 기타,승용,남,66세,상해없음,이륜,남,33세,경상
2020092800100237,2020년 9월 28일 11시,월요일,경상북도 포항시 북구 학산동,경상사고,0,0,1,0,차대차 - 측면충돌,불법유턴,건조,맑음,단일로 - 기타,승용,남,27세,상해없음,승용,여,57세,경상
2020092800100238,2020년 9월 28일 11시,월요일,경상북도 안동시 임동면,중상사고,0,1,0,0,차대차 - 추돌,안전거리미확보,건조,맑음,단일로 - 기타,승용,남,53세,상해없음,화물,남,68세,중상
2020092800100239,2020년 9월 28일 11시,월요일,경상북도 경산시 자인면,사망사고,1,0,0,0,차대사람 - 기타,안전운전불이행,건조,맑음,교차로 - 교차로안,화물,남,63세,상해없음,보행자,남,83세,사망
2020092800100240,2020년 9월 28일 11시,월요일,경상북도 영덕군 강구면,경상사고,0,0,2,0,차대차 - 측면충돌,안전운전불이행,건조,맑음,교차로 - 교차로부근,화물,남,61세,상해없음,승용,남,38세,경상
2020092800100241,2020년 9월 28일 11시,월요일,경상북도 청도군 풍각면,경상사고,0,0,1,0,차대차 - 측면충돌,불법유턴,건조,맑음,교차로 - 교차로안,화물,남,76세,상해없음,이륜,남,53세,경상
2020092800100242,2020년 9월 28일 11시,월요일,경상북도 구미시 선산읍,경상사고,0,0,2,0,차대차 - 측면충돌,안전운전불이행,건조,맑음,교차로 - 교차로안,화물,여,62세,경상,승용,여,58세,경상
2020092800100243,2020년 9월 28일 11시,월요일,경상북도 포항시 남구 대잠동,경상사고,0,0,1,0,차대차 - 기타,차로위반,건조,맑음,단일로 - 기타,화물,남,68세,상해없음,화물,남,28세,상해없음
2020092800100288,2020년 9월 28일 12시,월요일,경상북도 문경시 불정동,경상사고,0,0,3,0,차대차 - 측면충돌,안전운전불이행,건조,맑음,교차로 - 교차로안,승용,남,55세,상해없음,화물,남,68세,상해없음
2020092800100340,2020년 9월 28일 13시,월요일,경상북도 고령군 성산면,경상사고,0,0,1,0,차대차 - 추돌,안전운전불이행,건조,맑음,기타 - 기타,원동기,남,18세,경상,건설기계,남,71세,상해없음
2020092800100341,2020년 9월 28일 13시,월요일,경상북도 포항시 남구 오천읍,경상사고,0,0,3,0,차대차 - 측면충돌,안전운전불이행,건조,맑음,단일로 - 기타,승용,여,46세,상해없음,승용,남,52세,경상
2020092800100342,2020년 9월 28일 13시,월요일,경상북도 포항시 남구 오천읍,중상사고,0,1,0,0,차대차 - 기타,직진우회전진행방해,건조,맑음,교차로 - 교차로안,승합,여,51세,상해없음,이륜,남,42세,중상
2020092800100390,2020년 9월 28일 14시,월요일,경상북도 영천시 문외동,경상사고,0,0,2,0,차대차 - 측면충돌,차로위반,건조,맑음,교차로 - 교차로안,승용,여,55세,경상,승합,남,65세,경상
2020092800100391,2020년 9월 28일 14시,월요일,경상북도 문경시 문경읍,경상사고,0,0,1,0,차대차 - 측면충돌,안전운전불이행,건조,맑음,교차로 - 교차로안,승용,남,60세,상해없음,승용,남,46세,상해없음
2020092800100392,2020년 9월 28일 14시,월요일,경상북도 문경시 점촌동,경상사고,0,0,1,1,차대차 - 정면충돌,교차로운행방법위반,건조,맑음,교차로 - 교차로안,승합,여,42세,부상신고,화물,남,71세,경상
2020092800100393,2020년 9월 28일 14시,월요일,경상북도 영덕군 강구면,경상사고,0,0,1,0,차대차 - 측면충돌,안전운전불이행,건조,맑음,교차로 - 교차로부근,이륜,여,78세,경상,화물,남,63세,상해없음
2020092800100394,2020년 9월 28일 14시,월요일,경상북도 구미시 진평동,중상사고,0,1,0,0,차대차 - 측면충돌,직진우회전진행방해,건조,맑음,교차로 - 교차로안,화물,남,59세,상해없음,원동기,남,27세,중상
2020092800100395,2020년 9월 28일 14시,월요일,경상북도 포항시 남구 연일읍,중상사고,0,1,0,0,차대차 - 측면충돌,안전운전불이행,건조,맑음,교차로 - 교차로안,승용,여,42세,상해없음,이륜,남,53세,중상
2020092800100446,2020년 9월 28일 15시,월요일,경상북도 경주시 건천읍,경상사고,0,0,3,0,차대차 - 후진중충돌,기타,건조,맑음,단일로 - 기타,화물,남,70세,상해없음,승용,남,31세,경상
2020092800100447,2020년 9월 28일 15시,월요일,경상북도 안동시 삼산동,경상사고,0,0,1,0,차대차 - 측면충돌,안전운전불이행,건조,맑음,단일로 - 기타,승용,남,79세,기타불명,승용,여,44세,상해없음
2020092800100448,2020년 9월 28일 15시,월요일,경상북도 안동시 안기동,중상사고,0,1,0,0,차대사람 - 길가장자리구역통행중,안전운전불이행,건조,맑음,단일로 - 기타,승용,남,77세,상해없음,보행자,남,47세,중상
2020092800100449,2020년 9월 28일 15시,월요일,경상북도 고령군 대가야읍,경상사고,0,0,1,0,차대차 - 측면충돌,안전운전불이행,건조,맑음,단일로 - 기타,승용,남,78세,상해없음,화물,여,30세,경상
2020092800100450,2020년 9월 28일 15시,월요일,경상북도 영양군 석보면,경상사고,0,0,1,0,차대차 - 추돌,안전운전불이행,건조,맑음,단일로 - 기타,화물,남,67세,상해없음,원동기,남,78세,경상
2020092800100504,2020년 9월 28일 16시,월요일,경상북도 포항시 북구 죽도동,중상사고,0,1,0,0,차대차 - 측면충돌,차로위반,건조,맑음,단일로 - 기타,이륜,여,40세,중상,승용,남,60세,상해없음
2020092800100505,2020년 9월 28일 16시,월요일,경상북도 포항시 북구 창포동,중상사고,0,1,0,0,차대사람 - 횡단중,보행자보호의무위반,건조,맑음,교차로 - 교차로횡단보도내,승용,남,69세,상해없음,보행자,여,69세,중상
2020092800100506,2020년 9월 28일 16시,월요일,경상북도 포항시 북구 흥해읍,경상사고,0,0,1,0,차대차 - 기타,직진우회전진행방해,건조,맑음,교차로 - 교차로안,화물,남,66세,상해없음,승용,여,58세,경상
2020092800100507,2020년 9월 28일 16시,월요일,경상북도 안동시 광석동,부상신고사고,0,0,0,1,차대차 - 정면충돌,안전운전불이행,건조,맑음,단일로 - 기타,승용,남,53세,상해없음,자전거,남,12세,부상신고
2020092800100574,2020년 9월 28일 17시,월요일,경상북도 영천시 망정동,중상사고,0,2,0,0,차대차 - 측면충돌,교차로운행방법위반,건조,맑음,교차로 - 교차로안,승용,여,45세,상해없음,승용,남,80세,중상
2020092800100575,2020년 9월 28일 17시,월요일,경상북도 성주군 성주읍,경상사고,0,0,2,0,차대차 - 기타,안전운전불이행,건조,맑음,단일로 - 기타,승용,남,50세,상해없음,승용,여,25세,경상
2020092800100633,2020년 9월 28일 18시,월요일,경상북도 포항시 북구 기계면,중상사고,0,1,0,0,차대차 - 측면충돌,신호위반,건조,맑음,교차로 - 교차로안,사륜오토바이(ATV),남,83세,중상,승용,남,60세,상해없음
2020092800100634,2020년 9월 28일 18시,월요일,경상북도 김천시 성내동,경상사고,0,0,1,0,차대사람 - 횡단중,보행자보호의무위반,건조,맑음,교차로 - 교차로횡단보도내,승용,여,66세,상해없음,보행자,남,47세,경상
2020092800100635,2020년 9월 28일 18시,월요일,경상북도 경산시 사동,중상사고,0,1,0,0,차대사람 - 횡단중,보행자보호의무위반,건조,맑음,교차로 - 교차로안,승용,남,56세,상해없음,보행자,남,21세,중상
2020092800100636,2020년 9월 28일 18시,월요일,경상북도 포항시 남구 연일읍,경상사고,0,0,2,0,차대차 - 측면충돌,안전거리미확보,건조,맑음,교차로 - 교차로부근,승용,남,76세,경상,화물,남,46세,경상
2020092800100701,2020년 9월 28일 19시,월요일,경상북도 안동시 옥동,경상사고,0,0,1,0,차대차 - 측면충돌,안전운전불이행,건조,맑음,교차로 - 교차로부근,승용,남,62세,기타불명,이륜,남,23세,경상
2020092800100702,2020년 9월 28일 19시,월요일,경상북도 안동시 정상동,중상사고,0,1,2,0,차대차 - 측면충돌,직진우회전진행방해,건조,맑음,교차로 - 교차로안,승용,여,58세,상해없음,승용,남,27세,경상
2020092800100703,2020년 9월 28일 19시,월요일,경상북도 영주시 가흥동,중상사고,0,1,0,0,차대사람 - 횡단중,보행자보호의무위반,건조,맑음,기타 - 기타,승용,남,52세,상해없음,보행자,여,52세,중상
2020092800100704,2020년 9월 28일 19시,월요일,경상북도 칠곡군 지천면,사망사고,1,0,3,0,차대사람 - 차도통행중,안전운전불이행,건조,기타,단일로 - 기타,승용,남,52세,경상,보행자,남,75세,사망
2020092800100705,2020년 9월 28일 19시,월요일,경상북도 경산시 중방동,경상사고,0,0,1,0,차대차 - 측면충돌,교차로운행방법위반,건조,맑음,교차로 - 교차로안,승용,남,55세,상해없음,승용,남,23세,경상
2020092800100706,2020년 9월 28일 19시,월요일,경상북도 구미시 고아읍,경상사고,0,0,1,0,차대차 - 측면충돌,안전운전불이행,건조,맑음,단일로 - 기타,화물,남,55세,상해없음,승용,남,44세,경상
2020092800100769,2020년 9월 28일 21시,월요일,경상북도 안동시 정하동,경상사고,0,0,1,0,차대사람 - 길가장자리구역통행중,안전운전불이행,건조,맑음,교차로 - 교차로안,승용,남,53세,상해없음,보행자,여,46세,경상
2020092800100826,2020년 9월 28일 23시,월요일,경상북도 김천시 지좌동,중상사고,0,1,0,0,차대사람 - 기타,안전운전불이행,건조,맑음,단일로 - 기타,승용,여,45세,상해없음,보행자,여,57세,중상
2020092900100031,2020년 9월 29일 02시,화요일,경상북도 칠곡군 석적읍,부상신고사고,0,0,0,1,차대차 - 기타,안전운전불이행,건조,맑음,주차장 - 주차장,승용,남,31세,부상신고,승용,여,29세,상해없음
2020092900100045,2020년 9월 29일 04시,화요일,경상북도 의성군 봉양면,중상사고,0,2,0,0,차대차 - 추돌,기타,젖음/습기,안개,기타 - 기타,승용,여,66세,중상,농기계,남,52세,중상
2020092900100056,2020년 9월 29일 05시,화요일,경상북도 의성군 다인면,경상사고,0,0,1,0,차대차 - 측면충돌,신호위반,건조,맑음,교차로 - 교차로안,승용,여,59세,상해없음,화물,남,57세,경상
2020092900100057,2020년 9월 29일 05시,화요일,경상북도 포항시 남구 해도동,경상사고,0,0,1,0,차대차 - 측면충돌,신호위반,건조,맑음,교차로 - 교차로안,승용,남,65세,상해없음,승용,남,69세,경상
2020092900100079,2020년 9월 29일 07시,화요일,경상북도 포항시 남구 대잠동,경상사고,0,0,5,0,차대차 - 기타,안전운전불이행,건조,맑음,교차로 - 교차로안,화물,남,69세,경상,승합,남,65세,경상
2020092900100112,2020년 9월 29일 08시,화요일,경상북도 경주시 황오동,경상사고,0,0,1,0,차대차 - 측면충돌,안전운전불이행,건조,맑음,교차로 - 교차로부근,승용,여,45세,상해없음,승용,남,46세,경상
2020092900100113,2020년 9월 29일 08시,화요일,경상북도 경산시 남방동,중상사고,0,1,0,0,차대차 - 추돌,안전운전불이행,건조,맑음,단일로 - 기타,화물,남,26세,상해없음,화물,남,73세,중상
2020092900100114,2020년 9월 29일 08시,화요일,경상북도 성주군 성주읍,중상사고,0,1,0,0,차대차 - 기타,안전운전불이행,건조,맑음,기타 - 기타,승용,여,60세,상해없음,이륜,남,76세,중상
2020092900100115,2020년 9월 29일 08시,화요일,경상북도 포항시 남구 송도동,경상사고,0,0,1,0,차대차 - 정면충돌,안전운전불이행,건조,맑음,교차로 - 교차로안,승용,여,57세,상해없음,자전거,남,71세,경상
2020092900100156,2020년 9월 29일 09시,화요일,경상북도 경주시 황남동,경상사고,0,0,2,0,차대차 - 측면충돌,중앙선침범,건조,맑음,단일로 - 기타,승용,여,53세,상해없음,승합,남,65세,경상
2020092900100157,2020년 9월 29일 09시,화요일,경상북도 안동시 송현동,경상사고,0,0,1,0,차대차 - 측면충돌,안전운전불이행,건조,맑음,단일로 - 기타,승용,남,53세,상해없음,승용,남,26세,경상
2020092900100158,2020년 9월 29일 09시,화요일,경상북도 안동시 태화동,경상사고,0,0,1,0,차대차 - 측면충돌,직진우회전진행방해,건조,맑음,교차로 - 교차로안,승용,여,35세,상해없음,승용,남,32세,경상
2020092900100197,2020년 9월 29일 10시,화요일,경상북도 상주시 함창읍,경상사고,0,0,1,0,차대차 - 기타,안전운전불이행,건조,맑음,단일로 - 기타,승용,남,39세,경상,화물,남,28세,상해없음
2020092900100198,2020년 9월 29일 10시,화요일,경상북도 문경시 가은읍,경상사고,0,0,1,0,차대차 - 정면충돌,안전운전불이행,건조,맑음,교차로 - 교차로부근,화물,남,76세,상해없음,자전거,여,78세,경상
2020092900100199,2020년 9월 29일 10시,화요일,경상북도 구미시 공단동,중상사고,0,1,1,0,차대차 - 측면충돌,직진우회전진행방해,건조,맑음,교차로 - 교차로안,승용,남,33세,경상,승용,남,64세,중상
2020092900100245,2020년 9월 29일 11시,화요일,경상북도 김천시 율곡동,경상사고,0,0,1,0,차대사람 - 길가장자리구역통행중,안전운전불이행,건조,맑음,단일로 - 기타,승용,여,55세,상해없음,보행자,남,41세,경상
2020092900100246,2020년 9월 29일 11시,화요일,경상북도 고령군 대가야읍,경상사고,0,0,1,0,차대차 - 측면충돌,안전운전불이행,건조,맑음,교차로 - 교차로부근,화물,남,72세,상해없음,승용,남,66세,상해없음
2020092900100326,2020년 9월 29일 13시,화요일,경상북도 경주시 시래동,사망사고,1,0,0,0,차대사람 - 차도통행중,안전운전불이행,건조,맑음,단일로 - 기타,화물,남,49세,상해없음,보행자,남,84세,사망
2020092900100327,2020년 9월 29일 13시,화요일,경상북도 안동시 옥동,경상사고,0,0,2,0,차대차 - 측면충돌,안전운전불이행,건조,맑음,교차로 - 교차로안,이륜,남,30세,경상,승용,남,50세,경상
2020092900100328,2020년 9월 29일 13시,화요일,경상북도 김천시 구성면,부상신고사고,0,0,0,1,차량단독 - 기타,안전운전불이행,건조,맑음,단일로 - 기타,승용,여,58세,부상신고,,,,
2020092900100329,2020년 9월 29일 13시,화요일,경상북도 상주시 사벌면,경상사고,0,0,1,0,차대차 - 측면충돌,안전운전불이행,건조,맑음,단일로 - 기타,화물,남,67세,상해없음,원동기,여,61세,경상
2020092900100330,2020년 9월 29일 13시,화요일,경상북도 구미시 봉곡동,경상사고,0,0,1,0,차대차 - 측면충돌,안전운전불이행,건조,맑음,교차로 - 교차로안,이륜,남,57세,경상,승용,남,32세,상해없음
2020092900100388,2020년 9월 29일 14시,화요일,경상북도 경주시 안강읍,경상사고,0,0,1,0,차대사람 - 기타,안전운전불이행,건조,맑음,단일로 - 기타,승용,남,63세,상해없음,보행자,여,46세,경상
2020092900100389,2020년 9월 29일 14시,화요일,경상북도 포항시 북구 장성동,경상사고,0,0,2,0,차대차 - 기타,안전운전불이행,건조,맑음,교차로 - 교차로부근,승용,남,60세,상해없음,승용,남,43세,경상
2020092900100390,2020년 9월 29일 14시,화요일,경상북도 상주시 남성동,경상사고,0,0,1,0,차대차 - 측면충돌,교차로운행방법위반,건조,맑음,단일로 - 기타,화물,남,61세,상해없음,이륜,남,81세,경상
2020092900100391,2020년 9월 29일 14시,화요일,경상북도 구미시 오태동,경상사고,0,0,1,0,차대차 - 추돌,안전운전불이행,건조,맑음,교차로 - 교차로부근,화물,남,68세,상해없음,승용,여,45세,경상
2020092900100447,2020년 9월 29일 15시,화요일,경상북도 영천시 임고면,경상사고,0,0,2,0,차대차 - 추돌,안전거리미확보,건조,맑음,기타 - 기타,승용,여,46세,경상,승용,남,56세,경상
2020092900100448,2020년 9월 29일 15시,화요일,경상북도 경산시 압량면,경상사고,0,0,1,0,차대차 - 추돌,안전운전불이행,건조,맑음,교차로 - 교차로부근,화물,남,46세,상해없음,승용,여,60세,경상
2020092900100449,2020년 9월 29일 15시,화요일,경상북도 청도군 금천면,경상사고,0,0,2,0,차대차 - 측면충돌,안전운전불이행,건조,맑음,교차로 - 교차로안,화물,남,54세,상해없음,화물,남,72세,경상
2020092900100450,2020년 9월 29일 15시,화요일,경상북도 청도군 풍각면,중상사고,0,1,0,0,차대사람 - 기타,불법유턴,건조,맑음,교차로 - 교차로부근,화물,남,66세,상해없음,보행자,여,91세,중상
2020092900100505,2020년 9월 29일 16시,화요일,경상북도 포항시 남구 인덕동,경상사고,0,0,1,0,차대차 - 측면충돌,안전운전불이행,건조,맑음,단일로 - 기타,이륜,남,42세,경상,화물,남,29세,상해없음
2020092900100570,2020년 9월 29일 17시,화요일,경상북도 경주시 강동면,경상사고,0,0,2,0,차대차 - 측면충돌,안전운전불이행,건조,맑음,주차장 - 주차장,승용,남,59세,상해없음,승용,남,65세,경상
2020092900100571,2020년 9월 29일 17시,화요일,경상북도 포항시 북구 장성동,경상사고,0,0,1,0,차대차 - 측면충돌,안전운전불이행,건조,맑음,단일로 - 기타,승용,남,48세,상해없음,원동기,남,58세,경상
2020092900100572,2020년 9월 29일 17시,화요일,경상북도 의성군 금성면,중상사고,0,1,1,0,차대차 - 측면충돌,안전운전불이행,건조,맑음,단일로 - 기타,승용,남,29세,상해없음,승용,여,34세,경상
2020092900100573,2020년 9월 29일 17시,화요일,경상북도 영천시 완산동,경상사고,0,0,3,0,차대차 - 측면충돌,안전운전불이행,건조,맑음,교차로 - 교차로안,승용,여,48세,경상,승용,남,72세,경상
2020092900100574,2020년 9월 29일 17시,화요일,경상북도 포항시 남구 해도동,경상사고,0,0,1,0,차대차 - 측면충돌,안전운전불이행,건조,맑음,단일로 - 기타,자전거,남,57세,경상,승용,여,37세,상해없음
2020092900100624,2020년 9월 29일 18시,화요일,경상북도 안동시 풍산읍,경상사고,0,0,1,0,차대차 - 추돌,안전운전불이행,건조,맑음,단일로 - 기타,이륜,남,72세,경상,화물,남,51세,상해없음