사고번호,사고일시,요일,시군구,사고내용,사망자수,중상자수,경상자수,부상신고자수,사고유형,법규위반,노면상태,기상상태,도로형태,가해운전자 차종,가해운전자 성별,가해운전자 연령,가해운전자 상해정도,피해운전자 차종,피해운전자 성별,피해운전자 연령,피해운전자 상해정도
2020100400100144,2020년 10월 4일 12시,일요일,경상북도 구미시 공단동,경상사고,0,0,1,0,차량단독 - 전도전복 - 전도,안전운전불이행,건조,맑음,단일로 - 교량,이륜,남,47세,경상,,,,
2020100400100171,2020년 10월 4일 13시,일요일,경상북도 포항시 북구 흥해읍,중상사고,0,1,0,0,차대차 - 측면충돌,안전운전불이행,건조,맑음,단일로 - 기타,승용,여,40세,상해없음,원동기,남,77세,중상
2020100400100172,2020년 10월 4일 13시,일요일,경상북도 구미시 지산동,중상사고,0,1,0,0,차대차 - 추돌,안전운전불이행,건조,맑음,단일로 - 기타,승용,남,28세,상해없음,승용,여,59세,중상
2020100400100196,2020년 10월 4일 14시,일요일,경상북도 안동시 옥동,경상사고,0,0,1,0,차대차 - 측면충돌,안전운전불이행,건조,맑음,기타 - 기타,개인형이동수단(PM),남,21세,경상,승용,남,52세,상해없음
2020100400100197,2020년 10월 4일 14시,일요일,경상북도 영주시 순흥면,경상사고,0,0,2,1,차대차 - 측면충돌,직진우회전진행방해,건조,맑음,교차로 - 교차로안,승용,여,41세,부상신고,승용,남,23세,경상
2020100400100198,2020년 10월 4일 14시,일요일,경상북도 청도군 화양읍,경상사고,0,0,1,0,차대차 - 측면충돌,안전운전불이행,건조,맑음,교차로 - 교차로안,화물,남,83세,상해없음,승용,여,38세,경상
2020100400100227,2020년 10월 4일 15시,일요일,경상북도 청도군 운문면,중상사고,0,1,1,0,차대차 - 기타,중앙선침범,건조,맑음,단일로 - 기타,승용,여,35세,상해없음,승용,남,28세,중상
2020100400100228,2020년 10월 4일 15시,일요일,경상북도 고령군 대가야읍,경상사고,0,0,1,0,차대사람 - 기타,안전운전불이행,건조,맑음,단일로 - 기타,승용,남,62세,상해없음,보행자,여,38세,경상
2020100400100255,2020년 10월 4일 16시,일요일,경상북도 경주시 동천동,경상사고,0,0,1,0,차대차 - 측면충돌,안전운전불이행,건조,맑음,교차로 - 교차로안,승용,남,77세,상해없음,이륜,남,58세,경상
2020100400100256,2020년 10월 4일 16시,일요일,경상북도 포항시 북구 죽도동,경상사고,0,0,1,0,차대차 - 기타,교차로운행방법위반,건조,맑음,교차로 - 교차로안,자전거,남,7세,경상,승용,남,69세,상해없음
2020100400100257,2020년 10월 4일 16시,일요일,경상북도 문경시 모전동,경상사고,0,0,1,1,차대차 - 측면충돌,안전운전불이행,건조,맑음,교차로 - 교차로안,자전거,남,16세,부상신고,승용,여,65세,상해없음
2020100400100290,2020년 10월 4일 17시,일요일,경상북도 안동시 송현동,경상사고,0,0,2,0,차대차 - 측면충돌,안전운전불이행,건조,맑음,교차로 - 교차로안,승용,남,21세,상해없음,승용,여,59세,경상
2020100400100291,2020년 10월 4일 17시,일요일,경상북도 칠곡군 약목면,경상사고,0,0,1,0,차량단독 - 전도전복 - 전도,안전운전불이행,건조,맑음,단일로 - 기타,이륜,여,30세,경상,,,,
2020100400100292,2020년 10월 4일 17시,일요일,경상북도 문경시 산양면,경상사고,0,0,1,0,차대차 - 측면충돌,안전운전불이행,건조,맑음,교차로 - 교차로부근,승용,여,38세,상해없음,이륜,남,20세,경상
2020100400100293,2020년 10월 4일 17시,일요일,경상북도 구미시 신평동,경상사고,0,0,1,0,차대차 - 기타,직진우회전진행방해,건조,맑음,교차로 - 교차로안,승용,여,58세,상해없음,승용,여,42세,경상
2020100400100312,2020년 10월 4일 18시,일요일,경상북도 경주시 황남동,경상사고,0,0,1,0,차대사람 - 길가장자리구역통행중,안전운전불이행,건조,맑음,단일로 - 기타,승용,여,28세,상해없음,보행자,여,31세,경상
2020100400100313,2020년 10월 4일 18시,일요일,경상북도 포항시 남구 오천읍,경상사고,0,0,1,0,차대차 - 추돌,안전운전불이행,건조,맑음,단일로 - 기타,승용,남,27세,경상,건설기계,남,37세,기타불명
2020100400100342,2020년 10월 4일 19시,일요일,경상북도 포항시 북구 동빈2가,경상사고,0,0,4,0,차대차 - 기타,신호위반,건조,맑음,교차로 - 교차로안,화물,남,61세,상해없음,승용,남,49세,경상
2020100400100364,2020년 10월 4일 20시,일요일,경상북도 구미시 선산읍,경상사고,0,0,1,0,차대차 - 측면충돌,안전운전불이행,건조,맑음,단일로 - 기타,승용,남,19세,기타불명,자전거,남,11세,경상
2020100400100396,2020년 10월 4일 22시,일요일,경상북도 문경시 문경읍,경상사고,0,0,1,0,차대차 - 추돌,안전운전불이행,건조,맑음,단일로 - 기타,승용,여,37세,상해없음,승용,여,29세,경상
2020100500100040,2020년 10월 5일 06시,월요일,경상북도 포항시 북구 청하면,사망사고,1,0,0,0,차대차 - 기타,안전운전불이행,건조,맑음,단일로 - 기타,건설기계,남,34세,상해없음,자전거,남,66세,사망
2020100500100064,2020년 10월 5일 07시,월요일,경상북도 칠곡군 왜관읍,경상사고,0,0,1,1,차대차 - 측면충돌,신호위반,건조,맑음,교차로 - 교차로안,화물,남,37세,부상신고,승용,남,54세,경상
2020100500100065,2020년 10월 5일 07시,월요일,경상북도 경산시 압량면,경상사고,0,0,2,0,차대차 - 추돌,안전운전불이행,건조,맑음,교차로 - 교차로부근,승용,남,23세,상해없음,승용,여,56세,경상
2020100500100066,2020년 10월 5일 07시,월요일,경상북도 구미시 구포동,경상사고,0,0,1,0,차대차 - 정면충돌,신호위반,건조,맑음,교차로 - 교차로안,승용,남,45세,상해없음,화물,남,55세,경상
2020100500100067,2020년 10월 5일 07시,월요일,경상북도 포항시 남구 해도동,중상사고,0,1,1,0,차대차 - 측면충돌,신호위반,건조,맑음,교차로 - 교차로안,승용,남,27세,경상,이륜,남,50세,중상
2020100500100110,2020년 10월 5일 08시,월요일,경상북도 영덕군 남정면,부상신고사고,0,0,0,1,차대차 - 측면충돌,안전운전불이행,건조,맑음,단일로 - 교량,농기계,남,77세,부상신고,승용,남,56세,상해없음
2020100500100111,2020년 10월 5일 08시,월요일,경상북도 포항시 남구 연일읍,경상사고,0,0,4,0,차대차 - 기타,안전거리미확보,건조,맑음,단일로 - 기타,화물,남,39세,상해없음,승용,여,60세,경상
2020100500100154,2020년 10월 5일 09시,월요일,경상북도 포항시 북구 죽도동,경상사고,0,0,1,0,차대차 - 추돌,안전거리미확보,건조,맑음,단일로 - 기타,화물,남,54세,상해없음,승용,남,67세,경상
2020100500100155,2020년 10월 5일 09시,월요일,경상북도 영덕군 강구면,경상사고,0,0,1,0,차대사람 - 기타,안전운전불이행,건조,맑음,기타 - 기타,승합,남,59세,상해없음,보행자,여,65세,경상
2020100500100189,2020년 10월 5일 10시,월요일,경상북도 경주시 성건동,경상사고,0,0,1,0,차대차 - 측면충돌,안전운전불이행,건조,맑음,교차로 - 교차로부근,승용,여,58세,기타불명,승용,남,21세,기타불명
2020100500100221,2020년 10월 5일 11시,월요일,경상북도 안동시 와룡면,경상사고,0,0,1,0,차량단독 - 공작물충돌,안전운전불이행,건조,맑음,단일로 - 기타,화물,남,67세,경상,,,,
2020100500100222,2020년 10월 5일 11시,월요일,경상북도 포항시 남구 장흥동,경상사고,0,0,1,0,차대차 - 측면충돌,신호위반,건조,맑음,교차로 - 교차로안,건설기계,남,50세,상해없음,화물,남,43세,경상
2020100500100257,2020년 10월 5일 12시,월요일,경상북도 칠곡군 석적읍,중상사고,0,1,0,0,차대차 - 측면충돌,신호위반,건조,맑음,교차로 - 교차로안,승용,여,51세,상해없음,화물,남,46세,중상
2020100500100258,2020년 10월 5일 12시,월요일,경상북도 문경시 산양면,경상사고,0,0,2,0,차대차 - 측면충돌,안전거리미확보,건조,맑음,단일로 - 기타,승용,남,83세,상해없음,화물,남,51세,경상
2020100500100259,2020년 10월 5일 12시,월요일,경상북도 포항시 남구 오천읍,경상사고,0,0,1,0,차대차 - 추돌,안전운전불이행,건조,맑음,교차로 - 교차로부근,승용,남,19세,상해없음,승용,여,44세,경상
2020100500100301,2020년 10월 5일 13시,월요일,경상북도 김천시 농소면,중상사고,0,1,0,0,차대차 - 측면충돌,안전운전불이행,건조,맑음,단일로 - 기타,화물,남,35세,상해없음,이륜,남,36세,중상
2020100500100302,2020년 10월 5일 13시,월요일,경상북도 경산시 남천면,경상사고,0,0,1,0,차대차 - 추돌,안전운전불이행,건조,맑음,단일로 - 기타,건설기계,남,57세,상해없음,기타불명,남,74세,경상
2020100500100303,2020년 10월 5일 13시,월요일,경상북도 봉화군 명호면,경상사고,0,0,1,0,차대차 - 추돌,안전운전불이행,건조,맑음,단일로 - 기타,승용,남,71세,상해없음,승용,여,58세,경상
2020100500100304,2020년 10월 5일 13시,월요일,경상북도 구미시 신평동,경상사고,0,0,1,0,차대차 - 추돌,안전운전불이행,건조,맑음,교차로 - 교차로안,승용,여,50세,상해없음,승용,여,45세,경상
2020100500100354,2020년 10월 5일 14시,월요일,경상북도 상주시 성하동,경상사고,0,0,1,0,차대차 - 측면충돌,교차로운행방법위반,건조,맑음,교차로 - 교차로안,화물,남,61세,상해없음,이륜,남,79세,경상
2020100500100355,2020년 10월 5일 14시,월요일,경상북도 포항시 남구 오천읍,경상사고,0,0,1,0,차대사람 - 횡단중,안전운전불이행,건조,맑음,교차로 - 교차로안,승용,남,62세,상해없음,보행자,여,61세,경상
2020100500100394,2020년 10월 5일 15시,월요일,경상북도 상주시 무양동,중상사고,0,2,0,0,차대차 - 추돌,안전거리미확보,건조,맑음,교차로 - 교차로부근,화물,남,46세,상해없음,승용,남,58세,상해없음
2020100500100395,2020년 10월 5일 15시,월요일,경상북도 상주시 공검면,경상사고,0,0,1,0,차량단독 - 전도전복 - 전도,안전운전불이행,건조,맑음,단일로 - 기타,이륜,남,61세,경상,,,,
2020100500100396,2020년 10월 5일 15시,월요일,경상북도 청도군 청도읍,경상사고,0,0,1,0,차대차 - 정면충돌,직진우회전진행방해,건조,맑음,교차로 - 교차로안,승용,여,61세,경상,승용,남,47세,상해없음
2020100500100397,2020년 10월 5일 15시,월요일,경상북도 청도군 이서면,경상사고,0,0,1,0,차대차 - 측면충돌,안전운전불이행,건조,맑음,단일로 - 지하차도(도로)내,화물,남,24세,상해없음,원동기,남,84세,경상
2020100500100399,2020년 10월 5일 15시,월요일,경상북도 구미시 공단동,경상사고,0,0,1,0,차대차 - 기타,직진우회전진행방해,건조,맑음,교차로 - 교차로안,승용,여,55세,상해없음,승용,남,74세,상해없음
2020100500100441,2020년 10월 5일 16시,월요일,경상북도 김천시 구성면,부상신고사고,0,0,0,1,차량단독 - 기타,안전운전불이행,건조,맑음,교차로 - 교차로부근,이륜,남,83세,부상신고,,,,
2020100500100484,2020년 10월 5일 17시,월요일,경상북도 안동시 남후면,경상사고,0,0,1,0,차대차 - 추돌,안전운전불이행,건조,맑음,단일로 - 기타,화물,남,61세,상해없음,승용,남,44세,경상
2020100500100485,2020년 10월 5일 17시,월요일,경상북도 영천시 조교동,경상사고,0,0,2,0,차대차 - 측면충돌,차로위반,건조,맑음,교차로 - 교차로부근,승용,남,40세,경상,승용,여,63세,경상
2020100500100486,2020년 10월 5일 17시,월요일,경상북도 청송군 주왕산면,사망사고,1,0,0,0,차대사람 - 횡단중,안전운전불이행,건조,맑음,교차로 - 교차로안,화물,남,66세,상해없음,보행자,여,81세,사망
2020100500100487,2020년 10월 5일 17시,월요일,경상북도 구미시 공단동,경상사고,0,0,1,0,차대차 - 기타,신호위반,건조,맑음,교차로 - 교차로안,승합,남,64세,상해없음,승용,남,43세,경상
2020100500100530,2020년 10월 5일 18시,월요일,경상북도 경주시 동천동,경상사고,0,0,1,0,차대차 - 측면충돌,안전운전불이행,건조,맑음,교차로 - 교차로안,승용,여,63세,상해없음,승용,남,47세,경상
2020100500100531,2020년 10월 5일 18시,월요일,경상북도 포항시 북구 두호동,부상신고사고,0,0,0,1,차대사람 - 기타,안전운전불이행,건조,맑음,단일로 - 기타,승용,남,51세,상해없음,보행자,여,73세,부상신고
2020100500100532,2020년 10월 5일 18시,월요일,경상북도 포항시 북구 창포동,경상사고,0,0,1,0,차대차 - 측면충돌,안전운전불이행,건조,맑음,단일로 - 기타,승용,남,71세,상해없음,승용,남,56세,경상
2020100500100533,2020년 10월 5일 18시,월요일,경상북도 구미시 지산동,경상사고,0,0,3,0,차대차 - 추돌,안전거리미확보,건조,맑음,단일로 - 기타,화물,남,52세,상해없음,승용,여,30세,경상
2020100500100534,2020년 10월 5일 18시,월요일,경상북도 구미시 인의동,중상사고,0,1,0,0,차대차 - 기타,안전운전불이행,건조,맑음,교차로 - 교차로부근,승용,여,49세,상해없음,승용,여,53세,중상
2020100500100571,2020년 10월 5일 19시,월요일,경상북도 영주시 가흥동,중상사고,0,1,0,0,차대차 - 측면충돌,차로위반,건조,맑음,교차로 - 교차로안,승용,여,60세,상해없음,승용,남,32세,중상
2020100500100572,2020년 10월 5일 19시,월요일,경상북도 영천시 금호읍,경상사고,0,0,1,0,차량단독 - 전도전복 - 전도,안전운전불이행,건조,맑음,단일로 - 기타,원동기,남,72세,경상,,,,
2020100500100600,2020년 10월 5일 20시,월요일,경상북도 영천시 야사동,경상사고,0,0,2,0,차대차 - 측면충돌,안전운전불이행,건조,맑음,단일로 - 기타,승용,여,19세,상해없음,승용,남,38세,경상
2020100500100623,2020년 10월 5일 21시,월요일,경상북도 포항시 남구 연일읍,경상사고,0,0,2,0,차대차 - 측면충돌,안전거리미확보,건조,맑음,교차로 - 교차로안,이륜,남,35세,경상,승용,여,51세,경상
2020100500100638,2020년 10월 5일 22시,월요일,경상북도 구미시 형곡동,경상사고,0,0,2,0,차대차 - 추돌,안전운전불이행,건조,맑음,단일로 - 기타,화물,남,55세,상해없음,승용,여,24세,경상
2020100600100049,2020년 10월 6일 06시,화요일,경상북도 경산시 계양동,경상사고,0,0,1,1,차대차 - 측면충돌,안전운전불이행,건조,맑음,교차로 - 교차로안,승용,남,60세,부상신고,승용,남,54세,경상
2020100600100074,2020년 10월 6일 07시,화요일,경상북도 영천시 야사동,경상사고,0,0,1,0,차대차 - 측면충돌,안전운전불이행,건조,맑음,단일로 - 기타,승용,남,25세,상해없음,자전거,남,54세,경상
2020100600100108,2020년 10월 6일 08시,화요일,경상북도 포항시 남구 해도동,경상사고,0,0,4,0,차대차 - 기타,신호위반,건조,맑음,교차로 - 교차로안,승용,남,33세,경상,승용,남,58세,경상
2020100600100143,2020년 10월 6일 09시,화요일,경상북도 상주시 낙상동,경상사고,0,0,1,0,차대차 - 측면충돌,안전운전불이행,건조,맑음,교차로 - 교차로안,이륜,남,78세,경상,승용,여,60세,상해없음
2020100600100144,2020년 10월 6일 09시,화요일,경상북도 성주군 성주읍,경상사고,0,0,1,0,차대차 - 기타,안전운전불이행,건조,맑음,교차로 - 교차로안,자전거,남,89세,경상,화물,남,46세,상해없음
2020100600100145,2020년 10월 6일 09시,화요일,경상북도 구미시 선산읍,중상사고,0,1,1,0,차대차 - 측면충돌,교차로운행방법위반,건조,맑음,교차로 - 교차로안,승용,남,51세,중상,승용,여,61세,경상
2020100600100179,2020년 10월 6일 10시,화요일,경상북도 안동시 송현동,중상사고,0,1,0,0,차대사람 - 길가장자리구역통행중,안전운전불이행,건조,맑음,단일로 - 기타,화물,남,45세,상해없음,보행자,여,77세,중상
2020100600100180,2020년 10월 6일 10시,화요일,경상북도 안동시 송현동,경상사고,0,0,2,0,차대차 - 측면충돌,안전운전불이행,건조,맑음,교차로 - 교차로안,승합,남,57세,상해없음,승용,남,50세,상해없음
2020100600100181,2020년 10월 6일 10시,화요일,경상북도 의성군 구천면,중상사고,0,1,0,0,차대차 - 측면충돌,직진우회전진행방해,건조,맑음,교차로 - 교차로안,이륜,남,83세,중상,화물,남,67세,상해없음
2020100600100182,2020년 10월 6일 10시,화요일,경상북도 영주시 가흥동,경상사고,0,0,1,0,차대사람 - 기타,안전운전불이행,건조,맑음,단일로 - 기타,화물,남,49세,상해없음,보행자,여,68세,경상
2020100600100212,2020년 10월 6일 11시,화요일,경상북도 의성군 단촌면,중상사고,0,1,0,0,차대차 - 측면충돌,안전거리미확보,건조,맑음,단일로 - 기타,화물,여,68세,상해없음,자전거,남,89세,중상
2020100600100213,2020년 10월 6일 11시,화요일,경상북도 성주군 초전면,중상사고,0,1,0,0,차대차 - 측면충돌,안전운전불이행,건조,맑음,주차장 - 주차장,승용,남,59세,중상,승용,남,42세,기타불명
2020100600100214,2020년 10월 6일 11시,화요일,경상북도 포항시 남구 해도동,경상사고,0,0,1,0,차대차 - 기타,직진우회전진행방해,건조,맑음,교차로 - 교차로안,승용,여,43세,상해없음,원동기,남,39세,경상
2020100600100251,2020년 10월 6일 12시,화요일,경상북도 안동시 대석동,경상사고,0,0,1,0,차대차 - 정면충돌,안전운전불이행,건조,맑음,단일로 - 기타,이륜,남,19세,경상,이륜,남,20세,상해없음
2020100600100252,2020년 10월 6일 12시,화요일,경상북도 안동시 정하동,경상사고,0,0,1,0,차대차 - 후진중충돌,안전운전불이행,건조,맑음,단일로 - 기타,화물,남,48세,상해없음,승용,남,76세,경상
2020100600100253,2020년 10월 6일 12시,화요일,경상북도 의성군 단촌면,사망사고,1,1,2,0,차대차 - 측면충돌,신호위반,건조,맑음,단일로 - 기타,승용,남,53세,경상,화물,남,68세,경상
2020100600100254,2020년 10월 6일 12시,화요일,경상북도 성주군 선남면,중상사고,0,1,0,0,차대차 - 기타,안전운전불이행,건조,맑음,교차로 - 교차로안,승용,남,42세,상해없음,이륜,남,68세,중상
2020100600100255,2020년 10월 6일 12시,화요일,경상북도 울진군 북면,중상사고,0,1,0,0,차대사람 - 횡단중,보행자보호의무위반,건조,맑음,교차로 - 교차로부근,승용,여,74세,상해없음,보행자,여,92세,중상
2020100600100283,2020년 10월 6일 13시,화요일,경상북도 김천시 아포읍,중상사고,0,2,0,0,차대차 - 측면충돌,교차로운행방법위반,건조,맑음,교차로 - 교차로부근,화물,남,73세,상해없음,승용,남,57세,중상
2020100600100284,2020년 10월 6일 13시,화요일,경상북도 구미시 산동면,경상사고,0,0,1,0,차대차 - 측면충돌,교차로운행방법위반,건조,맑음,교차로 - 교차로안,화물,남,58세,상해없음,승용,여,56세,경상
2020100600100285,2020년 10월 6일 13시,화요일,경상북도 포항시 남구 대송면,경상사고,0,0,1,0,차량단독 - 기타,안전운전불이행,건조,맑음,단일로 - 지하차도(도로)내,승용,남,35세,경상,,,,
2020100600100331,2020년 10월 6일 14시,화요일,경상북도 경주시 외동읍,부상신고사고,0,0,0,1,차대사람 - 기타,안전운전불이행,건조,맑음,교차로 - 교차로부근,승용,여,67세,상해없음,보행자,남,66세,부상신고
2020100600100332,2020년 10월 6일 14시,화요일,경상북도 안동시 풍산읍,경상사고,0,0,1,1,차대차 - 추돌,안전거리미확보,건조,맑음,교차로 - 교차로부근,화물,남,59세,상해없음,승용,남,45세,경상
2020100600100333,2020년 10월 6일 14시,화요일,경상북도 김천시 삼락동,경상사고,0,0,2,0,차대차 - 측면충돌,안전운전불이행,건조,맑음,교차로 - 교차로부근,승용,남,56세,상해없음,승용,여,38세,경상
2020100600100334,2020년 10월 6일 14시,화요일,경상북도 구미시 고아읍,경상사고,0,0,2,0,차대차 - 측면충돌,직진우회전진행방해,건조,맑음,교차로 - 교차로안,승용,여,60세,상해없음,화물,남,48세,경상
2020100600100382,2020년 10월 6일 15시,화요일,경상북도 경주시 양남면,경상사고,0,0,7,0,차대차 - 추돌,안전운전불이행,건조,맑음,교차로 - 교차로부근,승용,남,48세,상해없음,승합,남,29세,경상
2020100600100415,2020년 10월 6일 16시,화요일,경상북도 포항시 북구 대신동,경상사고,0,0,1,0,차대차 - 측면충돌,안전운전불이행,건조,맑음,단일로 - 기타,승용,여,44세,상해없음,이륜,남,35세,경상
2020100600100416,2020년 10월 6일 16시,화요일,경상북도 김천시 대광동,경상사고,0,0,1,0,차대차 - 측면충돌,안전운전불이행,건조,맑음,단일로 - 기타,화물,남,64세,상해없음,승용,여,53세,경상
2020100600100463,2020년 10월 6일 17시,화요일,경상북도 상주시 성하동,경상사고,0,0,1,0,차대차 - 기타,중앙선침범,건조,맑음,단일로 - 기타,이륜,남,52세,상해없음,승용,남,38세,경상
2020100600100464,2020년 10월 6일 17시,화요일,경상북도 경산시 자인면,경상사고,0,0,2,0,차대차 - 추돌,안전거리미확보,건조,맑음,교차로 - 교차로부근,화물,남,57세,상해없음,승용,여,35세,경상
2020100600100510,2020년 10월 6일 18시,화요일,경상북도 경주시 안강읍,경상사고,0,0,1,0,차대차 - 측면충돌,안전운전불이행,건조,맑음,교차로 - 교차로부근,승용,남,62세,상해없음,이륜,여,61세,경상
2020100600100511,2020년 10월 6일 18시,화요일,경상북도 안동시 풍산읍,경상사고,0,0,5,0,차대차 - 추돌,안전운전불이행,건조,맑음,단일로 - 기타,승용,여,41세,상해없음,승용,여,38세,상해없음
2020100600100512,2020년 10월 6일 18시,화요일,경상북도 상주시 지천동,경상사고,0,0,2,0,차대차 - 추돌,안전운전불이행,건조,맑음,단일로 - 기타,농기계,남,61세,경상,승용,남,30세,경상
2020100600100554,2020년 10월 6일 19시,화요일,경상북도 경주시 노동동,경상사고,0,0,2,0,차대차 - 측면충돌,안전운전불이행,건조,흐림,교차로 - 교차로안,원동기,남,59세,경상,승용,남,27세,경상
2020100600100555,2020년 10월 6일 19시,화요일,경상북도 영주시 조와동,경상사고,0,0,1,0,차대차 - 측면충돌,안전운전불이행,건조,맑음,교차로 - 교차로안,이륜,남,80세,경상,승합,남,45세,상해없음
2020100600100556,2020년 10월 6일 19시,화요일,경상북도 울진군 평해읍,경상사고,0,0,1,0,차량단독 - 공작물충돌,안전운전불이행,건조,맑음,교차로 - 교차로안,이륜,남,57세,경상,,,,
2020100600100594,2020년 10월 6일 20시,화요일,경상북도 경산시 중방동,경상사고,0,0,2,0,차대차 - 측면충돌,교차로운행방법위반,건조,맑음,교차로 - 교차로안,승용,여,27세,경상,이륜,남,16세,경상
2020100600100595,2020년 10월 6일 20시,화요일,경상북도 포항시 남구 송도동,경상사고,0,0,1,0,차대차 - 측면충돌,신호위반,건조,맑음,교차로 - 교차로안,승용,남,71세,상해없음,화물,남,59세,경상
2020100600100639,2020년 10월 6일 22시,화요일,경상북도 구미시 도량동,경상사고,0,0,4,0,차대차 - 측면충돌,안전운전불이행,건조,맑음,교차로 - 교차로안,승용,남,39세,상해없음,승용,남,47세,경상
2020100600100640,2020년 10월 6일 22시,화요일,경상북도 경산시 진량읍,사망사고,1,1,1,0,차대차 - 추돌,안전운전불이행,건조,맑음,단일로 - 기타,승용,남,23세,중상,화물,남,69세,사망
2020100600100653,2020년 10월 6일 23시,화요일,경상북도 경산시 하양읍,경상사고,0,0,1,0,차대차 - 측면충돌,차로위반,건조,맑음,단일로 - 기타,승용,남,59세,기타불명,승용,남,51세,경상
2020100700100028,2020년 10월 7일 04시,수요일,경상북도 구미시 구평동,경상사고,0,0,1,0,차대차 - 측면충돌,신호위반,건조,맑음,교차로 - 교차로안,승용,남,26세,상해없음,승용,남,47세,경상
2020100700100068,2020년 10월 7일 07시,수요일,경상북도 칠곡군 석적읍,중상사고,0,1,2,0,차대차 - 추돌,안전운전불이행,건조,맑음,교차로 - 교차로부근,승용,남,45세,상해없음,승용,여,41세,경상
2020100700100069,2020년 10월 7일 07시,수요일,경상북도 경산시 중방동,경상사고,0,0,1,0,차대차 - 기타,안전운전불이행,건조,맑음,교차로 - 교차로안,승용,남,33세,기타불명,승용,남,65세,경상
2020100700100101,2020년 10월 7일 08시,수요일,경상북도 경주시 율동,중상사고,0,1,1,0,차대차 - 측면충돌,안전운전불이행,건조,맑음,단일로 - 교량,건설기계,남,50세,상해없음,승용,여,44세,경상
2020100700100102,2020년 10월 7일 08시,수요일,경상북도 상주시 화서면,중상사고,0,1,0,0,차대차 - 측면충돌,안전운전불이행,건조,맑음,교차로 - 교차로안,건설기계,남,46세,상해없음,사륜오토바이(ATV),남,81세,중상
2020100700100136,2020년 10월 7일 09시,수요일,경상북도 경주시 율동,중상사고,0,1,0,0,차대차 - 기타,중앙선침범,건조,맑음,단일로 - 기타,승용,남,62세,상해없음,화물,남,63세,중상
2020100700100164,2020년 10월 7일 10시,수요일,경상북도 안동시 목성동,경상사고,0,0,1,0,차대차 - 기타,안전운전불이행,건조,맑음,교차로 - 교차로안,승용,남,31세,상해없음,승용,남,36세,경상
2020100700100165,2020년 10월 7일 10시,수요일,경상북도 칠곡군 왜관읍,부상신고사고,0,0,0,1,차량단독 - 공작물충돌,안전운전불이행,건조,맑음,단일로 - 기타,승용,남,68세,부상신고,,,,
2020100700100166,2020년 10월 7일 10시,수요일,경상북도 포항시 남구 연일읍,중상사고,0,1,0,0,차대사람 - 기타,안전운전불이행,건조,맑음,단일로 - 기타,자전거,남,53세,상해없음,보행자,여,51세,중상
2020100700100196,2020년 10월 7일 11시,수요일,경상북도 영천시 완산동,경상사고,0,0,3,0,차대차 - 측면충돌,안전운전불이행,건조,맑음,단일로 - 기타,승용,남,71세,경상,화물,남,36세,경상
2020100700100232,2020년 10월 7일 12시,수요일,경상북도 경주시 인왕동,경상사고,0,0,4,0,차대차 - 측면충돌,신호위반,건조,맑음,교차로 - 교차로부근,승용,남,27세,상해없음,승용,여,54세,경상
2020100700100233,2020년 10월 7일 12시,수요일,경상북도 경주시 건천읍,경상사고,0,0,1,0,차대차 - 측면충돌,안전운전불이행,건조,맑음,교차로 - 교차로안,승용,여,38세,경상,화물,남,70세,상해없음
2020100700100234,2020년 10월 7일 12시,수요일,경상북도 영천시 망정동,경상사고,0,0,1,0,차대차 - 기타,안전운전불이행,건조,맑음,단일로 - 기타,승용,여,43세,상해없음,승합,남,63세,경상
2020100700100260,2020년 10월 7일 13시,수요일,경상북도 성주군 성주읍,중상사고,0,1,0,0,차대차 - 측면충돌,안전운전불이행,건조,맑음,교차로 - 교차로안,화물,남,70세,상해없음,이륜,남,70세,중상
2020100700100261,2020년 10월 7일 13시,수요일,경상북도 포항시 남구 상도동,경상사고,0,0,1,0,차대차 - 측면충돌,교차로운행방법위반,건조,맑음,교차로 - 교차로안,화물,남,45세,상해없음,자전거,남,76세,경상
2020100700100303,2020년 10월 7일 14시,수요일,경상북도 포항시 북구 흥해읍,경상사고,0,0,1,0,차대차 - 기타,안전운전불이행,건조,맑음,단일로 - 기타,승용,남,79세,상해없음,건설기계,남,64세,경상
2020100700100339,2020년 10월 7일 15시,수요일,경상북도 경산시 백천동,경상사고,0,0,1,0,차대차 - 기타,안전운전불이행,건조,맑음,교차로 - 교차로안,승용,남,69세,상해없음,승용,여,46세,경상
2020100700100340,2020년 10월 7일 15시,수요일,경상북도 포항시 남구 대도동,경상사고,0,0,1,0,차대사람 - 기타,안전운전불이행,건조,맑음,단일로 - 기타,승용,남,68세,상해없음,보행자,여,22세,경상
2020100700100373,2020년 10월 7일 16시,수요일,경상북도 포항시 북구 대신동,경상사고,0,0,1,0,차대차 - 측면충돌,차로위반,건조,맑음,교차로 - 교차로부근,승용,남,80세,상해없음,승용,여,25세,경상
2020100700100374,2020년 10월 7일 16시,수요일,경상북도 포항시 북구 청하면,경상사고,0,0,1,0,차대차 - 측면충돌,직진우회전진행방해,건조,맑음,교차로 - 교차로안,승용,남,56세,상해없음,승용,여,41세,경상
2020100700100375,2020년 10월 7일 16시,수요일,경상북도 영주시 가흥동,중상사고,0,1,0,0,차량단독 - 공작물충돌,안전운전불이행,건조,맑음,교차로 - 교차로안,승용,남,35세,중상,,,,