사고번호,사고일시,요일,시군구,사고내용,사망자수,중상자수,경상자수,부상신고자수,사고유형,법규위반,노면상태,기상상태,도로형태,가해운전자 차종,가해운전자 성별,가해운전자 연령,가해운전자 상해정도,피해운전자 차종,피해운전자 성별,피해운전자 연령,피해운전자 상해정도
2020100700100376,2020년 10월 7일 16시,수요일,경상북도 칠곡군 석적읍,중상사고,0,1,0,0,차대차 - 기타,안전거리미확보,건조,맑음,단일로 - 기타,승용,남,33세,상해없음,이륜,남,42세,중상
2020100700100421,2020년 10월 7일 17시,수요일,경상북도 경주시 외동읍,경상사고,0,0,2,0,차대차 - 측면충돌,안전운전불이행,건조,맑음,교차로 - 교차로안,승용,여,62세,경상,승용,여,48세,경상
2020100700100422,2020년 10월 7일 17시,수요일,경상북도 김천시 백옥동,경상사고,0,0,1,0,차대차 - 측면충돌,안전운전불이행,건조,맑음,교차로 - 교차로안,승합,남,70세,상해없음,승용,여,54세,경상
2020100700100423,2020년 10월 7일 17시,수요일,경상북도 영천시 고경면,경상사고,0,0,1,0,차대차 - 기타,중앙선침범,건조,맑음,단일로 - 기타,화물,남,61세,상해없음,승용,남,56세,경상
2020100700100424,2020년 10월 7일 17시,수요일,경상북도 문경시 점촌동,경상사고,0,0,1,0,차대차 - 후진중충돌,안전운전불이행,건조,맑음,교차로 - 교차로부근,승용,여,68세,상해없음,이륜,남,17세,경상
2020100700100425,2020년 10월 7일 17시,수요일,경상북도 봉화군 춘양면,경상사고,0,0,1,0,차대차 - 측면충돌,직진우회전진행방해,건조,맑음,교차로 - 교차로안,농기계,남,76세,경상,화물,남,64세,상해없음
2020100700100474,2020년 10월 7일 18시,수요일,경상북도 경주시 용강동,경상사고,0,0,1,0,차대차 - 측면충돌,안전운전불이행,건조,맑음,교차로 - 교차로안,이륜,남,36세,경상,승용,남,63세,상해없음
2020100700100475,2020년 10월 7일 18시,수요일,경상북도 영천시 완산동,경상사고,0,0,1,0,차대차 - 측면충돌,안전운전불이행,건조,맑음,주차장 - 주차장,승용,여,54세,상해없음,승용,남,39세,경상
2020100700100523,2020년 10월 7일 19시,수요일,경상북도 상주시 성하동,경상사고,0,0,1,0,차대차 - 측면충돌,안전운전불이행,건조,맑음,단일로 - 기타,승합,남,31세,상해없음,자전거,남,40세,경상
2020100700100524,2020년 10월 7일 19시,수요일,경상북도 칠곡군 지천면,경상사고,0,0,2,0,차대차 - 측면충돌,안전거리미확보,건조,맑음,교차로 - 교차로부근,승용,남,30세,상해없음,승용,남,41세,경상
2020100700100525,2020년 10월 7일 19시,수요일,경상북도 구미시 진평동,경상사고,0,0,1,0,차대사람 - 기타,안전운전불이행,건조,맑음,단일로 - 기타,승합,남,32세,상해없음,보행자,남,47세,경상
2020100700100555,2020년 10월 7일 20시,수요일,경상북도 포항시 북구 죽도동,경상사고,0,0,1,0,차대차 - 추돌,안전거리미확보,건조,맑음,단일로 - 기타,승용,남,51세,기타불명,승용,여,55세,경상
2020100700100556,2020년 10월 7일 20시,수요일,경상북도 김천시 신음동,경상사고,0,0,1,0,차대차 - 측면충돌,안전운전불이행,건조,맑음,교차로 - 교차로안,승용,여,68세,상해없음,이륜,남,25세,경상
2020100700100585,2020년 10월 7일 21시,수요일,경상북도 구미시 공단동,중상사고,0,1,1,0,차대차 - 측면충돌,직진우회전진행방해,건조,맑음,교차로 - 교차로안,승용,남,30세,상해없음,승용,여,36세,경상
2020100800100010,2020년 10월 8일 00시,목요일,경상북도 안동시 정하동,경상사고,0,0,1,0,차대차 - 후진중충돌,안전운전불이행,건조,맑음,교차로 - 교차로안,승용,남,48세,상해없음,승용,남,30세,경상
2020100800100096,2020년 10월 8일 07시,목요일,경상북도 포항시 남구 청림동,경상사고,0,0,2,1,차대차 - 측면충돌,안전운전불이행,건조,맑음,교차로 - 교차로안,승용,여,41세,경상,승용,남,38세,경상
2020100800100137,2020년 10월 8일 08시,목요일,경상북도 경주시 황오동,중상사고,0,1,1,0,차대차 - 추돌,안전운전불이행,건조,맑음,단일로 - 기타,이륜,남,20세,중상,승용,남,58세,경상
2020100800100138,2020년 10월 8일 08시,목요일,경상북도 포항시 북구 죽도동,부상신고사고,0,0,0,1,차대사람 - 보도통행중,안전운전불이행,건조,맑음,교차로 - 교차로안,화물,남,52세,상해없음,보행자,여,59세,부상신고
2020100800100139,2020년 10월 8일 08시,목요일,경상북도 칠곡군 왜관읍,경상사고,0,0,1,0,차대차 - 추돌,안전운전불이행,건조,맑음,교차로 - 교차로안,승용,남,52세,상해없음,승용,남,46세,경상
2020100800100140,2020년 10월 8일 08시,목요일,경상북도 경산시 자인면,경상사고,0,0,2,0,차대차 - 측면충돌,직진우회전진행방해,건조,맑음,교차로 - 교차로안,승용,남,75세,상해없음,화물,여,47세,경상
2020100800100141,2020년 10월 8일 08시,목요일,경상북도 영양군 영양읍,중상사고,0,2,2,0,차대차 - 측면충돌,직진우회전진행방해,건조,맑음,교차로 - 교차로안,승용,남,23세,경상,승용,여,37세,중상
2020100800100142,2020년 10월 8일 08시,목요일,경상북도 구미시 송정동,중상사고,0,3,1,0,차대차 - 측면충돌,안전거리미확보,건조,맑음,단일로 - 기타,승용,남,48세,상해없음,승용,남,24세,경상
2020100800100143,2020년 10월 8일 08시,목요일,경상북도 구미시 고아읍,경상사고,0,0,1,0,차대차 - 측면충돌,교차로운행방법위반,건조,맑음,교차로 - 교차로안,승용,남,52세,상해없음,승용,여,38세,경상
2020100800100144,2020년 10월 8일 08시,목요일,경상북도 구미시 공단동,경상사고,0,0,1,0,차대사람 - 보도통행중,기타,건조,맑음,단일로 - 기타,자전거,여,31세,상해없음,보행자,남,5세,경상
2020100800100186,2020년 10월 8일 09시,목요일,경상북도 상주시 모서면,경상사고,0,0,2,0,차대차 - 측면충돌,교차로운행방법위반,건조,맑음,교차로 - 교차로안,승용,남,66세,상해없음,승용,남,64세,경상
2020100800100187,2020년 10월 8일 09시,목요일,경상북도 예천군 지보면,중상사고,0,2,0,0,차대차 - 기타,안전운전불이행,건조,맑음,단일로 - 기타,화물,남,53세,상해없음,이륜,남,78세,중상
2020100800100188,2020년 10월 8일 09시,목요일,경상북도 영양군 영양읍,중상사고,0,1,0,0,차대사람 - 횡단중,중앙선침범,건조,맑음,교차로 - 교차로부근,승용,남,75세,상해없음,보행자,여,82세,중상
2020100800100230,2020년 10월 8일 10시,목요일,경상북도 의성군 구천면,중상사고,0,1,0,0,차대차 - 측면충돌,안전운전불이행,건조,맑음,교차로 - 교차로안,화물,남,66세,상해없음,이륜,남,60세,중상
2020100800100231,2020년 10월 8일 10시,목요일,경상북도 문경시 점촌동,경상사고,0,0,1,0,차대차 - 기타,안전운전불이행,건조,맑음,단일로 - 기타,승용,여,57세,상해없음,자전거,남,78세,경상
2020100800100264,2020년 10월 8일 11시,목요일,경상북도 경산시 중방동,경상사고,0,0,1,0,차대차 - 측면충돌,안전거리미확보,건조,맑음,단일로 - 지하차도(도로)내,승용,남,70세,상해없음,승용,여,52세,경상
2020100800100298,2020년 10월 8일 12시,목요일,경상북도 칠곡군 왜관읍,중상사고,0,1,1,0,차대차 - 측면충돌,안전거리미확보,건조,맑음,단일로 - 기타,승용,남,72세,상해없음,승용,남,33세,중상
2020100800100299,2020년 10월 8일 12시,목요일,경상북도 영덕군 남정면,경상사고,0,0,1,0,차대차 - 측면충돌,안전거리미확보,건조,맑음,교차로 - 교차로부근,화물,남,59세,상해없음,승용,남,56세,경상
2020100800100362,2020년 10월 8일 14시,목요일,경상북도 포항시 북구 흥해읍,경상사고,0,0,3,0,차대차 - 측면충돌,직진우회전진행방해,건조,맑음,단일로 - 기타,승용,여,58세,상해없음,승용,여,32세,경상
2020100800100363,2020년 10월 8일 14시,목요일,경상북도 안동시 옥동,경상사고,0,0,2,0,차대차 - 추돌,안전운전불이행,건조,맑음,교차로 - 교차로안,화물,남,52세,상해없음,승용,남,65세,경상
2020100800100364,2020년 10월 8일 14시,목요일,경상북도 의성군 의성읍,경상사고,0,0,1,0,차대차 - 측면충돌,안전운전불이행,건조,맑음,단일로 - 기타,화물,남,81세,상해없음,자전거,남,80세,경상
2020100800100365,2020년 10월 8일 14시,목요일,경상북도 영천시 완산동,경상사고,0,0,2,0,차대차 - 측면충돌,직진우회전진행방해,건조,맑음,교차로 - 교차로안,승용,여,56세,경상,승용,남,47세,경상
2020100800100406,2020년 10월 8일 15시,목요일,경상북도 포항시 남구 송도동,중상사고,0,1,0,0,차대사람 - 기타,안전운전불이행,건조,맑음,교차로 - 교차로부근,승합,남,46세,상해없음,보행자,남,7세,중상
2020100800100506,2020년 10월 8일 17시,목요일,경상북도 경주시 동천동,중상사고,0,1,0,0,차대차 - 기타,안전운전불이행,건조,맑음,교차로 - 교차로부근,승용,남,56세,상해없음,자전거,여,58세,중상
2020100800100507,2020년 10월 8일 17시,목요일,경상북도 포항시 북구 죽도동,경상사고,0,0,1,0,차대차 - 측면충돌,차로위반,건조,맑음,단일로 - 기타,승용,여,48세,상해없음,승용,남,40세,경상
2020100800100508,2020년 10월 8일 17시,목요일,경상북도 김천시 아포읍,경상사고,0,0,1,0,차대차 - 측면충돌,안전운전불이행,건조,맑음,단일로 - 기타,승용,남,55세,상해없음,자전거,남,54세,경상
2020100800100563,2020년 10월 8일 18시,목요일,경상북도 상주시 낙양동,중상사고,0,1,1,0,차대차 - 추돌,안전운전불이행,건조,맑음,단일로 - 기타,승용,남,26세,상해없음,승용,여,43세,중상
2020100800100564,2020년 10월 8일 18시,목요일,경상북도 경산시 하양읍,경상사고,0,0,5,0,차대차 - 추돌,안전운전불이행,건조,맑음,단일로 - 고가도로위,승용,남,21세,상해없음,승용,남,23세,경상
2020100800100565,2020년 10월 8일 18시,목요일,경상북도 구미시 봉곡동,경상사고,0,0,1,0,차대사람 - 횡단중,보행자보호의무위반,건조,맑음,교차로 - 교차로부근,이륜,남,39세,상해없음,보행자,여,10세,경상
2020100800100636,2020년 10월 8일 19시,목요일,경상북도 포항시 북구 양덕동,경상사고,0,0,1,0,차대차 - 기타,안전운전불이행,건조,맑음,단일로 - 기타,자전거,남,13세,상해없음,이륜,남,34세,경상
2020100800100637,2020년 10월 8일 19시,목요일,경상북도 포항시 북구 장성동,중상사고,0,1,0,0,차대사람 - 횡단중,중앙선침범,건조,맑음,교차로 - 교차로횡단보도내,화물,남,76세,상해없음,보행자,남,50세,중상
2020100800100638,2020년 10월 8일 19시,목요일,경상북도 영덕군 강구면,중상사고,0,1,0,0,차대차 - 측면충돌,안전운전불이행,건조,맑음,교차로 - 교차로부근,이륜,남,46세,중상,승용,남,36세,상해없음
2020100800100639,2020년 10월 8일 19시,목요일,경상북도 포항시 남구 오천읍,경상사고,0,0,1,0,차대사람 - 횡단중,보행자보호의무위반,건조,맑음,교차로 - 교차로안,승용,남,25세,상해없음,보행자,여,22세,경상
2020100800100671,2020년 10월 8일 20시,목요일,경상북도 포항시 북구 우현동,경상사고,0,0,2,0,차대차 - 측면충돌,안전운전불이행,건조,맑음,단일로 - 기타,승용,여,37세,경상,승용,남,52세,상해없음
2020100800100672,2020년 10월 8일 20시,목요일,경상북도 구미시 상모동,부상신고사고,0,0,0,1,차대차 - 측면충돌,기타,건조,맑음,단일로 - 기타,원동기,남,47세,부상신고,승용,남,51세,상해없음
2020100800100710,2020년 10월 8일 21시,목요일,경상북도 문경시 흥덕동,중상사고,0,2,0,0,차대차 - 기타,안전운전불이행,건조,맑음,교차로 - 교차로안,승용,남,75세,상해없음,승용,여,42세,중상
2020100800100747,2020년 10월 8일 22시,목요일,경상북도 구미시 진평동,경상사고,0,0,1,0,차대사람 - 기타,안전운전불이행,건조,맑음,교차로 - 교차로부근,승용,남,45세,상해없음,보행자,남,43세,경상
2020100900100082,2020년 10월 9일 06시,금요일,경상북도 포항시 남구 인덕동,부상신고사고,0,0,0,1,차대차 - 기타,기타,건조,맑음,교차로 - 교차로안,승용,남,64세,상해없음,승용,남,56세,부상신고
2020100900100097,2020년 10월 9일 07시,금요일,경상북도 경산시 하양읍,경상사고,0,0,1,0,차대차 - 추돌,안전운전불이행,건조,맑음,단일로 - 기타,승용,남,66세,상해없음,승용,남,35세,경상
2020100900100119,2020년 10월 9일 08시,금요일,경상북도 경주시 황오동,경상사고,0,0,1,0,차대차 - 후진중충돌,안전운전불이행,건조,맑음,교차로 - 교차로부근,승용,남,77세,상해없음,승용,남,60세,상해없음
2020100900100138,2020년 10월 9일 09시,금요일,경상북도 봉화군 봉화읍,경상사고,0,0,1,0,차대차 - 기타,안전운전불이행,건조,맑음,기타 - 기타,농기계,남,43세,상해없음,화물,남,65세,상해없음
2020100900100139,2020년 10월 9일 09시,금요일,경상북도 구미시 공단동,중상사고,0,1,0,0,차대차 - 기타,안전운전불이행,건조,맑음,교차로 - 교차로부근,승용,남,66세,상해없음,승용,남,46세,중상
2020100900100164,2020년 10월 9일 10시,금요일,경상북도 문경시 흥덕동,중상사고,0,1,0,0,차대차 - 기타,안전운전불이행,건조,맑음,교차로 - 교차로안,승용,남,81세,상해없음,자전거,여,76세,중상
2020100900100165,2020년 10월 9일 10시,금요일,경상북도 포항시 남구 대잠동,중상사고,0,1,0,0,차대차 - 기타,신호위반,건조,맑음,교차로 - 교차로안,자전거,남,78세,중상,승용,남,69세,상해없음
2020100900100192,2020년 10월 9일 11시,금요일,경상북도 상주시 화서면,중상사고,0,1,0,0,차대차 - 정면충돌,안전운전불이행,건조,맑음,단일로 - 기타,화물,남,73세,상해없음,이륜,남,63세,중상
2020100900100229,2020년 10월 9일 12시,금요일,경상북도 김천시 평화동,중상사고,0,1,0,0,차대사람 - 차도통행중,안전운전불이행,건조,맑음,단일로 - 기타,승용,남,57세,상해없음,보행자,여,75세,중상
2020100900100264,2020년 10월 9일 13시,금요일,경상북도 경주시 황남동,중상사고,0,1,0,0,차대사람 - 길가장자리구역통행중,안전운전불이행,건조,맑음,단일로 - 기타,승용,여,31세,상해없음,보행자,여,19세,중상
2020100900100265,2020년 10월 9일 13시,금요일,경상북도 칠곡군 북삼읍,경상사고,0,0,1,0,차대차 - 후진중충돌,안전운전불이행,건조,맑음,교차로 - 교차로안,기타불명,기타불명,미분류,기타불명,승합,여,49세,경상
2020100900100266,2020년 10월 9일 13시,금요일,경상북도 칠곡군 왜관읍,경상사고,0,0,1,0,차대차 - 측면충돌,안전운전불이행,건조,맑음,교차로 - 교차로안,이륜,남,71세,경상,승용,여,47세,상해없음
2020100900100267,2020년 10월 9일 13시,금요일,경상북도 영천시 본촌동,경상사고,0,0,1,0,차대차 - 정면충돌,안전운전불이행,건조,맑음,교차로 - 교차로안,화물,남,67세,상해없음,건설기계,남,44세,경상
2020100900100268,2020년 10월 9일 13시,금요일,경상북도 성주군 성주읍,경상사고,0,0,1,0,차대차 - 기타,안전운전불이행,건조,맑음,교차로 - 교차로안,승용,남,22세,상해없음,이륜,여,55세,경상
2020100900100297,2020년 10월 9일 14시,금요일,경상북도 영주시 가흥동,중상사고,0,1,0,0,차대차 - 측면충돌,교차로운행방법위반,건조,맑음,교차로 - 교차로안,화물,남,71세,상해없음,승용,남,79세,상해없음
2020100900100298,2020년 10월 9일 14시,금요일,경상북도 고령군 대가야읍,경상사고,0,0,1,0,차대차 - 추돌,안전운전불이행,건조,맑음,기타 - 기타,사륜오토바이(ATV),여,72세,경상,승용,남,67세,상해없음
2020100900100326,2020년 10월 9일 15시,금요일,경상북도 김천시 율곡동,부상신고사고,0,0,0,1,차대차 - 측면충돌,불법유턴,건조,맑음,단일로 - 기타,자전거,남,14세,부상신고,승용,남,59세,상해없음
2020100900100366,2020년 10월 9일 16시,금요일,경상북도 포항시 북구 죽도동,경상사고,0,0,1,0,차대차 - 측면충돌,중앙선침범,건조,맑음,단일로 - 기타,승용,여,55세,상해없음,이륜,남,27세,경상
2020100900100367,2020년 10월 9일 16시,금요일,경상북도 포항시 북구 두호동,경상사고,0,0,1,0,차대차 - 측면충돌,안전운전불이행,건조,맑음,단일로 - 기타,이륜,남,25세,상해없음,이륜,남,35세,경상
2020100900100368,2020년 10월 9일 16시,금요일,경상북도 칠곡군 가산면,경상사고,0,0,1,0,차대차 - 측면충돌,안전거리미확보,건조,맑음,교차로 - 교차로부근,승용,남,59세,상해없음,건설기계,남,51세,경상
2020100900100369,2020년 10월 9일 16시,금요일,경상북도 경산시 옥곡동,경상사고,0,0,3,0,차대차 - 기타,안전운전불이행,건조,맑음,단일로 - 지하차도(도로)내,승용,남,60세,상해없음,승용,남,31세,경상
2020100900100370,2020년 10월 9일 16시,금요일,경상북도 고령군 다산면,경상사고,0,0,1,0,차대차 - 기타,안전운전불이행,건조,맑음,단일로 - 기타,승용,여,63세,상해없음,승용,남,57세,경상
2020100900100398,2020년 10월 9일 17시,금요일,경상북도 안동시 정하동,경상사고,0,0,5,0,차대차 - 측면충돌,직진우회전진행방해,건조,맑음,교차로 - 교차로안,승용,여,58세,상해없음,승용,남,31세,경상
2020100900100399,2020년 10월 9일 17시,금요일,경상북도 영천시 조교동,경상사고,0,0,1,0,차대차 - 기타,안전운전불이행,건조,맑음,단일로 - 기타,승용,남,37세,상해없음,승용,남,31세,경상
2020100900100400,2020년 10월 9일 17시,금요일,경상북도 구미시 고아읍,중상사고,0,1,0,0,차대차 - 기타,안전운전불이행,건조,맑음,기타 - 기타,개인형이동수단(PM),남,64세,상해없음,자전거,남,51세,중상
2020100900100433,2020년 10월 9일 18시,금요일,경상북도 안동시 풍산읍,중상사고,0,1,0,0,차대사람 - 기타,안전운전불이행,건조,맑음,단일로 - 기타,승용,여,63세,상해없음,보행자,남,18세,중상
2020100900100434,2020년 10월 9일 18시,금요일,경상북도 영주시 영주동,중상사고,0,2,0,0,차대차 - 측면충돌,교차로운행방법위반,건조,맑음,교차로 - 교차로안,승용,남,57세,상해없음,이륜,남,50세,중상
2020100900100482,2020년 10월 9일 19시,금요일,경상북도 경산시 삼북동,중상사고,0,1,0,0,차대차 - 측면충돌,안전운전불이행,건조,맑음,교차로 - 교차로안,승용,남,30세,상해없음,이륜,남,53세,중상
2020100900100523,2020년 10월 9일 20시,금요일,경상북도 안동시 용상동,경상사고,0,0,1,0,차대사람 - 기타,보행자보호의무위반,건조,맑음,단일로 - 기타,승용,여,61세,상해없음,보행자,여,20세,경상
2020100900100524,2020년 10월 9일 20시,금요일,경상북도 영주시 가흥동,경상사고,0,0,1,0,차대사람 - 기타,안전운전불이행,건조,맑음,단일로 - 기타,승용,여,68세,상해없음,보행자,남,42세,경상
2020100900100548,2020년 10월 9일 21시,금요일,경상북도 경주시 황성동,중상사고,0,1,0,0,차대사람 - 기타,안전운전불이행,건조,맑음,교차로 - 교차로부근,승용,남,62세,상해없음,보행자,여,41세,중상
2020100900100549,2020년 10월 9일 21시,금요일,경상북도 구미시 오태동,경상사고,0,0,1,0,차대차 - 측면충돌,교차로운행방법위반,건조,맑음,교차로 - 교차로안,승용,남,65세,상해없음,승용,남,64세,경상
2020100900100550,2020년 10월 9일 21시,금요일,경상북도 구미시 봉곡동,경상사고,0,0,5,0,차대차 - 측면충돌,직진우회전진행방해,건조,맑음,교차로 - 교차로안,화물,여,55세,경상,승용,남,49세,경상
2020100900100591,2020년 10월 9일 23시,금요일,경상북도 안동시 용상동,경상사고,0,0,1,0,차대차 - 추돌,안전운전불이행,건조,맑음,단일로 - 기타,승용,남,26세,상해없음,승용,남,46세,경상
2020100900100592,2020년 10월 9일 23시,금요일,경상북도 경산시 진량읍,중상사고,0,1,0,0,차대사람 - 횡단중,신호위반,건조,맑음,단일로 - 기타,이륜,남,22세,상해없음,보행자,여,63세,중상
2020101000100024,2020년 10월 10일 01시,토요일,경상북도 성주군 선남면,경상사고,0,0,1,0,차대차 - 추돌,안전운전불이행,건조,맑음,교차로 - 교차로안,승용,남,64세,상해없음,승용,남,42세,경상
2020101000100033,2020년 10월 10일 02시,토요일,경상북도 안동시 옥동,경상사고,0,0,4,0,차대차 - 후진중충돌,안전운전불이행,건조,맑음,교차로 - 교차로부근,승용,남,22세,상해없음,승용,남,19세,경상
2020101000100041,2020년 10월 10일 03시,토요일,경상북도 포항시 북구 덕산동,경상사고,0,0,2,0,차대차 - 측면충돌,신호위반,건조,맑음,교차로 - 교차로안,승용,남,54세,경상,승용,여,50세,경상
2020101000100083,2020년 10월 10일 07시,토요일,경상북도 예천군 호명면,중상사고,0,1,0,0,차대차 - 측면충돌,안전운전불이행,건조,맑음,단일로 - 기타,화물,남,80세,상해없음,승용,여,55세,중상
2020101000100084,2020년 10월 10일 07시,토요일,경상북도 구미시 선기동,경상사고,0,0,1,0,차대차 - 기타,기타,건조,맑음,교차로 - 교차로부근,승용,남,58세,상해없음,화물,남,55세,경상
2020101000100099,2020년 10월 10일 08시,토요일,경상북도 영양군 영양읍,경상사고,0,0,1,0,차대차 - 후진중충돌,불법유턴,건조,맑음,단일로 - 기타,화물,남,62세,상해없음,승용,남,71세,경상
2020101000100100,2020년 10월 10일 08시,토요일,경상북도 구미시 선산읍,중상사고,0,2,0,1,차대차 - 기타,안전운전불이행,건조,맑음,교차로 - 교차로안,승용,남,45세,부상신고,승용,남,53세,중상
2020101000100101,2020년 10월 10일 08시,토요일,경상북도 포항시 남구 대도동,중상사고,0,1,2,0,차대차 - 측면충돌,직진우회전진행방해,건조,맑음,교차로 - 교차로안,승용,여,57세,경상,승용,남,69세,경상
2020101000100146,2020년 10월 10일 10시,토요일,경상북도 안동시 정하동,경상사고,0,0,1,0,차대차 - 측면충돌,신호위반,건조,맑음,교차로 - 교차로안,승용,남,63세,상해없음,화물,남,77세,경상
2020101000100148,2020년 10월 10일 10시,토요일,경상북도 포항시 남구 상도동,경상사고,0,0,2,0,차대차 - 추돌,안전운전불이행,건조,맑음,단일로 - 기타,승용,남,30세,상해없음,승용,여,46세,경상
2020101000100149,2020년 10월 10일 10시,토요일,경상북도 포항시 남구 대송면,중상사고,0,1,1,0,차대차 - 측면충돌,안전운전불이행,건조,맑음,교차로 - 교차로안,승용,남,51세,경상,승용,여,61세,중상
2020101000100150,2020년 10월 10일 10시,토요일,경상북도 포항시 남구 청림동,경상사고,0,0,2,0,차대차 - 정면충돌,직진우회전진행방해,건조,맑음,교차로 - 교차로안,이륜,남,39세,경상,승용,남,27세,경상
2020101000100189,2020년 10월 10일 11시,토요일,경상북도 안동시 옥야동,중상사고,0,1,0,0,차대차 - 측면충돌,신호위반,건조,맑음,단일로 - 기타,승용,여,66세,상해없음,승용,여,31세,중상
2020101000100190,2020년 10월 10일 11시,토요일,경상북도 김천시 남산동,경상사고,0,0,2,0,차대차 - 측면충돌,안전운전불이행,건조,맑음,교차로 - 교차로부근,승용,남,57세,상해없음,승용,남,49세,경상
2020101000100191,2020년 10월 10일 11시,토요일,경상북도 봉화군 봉화읍,중상사고,0,1,1,0,차대차 - 추돌,안전운전불이행,건조,맑음,단일로 - 기타,화물,남,57세,경상,승용,여,52세,중상
2020101000100192,2020년 10월 10일 11시,토요일,경상북도 성주군 수륜면,중상사고,0,1,0,0,차대사람 - 기타,기타,건조,맑음,단일로 - 기타,승용,여,61세,상해없음,보행자,여,73세,중상
2020101000100220,2020년 10월 10일 12시,토요일,경상북도 포항시 북구 신광면,경상사고,0,0,1,0,차대차 - 기타,중앙선침범,건조,맑음,단일로 - 기타,승용,남,23세,상해없음,화물,여,65세,상해없음
2020101000100221,2020년 10월 10일 12시,토요일,경상북도 의성군 의성읍,경상사고,0,0,1,0,차대차 - 추돌,중앙선침범,건조,맑음,단일로 - 기타,승용,남,49세,경상,화물,남,59세,상해없음
2020101000100222,2020년 10월 10일 12시,토요일,경상북도 영천시 임고면,경상사고,0,0,2,0,차대차 - 측면충돌,안전운전불이행,건조,맑음,교차로 - 교차로부근,승용,남,28세,상해없음,화물,남,73세,경상
2020101000100223,2020년 10월 10일 12시,토요일,경상북도 포항시 남구 연일읍,경상사고,0,0,1,0,차대차 - 기타,안전운전불이행,건조,맑음,단일로 - 기타,화물,남,53세,상해없음,자전거,여,64세,경상
2020101000100265,2020년 10월 10일 13시,토요일,경상북도 경주시 황성동,경상사고,0,0,1,0,차대차 - 측면충돌,안전운전불이행,건조,맑음,기타 - 기타,승용,남,56세,상해없음,자전거,남,55세,경상
2020101000100266,2020년 10월 10일 13시,토요일,경상북도 김천시 아포읍,중상사고,0,1,0,0,차대사람 - 차도통행중,안전운전불이행,건조,맑음,기타 - 기타,승용,남,34세,상해없음,보행자,남,3세,중상
2020101000100267,2020년 10월 10일 13시,토요일,경상북도 경산시 중방동,경상사고,0,0,1,0,차대차 - 후진중충돌,안전운전불이행,건조,맑음,교차로 - 교차로안,승용,남,29세,상해없음,화물,남,59세,경상
2020101000100309,2020년 10월 10일 14시,토요일,경상북도 포항시 북구 남빈동,경상사고,0,0,2,0,차대차 - 측면충돌,직진우회전진행방해,건조,맑음,단일로 - 기타,승용,남,62세,상해없음,승용,남,49세,경상
2020101000100310,2020년 10월 10일 14시,토요일,경상북도 상주시 공성면,경상사고,0,0,3,0,차대차 - 측면충돌,안전운전불이행,건조,맑음,단일로 - 기타,화물,남,58세,상해없음,화물,남,53세,경상
2020101000100345,2020년 10월 10일 15시,토요일,경상북도 의성군 단북면,경상사고,0,0,1,0,차대차 - 측면충돌,안전운전불이행,건조,맑음,단일로 - 기타,화물,남,55세,상해없음,승용,남,62세,경상
2020101000100346,2020년 10월 10일 15시,토요일,경상북도 영천시 완산동,경상사고,0,0,1,0,차대사람 - 기타,보행자보호의무위반,건조,맑음,교차로 - 교차로부근,화물,남,49세,상해없음,보행자,여,57세,경상
2020101000100347,2020년 10월 10일 15시,토요일,경상북도 경산시 하양읍,경상사고,0,0,1,0,차대차 - 추돌,안전운전불이행,건조,맑음,단일로 - 고가도로위,화물,남,46세,기타불명,승용,남,55세,경상
2020101000100387,2020년 10월 10일 16시,토요일,경상북도 경주시 외동읍,경상사고,0,0,1,0,차대차 - 측면충돌,안전운전불이행,건조,맑음,단일로 - 기타,화물,남,62세,상해없음,이륜,남,46세,경상
2020101000100388,2020년 10월 10일 16시,토요일,경상북도 안동시 옥동,중상사고,0,1,1,0,차대사람 - 횡단중,신호위반,건조,맑음,교차로 - 교차로안,승용,여,51세,경상,보행자,여,78세,중상
2020101000100389,2020년 10월 10일 16시,토요일,경상북도 포항시 남구 송도동,경상사고,0,0,1,0,차대차 - 기타,안전거리미확보,건조,맑음,단일로 - 기타,이륜,남,54세,경상,승용,여,28세,상해없음
2020101000100428,2020년 10월 10일 17시,토요일,경상북도 영주시 봉현면,경상사고,0,0,2,0,차대차 - 추돌,안전운전불이행,건조,맑음,기타 - 기타,승용,남,51세,상해없음,승용,남,37세,경상
2020101000100429,2020년 10월 10일 17시,토요일,경상북도 경산시 대동,중상사고,0,1,0,0,차대사람 - 기타,기타,건조,맑음,단일로 - 기타,승합,남,49세,기타불명,보행자,여,50세,중상
2020101000100430,2020년 10월 10일 17시,토요일,경상북도 성주군 대가면,경상사고,0,0,2,0,차대차 - 추돌,안전운전불이행,건조,맑음,단일로 - 기타,화물,남,34세,상해없음,승용,여,55세,경상
2020101000100431,2020년 10월 10일 17시,토요일,경상북도 구미시 장천면,경상사고,0,0,1,0,차량단독 - 기타,안전운전불이행,건조,맑음,단일로 - 기타,이륜,남,73세,경상,,,,
2020101000100470,2020년 10월 10일 18시,토요일,경상북도 영주시 휴천동,중상사고,0,1,0,0,차대차 - 기타,안전운전불이행,건조,맑음,교차로 - 교차로안,승용,남,57세,상해없음,자전거,남,67세,중상
2020101000100471,2020년 10월 10일 18시,토요일,경상북도 청도군 운문면,경상사고,0,0,1,0,차대사람 - 횡단중,안전운전불이행,건조,맑음,교차로 - 교차로안,화물,남,53세,상해없음,보행자,남,59세,경상