사고번호,사고일시,요일,시군구,사고내용,사망자수,중상자수,경상자수,부상신고자수,사고유형,법규위반,노면상태,기상상태,도로형태,가해운전자 차종,가해운전자 성별,가해운전자 연령,가해운전자 상해정도,피해운전자 차종,피해운전자 성별,피해운전자 연령,피해운전자 상해정도
2020101000100472,2020년 10월 10일 18시,토요일,경상북도 구미시 옥계동,경상사고,0,0,1,0,차대차 - 기타,안전운전불이행,건조,맑음,단일로 - 기타,이륜,남,40세,상해없음,승용,남,33세,경상
2020101000100507,2020년 10월 10일 19시,토요일,경상북도 구미시 옥계동,경상사고,0,0,1,0,차대차 - 측면충돌,교차로운행방법위반,건조,맑음,교차로 - 교차로안,승용,남,66세,상해없음,이륜,남,28세,경상
2020101000100536,2020년 10월 10일 20시,토요일,경상북도 영천시 화북면,사망사고,1,0,0,0,차량단독 - 공작물충돌,안전운전불이행,건조,맑음,교차로 - 교차로부근,승용,여,62세,사망,,,,
2020101000100537,2020년 10월 10일 20시,토요일,경상북도 경산시 진량읍,중상사고,0,1,0,0,차대사람 - 횡단중,안전운전불이행,건조,맑음,단일로 - 기타,이륜,남,20세,상해없음,보행자,여,46세,중상
2020101000100554,2020년 10월 10일 21시,토요일,경상북도 안동시 옥동,경상사고,0,0,1,0,차대차 - 기타,기타,건조,맑음,교차로 - 교차로안,원동기,여,17세,경상,승용,남,34세,상해없음
2020101000100555,2020년 10월 10일 21시,토요일,경상북도 영주시 휴천동,경상사고,0,0,1,0,차대차 - 기타,차로위반,건조,맑음,교차로 - 교차로안,승용,남,58세,상해없음,이륜,남,49세,경상
2020101000100588,2020년 10월 10일 23시,토요일,경상북도 포항시 남구 해도동,중상사고,0,1,0,0,차대차 - 측면충돌,안전거리미확보,건조,맑음,단일로 - 기타,승용,남,70세,상해없음,이륜,남,61세,중상
2020101100100022,2020년 10월 11일 01시,일요일,경상북도 상주시 만산동,경상사고,0,0,4,0,차량단독 - 공작물충돌,안전운전불이행,건조,맑음,단일로 - 기타,승용,남,59세,경상,,,,
2020101100100067,2020년 10월 11일 06시,일요일,경상북도 구미시 임수동,경상사고,0,0,2,0,차대차 - 기타,안전운전불이행,건조,맑음,교차로 - 교차로부근,승용,남,39세,상해없음,승용,남,29세,경상
2020101100100078,2020년 10월 11일 08시,일요일,경상북도 경산시 와촌면,중상사고,0,1,0,0,차대차 - 추돌,안전거리미확보,건조,맑음,교차로 - 교차로안,승용,남,46세,상해없음,이륜,남,34세,중상
2020101100100092,2020년 10월 11일 09시,일요일,경상북도 영덕군 영해면,경상사고,0,0,2,1,차대차 - 측면충돌,교차로운행방법위반,건조,맑음,교차로 - 교차로안,승용,남,59세,부상신고,승용,남,72세,경상
2020101100100139,2020년 10월 11일 11시,일요일,경상북도 경주시 강동면,중상사고,0,1,0,0,차대차 - 측면충돌,안전운전불이행,건조,맑음,교차로 - 교차로부근,승용,여,53세,상해없음,이륜,남,76세,중상
2020101100100140,2020년 10월 11일 11시,일요일,경상북도 김천시 지좌동,경상사고,0,0,1,1,차대사람 - 차도통행중,안전운전불이행,건조,맑음,단일로 - 기타,승용,여,33세,경상,보행자,남,38세,부상신고
2020101100100141,2020년 10월 11일 11시,일요일,경상북도 영천시 금호읍,중상사고,0,1,0,0,차대사람 - 기타,안전운전불이행,건조,맑음,단일로 - 기타,승용,여,55세,상해없음,보행자,여,70세,중상
2020101100100142,2020년 10월 11일 11시,일요일,경상북도 구미시 옥계동,중상사고,0,1,0,0,차대차 - 기타,안전운전불이행,건조,맑음,교차로 - 교차로안,승용,남,60세,상해없음,승용,남,30세,중상
2020101100100191,2020년 10월 11일 13시,일요일,경상북도 의성군 의성읍,경상사고,0,0,1,0,차대사람 - 보도통행중,기타,건조,맑음,교차로 - 교차로안,승용,남,29세,상해없음,보행자,남,50세,경상
2020101100100192,2020년 10월 11일 13시,일요일,경상북도 포항시 남구 대잠동,중상사고,0,1,0,0,차대차 - 기타,안전운전불이행,건조,맑음,교차로 - 교차로안,승용,남,64세,상해없음,이륜,남,51세,중상
2020101100100193,2020년 10월 11일 13시,일요일,경상북도 포항시 남구 구룡포읍,중상사고,0,1,2,0,차대차 - 측면충돌,직진우회전진행방해,건조,맑음,교차로 - 교차로안,승용,여,62세,경상,승용,남,65세,경상
2020101100100259,2020년 10월 11일 15시,일요일,경상북도 안동시 길안면,중상사고,0,2,0,0,차량단독 - 공작물충돌,안전운전불이행,건조,맑음,단일로 - 기타,화물,남,61세,중상,,,,
2020101100100260,2020년 10월 11일 15시,일요일,경상북도 구미시 진평동,경상사고,0,0,1,0,차대차 - 기타,안전운전불이행,건조,맑음,교차로 - 교차로안,승용,남,27세,상해없음,승용,여,47세,경상
2020101100100295,2020년 10월 11일 16시,일요일,경상북도 영천시 망정동,중상사고,0,2,2,0,차대차 - 측면충돌,과속,건조,맑음,교차로 - 교차로부근,이륜,남,32세,중상,승용,남,61세,경상
2020101100100296,2020년 10월 11일 16시,일요일,경상북도 군위군 부계면,경상사고,0,0,1,0,차량단독 - 전도전복 - 전도,안전운전불이행,건조,맑음,단일로 - 기타,사륜오토바이(ATV),남,68세,경상,,,,
2020101100100331,2020년 10월 11일 17시,일요일,경상북도 경주시 노동동,부상신고사고,0,0,0,1,차량단독 - 기타,안전운전불이행,건조,맑음,단일로 - 기타,원동기,남,13세,상해없음,,,,
2020101100100332,2020년 10월 11일 17시,일요일,경상북도 영주시 문정동,경상사고,0,0,1,0,차대차 - 기타,안전거리미확보,건조,맑음,교차로 - 교차로부근,화물,남,61세,상해없음,승용,남,41세,경상
2020101100100356,2020년 10월 11일 18시,일요일,경상북도 칠곡군 왜관읍,부상신고사고,0,0,0,4,차대차 - 측면충돌,직진우회전진행방해,건조,맑음,교차로 - 교차로안,승용,남,47세,부상신고,승용,남,45세,부상신고
2020101100100357,2020년 10월 11일 18시,일요일,경상북도 경산시 대정동,경상사고,0,0,1,0,차대차 - 추돌,안전운전불이행,건조,맑음,단일로 - 기타,승용,남,47세,상해없음,자전거,남,75세,경상
2020101100100358,2020년 10월 11일 18시,일요일,경상북도 경산시 대정동,중상사고,0,1,0,0,차대사람 - 기타,안전운전불이행,건조,맑음,단일로 - 기타,승용,여,53세,상해없음,보행자,남,75세,중상
2020101100100359,2020년 10월 11일 18시,일요일,경상북도 구미시 봉곡동,경상사고,0,0,2,0,차대차 - 기타,안전운전불이행,건조,맑음,교차로 - 교차로부근,승용,여,38세,상해없음,승용,남,40세,경상
2020101100100393,2020년 10월 11일 19시,일요일,경상북도 포항시 북구 우현동,경상사고,0,0,1,0,차대차 - 기타,안전운전불이행,건조,맑음,단일로 - 기타,승용,여,36세,상해없음,승합,남,63세,경상
2020101100100428,2020년 10월 11일 20시,일요일,경상북도 안동시 동부동,중상사고,0,1,0,0,차대사람 - 기타,보행자보호의무위반,건조,맑음,단일로 - 기타,승용,남,74세,상해없음,보행자,여,69세,중상
2020101200100032,2020년 10월 12일 04시,월요일,경상북도 구미시 구포동,경상사고,0,0,1,0,차량단독 - 공작물충돌,안전운전불이행,건조,맑음,단일로 - 기타,승용,여,26세,상해없음,,,,
2020101200100078,2020년 10월 12일 07시,월요일,경상북도 포항시 북구 용흥동,경상사고,0,0,1,0,차대차 - 측면충돌,차로위반,건조,맑음,단일로 - 기타,승용,여,23세,상해없음,승용,여,57세,경상
2020101200100079,2020년 10월 12일 07시,월요일,경상북도 청도군 이서면,중상사고,0,1,1,0,차대차 - 기타,안전운전불이행,건조,맑음,단일로 - 기타,건설기계,남,60세,경상,승용,남,43세,상해없음
2020101200100119,2020년 10월 12일 08시,월요일,경상북도 포항시 북구 흥해읍,중상사고,0,1,0,0,차대차 - 추돌,안전거리미확보,건조,맑음,단일로 - 기타,승용,여,48세,상해없음,승용,남,33세,중상
2020101200100120,2020년 10월 12일 08시,월요일,경상북도 상주시 화서면,중상사고,0,1,2,0,차대차 - 추돌,안전운전불이행,건조,맑음,교차로 - 교차로안,화물,남,58세,경상,화물,남,67세,중상
2020101200100121,2020년 10월 12일 08시,월요일,경상북도 의성군 단북면,경상사고,0,0,1,0,차량단독 - 도로외이탈 - 추락,안전운전불이행,건조,맑음,단일로 - 기타,화물,남,47세,경상,,,,
2020101200100122,2020년 10월 12일 08시,월요일,경상북도 구미시 임수동,경상사고,0,0,1,0,차대차 - 기타,안전운전불이행,건조,맑음,교차로 - 교차로횡단보도내,승용,남,33세,상해없음,자전거,여,62세,경상
2020101200100123,2020년 10월 12일 08시,월요일,경상북도 구미시 봉곡동,부상신고사고,0,0,0,1,차대차 - 추돌,안전거리미확보,건조,맑음,단일로 - 기타,승용,여,26세,상해없음,승용,남,60세,부상신고
2020101200100165,2020년 10월 12일 09시,월요일,경상북도 김천시 삼락동,중상사고,0,1,0,0,차대차 - 측면충돌,교차로운행방법위반,건조,맑음,교차로 - 교차로안,승용,남,29세,상해없음,승용,여,47세,중상
2020101200100166,2020년 10월 12일 09시,월요일,경상북도 영천시 북안면,경상사고,0,0,2,0,차대차 - 측면충돌,안전운전불이행,건조,맑음,교차로 - 교차로부근,건설기계,남,55세,상해없음,농기계,남,81세,경상
2020101200100167,2020년 10월 12일 09시,월요일,경상북도 포항시 남구 대송면,경상사고,0,0,2,0,차대차 - 측면충돌,안전운전불이행,건조,맑음,단일로 - 기타,특수,남,62세,상해없음,승용,여,48세,경상
2020101200100202,2020년 10월 12일 10시,월요일,경상북도 김천시 개령면,경상사고,0,0,1,0,차대차 - 측면충돌,중앙선침범,건조,맑음,단일로 - 기타,화물,남,76세,상해없음,승용,여,63세,경상
2020101200100237,2020년 10월 12일 11시,월요일,경상북도 경주시 외동읍,경상사고,0,0,3,0,차대차 - 측면충돌,안전운전불이행,건조,맑음,교차로 - 교차로부근,화물,남,37세,상해없음,승용,여,68세,경상
2020101200100238,2020년 10월 12일 11시,월요일,경상북도 상주시 남성동,중상사고,0,1,0,0,차대차 - 측면충돌,직진우회전진행방해,건조,맑음,교차로 - 교차로안,승용,남,66세,상해없음,승용,남,43세,상해없음
2020101200100239,2020년 10월 12일 11시,월요일,경상북도 의성군 의성읍,중상사고,0,2,0,0,차대사람 - 기타,안전운전불이행,건조,맑음,기타 - 기타,승용,남,81세,상해없음,보행자,여,49세,중상
2020101200100240,2020년 10월 12일 11시,월요일,경상북도 구미시 광평동,경상사고,0,0,1,0,차대사람 - 기타,기타,건조,맑음,단일로 - 기타,화물,남,50세,상해없음,보행자,남,31세,경상
2020101200100241,2020년 10월 12일 11시,월요일,경상북도 구미시 도량동,경상사고,0,0,1,0,차대차 - 기타,신호위반,건조,맑음,교차로 - 교차로부근,승용,남,76세,상해없음,자전거,남,51세,경상
2020101200100275,2020년 10월 12일 12시,월요일,경상북도 김천시 조마면,경상사고,0,0,2,0,차대차 - 측면충돌,안전운전불이행,건조,맑음,교차로 - 교차로부근,건설기계,남,40세,상해없음,화물,남,70세,경상
2020101200100276,2020년 10월 12일 12시,월요일,경상북도 칠곡군 지천면,중상사고,0,2,0,0,차대차 - 추돌,안전운전불이행,건조,맑음,단일로 - 기타,화물,남,57세,중상,화물,남,51세,중상
2020101200100277,2020년 10월 12일 12시,월요일,경상북도 경산시 임당동,경상사고,0,0,2,0,차대차 - 정면충돌,교차로운행방법위반,건조,맑음,교차로 - 교차로안,승용,남,38세,상해없음,이륜,남,22세,경상
2020101200100311,2020년 10월 12일 13시,월요일,경상북도 안동시 금곡동,경상사고,0,0,1,0,차대차 - 측면충돌,안전운전불이행,건조,맑음,단일로 - 기타,이륜,남,25세,경상,승용,남,72세,상해없음
2020101200100312,2020년 10월 12일 13시,월요일,경상북도 봉화군 봉화읍,중상사고,0,1,0,1,차대차 - 측면충돌,안전운전불이행,건조,맑음,단일로 - 기타,승용,여,71세,부상신고,화물,남,57세,중상
2020101200100345,2020년 10월 12일 14시,월요일,경상북도 경산시 남산면,경상사고,0,0,1,0,차대차 - 측면충돌,중앙선침범,건조,맑음,단일로 - 기타,승용,남,29세,상해없음,승용,여,27세,경상
2020101200100347,2020년 10월 12일 14시,월요일,경상북도 구미시 고아읍,경상사고,0,0,2,0,차대차 - 기타,안전운전불이행,건조,맑음,단일로 - 기타,화물,남,70세,경상,승용,여,35세,경상
2020101200100403,2020년 10월 12일 15시,월요일,경상북도 칠곡군 왜관읍,경상사고,0,0,7,0,차대차 - 추돌,안전운전불이행,건조,맑음,단일로 - 기타,승용,남,72세,상해없음,승용,여,34세,경상
2020101200100404,2020년 10월 12일 15시,월요일,경상북도 포항시 남구 구룡포읍,경상사고,0,0,2,0,차대차 - 측면충돌,안전운전불이행,건조,맑음,교차로 - 교차로부근,승용,남,75세,경상,화물,남,46세,경상
2020101200100442,2020년 10월 12일 16시,월요일,경상북도 경주시 노서동,중상사고,0,1,0,0,차대사람 - 횡단중,신호위반,건조,맑음,단일로 - 기타,승용,여,68세,상해없음,보행자,여,64세,중상
2020101200100443,2020년 10월 12일 16시,월요일,경상북도 포항시 북구 장성동,경상사고,0,0,1,0,차대차 - 측면충돌,직진우회전진행방해,건조,맑음,교차로 - 교차로안,이륜,남,30세,상해없음,승용,여,46세,경상
2020101200100444,2020년 10월 12일 16시,월요일,경상북도 영천시 문외동,경상사고,0,0,1,0,차대차 - 측면충돌,안전운전불이행,건조,맑음,교차로 - 교차로안,승용,남,33세,상해없음,승용,여,54세,경상
2020101200100445,2020년 10월 12일 16시,월요일,경상북도 구미시 송정동,경상사고,0,0,1,0,차대차 - 추돌,안전운전불이행,건조,맑음,교차로 - 교차로부근,승용,여,19세,상해없음,승용,여,32세,경상
2020101200100493,2020년 10월 12일 17시,월요일,경상북도 안동시 송현동,중상사고,0,1,2,0,차대차 - 정면충돌,안전운전불이행,건조,맑음,교차로 - 교차로안,승용,남,52세,경상,승용,남,63세,경상
2020101200100494,2020년 10월 12일 17시,월요일,경상북도 김천시 감호동,경상사고,0,0,1,0,차대차 - 추돌,안전운전불이행,건조,맑음,교차로 - 교차로부근,승용,남,81세,상해없음,승용,남,55세,경상
2020101200100495,2020년 10월 12일 17시,월요일,경상북도 칠곡군 약목면,경상사고,0,0,2,0,차대차 - 추돌,안전운전불이행,건조,맑음,교차로 - 교차로안,화물,남,53세,상해없음,승용,남,38세,경상
2020101200100496,2020년 10월 12일 17시,월요일,경상북도 성주군 성주읍,경상사고,0,0,5,0,차대차 - 기타,안전운전불이행,건조,맑음,단일로 - 기타,승용,남,71세,경상,승용,여,34세,경상
2020101200100553,2020년 10월 12일 18시,월요일,경상북도 포항시 북구 두호동,경상사고,0,0,1,0,차대차 - 측면충돌,차로위반,건조,맑음,단일로 - 기타,승용,남,63세,상해없음,이륜,남,19세,경상
2020101200100554,2020년 10월 12일 18시,월요일,경상북도 칠곡군 북삼읍,중상사고,0,1,0,0,차대사람 - 기타,기타,건조,맑음,단일로 - 기타,화물,남,60세,상해없음,보행자,남,15세,중상
2020101200100555,2020년 10월 12일 18시,월요일,경상북도 칠곡군 약목면,경상사고,0,0,1,0,차대차 - 측면충돌,안전운전불이행,건조,맑음,단일로 - 기타,화물,남,25세,상해없음,승용,여,62세,경상
2020101200100556,2020년 10월 12일 18시,월요일,경상북도 경산시 중방동,중상사고,0,1,0,0,차대차 - 정면충돌,중앙선침범,건조,맑음,단일로 - 기타,화물,남,49세,상해없음,자전거,남,55세,중상
2020101200100557,2020년 10월 12일 18시,월요일,경상북도 구미시 구평동,경상사고,0,0,2,0,차대차 - 추돌,안전운전불이행,건조,맑음,단일로 - 기타,승용,남,59세,상해없음,승용,여,54세,경상
2020101200100558,2020년 10월 12일 18시,월요일,경상북도 구미시 진평동,경상사고,0,0,1,0,차대차 - 측면충돌,안전운전불이행,건조,맑음,단일로 - 기타,승용,남,32세,기타불명,승용,여,31세,경상
2020101200100610,2020년 10월 12일 19시,월요일,경상북도 경주시 황성동,중상사고,0,1,0,0,차대사람 - 횡단중,보행자보호의무위반,건조,맑음,교차로 - 교차로횡단보도내,이륜,남,16세,상해없음,보행자,여,25세,중상
2020101200100611,2020년 10월 12일 19시,월요일,경상북도 포항시 북구 흥해읍,경상사고,0,0,1,0,차대차 - 기타,안전운전불이행,건조,맑음,교차로 - 교차로안,승용,여,52세,상해없음,건설기계,남,52세,경상
2020101200100642,2020년 10월 12일 20시,월요일,경상북도 경주시 노동동,경상사고,0,0,2,1,차대차 - 추돌,안전거리미확보,건조,맑음,교차로 - 교차로안,승용,남,73세,부상신고,승용,남,31세,경상
2020101200100643,2020년 10월 12일 20시,월요일,경상북도 포항시 북구 흥해읍,중상사고,0,2,4,0,차대차 - 측면충돌,신호위반,건조,맑음,교차로 - 교차로안,승용,남,20세,경상,승용,남,37세,경상
2020101200100644,2020년 10월 12일 20시,월요일,경상북도 구미시 임은동,경상사고,0,0,1,0,차대차 - 기타,교차로운행방법위반,건조,맑음,단일로 - 기타,승용,남,22세,상해없음,승용,남,34세,경상
2020101200100692,2020년 10월 12일 23시,월요일,경상북도 경산시 하양읍,경상사고,0,0,1,0,차대차 - 측면충돌,안전운전불이행,건조,맑음,교차로 - 교차로부근,승용,여,34세,상해없음,승용,남,28세,경상
2020101200100693,2020년 10월 12일 23시,월요일,경상북도 성주군 월항면,경상사고,0,0,2,0,차량단독 - 공작물충돌,안전운전불이행,건조,맑음,교차로 - 교차로안,승용,여,21세,경상,,,,
2020101300100005,2020년 10월 13일 00시,화요일,경상북도 포항시 북구 죽도동,경상사고,0,0,1,0,차대사람 - 기타,보행자보호의무위반,건조,맑음,교차로 - 교차로부근,승용,남,62세,상해없음,보행자,남,19세,경상
2020101300100018,2020년 10월 13일 01시,화요일,경상북도 경산시 서상동,중상사고,0,1,0,0,차대차 - 측면충돌,신호위반,건조,맑음,교차로 - 교차로안,승용,남,47세,상해없음,이륜,남,39세,중상
2020101300100064,2020년 10월 13일 07시,화요일,경상북도 영주시 휴천동,중상사고,0,1,0,0,차대사람 - 횡단중,보행자보호의무위반,건조,맑음,교차로 - 교차로안,승용,여,45세,상해없음,보행자,여,68세,중상
2020101300100065,2020년 10월 13일 07시,화요일,경상북도 경산시 압량면,경상사고,0,0,1,0,차대사람 - 기타,안전운전불이행,건조,맑음,단일로 - 기타,승용,남,58세,상해없음,보행자,남,58세,경상
2020101300100107,2020년 10월 13일 08시,화요일,경상북도 상주시 화서면,경상사고,0,0,1,0,차대차 - 측면충돌,신호위반,건조,맑음,교차로 - 교차로안,화물,여,69세,상해없음,승용,여,48세,경상
2020101300100108,2020년 10월 13일 08시,화요일,경상북도 영천시 야사동,경상사고,0,0,1,0,차대차 - 정면충돌,안전운전불이행,건조,맑음,주차장 - 주차장,승용,남,30세,상해없음,자전거,남,12세,경상
2020101300100139,2020년 10월 13일 09시,화요일,경상북도 경주시 서면,중상사고,0,1,0,0,차대사람 - 기타,안전운전불이행,건조,맑음,단일로 - 교량,화물,남,43세,상해없음,보행자,여,95세,중상
2020101300100140,2020년 10월 13일 09시,화요일,경상북도 포항시 북구 죽도동,경상사고,0,0,2,0,차대차 - 추돌,안전거리미확보,건조,맑음,단일로 - 기타,승용,여,39세,상해없음,승용,남,68세,경상
2020101300100141,2020년 10월 13일 09시,화요일,경상북도 영덕군 강구면,경상사고,0,0,1,0,차대차 - 측면충돌,안전거리미확보,건조,맑음,단일로 - 기타,건설기계,남,51세,상해없음,승용,남,49세,경상
2020101300100170,2020년 10월 13일 10시,화요일,경상북도 포항시 북구 우현동,사망사고,1,0,0,0,차대차 - 측면충돌,중앙선침범,건조,맑음,교차로 - 교차로부근,승용,여,58세,상해없음,이륜,남,37세,사망
2020101300100171,2020년 10월 13일 10시,화요일,경상북도 김천시 평화동,경상사고,0,0,1,0,차대사람 - 보도통행중,신호위반,건조,맑음,교차로 - 교차로횡단보도내,화물,남,52세,상해없음,보행자,남,65세,경상
2020101300100172,2020년 10월 13일 10시,화요일,경상북도 상주시 모서면,중상사고,0,1,0,0,차대차 - 측면충돌,교차로운행방법위반,건조,맑음,교차로 - 교차로안,승용,남,86세,상해없음,이륜,남,75세,중상
2020101300100173,2020년 10월 13일 10시,화요일,경상북도 상주시 공성면,중상사고,0,1,0,0,차대사람 - 기타,안전운전불이행,건조,맑음,단일로 - 기타,승용,여,41세,상해없음,보행자,남,60세,중상
2020101300100174,2020년 10월 13일 10시,화요일,경상북도 칠곡군 왜관읍,경상사고,0,0,2,0,차대차 - 측면충돌,안전운전불이행,건조,맑음,교차로 - 교차로안,승용,여,52세,경상,승용,남,62세,경상
2020101300100175,2020년 10월 13일 10시,화요일,경상북도 구미시 형곡동,경상사고,0,0,2,0,차대차 - 기타,안전운전불이행,건조,맑음,교차로 - 교차로안,승용,남,60세,상해없음,승용,여,38세,경상
2020101300100215,2020년 10월 13일 11시,화요일,경상북도 포항시 북구 항구동,중상사고,0,1,0,0,차대차 - 측면충돌,신호위반,건조,맑음,교차로 - 교차로안,화물,남,61세,상해없음,자전거,여,75세,중상
2020101300100216,2020년 10월 13일 11시,화요일,경상북도 포항시 북구 항구동,경상사고,0,0,1,0,차대차 - 측면충돌,신호위반,건조,맑음,교차로 - 교차로안,승용,남,43세,상해없음,승용,남,65세,경상
2020101300100217,2020년 10월 13일 11시,화요일,경상북도 문경시 문경읍,중상사고,0,1,0,0,차대차 - 기타,안전운전불이행,건조,맑음,주차장 - 주차장,승용,남,55세,상해없음,승용,여,60세,중상
2020101300100246,2020년 10월 13일 12시,화요일,경상북도 포항시 남구 해도동,경상사고,0,0,1,0,차대차 - 측면충돌,안전운전불이행,건조,맑음,단일로 - 기타,자전거,남,86세,경상,승용,여,37세,상해없음
2020101300100247,2020년 10월 13일 12시,화요일,경상북도 포항시 남구 동촌동,경상사고,0,0,1,0,차대차 - 측면충돌,안전거리미확보,건조,맑음,단일로 - 기타,화물,남,35세,상해없음,승용,여,59세,경상
2020101300100293,2020년 10월 13일 13시,화요일,경상북도 경산시 하양읍,중상사고,0,4,4,0,차대차 - 추돌,신호위반,건조,맑음,교차로 - 교차로안,건설기계,남,52세,중상,화물,남,49세,경상
2020101300100321,2020년 10월 13일 14시,화요일,경상북도 성주군 성주읍,경상사고,0,0,2,0,차대차 - 정면충돌,안전운전불이행,건조,맑음,단일로 - 기타,승용,남,76세,상해없음,승용,남,27세,경상
2020101300100365,2020년 10월 13일 15시,화요일,경상북도 포항시 북구 죽도동,경상사고,0,0,1,0,차대사람 - 기타,안전운전불이행,건조,맑음,단일로 - 기타,기타불명,기타불명,미분류,기타불명,보행자,여,78세,경상
2020101300100366,2020년 10월 13일 15시,화요일,경상북도 영주시 휴천동,경상사고,0,0,1,0,차대차 - 측면충돌,교차로운행방법위반,건조,맑음,교차로 - 교차로안,승용,여,65세,상해없음,승용,남,61세,경상
2020101300100367,2020년 10월 13일 15시,화요일,경상북도 고령군 대가야읍,중상사고,0,1,0,0,차대차 - 기타,안전운전불이행,건조,맑음,기타 - 기타,승용,여,45세,기타불명,이륜,남,83세,중상
2020101300100402,2020년 10월 13일 16시,화요일,경상북도 경주시 외동읍,경상사고,0,0,1,0,차대차 - 측면충돌,안전운전불이행,건조,맑음,단일로 - 기타,화물,남,37세,상해없음,화물,남,52세,경상
2020101300100448,2020년 10월 13일 17시,화요일,경상북도 영주시 적서동,경상사고,0,0,2,0,차대차 - 정면충돌,교차로운행방법위반,건조,맑음,교차로 - 교차로안,승용,여,57세,경상,화물,남,55세,경상
2020101300100515,2020년 10월 13일 18시,화요일,경상북도 상주시 복룡동,경상사고,0,0,1,0,차대차 - 측면충돌,교차로운행방법위반,건조,맑음,교차로 - 교차로안,승용,남,60세,상해없음,승용,남,52세,경상
2020101300100516,2020년 10월 13일 18시,화요일,경상북도 칠곡군 왜관읍,부상신고사고,0,0,0,1,차대차 - 추돌,안전운전불이행,건조,맑음,교차로 - 교차로부근,승용,남,59세,부상신고,화물,남,52세,상해없음
2020101300100517,2020년 10월 13일 18시,화요일,경상북도 영천시 임고면,경상사고,0,0,1,0,차대차 - 측면충돌,신호위반,건조,맑음,교차로 - 교차로안,승합,여,56세,상해없음,승용,남,35세,경상
2020101300100518,2020년 10월 13일 18시,화요일,경상북도 성주군 대가면,중상사고,0,1,0,0,차대차 - 기타,안전운전불이행,건조,맑음,단일로 - 기타,화물,남,54세,상해없음,농기계,남,70세,중상
2020101300100593,2020년 10월 13일 20시,화요일,경상북도 안동시 옥동,중상사고,0,1,0,0,차대차 - 정면충돌,신호위반,건조,맑음,교차로 - 교차로안,승용,남,32세,상해없음,이륜,남,61세,중상
2020101300100620,2020년 10월 13일 21시,화요일,경상북도 경산시 옥산동,중상사고,0,1,0,0,차대사람 - 횡단중,보행자보호의무위반,건조,맑음,교차로 - 교차로횡단보도내,승용,남,30세,상해없음,보행자,여,71세,중상
2020101300100649,2020년 10월 13일 22시,화요일,경상북도 영천시 문외동,경상사고,0,0,2,1,차대차 - 측면충돌,안전운전불이행,건조,맑음,교차로 - 교차로안,화물,남,53세,기타불명,승용,여,51세,경상
2020101300100650,2020년 10월 13일 22시,화요일,경상북도 포항시 남구 오천읍,경상사고,0,0,1,0,차량단독 - 기타,기타,건조,맑음,기타 - 기타,승합,남,58세,상해없음,,,,
2020101400100007,2020년 10월 14일 00시,수요일,경상북도 포항시 북구 남빈동,중상사고,0,1,2,0,차대차 - 측면충돌,신호위반,건조,맑음,교차로 - 교차로안,화물,남,45세,상해없음,승용,여,60세,중상
2020101400100035,2020년 10월 14일 03시,수요일,경상북도 포항시 북구 양덕동,경상사고,0,0,2,0,차대차 - 기타,안전운전불이행,건조,맑음,교차로 - 교차로안,승용,남,69세,상해없음,승용,여,22세,경상
2020101400100056,2020년 10월 14일 06시,수요일,경상북도 구미시 고아읍,경상사고,0,0,1,0,차대차 - 추돌,안전거리미확보,건조,맑음,단일로 - 기타,승용,남,48세,상해없음,승용,남,42세,경상
2020101400100057,2020년 10월 14일 06시,수요일,경상북도 포항시 남구 대도동,경상사고,0,0,1,0,차대차 - 기타,직진우회전진행방해,건조,맑음,교차로 - 교차로안,자전거,남,29세,경상,승용,남,56세,상해없음
2020101400100077,2020년 10월 14일 07시,수요일,경상북도 상주시 공성면,중상사고,0,1,0,0,차대차 - 정면충돌,신호위반,건조,흐림,교차로 - 교차로안,승용,남,28세,상해없음,화물,남,62세,중상
2020101400100078,2020년 10월 14일 07시,수요일,경상북도 칠곡군 왜관읍,경상사고,0,0,4,0,차대차 - 추돌,안전거리미확보,건조,맑음,교차로 - 교차로부근,승용,남,49세,상해없음,승용,남,63세,경상
2020101400100115,2020년 10월 14일 08시,수요일,경상북도 포항시 남구 대송면,경상사고,0,0,1,0,차대차 - 기타,직진우회전진행방해,건조,맑음,교차로 - 교차로안,승용,남,56세,상해없음,승용,여,38세,경상
2020101400100144,2020년 10월 14일 09시,수요일,경상북도 포항시 북구 흥해읍,경상사고,0,0,1,0,차대차 - 측면충돌,차로위반,건조,맑음,단일로 - 기타,화물,남,61세,상해없음,승용,여,52세,경상
2020101400100145,2020년 10월 14일 09시,수요일,경상북도 칠곡군 석적읍,중상사고,0,2,0,0,차대차 - 기타,직진우회전진행방해,건조,맑음,교차로 - 교차로안,승합,남,44세,상해없음,승용,남,55세,상해없음
2020101400100146,2020년 10월 14일 09시,수요일,경상북도 영덕군 영덕읍,중상사고,0,1,0,0,차대차 - 측면충돌,안전운전불이행,건조,맑음,단일로 - 기타,승용,남,52세,상해없음,승용,여,65세,중상