사고번호,사고일시,요일,시군구,사고내용,사망자수,중상자수,경상자수,부상신고자수,사고유형,법규위반,노면상태,기상상태,도로형태,가해운전자 차종,가해운전자 성별,가해운전자 연령,가해운전자 상해정도,피해운전자 차종,피해운전자 성별,피해운전자 연령,피해운전자 상해정도
2020101400100147,2020년 10월 14일 09시,수요일,경상북도 울진군 북면,중상사고,0,1,0,0,차대차 - 측면충돌,중앙선침범,건조,맑음,단일로 - 기타,승용,여,33세,상해없음,이륜,남,79세,중상
2020101400100177,2020년 10월 14일 10시,수요일,경상북도 경주시 신평동,중상사고,0,1,0,0,차대사람 - 길가장자리구역통행중,안전운전불이행,건조,맑음,단일로 - 기타,건설기계,남,47세,상해없음,보행자,남,38세,중상
2020101400100178,2020년 10월 14일 10시,수요일,경상북도 포항시 남구 송내동,경상사고,0,0,5,0,차대차 - 기타,교차로운행방법위반,건조,맑음,교차로 - 교차로안,화물,남,22세,경상,화물,남,51세,경상
2020101400100215,2020년 10월 14일 11시,수요일,경상북도 경주시 안강읍,경상사고,0,0,1,0,차량단독 - 기타,안전운전불이행,건조,맑음,단일로 - 지하차도(도로)내,승합,남,53세,상해없음,,,,
2020101400100216,2020년 10월 14일 11시,수요일,경상북도 의성군 의성읍,중상사고,0,1,0,0,차대차 - 추돌,안전운전불이행,건조,맑음,단일로 - 기타,화물,남,29세,상해없음,농기계,남,63세,중상
2020101400100217,2020년 10월 14일 11시,수요일,경상북도 문경시 문경읍,경상사고,0,0,2,0,차대차 - 측면충돌,직진우회전진행방해,건조,맑음,교차로 - 교차로안,승용,남,67세,경상,승용,여,60세,경상
2020101400100218,2020년 10월 14일 11시,수요일,경상북도 구미시 도량동,경상사고,0,0,1,0,차대차 - 기타,차로위반,건조,맑음,교차로 - 교차로안,화물,남,67세,상해없음,승용,남,57세,경상
2020101400100248,2020년 10월 14일 12시,수요일,경상북도 포항시 북구 흥해읍,중상사고,0,1,4,0,차대차 - 추돌,안전거리미확보,건조,맑음,교차로 - 교차로부근,승용,남,59세,상해없음,화물,남,76세,경상
2020101400100285,2020년 10월 14일 13시,수요일,경상북도 김천시 개령면,중상사고,0,1,0,0,차량단독 - 기타,기타,건조,맑음,단일로 - 기타,화물,남,55세,상해없음,,,,
2020101400100311,2020년 10월 14일 14시,수요일,경상북도 포항시 북구 덕산동,경상사고,0,0,1,0,차대차 - 기타,교차로운행방법위반,건조,맑음,교차로 - 교차로안,승용,여,69세,상해없음,승용,여,25세,경상
2020101400100312,2020년 10월 14일 14시,수요일,경상북도 안동시 남후면,중상사고,0,1,0,0,차대차 - 기타,중앙선침범,건조,맑음,단일로 - 기타,자전거,남,45세,중상,화물,남,61세,상해없음
2020101400100313,2020년 10월 14일 14시,수요일,경상북도 상주시 무양동,경상사고,0,0,1,0,차대차 - 측면충돌,안전운전불이행,건조,맑음,교차로 - 교차로부근,승용,남,43세,상해없음,자전거,남,78세,경상
2020101400100314,2020년 10월 14일 14시,수요일,경상북도 칠곡군 약목면,경상사고,0,0,2,0,차대차 - 측면충돌,안전운전불이행,건조,맑음,단일로 - 기타,건설기계,남,57세,상해없음,승용,남,59세,경상
2020101400100343,2020년 10월 14일 15시,수요일,경상북도 안동시 운흥동,경상사고,0,0,2,0,차대차 - 정면충돌,안전운전불이행,건조,맑음,기타 - 기타,개인형이동수단(PM),남,14세,경상,자전거,남,70세,경상
2020101400100344,2020년 10월 14일 15시,수요일,경상북도 포항시 남구 연일읍,경상사고,0,0,1,0,차대차 - 추돌,안전운전불이행,건조,맑음,단일로 - 교량,이륜,남,17세,경상,화물,남,54세,상해없음
2020101400100414,2020년 10월 14일 17시,수요일,경상북도 경산시 계양동,부상신고사고,0,0,0,1,차대차 - 측면충돌,신호위반,건조,맑음,교차로 - 교차로안,승용,여,54세,상해없음,승용,남,49세,상해없음
2020101400100415,2020년 10월 14일 17시,수요일,경상북도 구미시 산동면,경상사고,0,0,3,0,차대차 - 정면충돌,교차로운행방법위반,건조,맑음,교차로 - 교차로안,승용,여,48세,상해없음,승용,여,29세,경상
2020101400100416,2020년 10월 14일 17시,수요일,경상북도 포항시 남구 송도동,중상사고,0,1,0,0,차대사람 - 기타,기타,건조,맑음,단일로 - 기타,승용,남,29세,상해없음,보행자,여,62세,중상
2020101400100417,2020년 10월 14일 17시,수요일,경상북도 포항시 남구 해도동,경상사고,0,0,1,0,차대차 - 기타,안전운전불이행,건조,맑음,교차로 - 교차로부근,승용,남,55세,상해없음,이륜,남,64세,경상
2020101400100475,2020년 10월 14일 18시,수요일,경상북도 예천군 예천읍,중상사고,0,1,0,0,차대사람 - 차도통행중,안전운전불이행,건조,맑음,단일로 - 기타,승용,여,74세,상해없음,보행자,여,77세,중상
2020101400100476,2020년 10월 14일 18시,수요일,경상북도 고령군 대가야읍,중상사고,0,1,2,0,차대차 - 추돌,안전운전불이행,건조,맑음,단일로 - 기타,화물,남,42세,상해없음,화물,남,53세,경상
2020101400100477,2020년 10월 14일 18시,수요일,경상북도 구미시 상모동,경상사고,0,0,2,0,차대차 - 기타,중앙선침범,건조,맑음,교차로 - 교차로부근,승용,남,51세,상해없음,승용,여,38세,경상
2020101400100478,2020년 10월 14일 18시,수요일,경상북도 구미시 원평동,경상사고,0,0,1,0,차대차 - 기타,불법유턴,건조,맑음,단일로 - 기타,승용,남,61세,상해없음,이륜,남,50세,경상
2020101400100479,2020년 10월 14일 18시,수요일,경상북도 포항시 남구 대잠동,중상사고,0,1,1,0,차대사람 - 횡단중,보행자보호의무위반,건조,맑음,교차로 - 교차로횡단보도내,이륜,남,24세,경상,보행자,남,54세,중상
2020101400100535,2020년 10월 14일 19시,수요일,경상북도 경주시 안강읍,중상사고,0,1,0,0,차대차 - 측면충돌,중앙선침범,건조,맑음,교차로 - 교차로부근,이륜,남,61세,중상,승용,남,48세,상해없음
2020101400100536,2020년 10월 14일 19시,수요일,경상북도 포항시 북구 장성동,부상신고사고,0,0,0,1,차대차 - 측면충돌,안전운전불이행,건조,맑음,단일로 - 기타,이륜,남,36세,부상신고,승용,남,58세,기타불명
2020101400100537,2020년 10월 14일 19시,수요일,경상북도 안동시 송천동,경상사고,0,0,1,0,차대차 - 기타,안전운전불이행,건조,맑음,단일로 - 기타,기타불명,기타불명,미분류,기타불명,이륜,남,28세,경상
2020101400100538,2020년 10월 14일 19시,수요일,경상북도 경산시 남산면,중상사고,0,2,0,0,차대차 - 추돌,안전운전불이행,건조,맑음,교차로 - 교차로안,승용,남,48세,상해없음,승용,남,53세,중상
2020101400100539,2020년 10월 14일 19시,수요일,경상북도 구미시 고아읍,경상사고,0,0,1,0,차대사람 - 기타,보행자보호의무위반,건조,맑음,교차로 - 교차로횡단보도내,화물,남,47세,상해없음,보행자,남,53세,경상
2020101400100562,2020년 10월 14일 20시,수요일,경상북도 경산시 삼북동,경상사고,0,0,1,0,차대차 - 기타,안전운전불이행,건조,맑음,단일로 - 기타,승용,남,58세,상해없음,이륜,남,23세,경상
2020101400100563,2020년 10월 14일 20시,수요일,경상북도 포항시 남구 상도동,경상사고,0,0,1,1,차대차 - 측면충돌,안전운전불이행,건조,맑음,교차로 - 교차로안,승용,남,34세,부상신고,이륜,남,33세,경상
2020101400100596,2020년 10월 14일 21시,수요일,경상북도 포항시 남구 청림동,경상사고,0,0,1,1,차대차 - 측면충돌,교차로운행방법위반,건조,맑음,교차로 - 교차로부근,승용,남,65세,상해없음,승용,남,42세,부상신고
2020101400100622,2020년 10월 14일 22시,수요일,경상북도 영천시 청통면,중상사고,0,1,0,0,차대사람 - 차도통행중,안전운전불이행,건조,맑음,단일로 - 교량,승용,남,25세,상해없음,보행자,남,55세,중상
2020101400100636,2020년 10월 14일 23시,수요일,경상북도 경산시 대동,경상사고,0,0,1,0,차량단독 - 기타,안전운전불이행,건조,맑음,단일로 - 기타,승용,남,62세,상해없음,,,,
2020101400100637,2020년 10월 14일 23시,수요일,경상북도 청송군 진보면,사망사고,1,0,0,0,차량단독 - 도로외이탈 - 기타,안전운전불이행,건조,맑음,단일로 - 지하차도(도로)내,승용,남,45세,사망,,,,
2020101500100010,2020년 10월 15일 00시,목요일,경상북도 영천시 망정동,경상사고,0,0,1,0,차대사람 - 횡단중,안전운전불이행,건조,맑음,단일로 - 기타,승용,남,66세,상해없음,보행자,남,18세,경상
2020101500100025,2020년 10월 15일 03시,목요일,경상북도 포항시 북구 장성동,경상사고,0,0,1,0,차대차 - 추돌,안전운전불이행,건조,맑음,교차로 - 교차로부근,화물,남,44세,상해없음,승용,여,57세,경상
2020101500100075,2020년 10월 15일 07시,목요일,경상북도 구미시 인의동,경상사고,0,0,1,0,차대차 - 측면충돌,안전운전불이행,건조,맑음,단일로 - 기타,승용,남,33세,상해없음,승용,남,56세,경상
2020101500100109,2020년 10월 15일 08시,목요일,경상북도 경주시 성동동,중상사고,0,1,0,0,차대차 - 측면충돌,안전운전불이행,건조,맑음,교차로 - 교차로안,승용,남,67세,상해없음,원동기,남,82세,중상
2020101500100110,2020년 10월 15일 08시,목요일,경상북도 경주시 황성동,경상사고,0,0,1,0,차대사람 - 횡단중,안전운전불이행,건조,맑음,교차로 - 교차로안,화물,남,51세,상해없음,보행자,여,78세,경상
2020101500100111,2020년 10월 15일 08시,목요일,경상북도 김천시 지좌동,경상사고,0,0,2,0,차대차 - 측면충돌,안전운전불이행,건조,맑음,단일로 - 기타,승용,여,56세,기타불명,승용,남,57세,경상
2020101500100112,2020년 10월 15일 08시,목요일,경상북도 포항시 남구 효자동,경상사고,0,0,1,0,차대차 - 측면충돌,안전운전불이행,건조,맑음,단일로 - 기타,승용,남,58세,상해없음,승용,여,23세,경상
2020101500100144,2020년 10월 15일 09시,목요일,경상북도 안동시 일직면,중상사고,0,1,0,0,차량단독 - 전도전복 - 전도,안전운전불이행,건조,맑음,단일로 - 기타,이륜,남,82세,중상,,,,
2020101500100145,2020년 10월 15일 09시,목요일,경상북도 의성군 구천면,경상사고,0,0,3,0,차대차 - 측면충돌,안전운전불이행,건조,맑음,단일로 - 기타,이륜,남,68세,경상,화물,남,31세,경상
2020101500100146,2020년 10월 15일 09시,목요일,경상북도 구미시 송정동,경상사고,0,0,2,0,차대차 - 후진중충돌,안전운전불이행,건조,맑음,교차로 - 교차로안,승용,여,61세,상해없음,승용,여,44세,경상
2020101500100188,2020년 10월 15일 10시,목요일,경상북도 울진군 죽변면,경상사고,0,0,1,0,차량단독 - 공작물충돌,안전운전불이행,건조,맑음,단일로 - 기타,이륜,여,34세,경상,,,,
2020101500100220,2020년 10월 15일 11시,목요일,경상북도 경주시 황성동,중상사고,0,1,0,0,차대사람 - 횡단중,안전운전불이행,건조,맑음,교차로 - 교차로안,승용,여,40세,상해없음,보행자,남,66세,중상
2020101500100221,2020년 10월 15일 11시,목요일,경상북도 경주시 동부동,부상신고사고,0,0,0,1,차대차 - 측면충돌,안전운전불이행,건조,맑음,단일로 - 기타,승용,여,37세,상해없음,이륜,남,68세,상해없음
2020101500100222,2020년 10월 15일 11시,목요일,경상북도 김천시 황금동,중상사고,0,1,0,0,차대차 - 정면충돌,안전운전불이행,건조,맑음,교차로 - 교차로안,화물,여,60세,상해없음,자전거,남,82세,중상
2020101500100223,2020년 10월 15일 11시,목요일,경상북도 구미시 공단동,중상사고,0,1,0,0,차대사람 - 기타,보행자보호의무위반,건조,맑음,단일로 - 기타,화물,남,47세,상해없음,보행자,여,80세,중상
2020101500100224,2020년 10월 15일 11시,목요일,경상북도 포항시 남구 이동,경상사고,0,0,1,0,차대차 - 추돌,안전운전불이행,건조,맑음,교차로 - 교차로부근,화물,남,26세,상해없음,승용,여,69세,경상
2020101500100260,2020년 10월 15일 12시,목요일,경상북도 포항시 북구 흥해읍,경상사고,0,0,2,0,차대차 - 추돌,안전거리미확보,건조,맑음,단일로 - 기타,승용,여,31세,상해없음,승용,여,61세,경상
2020101500100261,2020년 10월 15일 12시,목요일,경상북도 영주시 풍기읍,중상사고,0,1,0,0,차대차 - 기타,교차로운행방법위반,건조,맑음,교차로 - 교차로안,화물,남,56세,기타불명,이륜,남,49세,중상
2020101500100262,2020년 10월 15일 12시,목요일,경상북도 영천시 서산동,경상사고,0,0,2,0,차대차 - 측면충돌,안전운전불이행,건조,맑음,단일로 - 기타,승용,남,60세,경상,승용,여,53세,경상
2020101500100263,2020년 10월 15일 12시,목요일,경상북도 청도군 청도읍,부상신고사고,0,0,0,1,차대차 - 추돌,안전운전불이행,건조,맑음,교차로 - 교차로부근,이륜,남,19세,부상신고,화물,남,31세,상해없음
2020101500100304,2020년 10월 15일 13시,목요일,경상북도 경주시 안강읍,중상사고,0,1,0,0,차대사람 - 차도통행중,안전운전불이행,건조,맑음,교차로 - 교차로안,승용,여,55세,상해없음,보행자,남,76세,중상
2020101500100305,2020년 10월 15일 13시,목요일,경상북도 경주시 사정동,경상사고,0,0,1,0,차대사람 - 보도통행중,안전운전불이행,건조,맑음,단일로 - 지하차도(도로)내,승용,남,20세,상해없음,보행자,남,32세,경상
2020101500100306,2020년 10월 15일 13시,목요일,경상북도 의성군 점곡면,사망사고,1,0,0,0,차량단독 - 도로외이탈 - 추락,안전운전불이행,건조,맑음,단일로 - 기타,농기계,남,70세,사망,,,,
2020101500100339,2020년 10월 15일 14시,목요일,경상북도 의성군 의성읍,경상사고,0,0,2,0,차대차 - 측면충돌,신호위반,건조,맑음,교차로 - 교차로안,승용,남,78세,상해없음,승용,남,68세,경상
2020101500100380,2020년 10월 15일 15시,목요일,경상북도 경주시 황성동,경상사고,0,0,1,0,차대차 - 정면충돌,중앙선침범,건조,맑음,단일로 - 기타,승용,남,66세,상해없음,승용,남,70세,경상
2020101500100381,2020년 10월 15일 15시,목요일,경상북도 포항시 북구 흥해읍,경상사고,0,0,1,0,차대차 - 기타,안전운전불이행,건조,맑음,단일로 - 기타,승용,남,70세,상해없음,화물,남,26세,경상
2020101500100382,2020년 10월 15일 15시,목요일,경상북도 칠곡군 석적읍,중상사고,0,1,1,0,차대차 - 측면충돌,교차로운행방법위반,건조,맑음,교차로 - 교차로안,승용,남,46세,중상,화물,여,60세,경상
2020101500100383,2020년 10월 15일 15시,목요일,경상북도 구미시 장천면,중상사고,0,1,0,2,차량단독 - 기타,안전운전불이행,건조,맑음,단일로 - 기타,승용,남,63세,부상신고,,,,
2020101500100422,2020년 10월 15일 16시,목요일,경상북도 영주시 상망동,중상사고,0,1,0,0,차대차 - 추돌,안전운전불이행,건조,맑음,단일로 - 기타,화물,남,64세,상해없음,승용,여,38세,중상
2020101500100423,2020년 10월 15일 16시,목요일,경상북도 포항시 남구 구룡포읍,중상사고,0,1,0,0,차대차 - 기타,안전운전불이행,건조,맑음,교차로 - 교차로안,이륜,남,36세,중상,승합,남,65세,상해없음
2020101500100473,2020년 10월 15일 17시,목요일,경상북도 경산시 진량읍,경상사고,0,0,1,0,차대차 - 추돌,안전운전불이행,건조,맑음,교차로 - 교차로부근,화물,남,61세,상해없음,승용,여,62세,경상
2020101500100474,2020년 10월 15일 17시,목요일,경상북도 경산시 삼풍동,경상사고,0,0,2,0,차대차 - 측면충돌,교차로운행방법위반,건조,맑음,교차로 - 교차로안,이륜,남,24세,경상,승용,여,52세,경상
2020101500100475,2020년 10월 15일 17시,목요일,경상북도 봉화군 봉화읍,중상사고,0,2,1,0,차대차 - 기타,안전운전불이행,건조,맑음,기타 - 기타,화물,여,67세,상해없음,승용,여,62세,중상
2020101500100476,2020년 10월 15일 17시,목요일,경상북도 포항시 남구 오천읍,경상사고,0,0,1,0,차대사람 - 차도통행중,안전운전불이행,건조,맑음,단일로 - 기타,승용,여,67세,상해없음,보행자,여,42세,경상
2020101500100477,2020년 10월 15일 17시,목요일,경상북도 포항시 남구 연일읍,중상사고,0,1,0,0,차대사람 - 기타,신호위반,건조,맑음,단일로 - 기타,화물,남,70세,상해없음,보행자,여,49세,중상
2020101500100545,2020년 10월 15일 18시,목요일,경상북도 포항시 북구 장성동,경상사고,0,0,1,0,차대차 - 추돌,안전운전불이행,건조,맑음,단일로 - 기타,승용,남,44세,상해없음,승용,남,46세,경상
2020101500100546,2020년 10월 15일 18시,목요일,경상북도 안동시 송현동,경상사고,0,0,3,0,차대차 - 추돌,안전운전불이행,건조,맑음,교차로 - 교차로부근,승용,남,35세,경상,승용,여,45세,경상
2020101500100547,2020년 10월 15일 18시,목요일,경상북도 의성군 봉양면,중상사고,0,1,0,0,차대차 - 추돌,기타,건조,맑음,단일로 - 기타,화물,남,57세,상해없음,농기계,남,80세,중상
2020101500100548,2020년 10월 15일 18시,목요일,경상북도 영주시 조암동,중상사고,0,1,0,0,차대사람 - 횡단중,안전운전불이행,건조,맑음,단일로 - 기타,승용,남,44세,상해없음,보행자,남,61세,중상
2020101500100549,2020년 10월 15일 18시,목요일,경상북도 영천시 문외동,경상사고,0,0,2,0,차대차 - 추돌,안전거리미확보,건조,맑음,기타 - 기타,승용,여,58세,경상,승용,여,50세,경상
2020101500100550,2020년 10월 15일 18시,목요일,경상북도 영천시 금호읍,경상사고,0,0,2,0,차대차 - 측면충돌,안전운전불이행,건조,맑음,교차로 - 교차로부근,화물,남,25세,경상,승용,남,58세,경상
2020101500100551,2020년 10월 15일 18시,목요일,경상북도 구미시 광평동,경상사고,0,0,1,0,차대차 - 기타,교차로운행방법위반,건조,맑음,교차로 - 교차로안,승용,여,53세,상해없음,자전거,남,57세,경상
2020101500100552,2020년 10월 15일 18시,목요일,경상북도 구미시 고아읍,중상사고,0,1,0,0,차대사람 - 횡단중,안전운전불이행,건조,맑음,단일로 - 기타,승용,남,54세,상해없음,보행자,여,71세,중상
2020101500100609,2020년 10월 15일 19시,목요일,경상북도 영덕군 강구면,중상사고,0,1,0,0,차대사람 - 횡단중,안전운전불이행,건조,맑음,단일로 - 기타,화물,남,41세,상해없음,보행자,남,74세,중상
2020101500100683,2020년 10월 15일 22시,목요일,경상북도 영덕군 강구면,중상사고,0,1,0,1,차대차 - 기타,과속,건조,맑음,교차로 - 교차로안,승용,남,19세,부상신고,승용,여,45세,상해없음
2020101500100699,2020년 10월 15일 23시,목요일,경상북도 김천시 평화동,중상사고,0,1,1,0,차대차 - 측면충돌,안전운전불이행,건조,맑음,교차로 - 교차로안,승용,남,20세,상해없음,승용,남,21세,경상
2020101600100009,2020년 10월 16일 00시,금요일,경상북도 김천시 아포읍,사망사고,1,0,0,0,차대차 - 추돌,안전운전불이행,건조,기타,교차로 - 교차로안,이륜,남,17세,사망,화물,남,60세,상해없음
2020101600100035,2020년 10월 16일 04시,금요일,경상북도 상주시 낙양동,중상사고,0,1,0,0,차대차 - 추돌,안전운전불이행,건조,맑음,단일로 - 기타,이륜,남,61세,중상,화물,남,52세,상해없음
2020101600100045,2020년 10월 16일 05시,금요일,경상북도 포항시 북구 흥해읍,경상사고,0,0,1,0,차대차 - 기타,안전운전불이행,건조,맑음,단일로 - 기타,승용,남,72세,상해없음,승용,여,73세,경상
2020101600100046,2020년 10월 16일 05시,금요일,경상북도 청도군 청도읍,사망사고,1,0,2,0,차대차 - 측면충돌,안전운전불이행,건조,맑음,단일로 - 기타,화물,남,54세,기타불명,승용,남,43세,사망
2020101600100070,2020년 10월 16일 07시,금요일,경상북도 경주시 노서동,경상사고,0,0,1,0,차대사람 - 보도통행중,기타,건조,맑음,기타 - 기타,자전거,남,15세,상해없음,보행자,남,68세,경상
2020101600100071,2020년 10월 16일 07시,금요일,경상북도 안동시 풍천면,중상사고,0,1,0,0,차대사람 - 기타,신호위반,건조,맑음,단일로 - 기타,승용,남,53세,상해없음,보행자,남,39세,중상
2020101600100072,2020년 10월 16일 07시,금요일,경상북도 의성군 다인면,중상사고,0,1,0,0,차대사람 - 길가장자리구역통행중,안전운전불이행,건조,맑음,단일로 - 기타,화물,남,31세,상해없음,보행자,여,73세,중상
2020101600100073,2020년 10월 16일 07시,금요일,경상북도 청도군 풍각면,중상사고,0,1,0,0,차대차 - 측면충돌,중앙선침범,건조,맑음,교차로 - 교차로안,승용,여,54세,상해없음,이륜,남,85세,중상
2020101600100105,2020년 10월 16일 08시,금요일,경상북도 포항시 북구 환호동,경상사고,0,0,3,0,차대차 - 추돌,안전거리미확보,건조,맑음,단일로 - 기타,승용,여,48세,상해없음,승용,여,30세,경상
2020101600100106,2020년 10월 16일 08시,금요일,경상북도 칠곡군 왜관읍,사망사고,1,0,0,0,차대차 - 추돌,안전운전불이행,건조,맑음,단일로 - 기타,승용,여,52세,상해없음,자전거,남,27세,사망
2020101600100107,2020년 10월 16일 08시,금요일,경상북도 경산시 옥산동,경상사고,0,0,1,0,차대차 - 추돌,안전운전불이행,건조,맑음,교차로 - 교차로부근,화물,남,53세,상해없음,승용,여,45세,경상
2020101600100108,2020년 10월 16일 08시,금요일,경상북도 포항시 남구 대도동,경상사고,0,0,2,0,차대차 - 측면충돌,과속,건조,맑음,단일로 - 지하차도(도로)내,승용,남,26세,경상,승용,여,24세,경상
2020101600100132,2020년 10월 16일 09시,금요일,경상북도 포항시 북구 흥해읍,경상사고,0,0,2,0,차대차 - 측면충돌,교차로운행방법위반,건조,맑음,교차로 - 교차로안,승용,여,40세,기타불명,승용,남,63세,경상
2020101600100133,2020년 10월 16일 09시,금요일,경상북도 안동시 운흥동,경상사고,0,0,1,0,차대차 - 측면충돌,안전운전불이행,건조,맑음,교차로 - 교차로안,승용,남,25세,상해없음,승용,여,42세,경상
2020101600100134,2020년 10월 16일 09시,금요일,경상북도 김천시 평화동,경상사고,0,0,1,0,차대차 - 측면충돌,교차로운행방법위반,건조,맑음,교차로 - 교차로안,승용,남,54세,상해없음,자전거,남,81세,경상
2020101600100135,2020년 10월 16일 09시,금요일,경상북도 김천시 지좌동,경상사고,0,0,1,0,차대차 - 측면충돌,안전운전불이행,건조,맑음,교차로 - 교차로횡단보도내,승용,남,37세,상해없음,자전거,남,73세,경상
2020101600100158,2020년 10월 16일 10시,금요일,경상북도 안동시 풍산읍,경상사고,0,0,1,0,차대차 - 추돌,안전운전불이행,건조,맑음,단일로 - 기타,승용,여,56세,경상,화물,남,37세,상해없음
2020101600100191,2020년 10월 16일 11시,금요일,경상북도 안동시 태화동,경상사고,0,0,1,0,차대차 - 측면충돌,안전운전불이행,건조,맑음,단일로 - 기타,승용,남,75세,상해없음,이륜,남,34세,경상
2020101600100224,2020년 10월 16일 12시,금요일,경상북도 안동시 법흥동,중상사고,0,1,0,0,차대차 - 정면충돌,안전운전불이행,건조,맑음,교차로 - 교차로횡단보도내,승용,여,64세,상해없음,자전거,여,73세,중상
2020101600100225,2020년 10월 16일 12시,금요일,경상북도 안동시 수상동,사망사고,1,0,0,0,차대차 - 기타,안전거리미확보,건조,맑음,단일로 - 기타,승용,남,55세,상해없음,이륜,남,66세,사망
2020101600100226,2020년 10월 16일 12시,금요일,경상북도 김천시 농소면,중상사고,0,1,0,0,차대차 - 측면충돌,안전운전불이행,건조,맑음,단일로 - 기타,화물,남,68세,상해없음,승용,남,42세,중상
2020101600100260,2020년 10월 16일 13시,금요일,경상북도 영천시 완산동,경상사고,0,0,2,1,차대차 - 측면충돌,안전운전불이행,건조,맑음,단일로 - 기타,승용,여,63세,경상,승합,남,49세,경상
2020101600100261,2020년 10월 16일 13시,금요일,경상북도 구미시 옥성면,중상사고,0,2,0,0,차량단독 - 공작물충돌,안전운전불이행,건조,맑음,단일로 - 기타,이륜,남,17세,중상,,,,
2020101600100294,2020년 10월 16일 14시,금요일,경상북도 경산시 하양읍,중상사고,0,1,0,0,차대차 - 측면충돌,안전운전불이행,건조,맑음,단일로 - 기타,화물,남,51세,상해없음,자전거,남,71세,중상
2020101600100328,2020년 10월 16일 15시,금요일,경상북도 영천시 창구동,중상사고,0,1,3,0,차대차 - 측면충돌,신호위반,건조,맑음,교차로 - 교차로안,화물,남,78세,중상,승용,남,66세,경상
2020101600100329,2020년 10월 16일 15시,금요일,경상북도 청송군 현동면,경상사고,0,0,2,0,차대차 - 측면충돌,안전운전불이행,건조,맑음,단일로 - 기타,승용,여,74세,상해없음,승용,여,52세,경상
2020101600100330,2020년 10월 16일 15시,금요일,경상북도 구미시 도량동,중상사고,0,3,0,0,차대차 - 측면충돌,안전거리미확보,건조,맑음,단일로 - 기타,승용,남,36세,중상,승용,남,61세,중상
2020101600100368,2020년 10월 16일 16시,금요일,경상북도 상주시 복룡동,중상사고,0,1,0,0,차대차 - 정면충돌,안전운전불이행,건조,맑음,교차로 - 교차로안,화물,남,79세,상해없음,이륜,남,68세,중상
2020101600100369,2020년 10월 16일 16시,금요일,경상북도 문경시 호계면,경상사고,0,0,2,0,차대차 - 추돌,안전운전불이행,건조,맑음,교차로 - 교차로안,화물,남,63세,상해없음,승용,남,54세,상해없음
2020101600100417,2020년 10월 16일 17시,금요일,경상북도 포항시 북구 송라면,중상사고,0,2,0,1,차대차 - 추돌,안전운전불이행,건조,맑음,교차로 - 교차로부근,승용,남,50세,중상,승용,여,61세,부상신고
2020101600100418,2020년 10월 16일 17시,금요일,경상북도 경산시 대평동,중상사고,0,1,1,0,차대차 - 측면충돌,직진우회전진행방해,건조,맑음,교차로 - 교차로안,승용,여,28세,경상,건설기계,남,44세,중상
2020101600100419,2020년 10월 16일 17시,금요일,경상북도 청도군 각북면,중상사고,0,1,1,0,차대차 - 측면충돌,교차로운행방법위반,건조,맑음,교차로 - 교차로안,화물,남,30세,상해없음,화물,남,59세,중상
2020101600100420,2020년 10월 16일 17시,금요일,경상북도 구미시 공단동,경상사고,0,0,1,0,차대차 - 기타,안전운전불이행,건조,맑음,기타 - 기타,승용,남,37세,상해없음,자전거,남,26세,경상
2020101600100421,2020년 10월 16일 17시,금요일,경상북도 포항시 남구 대잠동,경상사고,0,0,1,1,차대차 - 측면충돌,안전운전불이행,건조,맑음,단일로 - 기타,승용,여,61세,상해없음,승용,여,39세,경상
2020101600100491,2020년 10월 16일 18시,금요일,경상북도 포항시 북구 덕수동,경상사고,0,0,2,0,차대차 - 기타,교차로운행방법위반,건조,맑음,교차로 - 교차로안,승용,남,68세,상해없음,승용,여,48세,경상
2020101600100492,2020년 10월 16일 18시,금요일,경상북도 안동시 태화동,경상사고,0,0,2,1,차대차 - 추돌,안전거리미확보,건조,맑음,단일로 - 기타,승용,남,32세,상해없음,승용,남,65세,경상
2020101600100493,2020년 10월 16일 18시,금요일,경상북도 상주시 공검면,경상사고,0,0,1,0,차대차 - 기타,안전운전불이행,건조,맑음,단일로 - 기타,화물,남,49세,상해없음,자전거,남,57세,경상
2020101600100494,2020년 10월 16일 18시,금요일,경상북도 구미시 형곡동,부상신고사고,0,0,0,1,차대차 - 기타,안전운전불이행,건조,맑음,교차로 - 교차로안,자전거,남,7세,부상신고,승용,남,41세,상해없음
2020101600100495,2020년 10월 16일 18시,금요일,경상북도 칠곡군 석적읍,부상신고사고,0,0,0,4,차대차 - 기타,안전거리미확보,건조,맑음,단일로 - 기타,승용,남,45세,상해없음,승용,남,40세,부상신고
2020101600100554,2020년 10월 16일 19시,금요일,경상북도 경주시 충효동,경상사고,0,0,1,0,차대차 - 측면충돌,안전운전불이행,건조,맑음,교차로 - 교차로안,승용,남,56세,상해없음,승용,여,37세,경상
2020101600100555,2020년 10월 16일 19시,금요일,경상북도 경산시 사동,중상사고,0,1,0,0,차대사람 - 횡단중,신호위반,건조,맑음,교차로 - 교차로횡단보도내,원동기,남,18세,상해없음,보행자,여,27세,중상
2020101600100590,2020년 10월 16일 20시,금요일,경상북도 고령군 성산면,경상사고,0,0,2,0,차대차 - 측면충돌,과속,건조,맑음,단일로 - 기타,승용,남,61세,상해없음,승용,남,54세,경상