사고번호,사고일시,요일,시군구,사고내용,사망자수,중상자수,경상자수,부상신고자수,사고유형,법규위반,노면상태,기상상태,도로형태,가해운전자 차종,가해운전자 성별,가해운전자 연령,가해운전자 상해정도,피해운전자 차종,피해운전자 성별,피해운전자 연령,피해운전자 상해정도
2020101600100618,2020년 10월 16일 21시,금요일,경상북도 포항시 북구 죽도동,중상사고,0,2,0,0,차대차 - 측면충돌,직진우회전진행방해,건조,맑음,교차로 - 교차로안,승용,여,45세,상해없음,이륜,남,19세,중상
2020101600100619,2020년 10월 16일 21시,금요일,경상북도 안동시 성곡동,경상사고,0,0,2,0,차대차 - 정면충돌,안전운전불이행,건조,맑음,교차로 - 교차로안,이륜,여,40세,경상,승용,남,59세,경상
2020101600100655,2020년 10월 16일 22시,금요일,경상북도 안동시 수상동,중상사고,0,1,0,0,차대차 - 추돌,안전운전불이행,건조,맑음,교차로 - 교차로부근,승용,여,42세,상해없음,승용,남,60세,중상
2020101600100677,2020년 10월 16일 23시,금요일,경상북도 울진군 북면,경상사고,0,0,1,0,차량단독 - 공작물충돌,기타,건조,맑음,단일로 - 기타,승용,남,64세,경상,,,,
2020101700100020,2020년 10월 17일 00시,토요일,경상북도 포항시 북구 죽도동,경상사고,0,0,1,0,차대사람 - 기타,안전운전불이행,건조,맑음,단일로 - 기타,승용,남,59세,상해없음,보행자,여,31세,경상
2020101700100042,2020년 10월 17일 02시,토요일,경상북도 의성군 단밀면,중상사고,0,1,0,0,차대차 - 추돌,과속,건조,맑음,단일로 - 기타,화물,남,44세,상해없음,화물,남,68세,상해없음
2020101700100078,2020년 10월 17일 06시,토요일,경상북도 포항시 북구 우현동,중상사고,0,1,0,0,차대차 - 측면충돌,교차로운행방법위반,건조,맑음,교차로 - 교차로부근,승용,남,64세,상해없음,이륜,남,47세,중상
2020101700100097,2020년 10월 17일 07시,토요일,경상북도 포항시 남구 연일읍,경상사고,0,0,3,0,차대차 - 기타,기타,건조,맑음,교차로 - 교차로안,승용,남,42세,경상,승용,남,53세,경상
2020101700100117,2020년 10월 17일 08시,토요일,경상북도 포항시 북구 죽장면,중상사고,0,1,1,0,차대차 - 기타,직진우회전진행방해,건조,맑음,교차로 - 교차로안,이륜,남,71세,경상,화물,여,60세,상해없음
2020101700100118,2020년 10월 17일 08시,토요일,경상북도 영천시 화룡동,경상사고,0,0,1,0,차대차 - 기타,안전운전불이행,건조,맑음,교차로 - 교차로부근,이륜,남,20세,경상,화물,남,51세,상해없음
2020101700100119,2020년 10월 17일 08시,토요일,경상북도 영천시 언하동,경상사고,0,0,2,1,차대차 - 측면충돌,신호위반,건조,맑음,교차로 - 교차로안,승용,여,23세,경상,승용,남,45세,경상
2020101700100144,2020년 10월 17일 09시,토요일,경상북도 포항시 북구 송라면,경상사고,0,0,1,0,차량단독 - 공작물충돌,안전운전불이행,건조,맑음,단일로 - 기타,승용,여,49세,경상,,,,
2020101700100145,2020년 10월 17일 09시,토요일,경상북도 영천시 완산동,경상사고,0,0,1,0,차대차 - 기타,신호위반,건조,맑음,교차로 - 교차로안,화물,남,68세,상해없음,승용,여,58세,경상
2020101700100183,2020년 10월 17일 10시,토요일,경상북도 경주시 현곡면,중상사고,0,1,0,0,차대차 - 측면충돌,안전운전불이행,건조,맑음,교차로 - 교차로안,이륜,남,31세,중상,승용,여,46세,상해없음
2020101700100184,2020년 10월 17일 10시,토요일,경상북도 포항시 북구 죽장면,중상사고,0,2,0,0,차대차 - 정면충돌,중앙선침범,건조,맑음,단일로 - 기타,승용,남,51세,상해없음,승합,여,65세,중상
2020101700100185,2020년 10월 17일 10시,토요일,경상북도 영주시 문정동,경상사고,0,0,1,0,차대차 - 추돌,안전운전불이행,건조,맑음,기타 - 기타,화물,남,46세,상해없음,승용,남,64세,경상
2020101700100186,2020년 10월 17일 10시,토요일,경상북도 영덕군 영덕읍,경상사고,0,0,2,0,차대차 - 측면충돌,교차로운행방법위반,건조,맑음,교차로 - 교차로안,승용,여,50세,상해없음,화물,남,81세,경상
2020101700100210,2020년 10월 17일 11시,토요일,경상북도 안동시 용상동,경상사고,0,0,1,0,차대차 - 후진중충돌,안전운전불이행,건조,맑음,단일로 - 기타,승용,남,46세,상해없음,승용,남,38세,경상
2020101700100211,2020년 10월 17일 11시,토요일,경상북도 상주시 화북면,사망사고,1,1,2,0,차대차 - 정면충돌,중앙선침범,건조,맑음,단일로 - 기타,자전거,남,64세,사망,자전거,남,29세,중상
2020101700100212,2020년 10월 17일 11시,토요일,경상북도 의성군 안계면,경상사고,0,0,1,0,차대차 - 후진중충돌,안전운전불이행,건조,맑음,단일로 - 기타,화물,남,39세,상해없음,승용,남,61세,경상
2020101700100213,2020년 10월 17일 11시,토요일,경상북도 예천군 지보면,경상사고,0,0,1,0,차대차 - 기타,중앙선침범,건조,맑음,단일로 - 기타,승용,남,46세,상해없음,승용,남,52세,경상
2020101700100214,2020년 10월 17일 11시,토요일,경상북도 예천군 보문면,경상사고,0,0,2,0,차대차 - 측면충돌,안전운전불이행,건조,맑음,단일로 - 기타,화물,남,46세,상해없음,승용,남,68세,상해없음
2020101700100262,2020년 10월 17일 12시,토요일,경상북도 경주시 탑동,경상사고,0,0,3,1,차대차 - 추돌,안전운전불이행,건조,맑음,단일로 - 지하차도(도로)내,승용,남,32세,상해없음,승용,남,37세,경상
2020101700100263,2020년 10월 17일 12시,토요일,경상북도 포항시 북구 흥해읍,경상사고,0,0,3,0,차대차 - 측면충돌,안전운전불이행,건조,맑음,단일로 - 기타,승용,여,75세,상해없음,승용,남,51세,경상
2020101700100264,2020년 10월 17일 12시,토요일,경상북도 청도군 각남면,경상사고,0,0,3,0,차대차 - 측면충돌,교차로운행방법위반,건조,맑음,교차로 - 교차로부근,승용,남,65세,상해없음,승용,여,32세,경상
2020101700100265,2020년 10월 17일 12시,토요일,경상북도 청도군 매전면,경상사고,0,0,1,0,차대차 - 기타,안전운전불이행,건조,맑음,단일로 - 기타,사륜오토바이(ATV),여,41세,경상,화물,남,56세,상해없음
2020101700100266,2020년 10월 17일 12시,토요일,경상북도 울진군 후포면,중상사고,0,1,0,0,차대차 - 측면충돌,안전운전불이행,건조,맑음,교차로 - 교차로안,특수,남,43세,상해없음,자전거,남,78세,중상
2020101700100313,2020년 10월 17일 13시,토요일,경상북도 포항시 북구 죽도동,경상사고,0,0,1,0,차대차 - 측면충돌,신호위반,건조,맑음,단일로 - 기타,이륜,남,28세,상해없음,승용,여,61세,경상
2020101700100314,2020년 10월 17일 13시,토요일,경상북도 영덕군 병곡면,경상사고,0,0,3,0,차대차 - 측면충돌,직진우회전진행방해,건조,맑음,교차로 - 교차로안,승용,여,64세,경상,승용,남,45세,경상
2020101700100315,2020년 10월 17일 13시,토요일,경상북도 구미시 구평동,경상사고,0,0,2,0,차대차 - 기타,안전거리미확보,건조,맑음,단일로 - 기타,승용,여,53세,상해없음,승용,남,37세,경상
2020101700100358,2020년 10월 17일 14시,토요일,경상북도 포항시 북구 청하면,경상사고,0,0,1,0,차대차 - 측면충돌,안전운전불이행,건조,맑음,단일로 - 기타,승용,남,79세,상해없음,자전거,남,43세,경상
2020101700100359,2020년 10월 17일 14시,토요일,경상북도 칠곡군 동명면,경상사고,0,0,1,0,차대차 - 측면충돌,안전거리미확보,건조,맑음,교차로 - 교차로안,승용,남,65세,상해없음,승용,남,26세,경상
2020101700100360,2020년 10월 17일 14시,토요일,경상북도 경산시 압량면,경상사고,0,0,1,1,차대차 - 측면충돌,불법유턴,건조,맑음,교차로 - 교차로안,승용,남,66세,부상신고,이륜,남,31세,경상
2020101700100361,2020년 10월 17일 14시,토요일,경상북도 예천군 보문면,부상신고사고,0,0,0,2,차대차 - 측면충돌,안전운전불이행,건조,맑음,단일로 - 기타,승용,남,55세,상해없음,승용,남,49세,부상신고
2020101700100451,2020년 10월 17일 16시,토요일,경상북도 영주시 상망동,경상사고,0,0,1,0,차량단독 - 기타,안전운전불이행,건조,맑음,단일로 - 기타,이륜,남,86세,경상,,,,
2020101700100452,2020년 10월 17일 16시,토요일,경상북도 영천시 금호읍,경상사고,0,0,1,0,차대차 - 추돌,안전거리미확보,건조,맑음,단일로 - 기타,승용,남,39세,상해없음,승용,남,80세,경상
2020101700100453,2020년 10월 17일 16시,토요일,경상북도 포항시 남구 대송면,경상사고,0,0,2,0,차대차 - 측면충돌,신호위반,건조,맑음,교차로 - 교차로안,승용,남,61세,상해없음,승용,남,52세,경상
2020101700100490,2020년 10월 17일 17시,토요일,경상북도 포항시 북구 흥해읍,경상사고,0,0,1,0,차대차 - 측면충돌,중앙선침범,건조,맑음,단일로 - 기타,화물,남,65세,상해없음,승용,남,43세,경상
2020101700100491,2020년 10월 17일 17시,토요일,경상북도 경산시 상방동,중상사고,0,1,0,0,차대사람 - 횡단중,안전운전불이행,건조,맑음,단일로 - 기타,승용,남,60세,상해없음,보행자,여,58세,중상
2020101700100546,2020년 10월 17일 18시,토요일,경상북도 경주시 탑동,경상사고,0,0,2,0,차대차 - 추돌,안전운전불이행,건조,맑음,단일로 - 기타,승용,남,22세,상해없음,승용,남,28세,경상
2020101700100547,2020년 10월 17일 18시,토요일,경상북도 포항시 북구 장성동,중상사고,0,1,0,0,차대사람 - 횡단중,안전운전불이행,건조,맑음,교차로 - 교차로안,승용,여,39세,상해없음,보행자,여,71세,중상
2020101700100548,2020년 10월 17일 18시,토요일,경상북도 칠곡군 동명면,경상사고,0,0,1,0,차대차 - 측면충돌,안전운전불이행,건조,흐림,단일로 - 기타,승용,남,50세,상해없음,승용,남,39세,경상
2020101700100549,2020년 10월 17일 18시,토요일,경상북도 영덕군 강구면,경상사고,0,0,3,0,차대차 - 측면충돌,교차로운행방법위반,건조,맑음,교차로 - 교차로안,승용,여,57세,경상,화물,남,55세,경상
2020101700100610,2020년 10월 17일 19시,토요일,경상북도 김천시 농소면,경상사고,0,0,1,0,차량단독 - 전도전복 - 전도,교차로운행방법위반,건조,맑음,교차로 - 교차로안,이륜,남,61세,경상,,,,
2020101700100611,2020년 10월 17일 19시,토요일,경상북도 영천시 문외동,경상사고,0,0,3,0,차대차 - 측면충돌,안전운전불이행,건조,맑음,단일로 - 기타,승용,남,65세,기타불명,승용,여,53세,경상
2020101700100612,2020년 10월 17일 19시,토요일,경상북도 구미시 송정동,경상사고,0,0,1,0,차대차 - 기타,신호위반,건조,맑음,교차로 - 교차로부근,승용,남,60세,상해없음,이륜,남,30세,경상
2020101700100613,2020년 10월 17일 19시,토요일,경상북도 상주시 사벌면,중상사고,0,1,1,0,차대차 - 측면충돌,안전운전불이행,건조,맑음,단일로 - 기타,승용,남,52세,상해없음,화물,남,59세,중상
2020101700100651,2020년 10월 17일 20시,토요일,경상북도 구미시 사곡동,경상사고,0,0,1,0,차대차 - 기타,안전운전불이행,건조,맑음,단일로 - 기타,승용,여,28세,상해없음,이륜,남,18세,경상
2020101700100680,2020년 10월 17일 21시,토요일,경상북도 청도군 청도읍,경상사고,0,0,1,0,차대사람 - 차도통행중,안전운전불이행,건조,기타,교차로 - 교차로부근,승용,여,53세,상해없음,보행자,남,15세,경상
2020101700100727,2020년 10월 17일 23시,토요일,경상북도 포항시 북구 죽도동,경상사고,0,0,1,0,차대차 - 추돌,안전운전불이행,건조,맑음,단일로 - 기타,승용,남,51세,상해없음,승용,여,55세,경상
2020101700100728,2020년 10월 17일 23시,토요일,경상북도 김천시 부곡동,경상사고,0,0,1,0,차대사람 - 보도통행중,신호위반,건조,맑음,단일로 - 기타,승용,남,26세,상해없음,보행자,남,21세,경상
2020101800100025,2020년 10월 18일 01시,일요일,경상북도 경산시 하양읍,경상사고,0,0,1,0,차대차 - 기타,안전운전불이행,건조,맑음,단일로 - 기타,승용,남,46세,상해없음,화물,남,40세,경상
2020101800100043,2020년 10월 18일 03시,일요일,경상북도 칠곡군 북삼읍,경상사고,0,0,1,0,차량단독 - 공작물충돌,안전운전불이행,건조,맑음,교차로 - 교차로안,승용,남,33세,경상,,,,
2020101800100063,2020년 10월 18일 05시,일요일,경상북도 포항시 남구 대송면,사망사고,1,0,0,0,차량단독 - 기타,안전운전불이행,건조,맑음,교차로 - 교차로부근,화물,남,69세,사망,,,,
2020101800100073,2020년 10월 18일 06시,일요일,경상북도 성주군 대가면,경상사고,0,0,1,0,차대차 - 기타,신호위반,건조,맑음,교차로 - 교차로안,승용,남,81세,경상,승용,남,45세,상해없음
2020101800100074,2020년 10월 18일 06시,일요일,경상북도 포항시 남구 호미곶면,중상사고,0,1,0,0,차대차 - 기타,안전운전불이행,건조,맑음,단일로 - 기타,승용,남,47세,중상,화물,여,65세,기타불명
2020101800100119,2020년 10월 18일 09시,일요일,경상북도 영덕군 지품면,중상사고,0,1,0,0,차대사람 - 횡단중,안전운전불이행,건조,맑음,단일로 - 기타,승용,여,65세,상해없음,보행자,남,75세,중상
2020101800100144,2020년 10월 18일 10시,일요일,경상북도 경주시 동천동,경상사고,0,0,4,0,차대차 - 측면충돌,신호위반,건조,맑음,교차로 - 교차로안,승용,남,52세,경상,승용,남,42세,경상
2020101800100145,2020년 10월 18일 10시,일요일,경상북도 김천시 성내동,경상사고,0,0,2,0,차량단독 - 기타,안전운전불이행,건조,맑음,단일로 - 기타,승용,남,53세,상해없음,,,,
2020101800100146,2020년 10월 18일 10시,일요일,경상북도 상주시 냉림동,경상사고,0,0,2,0,차대차 - 측면충돌,교차로운행방법위반,건조,맑음,교차로 - 교차로안,승용,여,48세,경상,승용,여,61세,경상
2020101800100147,2020년 10월 18일 10시,일요일,경상북도 영천시 신령면,중상사고,0,1,0,0,차대차 - 측면충돌,안전운전불이행,건조,맑음,교차로 - 교차로부근,승용,남,72세,상해없음,이륜,남,83세,중상
2020101800100170,2020년 10월 18일 11시,일요일,경상북도 봉화군 법전면,경상사고,0,0,7,0,차대차 - 기타,교차로운행방법위반,건조,맑음,기타 - 기타,화물,남,38세,상해없음,승합,남,52세,경상
2020101800100171,2020년 10월 18일 11시,일요일,경상북도 울진군 근남면,경상사고,0,0,1,0,차대차 - 추돌,안전거리미확보,건조,맑음,교차로 - 교차로부근,승용,여,53세,상해없음,승용,여,34세,경상
2020101800100200,2020년 10월 18일 12시,일요일,경상북도 경주시 양남면,경상사고,0,0,2,0,차대차 - 정면충돌,중앙선침범,건조,맑음,교차로 - 교차로안,화물,남,64세,상해없음,승용,남,53세,경상
2020101800100201,2020년 10월 18일 12시,일요일,경상북도 영주시 가흥동,경상사고,0,0,2,0,차대차 - 측면충돌,교차로운행방법위반,건조,맑음,교차로 - 교차로안,승용,남,48세,경상,승용,여,52세,경상
2020101800100202,2020년 10월 18일 12시,일요일,경상북도 예천군 예천읍,경상사고,0,0,2,0,차대차 - 측면충돌,직진우회전진행방해,건조,맑음,교차로 - 교차로안,승용,남,40세,상해없음,승용,남,76세,경상
2020101800100203,2020년 10월 18일 12시,일요일,경상북도 구미시 상모동,경상사고,0,0,1,0,차대차 - 측면충돌,불법유턴,건조,맑음,단일로 - 기타,승용,남,27세,상해없음,이륜,남,54세,경상
2020101800100226,2020년 10월 18일 13시,일요일,경상북도 경주시 신평동,경상사고,0,0,2,0,차대차 - 측면충돌,안전운전불이행,건조,맑음,교차로 - 교차로안,승용,여,41세,상해없음,화물,남,53세,상해없음
2020101800100227,2020년 10월 18일 13시,일요일,경상북도 경주시 황남동,경상사고,0,0,2,0,차대차 - 기타,안전운전불이행,건조,맑음,교차로 - 교차로부근,승용,남,49세,상해없음,승용,남,25세,경상
2020101800100254,2020년 10월 18일 14시,일요일,경상북도 포항시 북구 용흥동,경상사고,0,0,1,0,차대차 - 측면충돌,차로위반,건조,맑음,교차로 - 교차로부근,화물,남,74세,상해없음,승용,남,29세,경상
2020101800100255,2020년 10월 18일 14시,일요일,경상북도 안동시 용상동,경상사고,0,0,1,0,차대차 - 측면충돌,안전운전불이행,건조,맑음,단일로 - 기타,승용,여,54세,상해없음,승용,남,69세,경상
2020101800100256,2020년 10월 18일 14시,일요일,경상북도 김천시 아포읍,중상사고,0,1,0,0,차대차 - 측면충돌,교차로운행방법위반,건조,맑음,교차로 - 교차로안,승합,남,51세,상해없음,이륜,남,82세,중상
2020101800100257,2020년 10월 18일 14시,일요일,경상북도 상주시 중덕동,경상사고,0,0,1,0,차대차 - 추돌,안전운전불이행,건조,맑음,단일로 - 기타,화물,남,63세,상해없음,승용,남,56세,경상
2020101800100258,2020년 10월 18일 14시,일요일,경상북도 영천시 문외동,경상사고,0,0,2,0,차대차 - 측면충돌,교차로운행방법위반,건조,맑음,교차로 - 교차로안,승용,남,66세,경상,승용,남,42세,상해없음
2020101800100259,2020년 10월 18일 14시,일요일,경상북도 구미시 원평동,경상사고,0,0,1,0,차대차 - 정면충돌,안전운전불이행,건조,맑음,단일로 - 기타,승용,여,62세,상해없음,승용,남,40세,경상
2020101800100301,2020년 10월 18일 15시,일요일,경상북도 문경시 점촌동,경상사고,0,0,1,0,차대사람 - 차도통행중,안전운전불이행,건조,맑음,교차로 - 교차로안,승용,여,49세,상해없음,보행자,남,65세,경상
2020101800100356,2020년 10월 18일 16시,일요일,경상북도 의성군 구천면,중상사고,0,1,0,0,차대차 - 측면충돌,안전운전불이행,건조,맑음,단일로 - 기타,이륜,남,72세,중상,화물,남,76세,상해없음
2020101800100357,2020년 10월 18일 16시,일요일,경상북도 영천시 완산동,경상사고,0,0,4,0,차대차 - 측면충돌,신호위반,건조,맑음,교차로 - 교차로안,승용,남,68세,경상,승용,남,71세,경상
2020101800100358,2020년 10월 18일 16시,일요일,경상북도 군위군 효령면,경상사고,0,0,3,0,차대차 - 측면충돌,직진우회전진행방해,건조,맑음,교차로 - 교차로안,화물,남,69세,경상,승용,여,45세,경상
2020101800100359,2020년 10월 18일 16시,일요일,경상북도 구미시 봉곡동,중상사고,0,1,0,0,차대차 - 측면충돌,직진우회전진행방해,건조,맑음,교차로 - 교차로안,승용,남,23세,상해없음,이륜,남,37세,중상
2020101800100360,2020년 10월 18일 16시,일요일,경상북도 포항시 남구 장기면,경상사고,0,0,1,0,차대차 - 기타,중앙선침범,건조,맑음,단일로 - 기타,승용,남,64세,상해없음,이륜,남,43세,경상
2020101800100399,2020년 10월 18일 17시,일요일,경상북도 칠곡군 지천면,부상신고사고,0,0,0,1,차대차 - 측면충돌,안전운전불이행,건조,맑음,단일로 - 기타,화물,남,39세,부상신고,건설기계,남,72세,기타불명
2020101800100400,2020년 10월 18일 17시,일요일,경상북도 성주군 수륜면,경상사고,0,0,3,0,차대차 - 정면충돌,중앙선침범,건조,맑음,단일로 - 기타,승용,남,54세,상해없음,승용,여,72세,경상
2020101800100443,2020년 10월 18일 18시,일요일,경상북도 경주시 양북면,경상사고,0,0,1,0,차대사람 - 차도통행중,안전운전불이행,건조,맑음,단일로 - 기타,승용,남,79세,상해없음,보행자,여,53세,경상
2020101800100444,2020년 10월 18일 18시,일요일,경상북도 포항시 북구 기계면,사망사고,1,1,0,0,차대사람 - 횡단중,안전운전불이행,건조,맑음,단일로 - 기타,화물,남,70세,상해없음,보행자,여,42세,사망
2020101800100445,2020년 10월 18일 18시,일요일,경상북도 성주군 벽진면,중상사고,0,1,0,0,차대차 - 추돌,안전운전불이행,건조,맑음,단일로 - 기타,승용,남,41세,상해없음,농기계,남,55세,중상
2020101800100484,2020년 10월 18일 19시,일요일,경상북도 김천시 용두동,중상사고,0,1,0,0,차대사람 - 보도통행중,보행자보호의무위반,건조,기타,교차로 - 교차로횡단보도내,승용,남,33세,상해없음,보행자,여,68세,중상
2020101800100485,2020년 10월 18일 19시,일요일,경상북도 울진군 죽변면,경상사고,0,0,1,0,차대사람 - 기타,안전운전불이행,건조,맑음,주차장 - 주차장,승용,여,68세,상해없음,보행자,여,24세,경상
2020101800100513,2020년 10월 18일 20시,일요일,경상북도 칠곡군 석적읍,경상사고,0,0,2,0,차대사람 - 길가장자리구역통행중,안전운전불이행,건조,맑음,교차로 - 교차로부근,승용,여,32세,상해없음,보행자,여,45세,경상
2020101800100533,2020년 10월 18일 21시,일요일,경상북도 안동시 태화동,중상사고,0,1,0,0,차대차 - 측면충돌,안전운전불이행,건조,맑음,교차로 - 교차로안,화물,남,44세,상해없음,이륜,남,31세,중상
2020101800100534,2020년 10월 18일 21시,일요일,경상북도 경산시 중방동,경상사고,0,0,1,0,차대사람 - 횡단중,보행자보호의무위반,건조,맑음,교차로 - 교차로안,승용,여,69세,상해없음,보행자,여,26세,경상
2020101800100557,2020년 10월 18일 23시,일요일,경상북도 구미시 원평동,경상사고,0,0,2,0,차대차 - 기타,안전운전불이행,건조,맑음,교차로 - 교차로부근,승용,여,27세,상해없음,승용,남,25세,경상
2020101900100039,2020년 10월 19일 05시,월요일,경상북도 경주시 양남면,중상사고,0,1,0,0,차대차 - 추돌,안전운전불이행,건조,맑음,단일로 - 기타,승용,남,43세,상해없음,농기계,남,79세,중상
2020101900100040,2020년 10월 19일 05시,월요일,경상북도 경주시 동천동,경상사고,0,0,1,0,차대사람 - 차도통행중,안전운전불이행,건조,맑음,기타 - 기타,승용,남,34세,상해없음,보행자,남,19세,경상
2020101900100051,2020년 10월 19일 06시,월요일,경상북도 영주시 풍기읍,중상사고,0,1,0,0,차대차 - 측면충돌,안전운전불이행,건조,맑음,교차로 - 교차로안,화물,남,62세,상해없음,자전거,여,73세,중상
2020101900100083,2020년 10월 19일 07시,월요일,경상북도 경주시 내남면,중상사고,0,1,0,0,차대차 - 측면충돌,기타,건조,맑음,단일로 - 기타,농기계,남,85세,중상,승용,여,64세,상해없음
2020101900100124,2020년 10월 19일 08시,월요일,경상북도 경주시 양남면,중상사고,0,1,1,0,차대차 - 측면충돌,안전운전불이행,건조,맑음,단일로 - 기타,승용,남,64세,상해없음,승용,남,31세,중상
2020101900100125,2020년 10월 19일 08시,월요일,경상북도 경주시 동천동,중상사고,0,1,2,0,차대차 - 측면충돌,직진우회전진행방해,건조,맑음,교차로 - 교차로안,승용,여,28세,경상,승용,남,44세,중상
2020101900100126,2020년 10월 19일 08시,월요일,경상북도 칠곡군 석적읍,경상사고,0,0,1,1,차대차 - 정면충돌,직진우회전진행방해,건조,맑음,교차로 - 교차로안,승용,여,46세,부상신고,승용,여,25세,경상
2020101900100127,2020년 10월 19일 08시,월요일,경상북도 경산시 중방동,경상사고,0,0,1,0,차대차 - 측면충돌,교차로운행방법위반,건조,맑음,교차로 - 교차로안,승용,여,30세,상해없음,이륜,남,55세,경상
2020101900100181,2020년 10월 19일 09시,월요일,경상북도 구미시 공단동,경상사고,0,0,1,0,차대차 - 측면충돌,안전운전불이행,건조,맑음,단일로 - 기타,승용,남,64세,상해없음,승합,남,50세,상해없음
2020101900100225,2020년 10월 19일 10시,월요일,경상북도 구미시 고아읍,중상사고,0,1,0,0,차대사람 - 횡단중,안전운전불이행,건조,맑음,교차로 - 교차로안,승용,여,72세,상해없음,보행자,여,85세,중상
2020101900100256,2020년 10월 19일 11시,월요일,경상북도 경주시 현곡면,경상사고,0,0,2,0,차대차 - 추돌,안전운전불이행,건조,맑음,단일로 - 기타,승용,남,46세,상해없음,승용,여,50세,경상
2020101900100257,2020년 10월 19일 11시,월요일,경상북도 경주시 안강읍,경상사고,0,0,2,0,차대차 - 추돌,안전거리미확보,건조,맑음,교차로 - 교차로부근,승용,남,65세,상해없음,승용,남,61세,경상
2020101900100258,2020년 10월 19일 11시,월요일,경상북도 영천시 완산동,경상사고,0,0,3,0,차대차 - 측면충돌,안전거리미확보,건조,맑음,단일로 - 교량,화물,남,39세,경상,승합,남,65세,경상
2020101900100259,2020년 10월 19일 11시,월요일,경상북도 청도군 각남면,중상사고,0,1,0,0,차대차 - 후진중충돌,안전운전불이행,건조,맑음,단일로 - 지하차도(도로)내,승용,남,53세,상해없음,이륜,남,85세,중상
2020101900100298,2020년 10월 19일 12시,월요일,경상북도 구미시 도개면,경상사고,0,0,1,0,차대차 - 측면충돌,안전운전불이행,건조,맑음,주차장 - 주차장,화물,남,77세,상해없음,승용,남,70세,경상
2020101900100341,2020년 10월 19일 13시,월요일,경상북도 경주시 외동읍,경상사고,0,0,2,0,철길건널목 - 철길건널목,기타,건조,맑음,단일로 - 철길건널목,농기계,남,76세,상해없음,기타불명,남,55세,상해없음
2020101900100342,2020년 10월 19일 13시,월요일,경상북도 경주시 안강읍,중상사고,0,1,1,0,차대차 - 측면충돌,안전운전불이행,건조,맑음,단일로 - 기타,건설기계,남,44세,상해없음,화물,남,37세,중상
2020101900100343,2020년 10월 19일 13시,월요일,경상북도 포항시 북구 창포동,경상사고,0,0,1,0,차대사람 - 차도통행중,안전운전불이행,건조,맑음,교차로 - 교차로부근,승용,여,49세,상해없음,보행자,여,79세,경상
2020101900100344,2020년 10월 19일 13시,월요일,경상북도 안동시 일직면,경상사고,0,0,2,0,차대차 - 측면충돌,안전운전불이행,건조,맑음,단일로 - 기타,승용,남,38세,경상,승용,남,63세,경상
2020101900100345,2020년 10월 19일 13시,월요일,경상북도 안동시 운안동,경상사고,0,0,1,0,차대사람 - 보도통행중,기타,건조,맑음,단일로 - 기타,이륜,남,21세,상해없음,보행자,여,53세,경상
2020101900100346,2020년 10월 19일 13시,월요일,경상북도 영천시 문외동,경상사고,0,0,2,0,차대차 - 측면충돌,안전운전불이행,건조,맑음,교차로 - 교차로부근,승용,여,30세,경상,승합,남,35세,경상
2020101900100347,2020년 10월 19일 13시,월요일,경상북도 영덕군 강구면,사망사고,1,0,0,0,차대차 - 측면충돌,직진우회전진행방해,건조,맑음,교차로 - 교차로안,승용,남,65세,상해없음,자전거,여,68세,사망
2020101900100348,2020년 10월 19일 13시,월요일,경상북도 예천군 용문면,중상사고,0,1,0,0,차대차 - 정면충돌,안전운전불이행,건조,맑음,교차로 - 교차로안,이륜,남,85세,중상,화물,남,47세,상해없음
2020101900100349,2020년 10월 19일 13시,월요일,경상북도 청도군 이서면,중상사고,0,1,0,0,차대차 - 측면충돌,교차로운행방법위반,건조,맑음,교차로 - 교차로안,이륜,남,70세,중상,승용,남,44세,상해없음
2020101900100350,2020년 10월 19일 13시,월요일,경상북도 구미시 봉곡동,경상사고,0,0,2,1,차대차 - 측면충돌,신호위반,건조,맑음,교차로 - 교차로부근,승용,여,53세,부상신고,승용,남,32세,경상
2020101900100383,2020년 10월 19일 14시,월요일,경상북도 포항시 북구 흥해읍,경상사고,0,0,1,0,차대차 - 기타,안전운전불이행,건조,맑음,교차로 - 교차로안,승용,여,29세,상해없음,이륜,남,58세,경상
2020101900100384,2020년 10월 19일 14시,월요일,경상북도 영주시 영주동,중상사고,0,1,0,0,차대사람 - 기타,안전운전불이행,건조,맑음,단일로 - 기타,화물,남,78세,상해없음,보행자,남,78세,중상
2020101900100385,2020년 10월 19일 14시,월요일,경상북도 고령군 성산면,경상사고,0,0,1,0,차대차 - 측면충돌,안전운전불이행,건조,맑음,단일로 - 기타,승용,남,81세,상해없음,승용,여,35세,경상
2020101900100386,2020년 10월 19일 14시,월요일,경상북도 포항시 남구 오천읍,경상사고,0,0,1,0,차대차 - 측면충돌,직진우회전진행방해,건조,맑음,교차로 - 교차로안,이륜,여,28세,경상,승합,남,64세,상해없음
2020101900100433,2020년 10월 19일 15시,월요일,경상북도 문경시 문경읍,경상사고,0,0,2,0,차대차 - 측면충돌,기타,건조,맑음,교차로 - 교차로안,승용,남,34세,경상,승용,남,64세,경상