사고번호,사고일시,요일,시군구,사고내용,사망자수,중상자수,경상자수,부상신고자수,사고유형,법규위반,노면상태,기상상태,도로형태,가해운전자 차종,가해운전자 성별,가해운전자 연령,가해운전자 상해정도,피해운전자 차종,피해운전자 성별,피해운전자 연령,피해운전자 상해정도
2020102100100711,2020년 10월 21일 23시,수요일,경상북도 상주시 화서면,사망사고,1,0,0,0,차대차 - 기타,기타,젖음/습기,흐림,단일로 - 기타,화물,남,41세,상해없음,화물,남,42세,상해없음
2020102200100009,2020년 10월 22일 00시,목요일,경상북도 문경시 모전동,경상사고,0,0,1,0,차대사람 - 기타,안전운전불이행,건조,맑음,기타 - 기타,승용,남,67세,상해없음,보행자,남,24세,경상
2020102200100087,2020년 10월 22일 07시,목요일,경상북도 칠곡군 가산면,중상사고,0,2,0,0,차대차 - 추돌,안전운전불이행,젖음/습기,흐림,교차로 - 교차로부근,승용,남,55세,상해없음,승용,여,55세,중상
2020102200100124,2020년 10월 22일 08시,목요일,경상북도 구미시 공단동,경상사고,0,0,1,0,차대사람 - 기타,안전운전불이행,건조,맑음,단일로 - 기타,승용,남,40세,상해없음,보행자,여,44세,경상
2020102200100125,2020년 10월 22일 08시,목요일,경상북도 포항시 남구 해도동,경상사고,0,0,2,0,차대차 - 기타,안전운전불이행,건조,맑음,단일로 - 기타,승용,여,41세,경상,화물,남,61세,경상
2020102200100126,2020년 10월 22일 08시,목요일,경상북도 포항시 남구 오천읍,경상사고,0,0,2,0,차대차 - 기타,안전운전불이행,건조,맑음,교차로 - 교차로안,승용,여,39세,경상,승용,여,40세,경상
2020102200100160,2020년 10월 22일 09시,목요일,경상북도 구미시 산동면,중상사고,0,1,0,0,차대차 - 기타,안전운전불이행,건조,맑음,교차로 - 교차로안,승용,남,69세,기타불명,승용,여,27세,중상
2020102200100216,2020년 10월 22일 11시,목요일,경상북도 안동시 옥야동,경상사고,0,0,1,0,차대사람 - 횡단중,안전운전불이행,건조,맑음,단일로 - 기타,승용,여,68세,상해없음,보행자,여,78세,경상
2020102200100217,2020년 10월 22일 11시,목요일,경상북도 의성군 단촌면,중상사고,0,1,0,0,차대차 - 측면충돌,안전운전불이행,건조,맑음,교차로 - 교차로안,화물,남,48세,상해없음,자전거,남,78세,중상
2020102200100218,2020년 10월 22일 11시,목요일,경상북도 칠곡군 왜관읍,경상사고,0,0,1,0,차대사람 - 기타,안전운전불이행,건조,맑음,단일로 - 기타,승용,남,45세,상해없음,보행자,남,55세,경상
2020102200100250,2020년 10월 22일 12시,목요일,경상북도 의성군 구천면,중상사고,0,1,2,0,차대차 - 측면충돌,직진우회전진행방해,건조,맑음,교차로 - 교차로안,화물,남,60세,경상,이륜,남,76세,경상
2020102200100251,2020년 10월 22일 12시,목요일,경상북도 영주시 영주동,경상사고,0,0,1,0,차대차 - 측면충돌,안전운전불이행,건조,맑음,교차로 - 교차로안,이륜,남,59세,경상,승용,남,48세,상해없음
2020102200100252,2020년 10월 22일 12시,목요일,경상북도 경산시 사동,경상사고,0,0,1,0,차대사람 - 기타,보행자보호의무위반,건조,맑음,단일로 - 기타,승용,남,45세,상해없음,보행자,여,16세,경상
2020102200100253,2020년 10월 22일 12시,목요일,경상북도 영덕군 강구면,경상사고,0,0,3,0,차대차 - 측면충돌,교차로운행방법위반,건조,맑음,교차로 - 교차로안,승용,남,59세,상해없음,승용,남,43세,경상
2020102200100285,2020년 10월 22일 13시,목요일,경상북도 안동시 운안동,경상사고,0,0,1,0,차대차 - 추돌,안전운전불이행,건조,맑음,교차로 - 교차로부근,승용,여,36세,상해없음,승합,남,33세,경상
2020102200100286,2020년 10월 22일 13시,목요일,경상북도 상주시 함창읍,경상사고,0,0,1,0,차량단독 - 전도전복 - 전도,안전운전불이행,건조,맑음,단일로 - 기타,농기계,남,58세,경상,,,,
2020102200100287,2020년 10월 22일 13시,목요일,경상북도 구미시 상모동,경상사고,0,0,1,0,차대차 - 기타,안전운전불이행,건조,맑음,단일로 - 기타,승용,여,43세,상해없음,승용,남,41세,경상
2020102200100350,2020년 10월 22일 15시,목요일,경상북도 김천시 증산면,중상사고,0,1,0,0,차량단독 - 공작물충돌,중앙선침범,건조,맑음,단일로 - 기타,승용,여,60세,중상,,,,
2020102200100395,2020년 10월 22일 16시,목요일,경상북도 경주시 동천동,중상사고,0,1,0,0,차대사람 - 횡단중,안전운전불이행,건조,맑음,단일로 - 기타,이륜,남,30세,상해없음,보행자,여,62세,중상
2020102200100396,2020년 10월 22일 16시,목요일,경상북도 상주시 남성동,경상사고,0,0,1,0,차대차 - 측면충돌,안전운전불이행,건조,맑음,교차로 - 교차로안,화물,남,66세,상해없음,승용,여,64세,경상
2020102200100397,2020년 10월 22일 16시,목요일,경상북도 울진군 기성면,중상사고,0,1,0,0,차량단독 - 공작물충돌,기타,건조,맑음,단일로 - 기타,승용,여,62세,중상,,,,
2020102200100398,2020년 10월 22일 16시,목요일,경상북도 포항시 남구 이동,경상사고,0,0,5,0,차대차 - 기타,직진우회전진행방해,건조,맑음,교차로 - 교차로안,이륜,남,59세,경상,승용,여,25세,경상
2020102200100433,2020년 10월 22일 17시,목요일,경상북도 포항시 북구 학산동,경상사고,0,0,2,0,차대차 - 기타,안전운전불이행,건조,맑음,교차로 - 교차로안,승용,남,46세,상해없음,승용,남,62세,경상
2020102200100494,2020년 10월 22일 18시,목요일,경상북도 김천시 아포읍,사망사고,1,0,0,0,차대차 - 기타,안전운전불이행,건조,맑음,단일로 - 기타,승용,남,66세,상해없음,승용,여,46세,상해없음
2020102200100495,2020년 10월 22일 18시,목요일,경상북도 상주시 신봉동,중상사고,0,2,0,0,차량단독 - 공작물충돌,안전운전불이행,건조,맑음,단일로 - 기타,승용,남,20세,상해없음,,,,
2020102200100497,2020년 10월 22일 18시,목요일,경상북도 경산시 하양읍,중상사고,0,1,0,0,차대사람 - 횡단중,기타,건조,맑음,교차로 - 교차로안,승용,여,56세,상해없음,보행자,여,11세,중상
2020102200100498,2020년 10월 22일 18시,목요일,경상북도 구미시 공단동,부상신고사고,0,0,0,1,차대차 - 측면충돌,안전운전불이행,건조,맑음,교차로 - 교차로안,이륜,남,34세,부상신고,승용,남,53세,상해없음
2020102200100548,2020년 10월 22일 19시,목요일,경상북도 구미시 도량동,중상사고,0,1,0,0,차대사람 - 횡단중,안전운전불이행,건조,맑음,단일로 - 기타,승용,남,61세,상해없음,보행자,여,78세,중상
2020102200100575,2020년 10월 22일 20시,목요일,경상북도 구미시 고아읍,부상신고사고,0,0,0,1,차량단독 - 공작물충돌,안전운전불이행,건조,맑음,기타 - 기타,이륜,남,68세,부상신고,,,,
2020102200100630,2020년 10월 22일 22시,목요일,경상북도 상주시 중동면,중상사고,0,1,0,0,차대차 - 추돌,안전운전불이행,건조,맑음,단일로 - 기타,이륜,남,73세,중상,농기계,남,57세,기타불명
2020102200100631,2020년 10월 22일 22시,목요일,경상북도 구미시 송정동,경상사고,0,0,1,0,차대사람 - 기타,안전운전불이행,건조,맑음,교차로 - 교차로안,승용,남,37세,상해없음,보행자,남,60세,경상
2020102300100009,2020년 10월 23일 00시,금요일,경상북도 안동시 광석동,중상사고,0,1,0,0,차대사람 - 기타,안전운전불이행,건조,맑음,교차로 - 교차로부근,승용,여,45세,상해없음,보행자,여,52세,중상
2020102300100037,2020년 10월 23일 03시,금요일,경상북도 구미시 시미동,경상사고,0,0,1,0,차량단독 - 기타,안전운전불이행,건조,맑음,단일로 - 기타,이륜,남,26세,경상,,,,
2020102300100039,2020년 10월 23일 04시,금요일,경상북도 포항시 북구 장성동,중상사고,0,1,1,0,차대차 - 정면충돌,직진우회전진행방해,건조,맑음,교차로 - 교차로안,이륜,남,43세,상해없음,승용,여,62세,경상
2020102300100097,2020년 10월 23일 07시,금요일,경상북도 경주시 천북면,경상사고,0,0,1,0,차대사람 - 기타,안전운전불이행,건조,맑음,교차로 - 교차로부근,승용,남,30세,상해없음,보행자,남,56세,경상
2020102300100098,2020년 10월 23일 07시,금요일,경상북도 안동시 와룡면,경상사고,0,0,3,0,차대차 - 정면충돌,중앙선침범,건조,맑음,단일로 - 기타,화물,여,49세,상해없음,화물,남,68세,경상
2020102300100183,2020년 10월 23일 09시,금요일,경상북도 영천시 작산동,중상사고,0,1,1,0,차대차 - 정면충돌,신호위반,건조,맑음,교차로 - 교차로안,화물,남,61세,경상,승용,여,40세,중상
2020102300100184,2020년 10월 23일 09시,금요일,경상북도 경산시 압량면,중상사고,0,1,0,0,차대차 - 측면충돌,안전운전불이행,건조,맑음,교차로 - 교차로안,승용,남,19세,상해없음,자전거,남,85세,중상
2020102300100185,2020년 10월 23일 09시,금요일,경상북도 구미시 신평동,중상사고,0,1,0,0,차대차 - 기타,안전운전불이행,건조,맑음,단일로 - 기타,화물,남,56세,상해없음,이륜,남,55세,중상
2020102300100221,2020년 10월 23일 10시,금요일,경상북도 포항시 북구 청하면,경상사고,0,0,3,0,차대차 - 측면충돌,중앙선침범,건조,맑음,단일로 - 기타,화물,남,68세,상해없음,화물,남,52세,경상
2020102300100222,2020년 10월 23일 10시,금요일,경상북도 김천시 어모면,중상사고,0,2,0,0,차량단독 - 도로외이탈 - 추락,안전운전불이행,건조,맑음,단일로 - 기타,화물,남,78세,중상,,,,
2020102300100223,2020년 10월 23일 10시,금요일,경상북도 의성군 의성읍,경상사고,0,0,2,0,차대차 - 측면충돌,안전운전불이행,건조,맑음,단일로 - 기타,화물,남,76세,상해없음,승용,여,39세,경상
2020102300100224,2020년 10월 23일 10시,금요일,경상북도 포항시 남구 오천읍,경상사고,0,0,4,0,차대차 - 기타,직진우회전진행방해,건조,맑음,교차로 - 교차로안,승용,남,21세,경상,승용,남,61세,경상
2020102300100259,2020년 10월 23일 11시,금요일,경상북도 포항시 북구 대흥동,중상사고,0,1,0,0,차대차 - 기타,안전운전불이행,건조,맑음,교차로 - 교차로안,자전거,여,65세,중상,화물,남,35세,상해없음
2020102300100260,2020년 10월 23일 11시,금요일,경상북도 칠곡군 동명면,경상사고,0,0,1,0,차대차 - 측면충돌,안전운전불이행,건조,맑음,단일로 - 기타,농기계,남,61세,경상,화물,남,36세,상해없음
2020102300100261,2020년 10월 23일 11시,금요일,경상북도 문경시 점촌동,사망사고,1,0,0,0,차대차 - 기타,안전운전불이행,건조,맑음,단일로 - 기타,승용,여,64세,상해없음,이륜,남,29세,상해없음
2020102300100262,2020년 10월 23일 11시,금요일,경상북도 청도군 풍각면,중상사고,0,1,0,0,차대차 - 측면충돌,안전운전불이행,건조,맑음,교차로 - 교차로안,승용,남,67세,상해없음,이륜,남,75세,중상
2020102300100263,2020년 10월 23일 11시,금요일,경상북도 구미시 공단동,경상사고,0,0,3,0,차대차 - 기타,안전운전불이행,건조,맑음,단일로 - 기타,승용,남,71세,상해없음,승용,여,42세,경상
2020102300100296,2020년 10월 23일 12시,금요일,경상북도 경주시 시래동,경상사고,0,0,2,0,차대차 - 측면충돌,안전운전불이행,건조,맑음,교차로 - 교차로안,승용,여,48세,경상,승용,여,34세,경상
2020102300100297,2020년 10월 23일 12시,금요일,경상북도 의성군 의성읍,경상사고,0,0,1,0,차대차 - 측면충돌,직진우회전진행방해,건조,맑음,교차로 - 교차로안,승용,남,58세,상해없음,자전거,여,71세,경상
2020102300100298,2020년 10월 23일 12시,금요일,경상북도 울진군 울진읍,중상사고,0,1,2,0,차대차 - 추돌,안전운전불이행,건조,맑음,단일로 - 기타,승용,여,53세,경상,화물,남,23세,경상
2020102300100327,2020년 10월 23일 13시,금요일,경상북도 문경시 점촌동,경상사고,0,0,1,0,차대차 - 기타,안전운전불이행,건조,맑음,기타 - 기타,화물,남,63세,상해없음,승용,남,36세,경상
2020102300100375,2020년 10월 23일 14시,금요일,경상북도 경주시 황성동,경상사고,0,0,3,0,차대차 - 기타,직진우회전진행방해,건조,맑음,교차로 - 교차로안,이륜,남,42세,경상,승용,여,61세,경상
2020102300100376,2020년 10월 23일 14시,금요일,경상북도 문경시 모전동,경상사고,0,0,2,0,차대차 - 측면충돌,신호위반,건조,맑음,교차로 - 교차로안,승용,여,50세,상해없음,화물,남,46세,경상
2020102300100427,2020년 10월 23일 15시,금요일,경상북도 포항시 북구 양덕동,경상사고,0,0,3,0,차대차 - 측면충돌,직진우회전진행방해,건조,맑음,교차로 - 교차로안,승용,남,59세,경상,승용,여,41세,경상
2020102300100428,2020년 10월 23일 15시,금요일,경상북도 포항시 북구 장성동,중상사고,0,1,1,0,차대차 - 측면충돌,안전운전불이행,건조,맑음,교차로 - 교차로안,승용,여,38세,중상,승용,남,31세,경상
2020102300100429,2020년 10월 23일 15시,금요일,경상북도 안동시 풍천면,경상사고,0,0,1,0,차대차 - 기타,안전운전불이행,건조,맑음,교차로 - 교차로부근,자전거,남,63세,경상,화물,남,46세,상해없음
2020102300100430,2020년 10월 23일 15시,금요일,경상북도 김천시 교동,중상사고,0,1,0,0,차대차 - 기타,안전운전불이행,건조,맑음,교차로 - 교차로안,승용,남,48세,상해없음,자전거,남,14세,중상
2020102300100431,2020년 10월 23일 15시,금요일,경상북도 영주시 영주동,중상사고,0,1,0,0,차대사람 - 기타,안전운전불이행,건조,맑음,단일로 - 기타,승용,남,64세,상해없음,보행자,남,67세,중상
2020102300100432,2020년 10월 23일 15시,금요일,경상북도 영주시 휴천동,중상사고,0,1,0,0,차대사람 - 보도통행중,안전운전불이행,건조,맑음,단일로 - 기타,승용,남,49세,상해없음,보행자,여,77세,중상
2020102300100433,2020년 10월 23일 15시,금요일,경상북도 구미시 옥성면,경상사고,0,0,1,0,차대차 - 기타,안전운전불이행,건조,맑음,단일로 - 기타,승용,남,74세,상해없음,승용,남,53세,경상
2020102300100476,2020년 10월 23일 16시,금요일,경상북도 상주시 무양동,경상사고,0,0,1,0,차대차 - 측면충돌,교차로운행방법위반,건조,맑음,교차로 - 교차로안,승용,남,70세,상해없음,이륜,남,77세,경상
2020102300100477,2020년 10월 23일 16시,금요일,경상북도 칠곡군 약목면,부상신고사고,0,0,0,1,차대차 - 측면충돌,직진우회전진행방해,건조,맑음,교차로 - 교차로안,승용,여,57세,상해없음,이륜,남,78세,부상신고
2020102300100478,2020년 10월 23일 16시,금요일,경상북도 칠곡군 기산면,경상사고,0,0,1,0,차대차 - 추돌,안전운전불이행,건조,맑음,단일로 - 기타,승용,여,44세,상해없음,승용,남,38세,경상
2020102300100479,2020년 10월 23일 16시,금요일,경상북도 포항시 남구 연일읍,경상사고,0,0,1,0,차대차 - 기타,안전운전불이행,건조,맑음,단일로 - 기타,화물,남,44세,기타불명,승용,여,24세,경상
2020102300100546,2020년 10월 23일 17시,금요일,경상북도 포항시 북구 항구동,경상사고,0,0,1,0,차대사람 - 횡단중,보행자보호의무위반,건조,맑음,교차로 - 교차로부근,승용,여,64세,상해없음,보행자,남,9세,경상
2020102300100547,2020년 10월 23일 17시,금요일,경상북도 김천시 개령면,경상사고,0,0,1,0,차대차 - 측면충돌,안전운전불이행,건조,맑음,교차로 - 교차로안,이륜,남,70세,경상,승용,남,24세,상해없음
2020102300100548,2020년 10월 23일 17시,금요일,경상북도 칠곡군 기산면,경상사고,0,0,2,0,차대차 - 기타,신호위반,건조,맑음,단일로 - 교량,특수,남,62세,상해없음,승용,남,25세,경상
2020102300100549,2020년 10월 23일 17시,금요일,경상북도 칠곡군 지천면,경상사고,0,0,1,0,차대차 - 기타,신호위반,건조,맑음,교차로 - 교차로안,승용,여,51세,상해없음,승용,남,65세,상해없음
2020102300100550,2020년 10월 23일 17시,금요일,경상북도 영천시 야사동,경상사고,0,0,1,0,차대차 - 측면충돌,안전운전불이행,건조,맑음,교차로 - 교차로안,자전거,남,9세,경상,승용,여,23세,상해없음
2020102300100551,2020년 10월 23일 17시,금요일,경상북도 성주군 성주읍,경상사고,0,0,1,0,차대차 - 기타,안전운전불이행,건조,맑음,교차로 - 교차로안,승용,여,47세,상해없음,자전거,남,12세,경상
2020102300100552,2020년 10월 23일 17시,금요일,경상북도 구미시 공단동,경상사고,0,0,1,0,차대차 - 기타,신호위반,건조,맑음,교차로 - 교차로안,화물,남,56세,상해없음,승용,남,60세,경상
2020102300100637,2020년 10월 23일 18시,금요일,경상북도 영주시 봉현면,경상사고,0,0,1,0,차대차 - 추돌,안전운전불이행,건조,맑음,단일로 - 기타,승합,남,39세,상해없음,화물,남,74세,경상
2020102300100638,2020년 10월 23일 18시,금요일,경상북도 경산시 하양읍,경상사고,0,0,1,0,차대차 - 측면충돌,안전운전불이행,건조,맑음,교차로 - 교차로안,승용,여,57세,상해없음,승용,남,25세,경상
2020102300100639,2020년 10월 23일 18시,금요일,경상북도 구미시 형곡동,경상사고,0,0,1,0,차대차 - 기타,안전운전불이행,건조,맑음,단일로 - 기타,승용,여,47세,상해없음,이륜,남,23세,경상
2020102300100640,2020년 10월 23일 18시,금요일,경상북도 포항시 남구 지곡동,경상사고,0,0,4,0,차대차 - 정면충돌,신호위반,건조,맑음,교차로 - 교차로안,승용,남,29세,경상,승용,여,61세,경상
2020102300100750,2020년 10월 23일 20시,금요일,경상북도 경주시 충효동,경상사고,0,0,1,0,차대사람 - 기타,안전운전불이행,건조,맑음,단일로 - 기타,승용,남,21세,상해없음,보행자,남,36세,경상
2020102300100751,2020년 10월 23일 20시,금요일,경상북도 경산시 유곡동,경상사고,0,0,1,0,차대차 - 기타,안전운전불이행,건조,흐림,교차로 - 교차로부근,승용,남,66세,기타불명,승용,여,55세,경상
2020102300100752,2020년 10월 23일 20시,금요일,경상북도 영덕군 강구면,사망사고,1,0,0,0,차대사람 - 차도통행중,안전운전불이행,건조,맑음,단일로 - 기타,승용,여,20세,상해없음,보행자,남,68세,사망
2020102300100790,2020년 10월 23일 21시,금요일,경상북도 의성군 봉양면,사망사고,1,1,0,0,차대차 - 정면충돌,중앙선침범,건조,맑음,단일로 - 기타,승용,남,61세,중상,화물,남,43세,사망
2020102300100817,2020년 10월 23일 22시,금요일,경상북도 포항시 북구 청하면,경상사고,0,0,4,1,차대차 - 추돌,안전운전불이행,건조,맑음,단일로 - 기타,승용,남,30세,경상,승용,남,50세,경상
2020102400100045,2020년 10월 24일 02시,토요일,경상북도 청송군 청송읍,중상사고,0,1,0,0,차량단독 - 공작물충돌,안전운전불이행,건조,맑음,단일로 - 지하차도(도로)내,화물,남,51세,중상,,,,
2020102400100067,2020년 10월 24일 04시,토요일,경상북도 성주군 성주읍,경상사고,0,0,1,0,차대차 - 기타,안전운전불이행,건조,맑음,교차로 - 교차로부근,승용,남,26세,상해없음,화물,남,59세,경상
2020102400100091,2020년 10월 24일 06시,토요일,경상북도 구미시 광평동,중상사고,0,1,1,0,차대차 - 추돌,안전운전불이행,건조,맑음,단일로 - 기타,화물,남,52세,상해없음,승용,남,37세,경상
2020102400100109,2020년 10월 24일 07시,토요일,경상북도 구미시 진평동,경상사고,0,0,1,0,차대차 - 후진중충돌,안전운전불이행,건조,맑음,단일로 - 기타,승용,여,29세,상해없음,승용,남,22세,경상
2020102400100124,2020년 10월 24일 08시,토요일,경상북도 구미시 공단동,중상사고,0,1,0,0,차대차 - 기타,신호위반,건조,맑음,교차로 - 교차로부근,승용,남,43세,상해없음,이륜,남,25세,중상
2020102400100182,2020년 10월 24일 10시,토요일,경상북도 청도군 금천면,중상사고,0,1,3,0,차대차 - 정면충돌,중앙선침범,건조,맑음,단일로 - 지하차도(도로)내,승용,남,32세,중상,승용,남,59세,경상
2020102400100217,2020년 10월 24일 11시,토요일,경상북도 경주시 황남동,경상사고,0,0,1,0,차대사람 - 기타,안전운전불이행,건조,맑음,주차장 - 주차장,화물,남,26세,상해없음,보행자,남,73세,경상
2020102400100218,2020년 10월 24일 11시,토요일,경상북도 구미시 해평면,중상사고,0,1,0,0,차대차 - 기타,중앙선침범,건조,맑음,단일로 - 기타,화물,남,65세,상해없음,이륜,남,49세,중상
2020102400100268,2020년 10월 24일 12시,토요일,경상북도 김천시 대덕면,사망사고,1,0,0,0,차량단독 - 도로외이탈 - 기타,안전운전불이행,건조,맑음,단일로 - 기타,화물,남,66세,사망,,,,
2020102400100269,2020년 10월 24일 12시,토요일,경상북도 군위군 군위읍,경상사고,0,0,1,0,차대차 - 기타,기타,건조,맑음,교차로 - 교차로안,이륜,남,87세,경상,화물,남,48세,상해없음
2020102400100270,2020년 10월 24일 12시,토요일,경상북도 영양군 입암면,경상사고,0,0,1,0,차대차 - 정면충돌,안전운전불이행,건조,맑음,교차로 - 교차로안,승용,남,22세,상해없음,승용,여,62세,경상
2020102400100309,2020년 10월 24일 13시,토요일,경상북도 경주시 황오동,경상사고,0,0,2,0,차대차 - 후진중충돌,안전운전불이행,건조,맑음,단일로 - 기타,승용,남,50세,상해없음,승용,남,24세,경상
2020102400100310,2020년 10월 24일 13시,토요일,경상북도 영천시 야사동,경상사고,0,0,1,0,차대차 - 측면충돌,안전운전불이행,건조,맑음,단일로 - 기타,승용,남,32세,상해없음,이륜,남,19세,경상
2020102400100311,2020년 10월 24일 13시,토요일,경상북도 영덕군 강구면,경상사고,0,0,1,0,차대사람 - 횡단중,안전운전불이행,건조,맑음,교차로 - 교차로안,승용,남,47세,상해없음,보행자,여,43세,경상
2020102400100312,2020년 10월 24일 13시,토요일,경상북도 울진군 죽변면,중상사고,0,1,0,0,차량단독 - 기타,안전운전불이행,건조,맑음,기타 - 기타,이륜,남,83세,중상,,,,
2020102400100313,2020년 10월 24일 13시,토요일,경상북도 포항시 남구 오천읍,경상사고,0,0,1,0,차대차 - 측면충돌,직진우회전진행방해,건조,맑음,교차로 - 교차로안,화물,남,54세,상해없음,이륜,남,56세,경상
2020102400100369,2020년 10월 24일 14시,토요일,경상북도 경주시 사정동,경상사고,0,0,3,0,차대차 - 측면충돌,안전운전불이행,건조,맑음,교차로 - 교차로안,승용,남,24세,경상,승용,남,60세,경상
2020102400100370,2020년 10월 24일 14시,토요일,경상북도 울진군 죽변면,경상사고,0,0,1,0,차대사람 - 기타,안전운전불이행,건조,맑음,기타 - 기타,승용,여,62세,상해없음,보행자,여,62세,경상
2020102400100423,2020년 10월 24일 15시,토요일,경상북도 포항시 북구 흥해읍,경상사고,0,0,2,0,차대차 - 추돌,안전거리미확보,건조,맑음,단일로 - 기타,승용,남,21세,경상,승용,여,33세,상해없음
2020102400100424,2020년 10월 24일 15시,토요일,경상북도 안동시 북후면,경상사고,0,0,1,0,차대사람 - 기타,안전운전불이행,건조,맑음,단일로 - 기타,승용,남,69세,상해없음,보행자,여,81세,경상
2020102400100425,2020년 10월 24일 15시,토요일,경상북도 상주시 화동면,중상사고,0,2,0,0,차량단독 - 공작물충돌,안전운전불이행,건조,맑음,단일로 - 기타,화물,남,64세,중상,,,,
2020102400100458,2020년 10월 24일 16시,토요일,경상북도 포항시 북구 용흥동,경상사고,0,0,1,0,차대차 - 기타,안전운전불이행,건조,맑음,단일로 - 기타,승용,남,65세,상해없음,승용,남,33세,경상
2020102400100459,2020년 10월 24일 16시,토요일,경상북도 칠곡군 왜관읍,경상사고,0,0,1,0,차대사람 - 차도통행중,안전운전불이행,건조,맑음,교차로 - 교차로안,승용,남,23세,상해없음,보행자,남,4세,경상
2020102400100460,2020년 10월 24일 16시,토요일,경상북도 울진군 후포면,중상사고,0,1,1,0,차대차 - 추돌,기타,건조,맑음,기타 - 기타,화물,여,61세,경상,승용,여,70세,중상
2020102400100461,2020년 10월 24일 16시,토요일,경상북도 구미시 원평동,부상신고사고,0,0,0,1,차대차 - 측면충돌,직진우회전진행방해,건조,맑음,교차로 - 교차로안,승용,남,48세,상해없음,승용,남,34세,부상신고
2020102400100498,2020년 10월 24일 17시,토요일,경상북도 칠곡군 왜관읍,경상사고,0,0,1,0,차대차 - 측면충돌,안전운전불이행,건조,맑음,단일로 - 기타,화물,남,44세,경상,승용,남,54세,상해없음
2020102400100534,2020년 10월 24일 18시,토요일,경상북도 경주시 사정동,중상사고,0,1,0,0,차대차 - 측면충돌,안전운전불이행,건조,맑음,교차로 - 교차로안,승용,남,61세,상해없음,자전거,남,77세,중상
2020102400100535,2020년 10월 24일 18시,토요일,경상북도 경주시 건천읍,중상사고,0,1,0,0,차대사람 - 횡단중,안전운전불이행,건조,맑음,단일로 - 기타,승용,남,65세,상해없음,보행자,남,62세,중상
2020102400100536,2020년 10월 24일 18시,토요일,경상북도 경주시 안강읍,경상사고,0,0,1,0,차대차 - 기타,안전운전불이행,건조,맑음,교차로 - 교차로안,승용,남,38세,상해없음,승용,남,43세,경상
2020102400100537,2020년 10월 24일 18시,토요일,경상북도 의성군 의성읍,중상사고,0,1,0,0,차대사람 - 기타,기타,건조,맑음,단일로 - 기타,화물,남,36세,상해없음,보행자,여,78세,중상
2020102400100574,2020년 10월 24일 19시,토요일,경상북도 김천시 신음동,경상사고,0,0,1,0,차대차 - 측면충돌,안전운전불이행,건조,맑음,단일로 - 기타,승용,남,60세,상해없음,승용,남,59세,경상
2020102400100575,2020년 10월 24일 19시,토요일,경상북도 구미시 무을면,중상사고,0,1,0,0,차대사람 - 기타,안전운전불이행,건조,맑음,단일로 - 기타,승용,여,75세,상해없음,보행자,여,65세,중상
2020102400100576,2020년 10월 24일 19시,토요일,경상북도 구미시 거의동,중상사고,0,1,0,0,차대차 - 기타,직진우회전진행방해,건조,맑음,교차로 - 교차로안,이륜,남,40세,상해없음,이륜,남,43세,중상
2020102400100577,2020년 10월 24일 19시,토요일,경상북도 구미시 송정동,경상사고,0,0,1,0,차대차 - 정면충돌,신호위반,건조,맑음,교차로 - 교차로안,승용,남,51세,상해없음,화물,남,41세,경상
2020102400100578,2020년 10월 24일 19시,토요일,경상북도 포항시 남구 청림동,경상사고,0,0,2,0,차대차 - 기타,직진우회전진행방해,건조,맑음,교차로 - 교차로안,승용,남,71세,상해없음,승용,여,19세,경상
2020102400100614,2020년 10월 24일 20시,토요일,경상북도 김천시 율곡동,중상사고,0,1,2,0,차대사람 - 횡단중,보행자보호의무위반,건조,맑음,교차로 - 교차로횡단보도내,승용,남,24세,상해없음,보행자,남,42세,중상
2020102400100615,2020년 10월 24일 20시,토요일,경상북도 칠곡군 약목면,경상사고,0,0,1,0,차대차 - 기타,안전운전불이행,건조,기타,단일로 - 기타,승용,여,58세,상해없음,승용,남,27세,경상
2020102400100642,2020년 10월 24일 21시,토요일,경상북도 안동시 길안면,사망사고,1,1,0,0,차량단독 - 공작물충돌,안전운전불이행,건조,맑음,교차로 - 교차로안,승용,남,53세,사망,,,,
2020102400100643,2020년 10월 24일 21시,토요일,경상북도 구미시 진평동,경상사고,0,0,1,0,차대차 - 기타,안전운전불이행,건조,맑음,단일로 - 기타,원동기,남,36세,경상,승용,남,45세,상해없음
2020102400100680,2020년 10월 24일 23시,토요일,경상북도 경주시 신평동,경상사고,0,0,1,0,차대차 - 추돌,안전운전불이행,건조,맑음,교차로 - 교차로부근,승용,남,23세,상해없음,승용,남,24세,경상
2020102500100010,2020년 10월 25일 00시,일요일,경상북도 영천시 야사동,경상사고,0,0,1,0,차대차 - 추돌,안전운전불이행,건조,맑음,교차로 - 교차로부근,승용,남,45세,상해없음,승용,남,56세,상해없음
2020102500100011,2020년 10월 25일 00시,일요일,경상북도 성주군 성주읍,중상사고,0,1,0,0,차대차 - 측면충돌,신호위반,건조,맑음,교차로 - 교차로안,승용,남,54세,상해없음,승용,여,40세,중상