사고번호,사고일시,요일,시군구,사고내용,사망자수,중상자수,경상자수,부상신고자수,사고유형,법규위반,노면상태,기상상태,도로형태,가해운전자 차종,가해운전자 성별,가해운전자 연령,가해운전자 상해정도,피해운전자 차종,피해운전자 성별,피해운전자 연령,피해운전자 상해정도
2020102500100035,2020년 10월 25일 02시,일요일,경상북도 구미시 지산동,경상사고,0,0,1,0,차량단독 - 기타,안전운전불이행,건조,맑음,단일로 - 기타,승용,남,41세,경상,,,,
2020102500100124,2020년 10월 25일 09시,일요일,경상북도 성주군 벽진면,경상사고,0,0,1,0,차대차 - 후진중충돌,중앙선침범,건조,맑음,기타 - 기타,화물,남,61세,상해없음,화물,남,53세,경상
2020102500100150,2020년 10월 25일 10시,일요일,경상북도 영천시 봉동,경상사고,0,0,3,0,차대차 - 측면충돌,안전거리미확보,건조,맑음,단일로 - 기타,승용,남,39세,상해없음,승용,여,52세,경상
2020102500100168,2020년 10월 25일 11시,일요일,경상북도 봉화군 재산면,중상사고,0,1,1,0,차대차 - 정면충돌,중앙선침범,건조,맑음,단일로 - 기타,승용,여,65세,상해없음,승용,남,61세,경상
2020102500100197,2020년 10월 25일 12시,일요일,경상북도 경주시 천북면,경상사고,0,0,2,0,차대차 - 추돌,안전운전불이행,건조,맑음,단일로 - 기타,승용,여,67세,기타불명,승용,남,73세,경상
2020102500100198,2020년 10월 25일 12시,일요일,경상북도 구미시 산동면,중상사고,0,1,1,0,차대차 - 측면충돌,안전운전불이행,건조,맑음,단일로 - 기타,승용,남,36세,상해없음,화물,남,47세,중상
2020102500100199,2020년 10월 25일 12시,일요일,경상북도 포항시 남구 대잠동,중상사고,0,1,0,0,차대차 - 측면충돌,안전운전불이행,건조,맑음,교차로 - 교차로안,자전거,남,77세,중상,승용,여,45세,상해없음
2020102500100200,2020년 10월 25일 12시,일요일,경상북도 포항시 남구 오천읍,경상사고,0,0,1,0,차대사람 - 차도통행중,안전운전불이행,건조,맑음,단일로 - 기타,승용,남,71세,상해없음,보행자,여,25세,경상
2020102500100242,2020년 10월 25일 13시,일요일,경상북도 경주시 배반동,경상사고,0,0,6,0,차대차 - 추돌,안전운전불이행,건조,맑음,단일로 - 지하차도(도로)내,승용,남,74세,상해없음,승용,여,33세,경상
2020102500100243,2020년 10월 25일 13시,일요일,경상북도 포항시 북구 죽도동,경상사고,0,0,1,0,차대차 - 기타,안전운전불이행,건조,맑음,단일로 - 기타,원동기,남,61세,경상,승용,남,67세,상해없음
2020102500100244,2020년 10월 25일 13시,일요일,경상북도 경산시 중방동,경상사고,0,0,1,0,차대차 - 추돌,안전운전불이행,건조,맑음,교차로 - 교차로부근,승용,남,61세,상해없음,승용,남,35세,경상
2020102500100245,2020년 10월 25일 13시,일요일,경상북도 포항시 남구 해도동,중상사고,0,1,0,0,차대차 - 측면충돌,안전운전불이행,건조,맑음,교차로 - 교차로부근,승용,남,57세,상해없음,이륜,남,54세,중상
2020102500100270,2020년 10월 25일 14시,일요일,경상북도 김천시 지례면,경상사고,0,0,1,0,차대차 - 측면충돌,안전운전불이행,건조,맑음,교차로 - 교차로안,화물,남,53세,상해없음,특수,남,66세,경상
2020102500100271,2020년 10월 25일 14시,일요일,경상북도 김천시 부곡동,경상사고,0,0,1,0,차대차 - 후진중충돌,안전운전불이행,건조,맑음,주차장 - 주차장,승용,남,50세,상해없음,승용,남,52세,경상
2020102500100272,2020년 10월 25일 14시,일요일,경상북도 칠곡군 북삼읍,경상사고,0,0,2,1,차대차 - 정면충돌,중앙선침범,건조,맑음,단일로 - 기타,승용,여,41세,부상신고,화물,남,49세,경상
2020102500100273,2020년 10월 25일 14시,일요일,경상북도 청도군 운문면,중상사고,0,1,0,0,차대차 - 측면충돌,교차로운행방법위반,건조,맑음,교차로 - 교차로안,승용,남,68세,상해없음,자전거,남,20세,중상
2020102500100305,2020년 10월 25일 15시,일요일,경상북도 구미시 사곡동,경상사고,0,0,1,0,차대차 - 추돌,안전운전불이행,건조,맑음,교차로 - 교차로부근,승용,남,68세,상해없음,승용,여,44세,경상
2020102500100349,2020년 10월 25일 16시,일요일,경상북도 경주시 성건동,경상사고,0,0,1,0,차대사람 - 횡단중,안전운전불이행,건조,맑음,단일로 - 기타,승용,남,29세,상해없음,보행자,남,41세,경상
2020102500100350,2020년 10월 25일 16시,일요일,경상북도 포항시 남구 인덕동,경상사고,0,0,1,0,차대차 - 측면충돌,신호위반,건조,맑음,교차로 - 교차로안,승용,여,45세,상해없음,승용,남,75세,경상
2020102500100381,2020년 10월 25일 17시,일요일,경상북도 안동시 풍천면,경상사고,0,0,1,0,차대차 - 추돌,안전운전불이행,건조,맑음,단일로 - 기타,승용,남,44세,상해없음,승용,여,34세,경상
2020102500100382,2020년 10월 25일 17시,일요일,경상북도 안동시 풍산읍,경상사고,0,0,1,0,차대차 - 기타,안전운전불이행,건조,맑음,단일로 - 기타,기타불명,기타불명,미분류,기타불명,승용,남,32세,경상
2020102500100383,2020년 10월 25일 17시,일요일,경상북도 문경시 영순면,중상사고,0,1,1,0,차대차 - 기타,안전운전불이행,건조,맑음,교차로 - 교차로안,화물,남,37세,상해없음,승용,남,59세,중상
2020102500100384,2020년 10월 25일 17시,일요일,경상북도 구미시 구평동,경상사고,0,0,1,0,차대차 - 기타,안전운전불이행,건조,맑음,단일로 - 기타,승용,여,33세,상해없음,승용,남,22세,경상
2020102500100437,2020년 10월 25일 18시,일요일,경상북도 상주시 남성동,경상사고,0,0,2,0,차대차 - 측면충돌,교차로운행방법위반,건조,맑음,교차로 - 교차로안,승용,남,67세,상해없음,승용,여,63세,경상
2020102500100438,2020년 10월 25일 18시,일요일,경상북도 상주시 화서면,사망사고,1,0,0,0,차대사람 - 기타,안전운전불이행,건조,맑음,단일로 - 기타,승용,남,28세,상해없음,보행자,남,82세,사망
2020102500100439,2020년 10월 25일 18시,일요일,경상북도 영천시 야사동,경상사고,0,0,1,0,차대사람 - 횡단중,보행자보호의무위반,건조,맑음,단일로 - 기타,이륜,남,43세,상해없음,보행자,여,65세,경상
2020102500100440,2020년 10월 25일 18시,일요일,경상북도 청도군 금천면,중상사고,0,1,0,0,차량단독 - 공작물충돌,안전운전불이행,건조,흐림,단일로 - 기타,자전거,남,20세,중상,,,,
2020102500100491,2020년 10월 25일 19시,일요일,경상북도 경주시 안강읍,중상사고,0,1,0,0,차대사람 - 길가장자리구역통행중,중앙선침범,건조,맑음,단일로 - 기타,승용,남,63세,상해없음,보행자,남,20세,중상
2020102500100492,2020년 10월 25일 19시,일요일,경상북도 김천시 모암동,경상사고,0,0,2,0,차대차 - 추돌,안전운전불이행,건조,맑음,단일로 - 기타,승용,남,41세,상해없음,화물,남,53세,경상
2020102500100493,2020년 10월 25일 19시,일요일,경상북도 칠곡군 왜관읍,경상사고,0,0,1,0,차대차 - 측면충돌,안전운전불이행,건조,맑음,교차로 - 교차로부근,승용,여,23세,상해없음,승용,남,42세,경상
2020102500100494,2020년 10월 25일 19시,일요일,경상북도 경산시 조영동,경상사고,0,0,1,0,차대차 - 측면충돌,안전운전불이행,건조,맑음,교차로 - 교차로부근,승용,남,67세,상해없음,승용,남,29세,경상
2020102500100495,2020년 10월 25일 19시,일요일,경상북도 경산시 중방동,경상사고,0,0,3,0,차대차 - 측면충돌,교차로운행방법위반,건조,맑음,교차로 - 교차로안,승용,남,53세,기타불명,승용,남,28세,경상
2020102500100517,2020년 10월 25일 20시,일요일,경상북도 김천시 황금동,경상사고,0,0,1,0,차대사람 - 횡단중,보행자보호의무위반,건조,맑음,교차로 - 교차로횡단보도내,화물,남,52세,상해없음,보행자,여,64세,경상
2020102500100549,2020년 10월 25일 21시,일요일,경상북도 영주시 풍기읍,경상사고,0,0,1,0,차대차 - 측면충돌,교차로운행방법위반,건조,맑음,교차로 - 교차로안,화물,남,58세,상해없음,이륜,남,58세,경상
2020102500100550,2020년 10월 25일 21시,일요일,경상북도 포항시 남구 구룡포읍,중상사고,0,1,0,0,차대차 - 추돌,안전거리미확보,건조,맑음,단일로 - 기타,이륜,남,49세,중상,승합,남,45세,상해없음
2020102500100576,2020년 10월 25일 23시,일요일,경상북도 경주시 외동읍,경상사고,0,0,1,0,차량단독 - 전도전복 - 전도,안전운전불이행,젖음/습기,맑음,단일로 - 기타,특수,남,49세,경상,,,,
2020102500100577,2020년 10월 25일 23시,일요일,경상북도 포항시 북구 죽도동,중상사고,0,1,4,0,차대차 - 측면충돌,신호위반,건조,맑음,교차로 - 교차로안,승용,여,26세,경상,승용,남,67세,경상
2020102500100578,2020년 10월 25일 23시,일요일,경상북도 칠곡군 석적읍,경상사고,0,0,1,0,차대차 - 측면충돌,직진우회전진행방해,건조,맑음,교차로 - 교차로안,승용,남,34세,상해없음,승용,여,30세,경상
2020102500100579,2020년 10월 25일 23시,일요일,경상북도 영천시 창구동,경상사고,0,0,1,0,차대차 - 추돌,안전운전불이행,건조,맑음,단일로 - 기타,승용,남,42세,상해없음,이륜,남,37세,경상
2020102600100009,2020년 10월 26일 01시,월요일,경상북도 구미시 봉곡동,경상사고,0,0,1,0,차대사람 - 길가장자리구역통행중,안전운전불이행,건조,맑음,교차로 - 교차로부근,승용,남,41세,상해없음,보행자,여,18세,경상
2020102600100050,2020년 10월 26일 06시,월요일,경상북도 포항시 북구 죽장면,중상사고,0,1,0,0,차대사람 - 차도통행중,안전운전불이행,건조,맑음,단일로 - 기타,승용,남,33세,상해없음,보행자,여,52세,중상
2020102600100076,2020년 10월 26일 07시,월요일,경상북도 포항시 북구 장성동,경상사고,0,0,1,0,차대차 - 측면충돌,직진우회전진행방해,건조,맑음,교차로 - 교차로안,승용,여,43세,경상,승용,남,49세,상해없음
2020102600100077,2020년 10월 26일 07시,월요일,경상북도 안동시 임하면,경상사고,0,0,1,0,차대차 - 측면충돌,안전운전불이행,건조,맑음,교차로 - 교차로안,승용,여,57세,상해없음,화물,남,72세,경상
2020102600100078,2020년 10월 26일 07시,월요일,경상북도 구미시 도량동,부상신고사고,0,0,0,1,차량단독 - 공작물충돌,안전운전불이행,건조,맑음,단일로 - 기타,승용,여,43세,부상신고,,,,
2020102600100120,2020년 10월 26일 08시,월요일,경상북도 포항시 북구 죽도동,경상사고,0,0,1,0,차대차 - 측면충돌,안전운전불이행,건조,맑음,교차로 - 교차로부근,승용,남,57세,상해없음,자전거,여,37세,경상
2020102600100121,2020년 10월 26일 08시,월요일,경상북도 김천시 증산면,경상사고,0,0,3,0,차대차 - 측면충돌,중앙선침범,건조,맑음,단일로 - 기타,화물,남,51세,경상,화물,남,80세,경상
2020102600100122,2020년 10월 26일 08시,월요일,경상북도 의성군 금성면,경상사고,0,0,1,0,차대차 - 측면충돌,안전운전불이행,건조,맑음,단일로 - 기타,화물,남,61세,상해없음,화물,남,75세,경상
2020102600100123,2020년 10월 26일 08시,월요일,경상북도 구미시 공단동,중상사고,0,1,0,0,차대차 - 기타,교차로운행방법위반,건조,맑음,교차로 - 교차로안,승용,여,71세,기타불명,자전거,여,47세,중상
2020102600100178,2020년 10월 26일 09시,월요일,경상북도 경주시 양북면,사망사고,1,0,0,0,차대차 - 정면충돌,중앙선침범,건조,맑음,단일로 - 터널,화물,남,28세,상해없음,화물,남,62세,사망
2020102600100221,2020년 10월 26일 10시,월요일,경상북도 경주시 건천읍,사망사고,1,0,0,0,차대차 - 추돌,안전운전불이행,건조,맑음,단일로 - 기타,승용,남,71세,상해없음,이륜,남,74세,사망
2020102600100222,2020년 10월 26일 10시,월요일,경상북도 경주시 외동읍,경상사고,0,0,1,0,차대차 - 측면충돌,안전운전불이행,건조,맑음,단일로 - 기타,화물,남,45세,상해없음,승용,여,52세,경상
2020102600100223,2020년 10월 26일 10시,월요일,경상북도 포항시 북구 죽도동,경상사고,0,0,1,0,차대차 - 측면충돌,교차로운행방법위반,건조,맑음,교차로 - 교차로안,승용,남,69세,상해없음,승용,여,63세,경상
2020102600100266,2020년 10월 26일 11시,월요일,경상북도 성주군 수륜면,사망사고,1,0,0,0,차대사람 - 횡단중,신호위반,건조,맑음,교차로 - 교차로안,농기계,남,58세,상해없음,보행자,여,88세,사망
2020102600100304,2020년 10월 26일 12시,월요일,경상북도 영천시 완산동,경상사고,0,0,1,0,차대차 - 기타,신호위반,건조,맑음,교차로 - 교차로안,이륜,남,27세,경상,화물,남,49세,상해없음
2020102600100334,2020년 10월 26일 13시,월요일,경상북도 울진군 기성면,중상사고,0,1,0,0,차량단독 - 전도전복 - 전도,안전운전불이행,건조,맑음,단일로 - 기타,자전거,남,78세,중상,,,,
2020102600100335,2020년 10월 26일 13시,월요일,경상북도 청송군 진보면,경상사고,0,0,3,0,차대차 - 측면충돌,중앙선침범,건조,맑음,단일로 - 지하차도(도로)내,승용,여,53세,경상,승합,남,27세,경상
2020102600100371,2020년 10월 26일 14시,월요일,경상북도 안동시 임하면,사망사고,1,1,0,0,차량단독 - 전도전복 - 전도,안전운전불이행,건조,맑음,단일로 - 기타,화물,남,67세,중상,,,,
2020102600100407,2020년 10월 26일 15시,월요일,경상북도 안동시 대석동,경상사고,0,0,1,0,차대차 - 기타,안전운전불이행,건조,맑음,단일로 - 기타,승용,남,68세,상해없음,승합,남,56세,상해없음
2020102600100408,2020년 10월 26일 15시,월요일,경상북도 김천시 신음동,중상사고,0,1,0,0,차대사람 - 차도통행중,안전운전불이행,건조,맑음,단일로 - 기타,승용,여,23세,상해없음,보행자,남,26세,중상
2020102600100409,2020년 10월 26일 15시,월요일,경상북도 영덕군 남정면,경상사고,0,0,1,0,차대차 - 기타,신호위반,건조,맑음,교차로 - 교차로안,건설기계,남,64세,상해없음,화물,남,45세,경상
2020102600100410,2020년 10월 26일 15시,월요일,경상북도 예천군 유천면,중상사고,0,1,0,0,차대차 - 측면충돌,안전운전불이행,건조,맑음,교차로 - 교차로안,이륜,남,79세,중상,승용,남,61세,상해없음
2020102600100411,2020년 10월 26일 15시,월요일,경상북도 고령군 대가야읍,경상사고,0,0,2,0,차대차 - 기타,안전운전불이행,건조,맑음,기타 - 기타,건설기계,남,53세,상해없음,승용,남,60세,경상
2020102600100412,2020년 10월 26일 15시,월요일,경상북도 구미시 임수동,경상사고,0,0,4,0,차대차 - 추돌,안전운전불이행,건조,맑음,단일로 - 교량,승용,남,50세,상해없음,승용,여,42세,경상
2020102600100455,2020년 10월 26일 16시,월요일,경상북도 경주시 강동면,경상사고,0,0,1,0,차량단독 - 공작물충돌,안전운전불이행,건조,맑음,단일로 - 기타,화물,남,60세,경상,,,,
2020102600100456,2020년 10월 26일 16시,월요일,경상북도 포항시 북구 우현동,경상사고,0,0,1,0,차대차 - 추돌,안전운전불이행,건조,맑음,단일로 - 기타,승용,남,66세,상해없음,승용,여,58세,경상
2020102600100457,2020년 10월 26일 16시,월요일,경상북도 김천시 부곡동,경상사고,0,0,1,0,차대차 - 측면충돌,교차로운행방법위반,건조,맑음,교차로 - 교차로안,승용,여,45세,상해없음,자전거,여,61세,경상
2020102600100458,2020년 10월 26일 16시,월요일,경상북도 경산시 사동,경상사고,0,0,2,0,차대사람 - 횡단중,보행자보호의무위반,건조,맑음,교차로 - 교차로횡단보도내,화물,남,61세,상해없음,보행자,여,26세,경상
2020102600100459,2020년 10월 26일 16시,월요일,경상북도 경산시 사동,경상사고,0,0,1,0,차대차 - 측면충돌,교차로운행방법위반,건조,맑음,교차로 - 교차로안,승용,남,44세,상해없음,승용,남,44세,경상
2020102600100460,2020년 10월 26일 16시,월요일,경상북도 포항시 남구 동해면,경상사고,0,0,2,1,차대차 - 기타,안전거리미확보,건조,맑음,교차로 - 교차로안,승용,남,25세,부상신고,건설기계,남,65세,상해없음
2020102600100498,2020년 10월 26일 17시,월요일,경상북도 김천시 성내동,경상사고,0,0,1,0,차대차 - 측면충돌,중앙선침범,건조,맑음,단일로 - 기타,화물,남,53세,상해없음,승용,남,40세,경상
2020102600100499,2020년 10월 26일 17시,월요일,경상북도 상주시 청리면,중상사고,0,3,2,0,차대차 - 측면충돌,교차로운행방법위반,건조,맑음,교차로 - 교차로안,승용,여,64세,경상,승용,남,50세,중상
2020102600100500,2020년 10월 26일 17시,월요일,경상북도 상주시 냉림동,경상사고,0,0,1,0,차대차 - 측면충돌,안전운전불이행,건조,맑음,교차로 - 교차로부근,승합,남,58세,상해없음,승용,여,25세,경상
2020102600100501,2020년 10월 26일 17시,월요일,경상북도 영주시 가흥동,중상사고,0,1,0,0,차대차 - 측면충돌,신호위반,건조,맑음,교차로 - 교차로안,승용,남,74세,상해없음,승용,남,71세,중상
2020102600100502,2020년 10월 26일 17시,월요일,경상북도 경산시 대동,중상사고,0,1,0,0,차대차 - 측면충돌,교차로운행방법위반,건조,맑음,교차로 - 교차로안,승용,남,22세,상해없음,이륜,남,23세,중상
2020102600100503,2020년 10월 26일 17시,월요일,경상북도 구미시 광평동,경상사고,0,0,1,0,차대사람 - 횡단중,안전운전불이행,건조,맑음,단일로 - 기타,승용,남,61세,상해없음,보행자,여,27세,경상
2020102600100565,2020년 10월 26일 18시,월요일,경상북도 포항시 북구 죽도동,경상사고,0,0,2,0,차대차 - 기타,직진우회전진행방해,건조,맑음,교차로 - 교차로안,승용,여,55세,경상,승용,남,54세,경상
2020102600100566,2020년 10월 26일 18시,월요일,경상북도 안동시 풍산읍,경상사고,0,0,2,0,차대차 - 추돌,안전거리미확보,건조,맑음,단일로 - 기타,승용,남,25세,상해없음,승용,여,27세,경상
2020102600100567,2020년 10월 26일 18시,월요일,경상북도 상주시 공검면,경상사고,0,0,1,0,차대차 - 정면충돌,중앙선침범,건조,맑음,단일로 - 기타,승용,남,59세,상해없음,승용,남,55세,경상
2020102600100568,2020년 10월 26일 18시,월요일,경상북도 예천군 예천읍,중상사고,0,1,2,0,차대차 - 측면충돌,교차로운행방법위반,건조,맑음,교차로 - 교차로안,승용,여,53세,중상,화물,남,59세,경상
2020102600100569,2020년 10월 26일 18시,월요일,경상북도 구미시 옥계동,경상사고,0,0,1,0,차대차 - 정면충돌,중앙선침범,건조,맑음,교차로 - 교차로부근,이륜,남,55세,상해없음,이륜,남,28세,경상
2020102600100611,2020년 10월 26일 19시,월요일,경상북도 경주시 동천동,중상사고,0,1,0,0,차대차 - 측면충돌,안전운전불이행,건조,맑음,교차로 - 교차로부근,승용,남,53세,상해없음,승용,남,32세,상해없음
2020102600100612,2020년 10월 26일 19시,월요일,경상북도 경산시 진량읍,경상사고,0,0,1,0,차대사람 - 횡단중,안전운전불이행,건조,맑음,교차로 - 교차로부근,이륜,남,18세,상해없음,보행자,여,51세,경상
2020102600100613,2020년 10월 26일 19시,월요일,경상북도 구미시 도량동,중상사고,0,1,0,0,차대차 - 기타,안전운전불이행,건조,맑음,교차로 - 교차로안,승합,남,64세,상해없음,이륜,남,23세,중상
2020102600100647,2020년 10월 26일 20시,월요일,경상북도 경주시 외동읍,중상사고,0,1,0,0,차대차 - 측면충돌,신호위반,건조,맑음,교차로 - 교차로안,승용,남,60세,상해없음,승용,남,26세,중상
2020102600100666,2020년 10월 26일 21시,월요일,경상북도 경주시 천북면,중상사고,0,2,1,0,차대차 - 정면충돌,중앙선침범,건조,맑음,단일로 - 기타,승용,여,20세,상해없음,승용,여,41세,중상
2020102700100007,2020년 10월 27일 00시,화요일,경상북도 구미시 공단동,경상사고,0,0,2,0,차대차 - 측면충돌,신호위반,건조,기타,교차로 - 교차로안,승용,남,31세,상해없음,승용,남,60세,경상
2020102700100021,2020년 10월 27일 01시,화요일,경상북도 경주시 동천동,중상사고,0,1,2,0,차대차 - 추돌,안전운전불이행,건조,맑음,교차로 - 교차로부근,이륜,남,30세,중상,승용,남,39세,상해없음
2020102700100039,2020년 10월 27일 04시,화요일,경상북도 포항시 북구 죽도동,경상사고,0,0,1,0,차대차 - 기타,안전운전불이행,건조,맑음,교차로 - 교차로안,이륜,남,60세,상해없음,이륜,남,46세,경상
2020102700100040,2020년 10월 27일 04시,화요일,경상북도 의성군 옥산면,사망사고,1,0,0,0,차량단독 - 도로외이탈 - 추락,안전운전불이행,건조,맑음,단일로 - 기타,승용,남,71세,사망,,,,
2020102700100116,2020년 10월 27일 08시,화요일,경상북도 김천시 아포읍,경상사고,0,0,1,0,차량단독 - 기타,안전운전불이행,건조,맑음,단일로 - 교량,승용,여,39세,경상,,,,
2020102700100192,2020년 10월 27일 10시,화요일,경상북도 의성군 의성읍,중상사고,0,1,0,0,차대차 - 추돌,직진우회전진행방해,건조,맑음,교차로 - 교차로안,승용,남,79세,상해없음,이륜,남,80세,중상
2020102700100193,2020년 10월 27일 10시,화요일,경상북도 영양군 석보면,중상사고,0,1,0,0,차량단독 - 기타,안전운전불이행,건조,맑음,단일로 - 기타,농기계,남,80세,중상,,,,
2020102700100231,2020년 10월 27일 11시,화요일,경상북도 경주시 건천읍,경상사고,0,0,1,0,차대차 - 측면충돌,안전운전불이행,건조,맑음,단일로 - 기타,화물,남,53세,상해없음,승용,남,64세,경상
2020102700100232,2020년 10월 27일 11시,화요일,경상북도 영천시 완산동,경상사고,0,0,1,0,차대사람 - 기타,안전운전불이행,건조,맑음,교차로 - 교차로안,승용,여,50세,상해없음,보행자,여,73세,경상
2020102700100233,2020년 10월 27일 11시,화요일,경상북도 포항시 남구 오천읍,경상사고,0,0,1,0,차대차 - 측면충돌,안전운전불이행,건조,맑음,교차로 - 교차로안,이륜,남,29세,상해없음,자전거,남,77세,경상
2020102700100257,2020년 10월 27일 12시,화요일,경상북도 경주시 건천읍,중상사고,0,1,1,0,차대차 - 측면충돌,안전운전불이행,건조,맑음,교차로 - 교차로안,승용,여,50세,상해없음,승용,남,53세,경상
2020102700100258,2020년 10월 27일 12시,화요일,경상북도 경주시 노서동,경상사고,0,0,2,0,차대차 - 측면충돌,안전운전불이행,건조,맑음,교차로 - 교차로안,승용,남,52세,상해없음,승용,남,37세,경상
2020102700100259,2020년 10월 27일 12시,화요일,경상북도 상주시 화동면,경상사고,0,0,2,0,차대차 - 측면충돌,안전운전불이행,건조,맑음,교차로 - 교차로안,화물,남,52세,상해없음,승용,남,30세,경상
2020102700100301,2020년 10월 27일 13시,화요일,경상북도 영천시 완산동,경상사고,0,0,1,0,차대사람 - 기타,안전운전불이행,건조,맑음,단일로 - 기타,승용,여,54세,상해없음,보행자,여,72세,경상
2020102700100302,2020년 10월 27일 13시,화요일,경상북도 문경시 가은읍,중상사고,0,1,0,0,차대차 - 측면충돌,안전운전불이행,건조,맑음,교차로 - 교차로부근,승용,여,65세,상해없음,자전거,남,85세,중상
2020102700100303,2020년 10월 27일 13시,화요일,경상북도 성주군 성주읍,경상사고,0,0,2,0,차대차 - 추돌,안전운전불이행,건조,맑음,단일로 - 기타,승용,남,70세,상해없음,승용,여,21세,경상
2020102700100304,2020년 10월 27일 13시,화요일,경상북도 영양군 영양읍,중상사고,0,2,1,0,차대차 - 정면충돌,안전운전불이행,건조,맑음,단일로 - 기타,화물,남,56세,경상,승용,여,29세,중상
2020102700100337,2020년 10월 27일 14시,화요일,경상북도 의성군 의성읍,경상사고,0,0,1,0,차대사람 - 횡단중,보행자보호의무위반,건조,맑음,교차로 - 교차로안,승용,여,36세,상해없음,보행자,남,77세,경상
2020102700100370,2020년 10월 27일 15시,화요일,경상북도 안동시 안흥동,경상사고,0,0,1,0,차대차 - 측면충돌,안전운전불이행,건조,맑음,단일로 - 기타,승합,남,29세,상해없음,이륜,남,24세,경상
2020102700100371,2020년 10월 27일 15시,화요일,경상북도 김천시 아포읍,중상사고,0,1,0,0,차대차 - 추돌,안전거리미확보,건조,맑음,단일로 - 기타,화물,남,52세,상해없음,이륜,남,32세,중상
2020102700100372,2020년 10월 27일 15시,화요일,경상북도 고령군 개진면,경상사고,0,0,1,0,차량단독 - 전도전복 - 전도,안전운전불이행,건조,맑음,단일로 - 기타,원동기,남,79세,경상,,,,
2020102700100417,2020년 10월 27일 16시,화요일,경상북도 영주시 휴천동,경상사고,0,0,1,0,차대차 - 추돌,안전운전불이행,건조,맑음,기타 - 기타,승용,남,65세,상해없음,승용,여,59세,경상
2020102700100418,2020년 10월 27일 16시,화요일,경상북도 영천시 교촌동,경상사고,0,0,1,0,차대차 - 측면충돌,교차로운행방법위반,건조,맑음,교차로 - 교차로안,승용,남,36세,상해없음,이륜,남,81세,경상
2020102700100459,2020년 10월 27일 17시,화요일,경상북도 포항시 북구 장성동,경상사고,0,0,1,0,차대차 - 기타,안전운전불이행,건조,맑음,단일로 - 기타,화물,남,61세,상해없음,승용,남,46세,경상
2020102700100460,2020년 10월 27일 17시,화요일,경상북도 영주시 휴천동,중상사고,0,1,0,0,차대차 - 측면충돌,신호위반,건조,맑음,교차로 - 교차로안,화물,남,59세,상해없음,이륜,남,50세,중상
2020102700100461,2020년 10월 27일 17시,화요일,경상북도 고령군 개진면,중상사고,0,1,0,0,차대차 - 측면충돌,안전운전불이행,건조,맑음,단일로 - 기타,화물,남,68세,상해없음,원동기,여,60세,중상
2020102700100509,2020년 10월 27일 18시,화요일,경상북도 경주시 배반동,경상사고,0,0,1,0,차대차 - 측면충돌,신호위반,건조,맑음,교차로 - 교차로안,승용,여,56세,상해없음,승용,여,51세,경상
2020102700100510,2020년 10월 27일 18시,화요일,경상북도 안동시 풍산읍,경상사고,0,0,3,0,차대차 - 추돌,안전운전불이행,건조,맑음,단일로 - 기타,승용,남,28세,상해없음,승용,남,30세,경상
2020102700100511,2020년 10월 27일 18시,화요일,경상북도 안동시 태화동,경상사고,0,0,3,0,차대차 - 추돌,안전운전불이행,건조,맑음,단일로 - 기타,화물,남,71세,상해없음,승용,여,29세,경상
2020102700100568,2020년 10월 27일 19시,화요일,경상북도 칠곡군 석적읍,중상사고,0,1,0,0,차대차 - 측면충돌,안전운전불이행,건조,맑음,교차로 - 교차로안,이륜,남,37세,중상,승용,남,55세,상해없음
2020102700100609,2020년 10월 27일 20시,화요일,경상북도 포항시 북구 흥해읍,경상사고,0,0,1,0,차대사람 - 차도통행중,안전운전불이행,건조,맑음,단일로 - 기타,승용,남,32세,상해없음,보행자,남,8세,경상
2020102700100610,2020년 10월 27일 20시,화요일,경상북도 포항시 남구 상도동,중상사고,0,1,0,0,차대사람 - 기타,안전운전불이행,건조,맑음,단일로 - 기타,화물,남,25세,상해없음,보행자,남,43세,중상
2020102700100635,2020년 10월 27일 21시,화요일,경상북도 경산시 대동,경상사고,0,0,1,0,차대사람 - 기타,안전운전불이행,건조,맑음,기타 - 기타,승용,남,20세,상해없음,보행자,여,20세,경상
2020102700100636,2020년 10월 27일 21시,화요일,경상북도 군위군 효령면,경상사고,0,0,1,0,차대차 - 추돌,안전운전불이행,건조,맑음,단일로 - 기타,승용,남,50세,상해없음,승용,남,46세,경상
2020102700100662,2020년 10월 27일 22시,화요일,경상북도 영천시 망정동,중상사고,0,1,0,0,차대차 - 정면충돌,안전운전불이행,건조,맑음,교차로 - 교차로부근,승용,남,19세,상해없음,승용,남,28세,중상
2020102700100663,2020년 10월 27일 22시,화요일,경상북도 영양군 영양읍,경상사고,0,0,1,0,차량단독 - 도로외이탈 - 추락,안전운전불이행,건조,맑음,단일로 - 기타,승용,여,26세,경상,,,,
2020102700100664,2020년 10월 27일 22시,화요일,경상북도 구미시 임은동,중상사고,0,1,0,0,차대차 - 기타,안전운전불이행,건조,맑음,교차로 - 교차로부근,원동기,남,20세,상해없음,자전거,남,51세,중상