사고번호,사고일시,요일,시군구,사고내용,사망자수,중상자수,경상자수,부상신고자수,사고유형,법규위반,노면상태,기상상태,도로형태,가해운전자 차종,가해운전자 성별,가해운전자 연령,가해운전자 상해정도,피해운전자 차종,피해운전자 성별,피해운전자 연령,피해운전자 상해정도
2020102700100679,2020년 10월 27일 23시,화요일,경상북도 포항시 북구 죽도동,경상사고,0,0,2,0,차대차 - 측면충돌,교차로운행방법위반,건조,맑음,교차로 - 교차로안,승용,여,39세,상해없음,승용,남,31세,경상
2020102800100089,2020년 10월 28일 07시,수요일,경상북도 영천시 도림동,경상사고,0,0,1,0,차대차 - 기타,안전운전불이행,건조,맑음,교차로 - 교차로부근,승용,남,72세,상해없음,승용,남,50세,경상
2020102800100117,2020년 10월 28일 08시,수요일,경상북도 봉화군 봉화읍,중상사고,0,1,1,0,차대차 - 측면충돌,신호위반,건조,맑음,교차로 - 교차로안,화물,남,57세,경상,승용,남,53세,중상
2020102800100160,2020년 10월 28일 09시,수요일,경상북도 상주시 외답동,중상사고,0,1,0,0,차대차 - 측면충돌,안전운전불이행,건조,맑음,단일로 - 기타,이륜,남,82세,중상,화물,남,71세,상해없음
2020102800100161,2020년 10월 28일 09시,수요일,경상북도 청송군 진보면,사망사고,1,0,0,0,차대차 - 정면충돌,신호위반,건조,맑음,교차로 - 교차로안,사륜오토바이(ATV),남,79세,사망,승용,남,33세,상해없음
2020102800100162,2020년 10월 28일 09시,수요일,경상북도 구미시 고아읍,중상사고,0,2,0,0,차대차 - 측면충돌,교차로운행방법위반,건조,맑음,교차로 - 교차로안,승합,남,64세,상해없음,이륜,남,81세,중상
2020102800100201,2020년 10월 28일 10시,수요일,경상북도 칠곡군 가산면,경상사고,0,0,2,0,차대차 - 기타,신호위반,건조,맑음,교차로 - 교차로부근,승용,남,31세,경상,승용,남,28세,경상
2020102800100202,2020년 10월 28일 10시,수요일,경상북도 포항시 남구 대도동,중상사고,0,1,0,0,차대차 - 측면충돌,차로위반,건조,맑음,교차로 - 교차로부근,자전거,남,81세,중상,화물,남,61세,상해없음
2020102800100239,2020년 10월 28일 11시,수요일,경상북도 경주시 외동읍,중상사고,0,1,0,0,차대사람 - 차도통행중,안전운전불이행,건조,맑음,단일로 - 지하차도(도로)내,승용,남,69세,상해없음,보행자,남,62세,중상
2020102800100273,2020년 10월 28일 12시,수요일,경상북도 경주시 성건동,경상사고,0,0,1,0,차대차 - 추돌,안전운전불이행,건조,맑음,교차로 - 교차로부근,화물,여,25세,상해없음,승용,여,36세,경상
2020102800100274,2020년 10월 28일 12시,수요일,경상북도 경산시 정평동,경상사고,0,0,1,0,차대사람 - 길가장자리구역통행중,안전운전불이행,건조,맑음,단일로 - 기타,승용,여,21세,상해없음,보행자,남,32세,경상
2020102800100312,2020년 10월 28일 13시,수요일,경상북도 포항시 북구 양덕동,중상사고,0,1,0,0,차대차 - 기타,기타,건조,맑음,단일로 - 기타,승용,여,37세,상해없음,자전거,남,49세,중상
2020102800100313,2020년 10월 28일 13시,수요일,경상북도 영천시 망정동,경상사고,0,0,2,0,차대차 - 측면충돌,신호위반,건조,맑음,교차로 - 교차로부근,승용,남,79세,상해없음,승용,여,51세,경상
2020102800100314,2020년 10월 28일 13시,수요일,경상북도 경산시 진량읍,경상사고,0,0,2,0,차대차 - 기타,안전운전불이행,건조,맑음,교차로 - 교차로부근,승용,남,71세,기타불명,이륜,남,49세,경상
2020102800100347,2020년 10월 28일 14시,수요일,경상북도 포항시 북구 죽도동,부상신고사고,0,0,0,1,차대사람 - 기타,안전운전불이행,건조,맑음,단일로 - 기타,승합,남,42세,상해없음,보행자,남,82세,부상신고
2020102800100348,2020년 10월 28일 14시,수요일,경상북도 칠곡군 왜관읍,경상사고,0,0,1,0,차대차 - 측면충돌,기타,건조,맑음,교차로 - 교차로안,승용,여,50세,기타불명,화물,남,55세,경상
2020102800100349,2020년 10월 28일 14시,수요일,경상북도 청송군 청송읍,중상사고,0,1,0,0,차량단독 - 공작물충돌,안전운전불이행,건조,맑음,단일로 - 기타,승용,여,59세,중상,,,,
2020102800100383,2020년 10월 28일 15시,수요일,경상북도 경주시 천북면,경상사고,0,0,1,0,차대차 - 후진중충돌,안전운전불이행,건조,맑음,주차장 - 주차장,승용,남,60세,상해없음,승용,남,43세,기타불명
2020102800100384,2020년 10월 28일 15시,수요일,경상북도 포항시 북구 양덕동,경상사고,0,0,1,0,차대차 - 정면충돌,안전운전불이행,건조,맑음,교차로 - 교차로부근,자전거,남,14세,경상,승용,남,46세,상해없음
2020102800100431,2020년 10월 28일 16시,수요일,경상북도 포항시 북구 득량동,중상사고,0,1,0,0,차대사람 - 기타,안전운전불이행,건조,맑음,단일로 - 기타,화물,남,25세,상해없음,보행자,남,22세,중상
2020102800100432,2020년 10월 28일 16시,수요일,경상북도 의성군 금성면,중상사고,0,1,0,0,차대차 - 기타,기타,건조,맑음,교차로 - 교차로부근,화물,남,60세,상해없음,승용,여,23세,중상
2020102800100465,2020년 10월 28일 17시,수요일,경상북도 경주시 현곡면,중상사고,0,1,0,0,차대사람 - 횡단중,중앙선침범,건조,맑음,교차로 - 교차로부근,승용,남,71세,상해없음,보행자,남,6세,중상
2020102800100466,2020년 10월 28일 17시,수요일,경상북도 안동시 옥야동,경상사고,0,0,1,0,차대차 - 기타,안전운전불이행,건조,맑음,단일로 - 기타,승용,남,59세,상해없음,승용,남,57세,경상
2020102800100467,2020년 10월 28일 17시,수요일,경상북도 성주군 성주읍,경상사고,0,0,1,0,차대사람 - 기타,안전운전불이행,건조,맑음,단일로 - 기타,화물,남,66세,상해없음,보행자,남,6세,경상
2020102800100468,2020년 10월 28일 17시,수요일,경상북도 구미시 임은동,중상사고,0,1,0,0,차대차 - 측면충돌,안전운전불이행,건조,맑음,교차로 - 교차로횡단보도내,화물,남,55세,상해없음,원동기,남,53세,중상
2020102800100469,2020년 10월 28일 17시,수요일,경상북도 구미시 진평동,경상사고,0,0,1,0,차대사람 - 보도통행중,보행자보호의무위반,건조,맑음,교차로 - 교차로부근,기타불명,기타불명,미분류,기타불명,보행자,남,47세,경상
2020102800100470,2020년 10월 28일 17시,수요일,경상북도 구미시 옥계동,경상사고,0,0,1,0,차대차 - 추돌,안전운전불이행,건조,맑음,교차로 - 교차로부근,승용,남,74세,상해없음,승용,여,27세,경상
2020102800100534,2020년 10월 28일 18시,수요일,경상북도 김천시 감문면,경상사고,0,0,1,0,차대차 - 측면충돌,중앙선침범,건조,맑음,단일로 - 기타,화물,남,66세,상해없음,승용,여,61세,경상
2020102800100535,2020년 10월 28일 18시,수요일,경상북도 포항시 남구 해도동,중상사고,0,1,0,0,차대사람 - 횡단중,안전운전불이행,건조,맑음,교차로 - 교차로부근,승용,남,59세,상해없음,보행자,여,54세,중상
2020102800100536,2020년 10월 28일 18시,수요일,경상북도 포항시 남구 오천읍,경상사고,0,0,1,0,차대차 - 기타,안전운전불이행,건조,맑음,단일로 - 기타,승용,여,47세,상해없음,이륜,남,68세,경상
2020102800100615,2020년 10월 28일 20시,수요일,경상북도 군위군 부계면,중상사고,0,2,0,0,차대차 - 기타,안전운전불이행,건조,맑음,단일로 - 기타,화물,남,46세,중상,화물,남,61세,상해없음
2020102800100646,2020년 10월 28일 21시,수요일,경상북도 포항시 남구 대잠동,경상사고,0,0,1,0,차대차 - 측면충돌,안전운전불이행,건조,맑음,단일로 - 기타,승용,여,51세,상해없음,이륜,남,27세,경상
2020102900100018,2020년 10월 29일 01시,목요일,경상북도 구미시 진평동,경상사고,0,0,1,0,차대차 - 기타,안전운전불이행,건조,맑음,교차로 - 교차로부근,승용,여,32세,상해없음,승용,여,29세,경상
2020102900100036,2020년 10월 29일 03시,목요일,경상북도 경주시 강동면,중상사고,0,1,0,0,차량단독 - 공작물충돌,안전운전불이행,건조,맑음,단일로 - 기타,승용,남,30세,중상,,,,
2020102900100037,2020년 10월 29일 03시,목요일,경상북도 칠곡군 석적읍,부상신고사고,0,0,0,1,차량단독 - 공작물충돌,안전운전불이행,건조,맑음,단일로 - 기타,승용,여,27세,부상신고,,,,
2020102900100038,2020년 10월 29일 03시,목요일,경상북도 칠곡군 석적읍,부상신고사고,0,0,0,1,차대차 - 측면충돌,안전운전불이행,건조,맑음,교차로 - 교차로안,승용,남,48세,부상신고,승용,여,30세,기타불명
2020102900100056,2020년 10월 29일 05시,목요일,경상북도 구미시 도량동,경상사고,0,0,1,0,차대차 - 측면충돌,안전운전불이행,건조,맑음,교차로 - 교차로안,승용,여,44세,상해없음,승용,남,44세,경상
2020102900100067,2020년 10월 29일 06시,목요일,경상북도 포항시 북구 흥해읍,경상사고,0,0,6,0,차대차 - 측면충돌,신호위반,건조,맑음,교차로 - 교차로안,승용,남,20세,상해없음,승합,남,37세,경상
2020102900100068,2020년 10월 29일 06시,목요일,경상북도 안동시 태화동,부상신고사고,0,0,0,1,차량단독 - 전도전복 - 전복,안전운전불이행,건조,맑음,교차로 - 교차로부근,승용,남,51세,부상신고,,,,
2020102900100094,2020년 10월 29일 07시,목요일,경상북도 포항시 북구 용흥동,중상사고,0,1,0,0,차대차 - 기타,안전운전불이행,건조,맑음,교차로 - 교차로안,승용,남,21세,상해없음,자전거,여,59세,중상
2020102900100095,2020년 10월 29일 07시,목요일,경상북도 경산시 옥산동,경상사고,0,0,1,0,차대차 - 측면충돌,신호위반,건조,맑음,교차로 - 교차로안,승합,남,57세,상해없음,승용,남,28세,경상
2020102900100128,2020년 10월 29일 08시,목요일,경상북도 구미시 도량동,경상사고,0,0,1,0,차대차 - 추돌,안전운전불이행,건조,맑음,교차로 - 교차로부근,승용,남,52세,상해없음,승용,여,23세,경상
2020102900100129,2020년 10월 29일 08시,목요일,경상북도 포항시 남구 오천읍,중상사고,0,1,2,0,차대차 - 기타,직진우회전진행방해,건조,맑음,교차로 - 교차로안,승용,여,58세,경상,승용,여,39세,경상
2020102900100169,2020년 10월 29일 09시,목요일,경상북도 상주시 남성동,중상사고,0,1,0,0,차대사람 - 횡단중,보행자보호의무위반,건조,맑음,교차로 - 교차로안,승용,남,26세,상해없음,보행자,여,78세,중상
2020102900100170,2020년 10월 29일 09시,목요일,경상북도 포항시 남구 대잠동,경상사고,0,0,1,0,차대차 - 측면충돌,안전운전불이행,건조,맑음,교차로 - 교차로부근,승용,여,72세,상해없음,화물,남,35세,경상
2020102900100209,2020년 10월 29일 10시,목요일,경상북도 상주시 공성면,경상사고,0,0,1,0,차대차 - 측면충돌,안전운전불이행,건조,맑음,단일로 - 기타,농기계,남,73세,경상,승합,남,49세,상해없음
2020102900100282,2020년 10월 29일 12시,목요일,경상북도 예천군 용궁면,경상사고,0,0,1,0,차대사람 - 차도통행중,안전운전불이행,건조,맑음,단일로 - 기타,이륜,남,38세,상해없음,보행자,여,41세,경상
2020102900100283,2020년 10월 29일 12시,목요일,경상북도 청송군 부남면,중상사고,0,1,0,0,차대사람 - 기타,안전운전불이행,건조,맑음,단일로 - 기타,화물,남,78세,상해없음,보행자,남,60세,중상
2020102900100320,2020년 10월 29일 13시,목요일,경상북도 영주시 고현동,중상사고,0,1,1,0,차대차 - 정면충돌,중앙선침범,건조,맑음,단일로 - 기타,승용,여,70세,상해없음,화물,남,52세,경상
2020102900100321,2020년 10월 29일 13시,목요일,경상북도 봉화군 봉화읍,중상사고,0,1,0,0,차대차 - 기타,신호위반,건조,맑음,교차로 - 교차로안,승용,남,70세,상해없음,승용,여,52세,상해없음
2020102900100322,2020년 10월 29일 13시,목요일,경상북도 고령군 성산면,경상사고,0,0,1,0,차대사람 - 기타,안전운전불이행,건조,맑음,단일로 - 기타,승용,남,84세,상해없음,보행자,남,51세,경상
2020102900100354,2020년 10월 29일 14시,목요일,경상북도 경주시 광명동,경상사고,0,0,1,0,차대차 - 추돌,안전운전불이행,건조,맑음,교차로 - 교차로부근,승용,남,43세,상해없음,승용,여,65세,경상
2020102900100355,2020년 10월 29일 14시,목요일,경상북도 포항시 북구 죽도동,경상사고,0,0,2,0,차대차 - 측면충돌,안전운전불이행,건조,맑음,단일로 - 기타,승용,여,62세,경상,승용,여,35세,경상
2020102900100356,2020년 10월 29일 14시,목요일,경상북도 울진군 죽변면,중상사고,0,1,0,0,차대차 - 측면충돌,안전운전불이행,건조,맑음,교차로 - 교차로안,승용,여,56세,상해없음,승용,여,38세,중상
2020102900100357,2020년 10월 29일 14시,목요일,경상북도 울진군 죽변면,중상사고,0,1,0,0,차량단독 - 전도전복 - 전도,기타,건조,맑음,단일로 - 기타,농기계,남,56세,중상,,,,
2020102900100392,2020년 10월 29일 15시,목요일,경상북도 경주시 천북면,경상사고,0,0,1,0,차대차 - 측면충돌,안전운전불이행,건조,맑음,단일로 - 기타,승용,남,34세,상해없음,승용,여,27세,경상
2020102900100393,2020년 10월 29일 15시,목요일,경상북도 문경시 가은읍,경상사고,0,0,1,0,차대사람 - 횡단중,안전운전불이행,건조,맑음,단일로 - 기타,화물,여,64세,상해없음,보행자,남,65세,경상
2020102900100394,2020년 10월 29일 15시,목요일,경상북도 영덕군 남정면,경상사고,0,0,1,0,차대차 - 측면충돌,기타,건조,맑음,교차로 - 교차로안,승용,남,60세,상해없음,승용,남,53세,경상
2020102900100438,2020년 10월 29일 16시,목요일,경상북도 칠곡군 약목면,경상사고,0,0,2,0,차대차 - 측면충돌,기타,건조,맑음,교차로 - 교차로안,승용,여,56세,경상,승용,여,53세,경상
2020102900100439,2020년 10월 29일 16시,목요일,경상북도 영천시 북안면,경상사고,0,0,2,0,차대차 - 측면충돌,중앙선침범,건조,맑음,단일로 - 기타,승용,남,32세,상해없음,승용,남,40세,경상
2020102900100440,2020년 10월 29일 16시,목요일,경상북도 포항시 남구 해도동,경상사고,0,0,1,0,차대차 - 추돌,안전운전불이행,건조,맑음,교차로 - 교차로안,승용,남,81세,상해없음,승용,남,55세,경상
2020102900100493,2020년 10월 29일 17시,목요일,경상북도 포항시 북구 우현동,중상사고,0,1,5,0,차대차 - 추돌,안전운전불이행,건조,맑음,단일로 - 기타,승용,여,65세,상해없음,승용,여,44세,경상
2020102900100494,2020년 10월 29일 17시,목요일,경상북도 칠곡군 왜관읍,부상신고사고,0,0,0,1,차대차 - 측면충돌,직진우회전진행방해,건조,맑음,교차로 - 교차로안,이륜,남,23세,부상신고,승용,여,44세,상해없음
2020102900100495,2020년 10월 29일 17시,목요일,경상북도 영천시 대창면,경상사고,0,0,1,0,차량단독 - 전도전복 - 전도,안전운전불이행,건조,맑음,단일로 - 기타,이륜,남,64세,경상,,,,
2020102900100496,2020년 10월 29일 17시,목요일,경상북도 구미시 임은동,경상사고,0,0,1,0,차대사람 - 차도통행중,안전운전불이행,건조,맑음,교차로 - 교차로부근,승용,여,53세,상해없음,보행자,남,55세,경상
2020102900100497,2020년 10월 29일 17시,목요일,경상북도 구미시 공단동,경상사고,0,0,1,0,차대차 - 기타,차로위반,건조,맑음,교차로 - 교차로안,승용,남,53세,상해없음,승용,남,25세,경상
2020102900100560,2020년 10월 29일 18시,목요일,경상북도 경주시 안강읍,중상사고,0,1,2,0,차대차 - 측면충돌,안전운전불이행,건조,맑음,단일로 - 기타,승용,여,57세,상해없음,농기계,남,65세,경상
2020102900100609,2020년 10월 29일 19시,목요일,경상북도 김천시 아포읍,중상사고,0,1,1,0,차대차 - 측면충돌,교차로운행방법위반,건조,맑음,교차로 - 교차로안,승용,여,39세,경상,승용,여,54세,중상
2020102900100610,2020년 10월 29일 19시,목요일,경상북도 구미시 공단동,중상사고,0,1,0,0,차대차 - 기타,신호위반,건조,맑음,교차로 - 교차로안,승용,여,24세,상해없음,승용,여,30세,중상
2020102900100682,2020년 10월 29일 21시,목요일,경상북도 안동시 운안동,경상사고,0,0,2,0,차대차 - 추돌,안전운전불이행,건조,맑음,교차로 - 교차로부근,승용,남,40세,상해없음,승용,남,26세,경상
2020102900100683,2020년 10월 29일 21시,목요일,경상북도 포항시 남구 효자동,경상사고,0,0,1,0,차대차 - 기타,기타,건조,맑음,교차로 - 교차로안,승용,남,50세,상해없음,승용,여,51세,경상
2020103000100056,2020년 10월 30일 05시,금요일,경상북도 포항시 북구 두호동,중상사고,0,1,0,0,차대차 - 기타,안전운전불이행,건조,맑음,교차로 - 교차로안,승용,남,66세,상해없음,이륜,남,19세,중상
2020103000100057,2020년 10월 30일 05시,금요일,경상북도 상주시 인봉동,사망사고,1,0,0,0,차대사람 - 횡단중,과속,건조,맑음,교차로 - 교차로안,승용,남,23세,상해없음,보행자,여,83세,사망
2020103000100058,2020년 10월 30일 05시,금요일,경상북도 청도군 청도읍,경상사고,0,0,1,0,차대차 - 측면충돌,신호위반,건조,맑음,단일로 - 기타,특수,남,32세,상해없음,승용,여,29세,경상
2020103000100067,2020년 10월 30일 06시,금요일,경상북도 고령군 대가야읍,중상사고,0,1,0,0,차대차 - 추돌,안전운전불이행,건조,맑음,단일로 - 기타,승용,남,34세,상해없음,농기계,남,56세,중상
2020103000100068,2020년 10월 30일 06시,금요일,경상북도 포항시 남구 호동,경상사고,0,0,2,0,차대차 - 측면충돌,신호위반,건조,맑음,교차로 - 교차로안,승용,남,69세,경상,승용,여,25세,경상
2020103000100096,2020년 10월 30일 07시,금요일,경상북도 포항시 북구 흥해읍,중상사고,0,1,0,0,차대사람 - 기타,안전운전불이행,건조,맑음,기타 - 기타,화물,남,43세,상해없음,보행자,남,49세,중상
2020103000100097,2020년 10월 30일 07시,금요일,경상북도 경산시 삼남동,경상사고,0,0,1,0,차대차 - 측면충돌,안전거리미확보,건조,맑음,교차로 - 교차로안,화물,남,60세,상해없음,승용,남,28세,경상
2020103000100129,2020년 10월 30일 08시,금요일,경상북도 안동시 풍천면,중상사고,0,1,0,0,차대차 - 추돌,안전운전불이행,건조,맑음,단일로 - 기타,승합,남,42세,상해없음,농기계,남,78세,중상
2020103000100130,2020년 10월 30일 08시,금요일,경상북도 고령군 운수면,중상사고,0,1,2,0,차대차 - 측면충돌,신호위반,건조,맑음,교차로 - 교차로안,화물,남,62세,상해없음,승합,남,59세,경상
2020103000100131,2020년 10월 30일 08시,금요일,경상북도 구미시 고아읍,경상사고,0,0,1,0,차대차 - 추돌,안전운전불이행,건조,맑음,단일로 - 기타,건설기계,남,33세,상해없음,승용,여,32세,경상
2020103000100132,2020년 10월 30일 08시,금요일,경상북도 구미시 인의동,경상사고,0,0,1,0,차대차 - 측면충돌,중앙선침범,건조,맑음,단일로 - 기타,이륜,남,29세,경상,승용,남,26세,상해없음
2020103000100212,2020년 10월 30일 10시,금요일,경상북도 칠곡군 석적읍,경상사고,0,0,1,1,차대차 - 추돌,안전거리미확보,건조,맑음,교차로 - 교차로부근,이륜,남,35세,부상신고,승용,남,32세,경상
2020103000100213,2020년 10월 30일 10시,금요일,경상북도 고령군 다산면,중상사고,0,1,0,0,차량단독 - 기타,안전운전불이행,건조,맑음,단일로 - 지하차도(도로)내,자전거,여,59세,중상,,,,
2020103000100244,2020년 10월 30일 11시,금요일,경상북도 경주시 성동동,중상사고,0,2,0,0,차대차 - 추돌,안전운전불이행,건조,맑음,단일로 - 교량,이륜,남,42세,중상,승용,여,53세,중상
2020103000100245,2020년 10월 30일 11시,금요일,경상북도 영주시 영주동,경상사고,0,0,2,0,차대차 - 측면충돌,차로위반,건조,맑음,단일로 - 기타,화물,남,69세,상해없음,승용,남,21세,경상
2020103000100246,2020년 10월 30일 11시,금요일,경상북도 칠곡군 약목면,중상사고,0,1,0,0,차대차 - 추돌,안전운전불이행,건조,맑음,단일로 - 지하차도(도로)내,건설기계,남,58세,상해없음,건설기계,남,56세,상해없음
2020103000100247,2020년 10월 30일 11시,금요일,경상북도 구미시 형곡동,경상사고,0,0,1,0,차대사람 - 기타,안전운전불이행,건조,맑음,단일로 - 기타,승용,여,64세,상해없음,보행자,남,60세,경상
2020103000100288,2020년 10월 30일 12시,금요일,경상북도 김천시 신음동,경상사고,0,0,1,0,차대차 - 측면충돌,안전운전불이행,건조,맑음,교차로 - 교차로안,승용,남,82세,상해없음,승용,여,42세,경상
2020103000100289,2020년 10월 30일 12시,금요일,경상북도 경산시 진량읍,중상사고,0,1,0,0,차대차 - 측면충돌,신호위반,건조,맑음,교차로 - 교차로부근,승용,남,44세,상해없음,이륜,남,35세,중상
2020103000100290,2020년 10월 30일 12시,금요일,경상북도 경산시 중방동,경상사고,0,0,1,0,차대차 - 후진중충돌,안전운전불이행,건조,맑음,단일로 - 지하차도(도로)내,화물,남,59세,상해없음,이륜,남,33세,경상
2020103000100291,2020년 10월 30일 12시,금요일,경상북도 칠곡군 동명면,경상사고,0,0,3,0,차대차 - 추돌,안전운전불이행,건조,맑음,단일로 - 기타,승용,남,60세,상해없음,특수,남,60세,경상
2020103000100330,2020년 10월 30일 13시,금요일,경상북도 상주시 청리면,경상사고,0,0,1,0,차량단독 - 도로외이탈 - 추락,안전운전불이행,건조,맑음,단일로 - 기타,사륜오토바이(ATV),남,67세,경상,,,,
2020103000100331,2020년 10월 30일 13시,금요일,경상북도 칠곡군 석적읍,경상사고,0,0,2,0,차대차 - 측면충돌,직진우회전진행방해,건조,맑음,교차로 - 교차로안,승용,남,69세,상해없음,승합,여,37세,경상
2020103000100332,2020년 10월 30일 13시,금요일,경상북도 예천군 용궁면,경상사고,0,0,1,0,차대차 - 측면충돌,직진우회전진행방해,건조,맑음,교차로 - 교차로안,승용,남,62세,상해없음,승용,여,53세,경상
2020103000100378,2020년 10월 30일 14시,금요일,경상북도 경주시 황오동,중상사고,0,1,0,0,차대차 - 측면충돌,안전운전불이행,건조,맑음,교차로 - 교차로안,화물,남,32세,상해없음,원동기,남,78세,중상
2020103000100379,2020년 10월 30일 14시,금요일,경상북도 칠곡군 석적읍,중상사고,0,1,3,1,차대차 - 추돌,안전운전불이행,건조,맑음,단일로 - 기타,화물,남,50세,경상,화물,남,60세,경상
2020103000100380,2020년 10월 30일 14시,금요일,경상북도 영천시 완산동,경상사고,0,0,2,0,차대차 - 측면충돌,안전운전불이행,건조,맑음,교차로 - 교차로안,승용,여,43세,경상,화물,남,43세,경상
2020103000100381,2020년 10월 30일 14시,금요일,경상북도 영덕군 남정면,경상사고,0,0,1,1,차대차 - 추돌,안전운전불이행,건조,맑음,교차로 - 교차로부근,승용,남,58세,부상신고,승용,남,50세,경상
2020103000100417,2020년 10월 30일 15시,금요일,경상북도 안동시 당북동,부상신고사고,0,0,0,1,차대차 - 기타,안전운전불이행,건조,맑음,교차로 - 교차로부근,자전거,남,75세,부상신고,화물,남,50세,상해없음
2020103000100418,2020년 10월 30일 15시,금요일,경상북도 상주시 공성면,중상사고,0,1,1,0,차량단독 - 공작물충돌,안전운전불이행,건조,맑음,단일로 - 기타,승용,여,70세,경상,,,,
2020103000100419,2020년 10월 30일 15시,금요일,경상북도 포항시 남구 대잠동,경상사고,0,0,3,0,차대차 - 측면충돌,직진우회전진행방해,건조,맑음,교차로 - 교차로안,승용,남,76세,경상,승용,여,51세,경상
2020103000100464,2020년 10월 30일 16시,금요일,경상북도 상주시 함창읍,경상사고,0,0,2,0,차대차 - 추돌,안전거리미확보,건조,맑음,교차로 - 교차로안,승용,여,49세,상해없음,승용,여,67세,경상
2020103000100465,2020년 10월 30일 16시,금요일,경상북도 의성군 의성읍,경상사고,0,0,1,0,차대차 - 측면충돌,직진우회전진행방해,건조,맑음,교차로 - 교차로안,화물,남,65세,상해없음,승용,남,48세,경상
2020103000100466,2020년 10월 30일 16시,금요일,경상북도 칠곡군 북삼읍,경상사고,0,0,1,0,차대차 - 측면충돌,교차로운행방법위반,건조,맑음,교차로 - 교차로안,승용,여,54세,상해없음,이륜,남,42세,경상
2020103000100519,2020년 10월 30일 17시,금요일,경상북도 김천시 삼락동,경상사고,0,0,3,0,차대차 - 측면충돌,교차로운행방법위반,건조,맑음,교차로 - 교차로안,승용,여,63세,경상,승용,여,31세,경상
2020103000100520,2020년 10월 30일 17시,금요일,경상북도 경산시 중방동,중상사고,0,1,2,0,차대차 - 측면충돌,교차로운행방법위반,건조,맑음,교차로 - 교차로안,승용,여,56세,경상,이륜,남,27세,경상
2020103000100591,2020년 10월 30일 18시,금요일,경상북도 포항시 북구 장성동,경상사고,0,0,1,0,차대사람 - 기타,안전운전불이행,건조,맑음,단일로 - 기타,승용,남,61세,상해없음,보행자,여,59세,경상
2020103000100592,2020년 10월 30일 18시,금요일,경상북도 영주시 가흥동,경상사고,0,0,1,0,차대차 - 기타,교차로운행방법위반,건조,맑음,교차로 - 교차로안,승합,남,69세,상해없음,승용,여,28세,경상
2020103000100593,2020년 10월 30일 18시,금요일,경상북도 울진군 북면,중상사고,0,3,5,0,차대차 - 추돌,중앙선침범,건조,맑음,단일로 - 기타,승용,남,58세,경상,승용,남,44세,중상
2020103000100648,2020년 10월 30일 19시,금요일,경상북도 영천시 금호읍,경상사고,0,0,5,1,차대차 - 추돌,안전운전불이행,건조,맑음,단일로 - 기타,승용,여,55세,부상신고,승용,남,49세,경상
2020103000100649,2020년 10월 30일 19시,금요일,경상북도 경산시 계양동,경상사고,0,0,1,0,차대차 - 측면충돌,안전운전불이행,건조,맑음,단일로 - 기타,화물,남,42세,상해없음,승용,남,69세,경상
2020103000100650,2020년 10월 30일 19시,금요일,경상북도 구미시 원평동,중상사고,0,1,0,1,차대차 - 측면충돌,신호위반,건조,맑음,교차로 - 교차로횡단보도내,이륜,남,46세,부상신고,자전거,남,76세,중상
2020103000100651,2020년 10월 30일 19시,금요일,경상북도 영주시 풍기읍,경상사고,0,0,1,0,차대차 - 추돌,안전운전불이행,건조,맑음,단일로 - 기타,화물,남,59세,상해없음,승용,남,20세,경상
2020103000100693,2020년 10월 30일 20시,금요일,경상북도 포항시 북구 흥해읍,중상사고,0,2,0,0,차대차 - 기타,안전운전불이행,건조,맑음,단일로 - 기타,승용,남,64세,상해없음,승용,여,55세,중상
2020103000100694,2020년 10월 30일 20시,금요일,경상북도 영천시 화룡동,중상사고,0,1,2,0,차대차 - 정면충돌,안전운전불이행,건조,맑음,교차로 - 교차로안,승용,남,18세,상해없음,승용,남,30세,중상
2020103000100695,2020년 10월 30일 20시,금요일,경상북도 구미시 송정동,경상사고,0,0,1,0,차대차 - 측면충돌,교차로운행방법위반,건조,맑음,교차로 - 교차로부근,승용,남,54세,상해없음,승합,남,18세,경상
2020103000100730,2020년 10월 30일 21시,금요일,경상북도 포항시 북구 대신동,경상사고,0,0,1,0,차대사람 - 기타,안전운전불이행,건조,맑음,단일로 - 기타,승용,남,51세,상해없음,보행자,여,60세,경상
2020103000100731,2020년 10월 30일 21시,금요일,경상북도 포항시 북구 죽도동,경상사고,0,0,2,0,차대차 - 측면충돌,중앙선침범,건조,맑음,단일로 - 기타,승용,남,58세,경상,이륜,남,33세,경상
2020103000100770,2020년 10월 30일 22시,금요일,경상북도 상주시 내서면,중상사고,0,1,0,0,차량단독 - 공작물충돌,안전운전불이행,건조,맑음,교차로 - 교차로부근,화물,남,59세,중상,,,,
2020103000100801,2020년 10월 30일 23시,금요일,경상북도 구미시 신평동,중상사고,0,1,3,0,차대차 - 기타,신호위반,건조,맑음,교차로 - 교차로안,승용,남,60세,상해없음,승용,남,58세,경상
2020103100100050,2020년 10월 31일 03시,토요일,경상북도 의성군 단촌면,중상사고,0,1,1,0,차량단독 - 공작물충돌,안전운전불이행,건조,맑음,단일로 - 기타,화물,남,56세,경상,,,,
2020103100100079,2020년 10월 31일 06시,토요일,경상북도 포항시 북구 장성동,경상사고,0,0,1,0,차대차 - 측면충돌,안전운전불이행,건조,맑음,단일로 - 기타,건설기계,남,63세,상해없음,승용,남,61세,경상