사고번호,사고일시,요일,시군구,사고내용,사망자수,중상자수,경상자수,부상신고자수,사고유형,법규위반,노면상태,기상상태,도로형태,가해운전자 차종,가해운전자 성별,가해운전자 연령,가해운전자 상해정도,피해운전자 차종,피해운전자 성별,피해운전자 연령,피해운전자 상해정도
2020103100100080,2020년 10월 31일 06시,토요일,경상북도 김천시 성내동,중상사고,0,1,1,0,차대차 - 추돌,안전운전불이행,건조,맑음,교차로 - 교차로부근,승용,남,24세,상해없음,승용,남,63세,중상
2020103100100081,2020년 10월 31일 06시,토요일,경상북도 영주시 가흥동,중상사고,0,1,0,0,차대차 - 측면충돌,신호위반,건조,맑음,교차로 - 교차로안,화물,남,50세,상해없음,승용,남,72세,중상
2020103100100082,2020년 10월 31일 06시,토요일,경상북도 영양군 입암면,경상사고,0,0,2,0,차대차 - 측면충돌,신호위반,젖음/습기,안개,교차로 - 교차로안,승용,남,54세,경상,승용,남,64세,경상
2020103100100114,2020년 10월 31일 08시,토요일,경상북도 영천시 야사동,경상사고,0,0,1,0,차대차 - 측면충돌,안전운전불이행,건조,맑음,단일로 - 기타,이륜,남,70세,경상,승용,남,70세,상해없음
2020103100100139,2020년 10월 31일 09시,토요일,경상북도 상주시 화북면,사망사고,1,0,0,0,차대차 - 기타,안전운전불이행,건조,맑음,교차로 - 교차로안,화물,남,63세,상해없음,자전거,여,51세,사망
2020103100100140,2020년 10월 31일 09시,토요일,경상북도 구미시 선산읍,부상신고사고,0,0,0,1,차대차 - 기타,신호위반,건조,맑음,교차로 - 교차로안,승용,남,65세,상해없음,자전거,남,81세,부상신고
2020103100100182,2020년 10월 31일 10시,토요일,경상북도 포항시 북구 장성동,경상사고,0,0,1,0,차대사람 - 기타,안전운전불이행,건조,맑음,단일로 - 기타,승용,여,51세,상해없음,보행자,여,62세,경상
2020103100100183,2020년 10월 31일 10시,토요일,경상북도 울진군 금강송면,경상사고,0,0,1,0,차대차 - 측면충돌,안전운전불이행,건조,맑음,기타 - 기타,승용,남,55세,상해없음,승용,남,34세,경상
2020103100100184,2020년 10월 31일 10시,토요일,경상북도 고령군 대가야읍,경상사고,0,0,1,0,차대차 - 측면충돌,안전운전불이행,건조,맑음,단일로 - 기타,승용,남,43세,상해없음,자전거,남,11세,경상
2020103100100185,2020년 10월 31일 10시,토요일,경상북도 포항시 남구 오천읍,중상사고,0,1,0,0,차대차 - 측면충돌,기타,건조,맑음,교차로 - 교차로부근,화물,남,51세,상해없음,이륜,남,44세,중상
2020103100100186,2020년 10월 31일 10시,토요일,경상북도 포항시 남구 연일읍,경상사고,0,0,2,0,차대차 - 기타,기타,건조,맑음,단일로 - 기타,승용,남,43세,경상,승용,남,44세,경상
2020103100100224,2020년 10월 31일 11시,토요일,경상북도 경주시 양남면,경상사고,0,0,1,1,차대차 - 측면충돌,직진우회전진행방해,건조,맑음,교차로 - 교차로안,승용,남,63세,상해없음,승용,남,41세,경상
2020103100100225,2020년 10월 31일 11시,토요일,경상북도 포항시 북구 죽도동,중상사고,0,1,0,0,차대사람 - 횡단중,안전운전불이행,건조,맑음,교차로 - 교차로부근,승용,여,54세,상해없음,보행자,남,59세,중상
2020103100100226,2020년 10월 31일 11시,토요일,경상북도 포항시 북구 흥해읍,중상사고,0,2,0,0,차대차 - 기타,안전운전불이행,건조,맑음,교차로 - 교차로안,승용,남,27세,상해없음,승용,남,43세,중상
2020103100100227,2020년 10월 31일 11시,토요일,경상북도 안동시 옥동,경상사고,0,0,4,0,차대차 - 측면충돌,안전운전불이행,건조,맑음,단일로 - 기타,승용,여,24세,경상,승용,남,52세,경상
2020103100100228,2020년 10월 31일 11시,토요일,경상북도 영천시 조교동,경상사고,0,0,1,0,차대차 - 측면충돌,신호위반,건조,맑음,교차로 - 교차로안,승용,여,59세,상해없음,이륜,남,19세,경상
2020103100100229,2020년 10월 31일 11시,토요일,경상북도 봉화군 법전면,경상사고,0,0,1,0,차대차 - 측면충돌,안전운전불이행,건조,맑음,단일로 - 기타,승용,여,72세,상해없음,화물,남,67세,경상
2020103100100230,2020년 10월 31일 11시,토요일,경상북도 포항시 남구 대도동,경상사고,0,0,2,0,차대차 - 기타,안전운전불이행,건조,맑음,단일로 - 기타,승용,남,47세,경상,승용,남,28세,경상
2020103100100310,2020년 10월 31일 13시,토요일,경상북도 경주시 성건동,중상사고,0,1,0,0,차대차 - 측면충돌,신호위반,건조,맑음,교차로 - 교차로안,이륜,여,84세,중상,승용,여,58세,상해없음
2020103100100311,2020년 10월 31일 13시,토요일,경상북도 경주시 노서동,경상사고,0,0,1,0,차대사람 - 길가장자리구역통행중,안전운전불이행,건조,맑음,교차로 - 교차로안,승용,여,30세,상해없음,보행자,남,74세,경상
2020103100100312,2020년 10월 31일 13시,토요일,경상북도 상주시 화동면,경상사고,0,0,1,0,차대차 - 측면충돌,교차로운행방법위반,건조,맑음,교차로 - 교차로안,승용,남,74세,상해없음,승용,남,40세,상해없음
2020103100100313,2020년 10월 31일 13시,토요일,경상북도 의성군 안계면,중상사고,0,1,1,0,차대차 - 측면충돌,신호위반,건조,맑음,교차로 - 교차로안,이륜,남,48세,중상,화물,남,70세,경상
2020103100100361,2020년 10월 31일 14시,토요일,경상북도 포항시 남구 동해면,사망사고,1,0,0,0,차대차 - 정면충돌,중앙선침범,건조,맑음,단일로 - 기타,이륜,남,49세,사망,화물,남,53세,상해없음
2020103100100395,2020년 10월 31일 15시,토요일,경상북도 경주시 용강동,경상사고,0,0,4,0,차대차 - 추돌,안전운전불이행,건조,맑음,단일로 - 기타,화물,남,78세,상해없음,승합,남,39세,경상
2020103100100396,2020년 10월 31일 15시,토요일,경상북도 칠곡군 석적읍,중상사고,0,1,0,0,차대차 - 기타,안전운전불이행,건조,맑음,기타 - 기타,승용,남,34세,상해없음,이륜,남,41세,중상
2020103100100397,2020년 10월 31일 15시,토요일,경상북도 포항시 남구 대잠동,경상사고,0,0,2,0,차대차 - 기타,안전운전불이행,건조,맑음,단일로 - 기타,승용,남,38세,상해없음,승용,남,42세,경상
2020103100100429,2020년 10월 31일 16시,토요일,경상북도 포항시 북구 창포동,경상사고,0,0,1,2,차대차 - 측면충돌,안전운전불이행,건조,맑음,교차로 - 교차로부근,승용,남,73세,상해없음,승용,여,33세,경상
2020103100100430,2020년 10월 31일 16시,토요일,경상북도 포항시 남구 호미곶면,경상사고,0,0,3,0,차대차 - 측면충돌,중앙선침범,건조,맑음,단일로 - 기타,승용,여,55세,상해없음,승용,남,49세,경상
2020103100100466,2020년 10월 31일 17시,토요일,경상북도 경주시 강동면,경상사고,0,0,1,0,차대차 - 후진중충돌,안전운전불이행,건조,맑음,교차로 - 교차로부근,이륜,남,26세,상해없음,승용,남,30세,경상
2020103100100467,2020년 10월 31일 17시,토요일,경상북도 김천시 부곡동,중상사고,0,1,0,0,차대사람 - 횡단중,안전운전불이행,건조,맑음,단일로 - 기타,승용,여,55세,상해없음,보행자,여,68세,중상
2020103100100468,2020년 10월 31일 17시,토요일,경상북도 영주시 풍기읍,중상사고,0,1,0,0,차대차 - 측면충돌,교차로운행방법위반,건조,맑음,교차로 - 교차로안,승용,남,72세,상해없음,이륜,남,80세,중상
2020103100100469,2020년 10월 31일 17시,토요일,경상북도 봉화군 봉화읍,경상사고,0,0,3,0,차대차 - 기타,중앙선침범,건조,맑음,기타 - 기타,승용,남,60세,상해없음,승합,남,51세,경상
2020103100100523,2020년 10월 31일 18시,토요일,경상북도 포항시 북구 장성동,중상사고,0,1,0,0,차대차 - 기타,안전운전불이행,건조,맑음,단일로 - 기타,승용,남,58세,상해없음,이륜,남,54세,중상
2020103100100524,2020년 10월 31일 18시,토요일,경상북도 김천시 신음동,중상사고,0,1,0,0,차대차 - 측면충돌,교차로운행방법위반,건조,맑음,교차로 - 교차로안,승용,남,25세,상해없음,이륜,남,21세,중상
2020103100100525,2020년 10월 31일 18시,토요일,경상북도 상주시 인평동,사망사고,1,0,0,0,차대사람 - 길가장자리구역통행중,안전운전불이행,건조,맑음,단일로 - 기타,승합,여,73세,상해없음,보행자,여,97세,사망
2020103100100526,2020년 10월 31일 18시,토요일,경상북도 경산시 자인면,중상사고,0,1,0,0,차대사람 - 기타,안전운전불이행,건조,맑음,단일로 - 기타,승용,남,68세,상해없음,보행자,남,79세,중상
2020103100100577,2020년 10월 31일 19시,토요일,경상북도 성주군 용암면,경상사고,0,0,2,0,차대차 - 기타,안전운전불이행,건조,맑음,단일로 - 기타,승용,남,53세,경상,화물,남,55세,상해없음
2020103100100578,2020년 10월 31일 19시,토요일,경상북도 고령군 쌍림면,경상사고,0,0,2,0,차대차 - 기타,안전운전불이행,건조,맑음,기타 - 기타,승용,여,54세,상해없음,승용,남,73세,경상
2020103100100611,2020년 10월 31일 20시,토요일,경상북도 김천시 황금동,경상사고,0,0,1,0,차대사람 - 기타,중앙선침범,건조,기타,교차로 - 교차로횡단보도내,화물,남,61세,상해없음,보행자,남,61세,경상
2020103100100612,2020년 10월 31일 20시,토요일,경상북도 상주시 화북면,사망사고,1,0,0,0,차대사람 - 횡단중,과속,건조,맑음,단일로 - 기타,승용,남,57세,상해없음,보행자,남,9세,사망
2020103100100613,2020년 10월 31일 20시,토요일,경상북도 영천시 야사동,경상사고,0,0,1,0,차대차 - 측면충돌,교차로운행방법위반,건조,맑음,교차로 - 교차로안,승용,남,41세,상해없음,이륜,남,30세,경상
2020103100100614,2020년 10월 31일 20시,토요일,경상북도 영양군 영양읍,경상사고,0,0,1,0,차대차 - 측면충돌,기타,건조,맑음,단일로 - 기타,이륜,남,66세,경상,승용,여,42세,기타불명
2020103100100615,2020년 10월 31일 20시,토요일,경상북도 구미시 상모동,중상사고,0,1,0,0,차대차 - 기타,중앙선침범,건조,맑음,단일로 - 기타,승용,남,62세,상해없음,이륜,남,38세,중상
2020103100100616,2020년 10월 31일 20시,토요일,경상북도 포항시 남구 상도동,경상사고,0,0,1,0,차대차 - 측면충돌,교차로운행방법위반,건조,맑음,교차로 - 교차로안,승용,남,66세,상해없음,이륜,여,33세,경상
2020103100100698,2020년 10월 31일 23시,토요일,경상북도 김천시 지좌동,경상사고,0,0,3,0,차대차 - 측면충돌,신호위반,건조,기타,교차로 - 교차로안,이륜,남,35세,경상,승용,남,34세,경상
2020110100100011,2020년 11월 1일 00시,일요일,경상북도 안동시 길안면,경상사고,0,0,2,0,차대차 - 정면충돌,중앙선침범,건조,맑음,단일로 - 기타,승용,남,69세,상해없음,승용,남,35세,경상
2020110100100110,2020년 11월 1일 09시,일요일,경상북도 상주시 무양동,중상사고,0,1,1,0,차대차 - 추돌,안전운전불이행,건조,맑음,교차로 - 교차로부근,승용,남,38세,상해없음,승용,여,59세,경상
2020110100100111,2020년 11월 1일 09시,일요일,경상북도 칠곡군 북삼읍,경상사고,0,0,1,0,차대차 - 측면충돌,안전운전불이행,젖음/습기,흐림,단일로 - 기타,승용,남,68세,상해없음,자전거,남,11세,경상
2020110100100112,2020년 11월 1일 09시,일요일,경상북도 구미시 고아읍,경상사고,0,0,3,0,차대차 - 정면충돌,안전운전불이행,젖음/습기,흐림,단일로 - 기타,승용,여,44세,경상,승용,여,43세,경상
2020110100100133,2020년 11월 1일 10시,일요일,경상북도 경주시 강동면,경상사고,0,0,1,0,차대차 - 측면충돌,안전운전불이행,젖음/습기,비,단일로 - 기타,승용,남,41세,상해없음,승용,남,61세,경상
2020110100100134,2020년 11월 1일 10시,일요일,경상북도 영천시 임고면,경상사고,0,0,1,0,차대차 - 기타,안전운전불이행,젖음/습기,비,교차로 - 교차로안,승용,여,57세,상해없음,사륜오토바이(ATV),여,67세,경상
2020110100100135,2020년 11월 1일 10시,일요일,경상북도 구미시 옥계동,경상사고,0,0,1,0,차량단독 - 기타,안전운전불이행,젖음/습기,비,단일로 - 기타,승용,여,44세,경상,,,,
2020110100100151,2020년 11월 1일 11시,일요일,경상북도 경주시 신평동,경상사고,0,0,2,0,차대차 - 측면충돌,안전운전불이행,건조,맑음,교차로 - 교차로부근,승용,남,22세,상해없음,승용,여,39세,경상
2020110100100152,2020년 11월 1일 11시,일요일,경상북도 김천시 아포읍,사망사고,1,1,0,0,차량단독 - 공작물충돌,과속,젖음/습기,비,단일로 - 기타,승용,남,63세,사망,,,,
2020110100100186,2020년 11월 1일 12시,일요일,경상북도 문경시 문경읍,중상사고,0,2,2,0,차대차 - 측면충돌,중앙선침범,젖음/습기,비,교차로 - 교차로안,승용,여,63세,경상,승용,여,71세,중상
2020110100100187,2020년 11월 1일 12시,일요일,경상북도 경산시 정평동,경상사고,0,0,1,0,차대차 - 기타,안전운전불이행,젖음/습기,비,단일로 - 기타,승용,남,66세,상해없음,이륜,남,36세,경상
2020110100100218,2020년 11월 1일 13시,일요일,경상북도 경주시 광명동,경상사고,0,0,3,0,차대차 - 정면충돌,중앙선침범,건조,흐림,단일로 - 지하차도(도로)내,승용,남,22세,상해없음,승용,남,74세,경상
2020110100100315,2020년 11월 1일 16시,일요일,경상북도 칠곡군 석적읍,부상신고사고,0,0,0,1,차량단독 - 공작물충돌,안전운전불이행,건조,맑음,주차장 - 주차장,승용,남,52세,부상신고,,,,
2020110100100316,2020년 11월 1일 16시,일요일,경상북도 봉화군 봉성면,부상신고사고,0,0,0,1,차량단독 - 공작물충돌,안전운전불이행,젖음/습기,비,단일로 - 기타,승용,남,55세,부상신고,,,,
2020110100100356,2020년 11월 1일 17시,일요일,경상북도 경주시 안강읍,경상사고,0,0,2,0,차대차 - 측면충돌,직진우회전진행방해,건조,맑음,교차로 - 교차로안,승용,여,69세,상해없음,화물,남,65세,경상
2020110100100357,2020년 11월 1일 17시,일요일,경상북도 영덕군 병곡면,사망사고,1,0,0,0,차대사람 - 차도통행중,과속,건조,맑음,단일로 - 기타,승용,남,73세,상해없음,보행자,여,85세,사망
2020110100100399,2020년 11월 1일 18시,일요일,경상북도 안동시 옥동,중상사고,0,1,0,0,차대사람 - 횡단중,안전운전불이행,젖음/습기,비,단일로 - 기타,이륜,남,24세,상해없음,보행자,여,64세,중상
2020110100100400,2020년 11월 1일 18시,일요일,경상북도 칠곡군 왜관읍,경상사고,0,0,4,0,차대차 - 추돌,안전운전불이행,건조,맑음,교차로 - 교차로부근,승용,남,28세,상해없음,승용,여,49세,경상
2020110100100401,2020년 11월 1일 18시,일요일,경상북도 예천군 예천읍,중상사고,0,1,0,0,차대차 - 측면충돌,안전운전불이행,젖음/습기,비,단일로 - 기타,승용,여,62세,상해없음,승용,남,47세,중상
2020110100100466,2020년 11월 1일 20시,일요일,경상북도 포항시 남구 해도동,경상사고,0,0,1,0,차대사람 - 횡단중,안전운전불이행,건조,맑음,교차로 - 교차로안,승합,남,65세,상해없음,보행자,남,39세,경상
2020110100100489,2020년 11월 1일 21시,일요일,경상북도 경주시 황오동,중상사고,0,1,0,0,차대차 - 측면충돌,안전운전불이행,건조,맑음,교차로 - 교차로안,승용,남,38세,상해없음,자전거,여,48세,중상
2020110100100490,2020년 11월 1일 21시,일요일,경상북도 경주시 현곡면,경상사고,0,0,2,0,차대차 - 추돌,안전운전불이행,건조,맑음,단일로 - 교량,승용,남,20세,상해없음,승용,남,42세,경상
2020110100100491,2020년 11월 1일 21시,일요일,경상북도 경산시 진량읍,경상사고,0,0,1,0,차대사람 - 기타,안전운전불이행,건조,맑음,단일로 - 기타,기타불명,기타불명,미분류,기타불명,보행자,남,29세,경상
2020110100100492,2020년 11월 1일 21시,일요일,경상북도 구미시 진평동,중상사고,0,1,1,0,차대차 - 기타,직진우회전진행방해,건조,맑음,교차로 - 교차로안,이륜,남,32세,경상,승용,남,32세,중상
2020110100100513,2020년 11월 1일 22시,일요일,경상북도 경주시 외동읍,경상사고,0,0,1,0,차대사람 - 횡단중,안전운전불이행,건조,맑음,교차로 - 교차로안,승용,여,30세,상해없음,보행자,남,41세,경상
2020110100100514,2020년 11월 1일 22시,일요일,경상북도 포항시 북구 두호동,경상사고,0,0,1,0,차대사람 - 기타,안전운전불이행,건조,맑음,단일로 - 기타,자전거,남,64세,상해없음,보행자,여,64세,경상
2020110200100048,2020년 11월 2일 05시,월요일,경상북도 칠곡군 왜관읍,중상사고,0,1,0,0,차대사람 - 횡단중,안전운전불이행,건조,맑음,교차로 - 교차로안,승용,여,51세,상해없음,보행자,여,80세,중상
2020110200100066,2020년 11월 2일 06시,월요일,경상북도 고령군 다산면,경상사고,0,0,1,0,차대사람 - 횡단중,안전운전불이행,건조,맑음,교차로 - 교차로횡단보도내,승용,남,58세,상해없음,보행자,여,61세,경상
2020110200100088,2020년 11월 2일 07시,월요일,경상북도 문경시 문경읍,사망사고,1,0,0,1,차대차 - 측면충돌,안전운전불이행,젖음/습기,맑음,단일로 - 교량,승용,남,22세,사망,승용,남,36세,부상신고
2020110200100089,2020년 11월 2일 07시,월요일,경상북도 구미시 진평동,부상신고사고,0,0,0,1,차대차 - 측면충돌,교차로운행방법위반,건조,맑음,교차로 - 교차로안,이륜,남,40세,부상신고,승용,남,58세,상해없음
2020110200100122,2020년 11월 2일 08시,월요일,경상북도 안동시 광석동,경상사고,0,0,1,0,차대사람 - 길가장자리구역통행중,안전운전불이행,건조,맑음,단일로 - 기타,승용,남,65세,상해없음,보행자,남,20세,경상
2020110200100123,2020년 11월 2일 08시,월요일,경상북도 구미시 고아읍,경상사고,0,0,1,1,차대차 - 측면충돌,교차로운행방법위반,건조,맑음,교차로 - 교차로안,승용,여,50세,부상신고,승용,남,68세,경상
2020110200100154,2020년 11월 2일 09시,월요일,경상북도 포항시 북구 장성동,경상사고,0,0,1,0,차대차 - 기타,안전운전불이행,건조,맑음,단일로 - 기타,승용,여,29세,상해없음,자전거,남,22세,경상
2020110200100155,2020년 11월 2일 09시,월요일,경상북도 경산시 계양동,경상사고,0,0,1,0,차대차 - 측면충돌,안전운전불이행,건조,맑음,교차로 - 교차로안,승용,남,75세,상해없음,승용,여,36세,경상
2020110200100156,2020년 11월 2일 09시,월요일,경상북도 울진군 후포면,중상사고,0,1,0,0,차대사람 - 횡단중,안전운전불이행,건조,맑음,단일로 - 기타,승용,여,56세,상해없음,보행자,여,65세,중상
2020110200100197,2020년 11월 2일 10시,월요일,경상북도 안동시 서후면,경상사고,0,0,2,0,차대차 - 추돌,안전운전불이행,건조,맑음,단일로 - 기타,승용,남,73세,상해없음,화물,남,58세,경상
2020110200100232,2020년 11월 2일 11시,월요일,경상북도 포항시 북구 덕수동,경상사고,0,0,1,0,차대사람 - 기타,안전운전불이행,건조,맑음,단일로 - 기타,승용,여,49세,상해없음,보행자,여,56세,경상
2020110200100233,2020년 11월 2일 11시,월요일,경상북도 경산시 하양읍,경상사고,0,0,1,0,차대차 - 기타,안전운전불이행,건조,맑음,교차로 - 교차로안,승용,남,65세,기타불명,이륜,남,55세,경상
2020110200100263,2020년 11월 2일 12시,월요일,경상북도 영천시 대전동,경상사고,0,0,1,0,차대차 - 측면충돌,교차로운행방법위반,건조,맑음,교차로 - 교차로안,화물,남,57세,상해없음,화물,남,41세,경상
2020110200100297,2020년 11월 2일 13시,월요일,경상북도 김천시 아포읍,중상사고,0,1,0,0,차대차 - 추돌,안전거리미확보,건조,맑음,기타 - 기타,화물,남,47세,상해없음,화물,남,64세,상해없음
2020110200100298,2020년 11월 2일 13시,월요일,경상북도 영주시 안정면,경상사고,0,0,1,0,차대차 - 기타,안전운전불이행,건조,맑음,단일로 - 기타,승용,남,65세,상해없음,승용,남,60세,경상
2020110200100299,2020년 11월 2일 13시,월요일,경상북도 성주군 성주읍,경상사고,0,0,1,0,차대차 - 기타,안전운전불이행,건조,맑음,교차로 - 교차로안,화물,남,75세,상해없음,이륜,여,48세,경상
2020110200100333,2020년 11월 2일 14시,월요일,경상북도 문경시 점촌동,중상사고,0,1,0,0,차대차 - 측면충돌,기타,건조,맑음,단일로 - 기타,이륜,남,81세,상해없음,자전거,남,85세,중상
2020110200100365,2020년 11월 2일 15시,월요일,경상북도 포항시 북구 창포동,경상사고,0,0,1,0,차대사람 - 차도통행중,안전운전불이행,건조,맑음,단일로 - 기타,승용,여,60세,상해없음,보행자,남,32세,경상
2020110200100366,2020년 11월 2일 15시,월요일,경상북도 상주시 남성동,중상사고,0,1,0,0,차대사람 - 기타,안전운전불이행,건조,맑음,단일로 - 기타,화물,남,66세,상해없음,보행자,남,69세,중상
2020110200100367,2020년 11월 2일 15시,월요일,경상북도 영주시 휴천동,중상사고,0,1,1,0,차대차 - 측면충돌,교차로운행방법위반,건조,맑음,교차로 - 교차로안,승용,여,69세,경상,승용,여,38세,중상
2020110200100368,2020년 11월 2일 15시,월요일,경상북도 칠곡군 동명면,중상사고,0,1,1,0,차대차 - 추돌,과속,건조,맑음,단일로 - 기타,승용,남,27세,경상,화물,남,66세,중상
2020110200100369,2020년 11월 2일 15시,월요일,경상북도 영천시 금노동,경상사고,0,0,2,0,차대차 - 측면충돌,안전운전불이행,건조,맑음,교차로 - 교차로부근,승용,여,66세,상해없음,승용,남,71세,경상
2020110200100370,2020년 11월 2일 15시,월요일,경상북도 청도군 청도읍,경상사고,0,0,1,0,차대차 - 후진중충돌,안전운전불이행,건조,맑음,기타 - 기타,승용,남,55세,상해없음,이륜,여,79세,경상
2020110200100404,2020년 11월 2일 16시,월요일,경상북도 포항시 남구 송내동,경상사고,0,0,1,0,차대차 - 측면충돌,안전운전불이행,건조,맑음,교차로 - 교차로부근,승합,남,59세,상해없음,이륜,남,56세,경상
2020110200100405,2020년 11월 2일 16시,월요일,경상북도 문경시 유곡동,경상사고,0,0,1,0,차대차 - 기타,안전운전불이행,건조,맑음,단일로 - 기타,특수,남,56세,상해없음,승용,남,29세,경상
2020110200100451,2020년 11월 2일 17시,월요일,경상북도 영천시 완산동,경상사고,0,0,1,0,차대차 - 측면충돌,안전운전불이행,건조,맑음,교차로 - 교차로안,화물,남,61세,상해없음,승합,남,55세,경상
2020110200100452,2020년 11월 2일 17시,월요일,경상북도 군위군 부계면,경상사고,0,0,1,0,차대차 - 기타,안전운전불이행,건조,맑음,단일로 - 기타,화물,남,44세,상해없음,승용,남,29세,경상
2020110200100515,2020년 11월 2일 18시,월요일,경상북도 칠곡군 지천면,부상신고사고,0,0,0,1,차대차 - 측면충돌,교차로운행방법위반,건조,맑음,교차로 - 교차로안,화물,남,69세,상해없음,화물,남,22세,부상신고
2020110200100569,2020년 11월 2일 19시,월요일,경상북도 경주시 외동읍,중상사고,0,1,0,0,차대차 - 추돌,안전운전불이행,건조,맑음,교차로 - 교차로부근,승용,남,60세,상해없음,승용,남,35세,중상
2020110200100604,2020년 11월 2일 20시,월요일,경상북도 경주시 외동읍,경상사고,0,0,1,0,차대차 - 측면충돌,안전운전불이행,건조,맑음,교차로 - 교차로부근,승용,남,71세,상해없음,승용,남,44세,경상
2020110200100605,2020년 11월 2일 20시,월요일,경상북도 안동시 법흥동,중상사고,0,1,1,0,차대차 - 기타,중앙선침범,건조,맑음,단일로 - 기타,승용,남,63세,상해없음,승용,남,46세,경상
2020110200100606,2020년 11월 2일 20시,월요일,경상북도 안동시 정상동,경상사고,0,0,3,1,차대차 - 추돌,안전운전불이행,건조,맑음,단일로 - 교량,화물,남,48세,상해없음,승용,여,41세,경상
2020110200100607,2020년 11월 2일 20시,월요일,경상북도 김천시 평화동,중상사고,0,1,0,0,차대차 - 측면충돌,안전운전불이행,건조,맑음,교차로 - 교차로부근,승용,남,65세,상해없음,승용,여,64세,중상
2020110200100649,2020년 11월 2일 22시,월요일,경상북도 영천시 야사동,부상신고사고,0,0,0,1,차대차 - 기타,안전운전불이행,건조,맑음,단일로 - 기타,승용,남,18세,부상신고,화물,남,52세,상해없음
2020110200100650,2020년 11월 2일 22시,월요일,경상북도 울진군 후포면,경상사고,0,0,1,0,차대차 - 측면충돌,직진우회전진행방해,건조,맑음,교차로 - 교차로안,승용,여,30세,상해없음,승용,여,62세,경상
2020110300100013,2020년 11월 3일 00시,화요일,경상북도 울진군 후포면,경상사고,0,0,1,0,차대차 - 정면충돌,직진우회전진행방해,건조,맑음,교차로 - 교차로안,승용,여,70세,상해없음,이륜,남,47세,경상
2020110300100028,2020년 11월 3일 02시,화요일,경상북도 경산시 남산면,중상사고,0,1,2,0,차대차 - 측면충돌,중앙선침범,건조,맑음,단일로 - 기타,승용,남,24세,상해없음,승용,남,27세,경상
2020110300100029,2020년 11월 3일 02시,화요일,경상북도 구미시 공단동,사망사고,1,1,4,0,차량단독 - 공작물충돌,과속,건조,맑음,단일로 - 기타,승용,여,15세,경상,,,,
2020110300100047,2020년 11월 3일 05시,화요일,경상북도 영천시 야사동,중상사고,0,1,0,0,차대사람 - 횡단중,안전운전불이행,건조,맑음,단일로 - 기타,이륜,남,52세,상해없음,보행자,여,72세,중상
2020110300100061,2020년 11월 3일 06시,화요일,경상북도 성주군 성주읍,중상사고,0,1,0,0,차대사람 - 기타,중앙선침범,건조,맑음,기타 - 기타,화물,남,32세,상해없음,보행자,남,54세,중상
2020110300100062,2020년 11월 3일 06시,화요일,경상북도 구미시 광평동,중상사고,0,1,0,0,차대사람 - 횡단중,신호위반,건조,맑음,교차로 - 교차로안,승용,여,60세,상해없음,보행자,남,42세,중상
2020110300100063,2020년 11월 3일 06시,화요일,경상북도 포항시 남구 구룡포읍,사망사고,1,0,0,0,차대사람 - 횡단중,보행자보호의무위반,건조,맑음,교차로 - 교차로횡단보도내,승용,남,56세,상해없음,보행자,여,87세,사망
2020110300100123,2020년 11월 3일 08시,화요일,경상북도 경주시 황성동,중상사고,0,1,1,0,차대차 - 측면충돌,직진우회전진행방해,건조,맑음,교차로 - 교차로안,승용,남,36세,중상,승용,여,45세,경상
2020110300100124,2020년 11월 3일 08시,화요일,경상북도 포항시 북구 죽도동,중상사고,0,1,0,0,차대차 - 측면충돌,안전운전불이행,건조,맑음,단일로 - 기타,화물,남,70세,상해없음,원동기,남,39세,중상
2020110300100125,2020년 11월 3일 08시,화요일,경상북도 안동시 태화동,경상사고,0,0,1,0,차대차 - 추돌,안전운전불이행,건조,맑음,단일로 - 기타,화물,남,52세,상해없음,승합,여,55세,경상
2020110300100126,2020년 11월 3일 08시,화요일,경상북도 칠곡군 석적읍,중상사고,0,1,1,1,차대차 - 추돌,중앙선침범,건조,맑음,교차로 - 교차로안,승용,여,39세,부상신고,승용,여,42세,경상
2020110300100127,2020년 11월 3일 08시,화요일,경상북도 예천군 용궁면,중상사고,0,1,2,0,차대차 - 측면충돌,직진우회전진행방해,건조,맑음,교차로 - 교차로안,승합,남,76세,상해없음,승용,여,60세,중상
2020110300100128,2020년 11월 3일 08시,화요일,경상북도 구미시 봉곡동,중상사고,0,1,0,0,차대차 - 정면충돌,안전운전불이행,건조,맑음,교차로 - 교차로안,자전거,남,98세 이상,중상,승용,여,24세,상해없음
2020110300100176,2020년 11월 3일 09시,화요일,경상북도 경주시 안강읍,중상사고,0,1,1,0,차대사람 - 기타,기타,건조,맑음,주차장 - 주차장,승용,남,82세,상해없음,보행자,남,64세,경상
2020110300100177,2020년 11월 3일 09시,화요일,경상북도 경산시 진량읍,경상사고,0,0,2,0,차대차 - 측면충돌,기타,건조,맑음,교차로 - 교차로안,화물,남,59세,경상,화물,남,66세,경상
2020110300100178,2020년 11월 3일 09시,화요일,경상북도 구미시 진평동,경상사고,0,0,1,0,차대차 - 추돌,안전운전불이행,건조,맑음,단일로 - 기타,화물,남,57세,상해없음,승용,남,30세,경상