사고번호,사고일시,요일,시군구,사고내용,사망자수,중상자수,경상자수,부상신고자수,사고유형,법규위반,노면상태,기상상태,도로형태,가해운전자 차종,가해운전자 성별,가해운전자 연령,가해운전자 상해정도,피해운전자 차종,피해운전자 성별,피해운전자 연령,피해운전자 상해정도
2020110600100355,2020년 11월 6일 16시,금요일,경상북도 상주시 낙양동,경상사고,0,0,1,0,차대차 - 측면충돌,교차로운행방법위반,건조,맑음,교차로 - 교차로안,승용,여,61세,상해없음,자전거,남,16세,경상
2020110600100356,2020년 11월 6일 16시,금요일,경상북도 포항시 남구 동해면,경상사고,0,0,1,0,차대차 - 측면충돌,신호위반,건조,맑음,교차로 - 교차로안,이륜,남,66세,경상,승용,남,67세,상해없음
2020110600100393,2020년 11월 6일 17시,금요일,경상북도 경주시 산내면,중상사고,0,2,0,0,차량단독 - 도로외이탈 - 기타,안전운전불이행,건조,맑음,단일로 - 기타,승용,남,72세,상해없음,,,,
2020110600100394,2020년 11월 6일 17시,금요일,경상북도 칠곡군 북삼읍,중상사고,0,1,0,0,차대차 - 측면충돌,안전운전불이행,건조,맑음,단일로 - 기타,화물,남,50세,상해없음,승용,남,56세,중상
2020110600100454,2020년 11월 6일 18시,금요일,경상북도 경주시 내남면,경상사고,0,0,1,0,차대차 - 추돌,안전거리미확보,건조,맑음,단일로 - 기타,승용,남,62세,상해없음,승용,남,53세,상해없음
2020110600100455,2020년 11월 6일 18시,금요일,경상북도 안동시 정상동,경상사고,0,0,3,0,차대차 - 측면충돌,직진우회전진행방해,건조,맑음,교차로 - 교차로안,승용,여,35세,경상,승용,여,47세,경상
2020110600100456,2020년 11월 6일 18시,금요일,경상북도 칠곡군 왜관읍,경상사고,0,0,1,0,차대차 - 측면충돌,신호위반,건조,맑음,교차로 - 교차로안,승용,남,50세,상해없음,승용,남,38세,경상
2020110600100457,2020년 11월 6일 18시,금요일,경상북도 구미시 진평동,중상사고,0,1,0,0,차대차 - 측면충돌,신호위반,건조,맑음,교차로 - 교차로횡단보도내,승용,여,50세,상해없음,자전거,남,39세,중상
2020110600100520,2020년 11월 6일 19시,금요일,경상북도 구미시 신평동,경상사고,0,0,3,0,차대차 - 측면충돌,신호위반,건조,맑음,단일로 - 기타,승용,남,21세,상해없음,승용,남,26세,경상
2020110600100521,2020년 11월 6일 19시,금요일,경상북도 구미시 해평면,경상사고,0,0,1,0,차대차 - 추돌,안전운전불이행,건조,맑음,교차로 - 교차로부근,이륜,남,71세,경상,승합,남,44세,상해없음
2020110600100555,2020년 11월 6일 20시,금요일,경상북도 칠곡군 석적읍,경상사고,0,0,1,0,차대사람 - 횡단중,안전운전불이행,건조,흐림,단일로 - 기타,승용,남,39세,상해없음,보행자,여,21세,경상
2020110600100556,2020년 11월 6일 20시,금요일,경상북도 구미시 황상동,경상사고,0,0,1,0,차대차 - 측면충돌,안전운전불이행,건조,맑음,교차로 - 교차로부근,이륜,남,34세,경상,승용,남,29세,상해없음
2020110600100589,2020년 11월 6일 21시,금요일,경상북도 칠곡군 북삼읍,경상사고,0,0,1,0,차대차 - 측면충돌,안전운전불이행,건조,맑음,단일로 - 기타,화물,남,35세,상해없음,승용,여,42세,경상
2020110600100615,2020년 11월 6일 22시,금요일,경상북도 경주시 외동읍,경상사고,0,0,3,0,차대차 - 측면충돌,안전운전불이행,건조,맑음,단일로 - 기타,승용,여,49세,상해없음,승용,남,33세,경상
2020110600100616,2020년 11월 6일 22시,금요일,경상북도 안동시 송현동,경상사고,0,0,2,0,차대차 - 추돌,안전운전불이행,건조,맑음,교차로 - 교차로안,화물,남,55세,상해없음,승용,여,58세,경상
2020110700100020,2020년 11월 7일 00시,토요일,경상북도 포항시 북구 우현동,경상사고,0,0,1,0,차대차 - 추돌,안전운전불이행,건조,맑음,교차로 - 교차로부근,승용,남,52세,상해없음,승용,남,69세,경상
2020110700100032,2020년 11월 7일 01시,토요일,경상북도 칠곡군 석적읍,부상신고사고,0,0,0,1,차량단독 - 공작물충돌,안전운전불이행,건조,맑음,단일로 - 기타,승용,남,28세,부상신고,,,,
2020110700100033,2020년 11월 7일 01시,토요일,경상북도 포항시 남구 오천읍,경상사고,0,0,2,0,차대차 - 측면충돌,신호위반,건조,맑음,교차로 - 교차로안,승용,남,23세,상해없음,승용,남,41세,경상
2020110700100045,2020년 11월 7일 02시,토요일,경상북도 김천시 지좌동,경상사고,0,0,1,0,차량단독 - 공작물충돌,안전운전불이행,건조,맑음,단일로 - 기타,승용,남,33세,경상,,,,
2020110700100064,2020년 11월 7일 05시,토요일,경상북도 구미시 인의동,경상사고,0,0,1,0,차대차 - 추돌,안전운전불이행,건조,맑음,단일로 - 기타,승용,남,28세,상해없음,승용,남,57세,경상
2020110700100107,2020년 11월 7일 08시,토요일,경상북도 영덕군 강구면,경상사고,0,0,2,0,차대차 - 기타,안전운전불이행,건조,맑음,주차장 - 주차장,승용,남,61세,상해없음,승용,여,51세,경상
2020110700100129,2020년 11월 7일 09시,토요일,경상북도 칠곡군 동명면,중상사고,0,2,1,0,차대차 - 측면충돌,안전거리미확보,건조,맑음,단일로 - 기타,승용,남,67세,상해없음,승용,남,68세,중상
2020110700100130,2020년 11월 7일 09시,토요일,경상북도 울진군 죽변면,경상사고,0,0,1,0,차대차 - 추돌,안전운전불이행,건조,맑음,단일로 - 기타,승용,남,33세,경상,화물,남,51세,기타불명
2020110700100131,2020년 11월 7일 09시,토요일,경상북도 포항시 남구 오천읍,경상사고,0,0,4,0,차대차 - 측면충돌,신호위반,건조,맑음,교차로 - 교차로안,승용,남,69세,상해없음,승용,남,43세,경상
2020110700100160,2020년 11월 7일 10시,토요일,경상북도 영천시 완산동,경상사고,0,0,1,0,차대차 - 측면충돌,안전운전불이행,건조,맑음,단일로 - 기타,승용,여,77세,상해없음,자전거,남,40세,경상
2020110700100161,2020년 11월 7일 10시,토요일,경상북도 울진군 평해읍,중상사고,0,2,3,0,차대차 - 추돌,안전운전불이행,건조,맑음,단일로 - 기타,승용,남,35세,경상,승용,남,75세,경상
2020110700100201,2020년 11월 7일 11시,토요일,경상북도 경주시 황오동,중상사고,0,2,0,0,차대차 - 추돌,안전운전불이행,건조,맑음,교차로 - 교차로안,승용,남,67세,상해없음,승용,여,49세,중상
2020110700100202,2020년 11월 7일 11시,토요일,경상북도 칠곡군 약목면,경상사고,0,0,1,0,차대차 - 기타,안전운전불이행,젖음/습기,맑음,단일로 - 기타,화물,남,71세,상해없음,승합,남,59세,상해없음
2020110700100203,2020년 11월 7일 11시,토요일,경상북도 영천시 고경면,경상사고,0,0,2,1,차대차 - 측면충돌,안전거리미확보,건조,맑음,단일로 - 기타,화물,남,57세,상해없음,승용,남,26세,부상신고
2020110700100254,2020년 11월 7일 12시,토요일,경상북도 칠곡군 북삼읍,부상신고사고,0,0,0,1,차대차 - 정면충돌,안전운전불이행,건조,맑음,교차로 - 교차로부근,이륜,남,51세,부상신고,승용,여,56세,상해없음
2020110700100284,2020년 11월 7일 13시,토요일,경상북도 상주시 인봉동,경상사고,0,0,2,0,차대차 - 기타,안전운전불이행,건조,맑음,교차로 - 교차로안,승용,남,47세,경상,승용,남,52세,경상
2020110700100285,2020년 11월 7일 13시,토요일,경상북도 영덕군 남정면,경상사고,0,0,1,0,차대차 - 측면충돌,안전운전불이행,건조,맑음,단일로 - 기타,건설기계,남,68세,상해없음,승용,여,28세,경상
2020110700100286,2020년 11월 7일 13시,토요일,경상북도 포항시 남구 청림동,경상사고,0,0,2,0,차대차 - 기타,교차로운행방법위반,건조,맑음,교차로 - 교차로안,승용,남,55세,경상,화물,남,38세,경상
2020110700100287,2020년 11월 7일 13시,토요일,경상북도 포항시 남구 장기면,중상사고,0,1,1,0,차대차 - 기타,교차로운행방법위반,건조,맑음,교차로 - 교차로안,승합,남,39세,경상,승용,남,50세,중상
2020110700100323,2020년 11월 7일 14시,토요일,경상북도 영천시 완산동,경상사고,0,0,3,0,차대차 - 측면충돌,차로위반,건조,맑음,교차로 - 교차로부근,승용,남,54세,경상,승용,여,68세,경상
2020110700100377,2020년 11월 7일 15시,토요일,경상북도 칠곡군 북삼읍,사망사고,1,0,0,0,차대차 - 측면충돌,직진우회전진행방해,건조,맑음,교차로 - 교차로안,승용,여,49세,상해없음,자전거,남,48세,사망
2020110700100420,2020년 11월 7일 16시,토요일,경상북도 칠곡군 북삼읍,경상사고,0,0,1,1,차대차 - 측면충돌,직진우회전진행방해,건조,맑음,교차로 - 교차로안,승용,남,60세,부상신고,승용,여,51세,경상
2020110700100464,2020년 11월 7일 17시,토요일,경상북도 경주시 외동읍,경상사고,0,0,1,0,차대차 - 추돌,안전운전불이행,건조,맑음,교차로 - 교차로부근,승용,남,62세,상해없음,승용,여,47세,경상
2020110700100465,2020년 11월 7일 17시,토요일,경상북도 안동시 안막동,경상사고,0,0,2,0,차대차 - 측면충돌,안전운전불이행,건조,맑음,단일로 - 기타,화물,남,52세,상해없음,이륜,남,68세,경상
2020110700100466,2020년 11월 7일 17시,토요일,경상북도 안동시 송현동,경상사고,0,0,1,0,차대차 - 추돌,안전거리미확보,건조,맑음,단일로 - 기타,이륜,남,72세,경상,화물,남,49세,상해없음
2020110700100467,2020년 11월 7일 17시,토요일,경상북도 경산시 상방동,중상사고,0,1,0,0,차대차 - 기타,안전운전불이행,건조,맑음,교차로 - 교차로안,승용,남,32세,상해없음,자전거,여,63세,중상
2020110700100468,2020년 11월 7일 17시,토요일,경상북도 구미시 지산동,중상사고,0,1,0,0,차대차 - 기타,기타,건조,기타,기타 - 기타,기타불명,기타불명,미분류,기타불명,승용,여,58세,중상
2020110700100469,2020년 11월 7일 17시,토요일,경상북도 포항시 남구 연일읍,경상사고,0,0,1,0,차대차 - 기타,안전운전불이행,건조,맑음,기타 - 기타,이륜,남,38세,경상,승용,남,49세,상해없음
2020110700100523,2020년 11월 7일 18시,토요일,경상북도 경주시 안강읍,중상사고,0,1,2,0,차대차 - 추돌,안전운전불이행,건조,맑음,단일로 - 기타,승용,남,22세,중상,농기계,남,54세,경상
2020110700100524,2020년 11월 7일 18시,토요일,경상북도 경주시 황남동,중상사고,0,1,0,0,차대사람 - 차도통행중,안전운전불이행,건조,맑음,교차로 - 교차로안,화물,남,47세,상해없음,보행자,남,82세,중상
2020110700100525,2020년 11월 7일 18시,토요일,경상북도 문경시 점촌동,중상사고,0,1,0,0,차대차 - 측면충돌,신호위반,건조,맑음,교차로 - 교차로안,승용,남,20세,상해없음,화물,남,68세,중상
2020110700100526,2020년 11월 7일 18시,토요일,경상북도 군위군 효령면,중상사고,0,1,0,0,차대차 - 기타,과속,건조,맑음,단일로 - 기타,승용,남,59세,상해없음,농기계,남,76세,중상
2020110700100527,2020년 11월 7일 18시,토요일,경상북도 포항시 남구 해도동,경상사고,0,0,1,0,차대차 - 기타,중앙선침범,건조,맑음,단일로 - 기타,자전거,남,16세,경상,승용,여,58세,상해없음
2020110700100528,2020년 11월 7일 18시,토요일,경상북도 포항시 남구 해도동,중상사고,0,1,0,0,차대사람 - 기타,기타,건조,맑음,단일로 - 기타,승용,남,49세,상해없음,보행자,여,59세,중상
2020110700100572,2020년 11월 7일 19시,토요일,경상북도 경산시 조영동,경상사고,0,0,1,0,차대차 - 후진중충돌,안전운전불이행,건조,맑음,단일로 - 기타,승용,여,20세,상해없음,승용,남,28세,경상
2020110700100605,2020년 11월 7일 20시,토요일,경상북도 포항시 북구 장성동,경상사고,0,0,1,0,차대차 - 기타,안전운전불이행,건조,맑음,단일로 - 기타,이륜,남,25세,경상,승용,남,26세,상해없음
2020110700100606,2020년 11월 7일 20시,토요일,경상북도 영주시 풍기읍,중상사고,0,1,2,0,차대차 - 기타,안전운전불이행,건조,맑음,교차로 - 교차로안,승용,남,75세,상해없음,승용,남,35세,상해없음
2020110700100607,2020년 11월 7일 20시,토요일,경상북도 문경시 문경읍,중상사고,0,1,2,0,차대차 - 측면충돌,안전운전불이행,건조,맑음,교차로 - 교차로안,승용,여,52세,상해없음,승용,여,40세,경상
2020110700100636,2020년 11월 7일 21시,토요일,경상북도 경산시 사정동,중상사고,0,1,0,0,차대사람 - 기타,안전운전불이행,건조,맑음,교차로 - 교차로안,이륜,남,27세,기타불명,보행자,여,66세,중상
2020110700100663,2020년 11월 7일 22시,토요일,경상북도 구미시 오태동,경상사고,0,0,1,0,차대차 - 기타,안전운전불이행,건조,맑음,기타 - 기타,승용,남,52세,상해없음,승합,남,49세,경상
2020110700100680,2020년 11월 7일 23시,토요일,경상북도 구미시 구포동,경상사고,0,0,1,0,차대차 - 기타,중앙선침범,건조,맑음,단일로 - 기타,승용,남,26세,상해없음,이륜,남,31세,경상
2020110700100681,2020년 11월 7일 23시,토요일,경상북도 포항시 남구 효자동,경상사고,0,0,1,0,차대차 - 측면충돌,안전운전불이행,건조,맑음,교차로 - 교차로부근,이륜,남,40세,경상,승용,남,49세,상해없음
2020110800100108,2020년 11월 8일 09시,일요일,경상북도 포항시 북구 죽도동,중상사고,0,1,0,0,차대사람 - 횡단중,안전운전불이행,건조,맑음,단일로 - 기타,이륜,남,27세,상해없음,보행자,여,57세,중상
2020110800100131,2020년 11월 8일 10시,일요일,경상북도 상주시 공성면,중상사고,0,1,0,0,차대차 - 정면충돌,신호위반,건조,맑음,교차로 - 교차로안,이륜,남,88세,중상,승용,여,60세,상해없음
2020110800100132,2020년 11월 8일 10시,일요일,경상북도 청송군 안덕면,중상사고,0,1,0,0,차대차 - 정면충돌,중앙선침범,건조,맑음,단일로 - 기타,화물,남,79세,상해없음,이륜,남,74세,중상
2020110800100133,2020년 11월 8일 10시,일요일,경상북도 구미시 옥계동,중상사고,0,1,0,0,차대차 - 측면충돌,차로위반,건조,맑음,교차로 - 교차로안,승합,남,54세,상해없음,승용,남,34세,상해없음
2020110800100157,2020년 11월 8일 11시,일요일,경상북도 경주시 외동읍,경상사고,0,0,3,1,차대차 - 추돌,안전운전불이행,건조,맑음,단일로 - 기타,승합,남,54세,상해없음,승용,여,49세,경상
2020110800100158,2020년 11월 8일 11시,일요일,경상북도 문경시 흥덕동,경상사고,0,0,1,0,차대차 - 측면충돌,안전운전불이행,건조,맑음,교차로 - 교차로안,승용,여,45세,상해없음,이륜,남,38세,경상
2020110800100159,2020년 11월 8일 11시,일요일,경상북도 예천군 예천읍,중상사고,0,1,0,0,차대차 - 정면충돌,안전운전불이행,건조,맑음,교차로 - 교차로안,승용,남,58세,상해없음,승용,여,59세,중상
2020110800100160,2020년 11월 8일 11시,일요일,경상북도 군위군 효령면,경상사고,0,0,1,0,차대차 - 정면충돌,직진우회전진행방해,건조,맑음,교차로 - 교차로안,승용,남,52세,상해없음,승용,남,49세,경상
2020110800100161,2020년 11월 8일 11시,일요일,경상북도 포항시 남구 송도동,경상사고,0,0,3,0,차대차 - 기타,안전운전불이행,건조,맑음,단일로 - 기타,승용,남,39세,상해없음,승용,남,53세,경상
2020110800100190,2020년 11월 8일 12시,일요일,경상북도 포항시 북구 창포동,중상사고,0,1,3,0,차대차 - 정면충돌,신호위반,건조,맑음,교차로 - 교차로부근,승용,여,44세,경상,승용,남,44세,경상
2020110800100191,2020년 11월 8일 12시,일요일,경상북도 영천시 야사동,경상사고,0,0,1,0,차대차 - 측면충돌,안전운전불이행,건조,맑음,교차로 - 교차로안,승용,여,28세,상해없음,개인형이동수단(PM),남,18세,경상
2020110800100192,2020년 11월 8일 12시,일요일,경상북도 영천시 화남면,경상사고,0,0,1,0,차대차 - 추돌,안전거리미확보,건조,맑음,교차로 - 교차로부근,승합,남,45세,상해없음,승용,여,59세,경상
2020110800100223,2020년 11월 8일 13시,일요일,경상북도 봉화군 상운면,중상사고,0,1,1,0,차대차 - 기타,안전운전불이행,건조,맑음,기타 - 기타,승합,남,71세,경상,화물,여,64세,중상
2020110800100274,2020년 11월 8일 14시,일요일,경상북도 안동시 임하면,중상사고,0,1,0,0,차대사람 - 기타,안전운전불이행,건조,맑음,단일로 - 기타,화물,남,65세,상해없음,보행자,남,63세,중상
2020110800100275,2020년 11월 8일 14시,일요일,경상북도 상주시 화북면,경상사고,0,0,2,0,차대차 - 추돌,안전운전불이행,건조,맑음,단일로 - 기타,승용,남,45세,상해없음,승용,남,33세,경상
2020110800100311,2020년 11월 8일 15시,일요일,경상북도 영주시 단산면,경상사고,0,0,2,0,차대차 - 측면충돌,안전운전불이행,건조,맑음,교차로 - 교차로안,사륜오토바이(ATV),남,78세,경상,승용,여,58세,경상
2020110800100312,2020년 11월 8일 15시,일요일,경상북도 경주시 건천읍,경상사고,0,0,1,0,차대차 - 추돌,안전운전불이행,건조,맑음,단일로 - 기타,승용,남,32세,상해없음,승용,여,70세,경상
2020110800100347,2020년 11월 8일 16시,일요일,경상북도 김천시 개령면,경상사고,0,0,1,0,차대차 - 측면충돌,안전운전불이행,건조,맑음,단일로 - 기타,화물,남,61세,상해없음,자전거,남,18세,경상
2020110800100348,2020년 11월 8일 16시,일요일,경상북도 상주시 개운동,중상사고,0,1,0,0,차대차 - 측면충돌,중앙선침범,건조,맑음,단일로 - 기타,승합,남,49세,상해없음,승용,여,26세,중상
2020110800100349,2020년 11월 8일 16시,일요일,경상북도 영덕군 영해면,경상사고,0,0,1,0,차대차 - 정면충돌,중앙선침범,건조,맑음,단일로 - 기타,승용,남,58세,상해없음,승용,여,42세,경상
2020110800100350,2020년 11월 8일 16시,일요일,경상북도 포항시 남구 대잠동,경상사고,0,0,1,0,차대차 - 측면충돌,직진우회전진행방해,건조,맑음,교차로 - 교차로안,승용,여,52세,상해없음,원동기,남,28세,경상
2020110800100390,2020년 11월 8일 17시,일요일,경상북도 영천시 망정동,경상사고,0,0,1,0,차대차 - 기타,안전운전불이행,건조,맑음,주차장 - 주차장,자전거,남,10세,경상,승용,남,26세,상해없음
2020110800100391,2020년 11월 8일 17시,일요일,경상북도 문경시 모전동,부상신고사고,0,0,0,1,차대차 - 측면충돌,신호위반,건조,맑음,교차로 - 교차로안,원동기,남,15세,부상신고,승용,남,54세,상해없음
2020110800100392,2020년 11월 8일 17시,일요일,경상북도 문경시 가은읍,중상사고,0,1,0,0,차량단독 - 공작물충돌,안전운전불이행,건조,맑음,교차로 - 교차로부근,승용,여,62세,상해없음,,,,
2020110800100393,2020년 11월 8일 17시,일요일,경상북도 영덕군 남정면,중상사고,0,3,0,0,차대차 - 추돌,안전운전불이행,건조,맑음,교차로 - 교차로부근,승용,여,31세,상해없음,승용,남,54세,중상
2020110800100394,2020년 11월 8일 17시,일요일,경상북도 울진군 울진읍,중상사고,0,1,0,0,차대차 - 측면충돌,교차로운행방법위반,건조,맑음,교차로 - 교차로안,화물,남,43세,상해없음,이륜,남,19세,중상
2020110800100395,2020년 11월 8일 17시,일요일,경상북도 고령군 다산면,중상사고,0,1,0,0,차대차 - 측면충돌,안전운전불이행,건조,맑음,기타 - 기타,이륜,여,64세,중상,화물,남,67세,상해없음
2020110800100435,2020년 11월 8일 18시,일요일,경상북도 안동시 옥동,중상사고,0,1,0,0,차대차 - 측면충돌,직진우회전진행방해,건조,맑음,교차로 - 교차로안,승용,남,35세,상해없음,이륜,남,40세,중상
2020110800100436,2020년 11월 8일 18시,일요일,경상북도 안동시 화성동,중상사고,0,1,0,0,차대사람 - 횡단중,보행자보호의무위반,건조,맑음,교차로 - 교차로횡단보도내,승용,남,60세,상해없음,보행자,남,79세,중상
2020110800100437,2020년 11월 8일 18시,일요일,경상북도 영천시 망정동,경상사고,0,0,1,0,차대차 - 측면충돌,신호위반,건조,맑음,교차로 - 교차로안,승용,남,46세,상해없음,이륜,남,40세,경상
2020110800100438,2020년 11월 8일 18시,일요일,경상북도 경산시 진량읍,경상사고,0,0,1,0,차대차 - 추돌,안전운전불이행,건조,맑음,교차로 - 교차로안,화물,남,71세,상해없음,화물,남,30세,경상
2020110800100439,2020년 11월 8일 18시,일요일,경상북도 울진군 북면,중상사고,0,1,0,0,차대사람 - 길가장자리구역통행중,안전운전불이행,건조,맑음,단일로 - 기타,화물,남,64세,상해없음,보행자,남,45세,중상
2020110800100440,2020년 11월 8일 18시,일요일,경상북도 군위군 효령면,경상사고,0,0,1,0,차대사람 - 횡단중,안전운전불이행,건조,맑음,단일로 - 기타,기타불명,기타불명,미분류,기타불명,보행자,남,66세,경상
2020110800100441,2020년 11월 8일 18시,일요일,경상북도 구미시 원평동,중상사고,0,1,0,0,차대차 - 정면충돌,중앙선침범,건조,맑음,단일로 - 고가도로위,승용,여,51세,상해없음,이륜,남,47세,중상
2020110800100509,2020년 11월 8일 20시,일요일,경상북도 구미시 형곡동,경상사고,0,0,1,0,차대차 - 정면충돌,중앙선침범,건조,맑음,교차로 - 교차로부근,승용,남,65세,상해없음,승용,여,61세,경상
2020110800100510,2020년 11월 8일 20시,일요일,경상북도 구미시 사곡동,경상사고,0,0,1,0,차대차 - 측면충돌,안전운전불이행,건조,맑음,교차로 - 교차로안,승용,여,27세,상해없음,이륜,남,19세,경상
2020110800100527,2020년 11월 8일 21시,일요일,경상북도 김천시 신음동,경상사고,0,0,1,0,차대차 - 측면충돌,안전운전불이행,건조,맑음,단일로 - 기타,이륜,남,17세,상해없음,승용,남,49세,상해없음
2020110800100547,2020년 11월 8일 22시,일요일,경상북도 영천시 망정동,경상사고,0,0,1,0,차대차 - 후진중충돌,안전운전불이행,건조,맑음,교차로 - 교차로부근,승용,남,57세,상해없음,승용,남,27세,경상
2020110800100559,2020년 11월 8일 23시,일요일,경상북도 청도군 청도읍,경상사고,0,0,1,0,차대차 - 측면충돌,안전운전불이행,건조,맑음,단일로 - 기타,화물,남,42세,상해없음,승용,남,26세,경상
2020110900100023,2020년 11월 9일 02시,월요일,경상북도 포항시 북구 죽도동,중상사고,0,1,0,0,차대차 - 측면충돌,안전운전불이행,건조,맑음,단일로 - 기타,승용,남,57세,상해없음,자전거,여,59세,중상
2020110900100024,2020년 11월 9일 02시,월요일,경상북도 영천시 문내동,경상사고,0,0,1,0,차대차 - 후진중충돌,안전운전불이행,건조,맑음,주차장 - 주차장,승용,남,48세,상해없음,승용,여,50세,경상
2020110900100049,2020년 11월 9일 06시,월요일,경상북도 경주시 내남면,중상사고,0,1,0,0,차대차 - 측면충돌,신호위반,건조,맑음,교차로 - 교차로횡단보도내,승용,남,31세,상해없음,자전거,남,21세,중상
2020110900100050,2020년 11월 9일 06시,월요일,경상북도 청도군 청도읍,경상사고,0,0,1,0,차대차 - 측면충돌,안전운전불이행,건조,맑음,단일로 - 지하차도(도로)내,승용,남,73세,상해없음,농기계,남,71세,경상
2020110900100075,2020년 11월 9일 07시,월요일,경상북도 안동시 풍산읍,중상사고,0,2,2,0,차대차 - 정면충돌,교차로운행방법위반,건조,맑음,교차로 - 교차로안,화물,남,60세,중상,승용,여,39세,경상
2020110900100114,2020년 11월 9일 08시,월요일,경상북도 경주시 서부동,경상사고,0,0,1,0,차대사람 - 횡단중,보행자보호의무위반,건조,맑음,교차로 - 교차로횡단보도내,승용,남,65세,상해없음,보행자,여,33세,경상
2020110900100115,2020년 11월 9일 08시,월요일,경상북도 안동시 태화동,경상사고,0,0,2,0,차대차 - 추돌,안전거리미확보,건조,맑음,단일로 - 교량,승용,남,72세,상해없음,승용,여,45세,경상
2020110900100116,2020년 11월 9일 08시,월요일,경상북도 경산시 사동,경상사고,0,0,1,0,차대사람 - 횡단중,보행자보호의무위반,건조,맑음,교차로 - 교차로횡단보도내,승용,여,39세,기타불명,보행자,여,64세,경상
2020110900100117,2020년 11월 9일 08시,월요일,경상북도 구미시 황상동,경상사고,0,0,4,0,차대차 - 추돌,안전운전불이행,건조,맑음,단일로 - 기타,승용,남,51세,상해없음,승용,남,44세,경상
2020110900100118,2020년 11월 9일 08시,월요일,경상북도 포항시 남구 대도동,중상사고,0,1,4,0,차대차 - 측면충돌,안전운전불이행,건조,맑음,교차로 - 교차로안,화물,남,64세,중상,승합,남,72세,경상
2020110900100119,2020년 11월 9일 08시,월요일,경상북도 포항시 남구 송도동,경상사고,0,0,2,2,차대차 - 기타,기타,건조,맑음,교차로 - 교차로안,화물,남,57세,부상신고,승용,여,31세,경상
2020110900100120,2020년 11월 9일 08시,월요일,경상북도 경주시 내남면,경상사고,0,0,1,0,차대차 - 기타,안전운전불이행,건조,맑음,단일로 - 기타,승용,남,66세,상해없음,승용,여,29세,경상
2020110900100162,2020년 11월 9일 09시,월요일,경상북도 경산시 중산동,중상사고,0,1,0,0,차대사람 - 기타,안전운전불이행,건조,맑음,단일로 - 기타,화물,남,40세,상해없음,보행자,남,66세,중상
2020110900100163,2020년 11월 9일 09시,월요일,경상북도 경산시 압량면,경상사고,0,0,1,0,차대차 - 측면충돌,중앙선침범,건조,맑음,단일로 - 지하차도(도로)내,승용,남,59세,상해없음,승용,여,33세,경상
2020110900100234,2020년 11월 9일 11시,월요일,경상북도 경주시 황오동,경상사고,0,0,1,0,차대차 - 측면충돌,안전운전불이행,건조,맑음,단일로 - 기타,승용,남,79세,상해없음,승용,여,69세,경상
2020110900100235,2020년 11월 9일 11시,월요일,경상북도 영주시 하망동,중상사고,0,1,0,0,차대차 - 기타,교차로운행방법위반,건조,맑음,교차로 - 교차로안,화물,남,52세,상해없음,자전거,여,63세,중상
2020110900100281,2020년 11월 9일 12시,월요일,경상북도 영주시 영주동,경상사고,0,0,1,0,차대차 - 기타,안전운전불이행,건조,맑음,단일로 - 기타,승용,여,56세,상해없음,승용,여,52세,경상
2020110900100282,2020년 11월 9일 12시,월요일,경상북도 문경시 문경읍,부상신고사고,0,0,0,1,차대차 - 측면충돌,직진우회전진행방해,건조,맑음,교차로 - 교차로안,승용,여,53세,부상신고,화물,남,76세,상해없음
2020110900100283,2020년 11월 9일 12시,월요일,경상북도 구미시 봉곡동,경상사고,0,0,2,0,차대차 - 측면충돌,교차로운행방법위반,건조,맑음,교차로 - 교차로안,승용,여,39세,경상,승용,여,46세,경상
2020110900100284,2020년 11월 9일 12시,월요일,경상북도 구미시 옥계동,경상사고,0,0,3,0,차대차 - 기타,신호위반,건조,맑음,교차로 - 교차로안,승용,여,38세,기타불명,승용,남,31세,경상
2020110900100322,2020년 11월 9일 13시,월요일,경상북도 상주시 신봉동,경상사고,0,0,2,0,차대차 - 추돌,안전운전불이행,건조,맑음,교차로 - 교차로부근,승용,여,74세,상해없음,승용,남,38세,경상
2020110900100323,2020년 11월 9일 13시,월요일,경상북도 영주시 가흥동,중상사고,0,2,0,0,차대차 - 추돌,안전운전불이행,젖음/습기,맑음,기타 - 기타,승용,남,81세,중상,건설기계,남,37세,중상
2020110900100324,2020년 11월 9일 13시,월요일,경상북도 구미시 구평동,경상사고,0,0,1,0,차대차 - 기타,신호위반,건조,맑음,교차로 - 교차로안,승용,남,62세,상해없음,승용,여,50세,경상
2020110900100352,2020년 11월 9일 14시,월요일,경상북도 경주시 외동읍,중상사고,0,1,0,0,차량단독 - 공작물충돌,안전운전불이행,건조,맑음,교차로 - 교차로안,화물,남,52세,중상,,,,
2020110900100353,2020년 11월 9일 14시,월요일,경상북도 경주시 서부동,경상사고,0,0,1,0,차대사람 - 길가장자리구역통행중,안전운전불이행,건조,맑음,단일로 - 기타,승용,남,75세,상해없음,보행자,남,64세,경상
2020110900100354,2020년 11월 9일 14시,월요일,경상북도 포항시 남구 구룡포읍,경상사고,0,0,1,0,차대차 - 측면충돌,안전거리미확보,건조,맑음,단일로 - 기타,승용,남,78세,상해없음,승용,남,41세,경상
2020110900100405,2020년 11월 9일 15시,월요일,경상북도 경주시 성건동,경상사고,0,0,1,1,차대차 - 측면충돌,안전운전불이행,건조,맑음,교차로 - 교차로부근,승용,남,46세,부상신고,승용,남,74세,상해없음
2020110900100406,2020년 11월 9일 15시,월요일,경상북도 의성군 봉양면,경상사고,0,0,1,0,차량단독 - 공작물충돌,안전운전불이행,건조,맑음,단일로 - 고가도로위,화물,남,62세,경상,,,,