사고번호,사고일시,요일,시군구,사고내용,사망자수,중상자수,경상자수,부상신고자수,사고유형,법규위반,노면상태,기상상태,도로형태,가해운전자 차종,가해운전자 성별,가해운전자 연령,가해운전자 상해정도,피해운전자 차종,피해운전자 성별,피해운전자 연령,피해운전자 상해정도
2020111100100709,2020년 11월 11일 21시,수요일,경상북도 구미시 황상동,경상사고,0,0,1,0,차대차 - 기타,안전거리미확보,건조,맑음,단일로 - 기타,승용,남,49세,상해없음,승용,남,54세,상해없음
2020111100100748,2020년 11월 11일 23시,수요일,경상북도 경산시 조영동,경상사고,0,0,5,0,차대차 - 측면충돌,신호위반,건조,맑음,교차로 - 교차로안,승용,남,59세,상해없음,승용,남,58세,경상
2020111200100053,2020년 11월 12일 05시,목요일,경상북도 김천시 율곡동,경상사고,0,0,1,0,차량단독 - 공작물충돌,안전운전불이행,건조,기타,교차로 - 교차로부근,승합,남,44세,경상,,,,
2020111200100072,2020년 11월 12일 06시,목요일,경상북도 상주시 공검면,경상사고,0,0,2,0,차대차 - 기타,안전거리미확보,건조,맑음,기타 - 기타,화물,남,50세,상해없음,승용,남,78세,경상
2020111200100073,2020년 11월 12일 06시,목요일,경상북도 영천시 야사동,경상사고,0,0,1,0,차대사람 - 길가장자리구역통행중,안전운전불이행,건조,맑음,단일로 - 기타,승용,남,56세,상해없음,보행자,남,45세,경상
2020111200100132,2020년 11월 12일 08시,목요일,경상북도 경산시 사동,경상사고,0,0,1,0,차대차 - 측면충돌,교차로운행방법위반,건조,맑음,교차로 - 교차로안,승용,남,27세,상해없음,승용,남,55세,경상
2020111200100133,2020년 11월 12일 08시,목요일,경상북도 포항시 남구 송도동,경상사고,0,0,1,0,차대차 - 기타,교차로운행방법위반,건조,맑음,교차로 - 교차로안,이륜,남,70세,경상,승용,여,70세,상해없음
2020111200100176,2020년 11월 12일 09시,목요일,경상북도 경산시 진량읍,경상사고,0,0,1,0,차대차 - 추돌,안전운전불이행,건조,맑음,단일로 - 기타,승용,남,67세,상해없음,화물,남,49세,경상
2020111200100227,2020년 11월 12일 11시,목요일,경상북도 경주시 양남면,중상사고,0,1,0,2,차대차 - 기타,안전운전불이행,건조,맑음,단일로 - 지하차도(도로)내,화물,남,51세,상해없음,화물,남,54세,상해없음
2020111200100228,2020년 11월 12일 11시,목요일,경상북도 경주시 강동면,경상사고,0,0,1,0,차대사람 - 차도통행중,안전운전불이행,건조,맑음,단일로 - 터널,승용,남,79세,상해없음,보행자,남,45세,경상
2020111200100265,2020년 11월 12일 12시,목요일,경상북도 경주시 사정동,경상사고,0,0,1,0,차대사람 - 차도통행중,안전운전불이행,건조,맑음,단일로 - 지하차도(도로)내,승용,남,67세,상해없음,보행자,여,78세,경상
2020111200100302,2020년 11월 12일 13시,목요일,경상북도 포항시 북구 대흥동,경상사고,0,0,2,0,차대차 - 기타,안전운전불이행,건조,맑음,단일로 - 기타,승용,여,59세,상해없음,화물,남,36세,경상
2020111200100303,2020년 11월 12일 13시,목요일,경상북도 칠곡군 석적읍,경상사고,0,0,1,0,차대사람 - 횡단중,안전운전불이행,건조,맑음,단일로 - 기타,승용,남,72세,상해없음,보행자,남,10세,경상
2020111200100336,2020년 11월 12일 14시,목요일,경상북도 포항시 북구 죽도동,경상사고,0,0,1,0,차대차 - 기타,안전운전불이행,건조,맑음,단일로 - 기타,승용,남,66세,상해없음,승용,남,65세,상해없음
2020111200100379,2020년 11월 12일 15시,목요일,경상북도 칠곡군 석적읍,중상사고,0,1,0,0,차대사람 - 횡단중,안전운전불이행,건조,맑음,단일로 - 기타,승용,남,41세,상해없음,보행자,남,8세,중상
2020111200100380,2020년 11월 12일 15시,목요일,경상북도 예천군 호명면,중상사고,0,2,1,0,차대차 - 측면충돌,신호위반,건조,맑음,교차로 - 교차로안,승용,여,52세,경상,승용,남,40세,중상
2020111200100381,2020년 11월 12일 15시,목요일,경상북도 봉화군 봉화읍,경상사고,0,0,1,0,차대차 - 기타,안전운전불이행,건조,맑음,기타 - 기타,이륜,남,71세,경상,승용,남,50세,상해없음
2020111200100382,2020년 11월 12일 15시,목요일,경상북도 울진군 북면,경상사고,0,0,1,0,차대사람 - 기타,안전운전불이행,건조,맑음,기타 - 기타,승합,남,63세,상해없음,보행자,여,59세,경상
2020111200100383,2020년 11월 12일 15시,목요일,경상북도 구미시 도량동,중상사고,0,1,0,0,차대차 - 측면충돌,안전운전불이행,건조,맑음,단일로 - 기타,승용,남,69세,상해없음,이륜,남,28세,중상
2020111200100418,2020년 11월 12일 16시,목요일,경상북도 포항시 북구 장성동,경상사고,0,0,1,0,차량단독 - 기타,기타,건조,맑음,단일로 - 기타,승합,남,51세,상해없음,,,,
2020111200100419,2020년 11월 12일 16시,목요일,경상북도 포항시 북구 흥해읍,부상신고사고,0,0,0,1,차대차 - 측면충돌,안전운전불이행,건조,맑음,교차로 - 교차로안,자전거,남,7세,부상신고,승용,남,38세,상해없음
2020111200100460,2020년 11월 12일 17시,목요일,경상북도 포항시 북구 죽도동,경상사고,0,0,1,0,차대차 - 후진중충돌,안전운전불이행,건조,맑음,단일로 - 기타,화물,여,74세,상해없음,이륜,남,36세,경상
2020111200100461,2020년 11월 12일 17시,목요일,경상북도 영천시 도동,경상사고,0,0,2,0,차대차 - 추돌,안전거리미확보,건조,맑음,교차로 - 교차로부근,화물,남,71세,상해없음,승용,여,50세,경상
2020111200100462,2020년 11월 12일 17시,목요일,경상북도 경산시 옥산동,중상사고,0,1,0,0,차대사람 - 기타,안전운전불이행,건조,맑음,단일로 - 기타,승용,남,65세,상해없음,보행자,여,83세,중상
2020111200100463,2020년 11월 12일 17시,목요일,경상북도 경산시 사동,경상사고,0,0,1,0,차대차 - 측면충돌,안전운전불이행,건조,맑음,단일로 - 기타,승용,남,66세,상해없음,자전거,남,10세,경상
2020111200100464,2020년 11월 12일 17시,목요일,경상북도 영덕군 남정면,사망사고,1,0,0,0,차대사람 - 기타,안전운전불이행,건조,맑음,교차로 - 교차로안,승용,남,45세,상해없음,보행자,여,54세,사망
2020111200100465,2020년 11월 12일 17시,목요일,경상북도 구미시 선산읍,경상사고,0,0,2,0,차대차 - 추돌,안전운전불이행,건조,맑음,단일로 - 기타,승용,여,24세,상해없음,승용,여,64세,경상
2020111200100531,2020년 11월 12일 18시,목요일,경상북도 포항시 북구 양덕동,경상사고,0,0,3,0,차대차 - 측면충돌,교차로운행방법위반,건조,맑음,교차로 - 교차로안,승용,남,65세,기타불명,승용,남,27세,경상
2020111200100532,2020년 11월 12일 18시,목요일,경상북도 상주시 남성동,경상사고,0,0,1,0,차대차 - 측면충돌,안전운전불이행,건조,맑음,단일로 - 기타,승용,남,43세,상해없음,자전거,여,57세,경상
2020111200100533,2020년 11월 12일 18시,목요일,경상북도 영주시 영주동,경상사고,0,0,3,0,차대차 - 정면충돌,안전운전불이행,건조,맑음,교차로 - 교차로안,승용,남,65세,상해없음,승용,여,35세,경상
2020111200100534,2020년 11월 12일 18시,목요일,경상북도 영천시 금호읍,경상사고,0,0,1,0,차대차 - 측면충돌,안전운전불이행,건조,맑음,단일로 - 기타,승용,남,43세,상해없음,승용,여,45세,경상
2020111200100535,2020년 11월 12일 18시,목요일,경상북도 청도군 이서면,중상사고,0,3,0,0,차대차 - 측면충돌,안전운전불이행,건조,흐림,단일로 - 기타,승용,남,53세,상해없음,승용,남,67세,중상
2020111200100536,2020년 11월 12일 18시,목요일,경상북도 구미시 도량동,경상사고,0,0,1,0,차대차 - 측면충돌,안전운전불이행,건조,맑음,단일로 - 기타,승용,남,59세,상해없음,이륜,남,24세,경상
2020111200100537,2020년 11월 12일 18시,목요일,경상북도 포항시 남구 연일읍,사망사고,1,0,0,0,차대차 - 추돌,안전운전불이행,건조,맑음,단일로 - 교량,화물,남,67세,상해없음,자전거,남,60세,사망
2020111200100595,2020년 11월 12일 19시,목요일,경상북도 경주시 황성동,중상사고,0,1,0,0,차대차 - 측면충돌,안전운전불이행,건조,맑음,단일로 - 기타,승용,여,47세,상해없음,승용,여,49세,중상
2020111200100597,2020년 11월 12일 19시,목요일,경상북도 경산시 진량읍,중상사고,0,1,0,0,차대차 - 측면충돌,신호위반,건조,맑음,교차로 - 교차로안,화물,여,59세,상해없음,이륜,남,16세,중상
2020111200100649,2020년 11월 12일 21시,목요일,경상북도 김천시 삼락동,경상사고,0,0,1,0,차대차 - 측면충돌,신호위반,건조,맑음,교차로 - 교차로안,승용,남,28세,상해없음,승용,남,35세,경상
2020111300100010,2020년 11월 13일 00시,금요일,경상북도 영천시 야사동,중상사고,0,2,0,0,차대차 - 추돌,안전운전불이행,건조,맑음,단일로 - 기타,승용,남,52세,상해없음,승용,남,34세,중상
2020111300100038,2020년 11월 13일 04시,금요일,경상북도 칠곡군 왜관읍,경상사고,0,0,2,0,차대차 - 측면충돌,안전운전불이행,건조,맑음,단일로 - 기타,건설기계,남,46세,경상,화물,남,65세,경상
2020111300100084,2020년 11월 13일 07시,금요일,경상북도 칠곡군 석적읍,부상신고사고,0,0,0,1,차대차 - 측면충돌,안전운전불이행,건조,맑음,교차로 - 교차로안,자전거,남,8세,부상신고,승용,남,31세,상해없음
2020111300100085,2020년 11월 13일 07시,금요일,경상북도 포항시 남구 호미곶면,경상사고,0,0,1,0,차대차 - 정면충돌,교차로운행방법위반,건조,맑음,교차로 - 교차로안,승용,남,61세,상해없음,승용,여,52세,경상
2020111300100119,2020년 11월 13일 08시,금요일,경상북도 경주시 동천동,중상사고,0,1,0,0,차량단독 - 전도전복 - 전도,안전운전불이행,건조,맑음,단일로 - 기타,승용,여,22세,중상,,,,
2020111300100120,2020년 11월 13일 08시,금요일,경상북도 경주시 진현동,부상신고사고,0,0,0,1,차대차 - 측면충돌,안전운전불이행,건조,맑음,교차로 - 교차로안,승용,남,22세,상해없음,승용,남,50세,부상신고
2020111300100161,2020년 11월 13일 09시,금요일,경상북도 경산시 중방동,중상사고,0,1,0,0,차대사람 - 횡단중,보행자보호의무위반,건조,맑음,단일로 - 기타,승용,남,62세,상해없음,보행자,여,89세,중상
2020111300100162,2020년 11월 13일 09시,금요일,경상북도 구미시 도량동,경상사고,0,0,1,0,차대차 - 기타,안전운전불이행,건조,맑음,단일로 - 기타,승용,여,39세,상해없음,승용,남,53세,경상
2020111300100192,2020년 11월 13일 10시,금요일,경상북도 의성군 안사면,중상사고,0,1,0,0,차대차 - 측면충돌,안전운전불이행,건조,맑음,교차로 - 교차로안,이륜,여,68세,중상,승용,남,76세,상해없음
2020111300100194,2020년 11월 13일 10시,금요일,경상북도 칠곡군 약목면,부상신고사고,0,0,0,1,차대차 - 추돌,안전운전불이행,건조,맑음,교차로 - 교차로부근,승용,여,48세,부상신고,화물,남,52세,상해없음
2020111300100195,2020년 11월 13일 10시,금요일,경상북도 포항시 남구 구룡포읍,중상사고,0,1,0,0,차대차 - 측면충돌,직진우회전진행방해,건조,맑음,교차로 - 교차로안,승용,남,67세,상해없음,건설기계,남,61세,중상
2020111300100224,2020년 11월 13일 11시,금요일,경상북도 포항시 남구 상도동,경상사고,0,0,3,0,차대차 - 추돌,안전거리미확보,건조,맑음,교차로 - 교차로부근,승합,여,35세,상해없음,승용,여,31세,경상
2020111300100251,2020년 11월 13일 12시,금요일,경상북도 경산시 와촌면,부상신고사고,0,0,0,1,차대차 - 측면충돌,안전운전불이행,건조,맑음,기타 - 기타,화물,남,51세,기타불명,승합,남,54세,부상신고
2020111300100288,2020년 11월 13일 13시,금요일,경상북도 영주시 봉현면,경상사고,0,0,1,0,차대차 - 정면충돌,교차로운행방법위반,건조,맑음,교차로 - 교차로안,승용,남,45세,상해없음,이륜,남,53세,경상
2020111300100289,2020년 11월 13일 13시,금요일,경상북도 영천시 화산면,경상사고,0,0,1,0,차대차 - 측면충돌,안전운전불이행,건조,맑음,단일로 - 기타,화물,여,56세,상해없음,자전거,남,86세,경상
2020111300100309,2020년 11월 13일 14시,금요일,경상북도 포항시 북구 대흥동,경상사고,0,0,2,0,차대차 - 추돌,안전거리미확보,건조,맑음,단일로 - 기타,화물,남,58세,상해없음,승용,여,60세,경상
2020111300100310,2020년 11월 13일 14시,금요일,경상북도 안동시 목성동,경상사고,0,0,5,0,차대차 - 측면충돌,기타,건조,맑음,단일로 - 기타,승용,여,37세,경상,승용,여,50세,경상
2020111300100311,2020년 11월 13일 14시,금요일,경상북도 칠곡군 왜관읍,경상사고,0,0,1,0,차대차 - 기타,안전운전불이행,건조,맑음,교차로 - 교차로안,화물,여,61세,상해없음,승용,여,59세,경상
2020111300100345,2020년 11월 13일 15시,금요일,경상북도 안동시 용상동,경상사고,0,0,1,0,차대차 - 정면충돌,안전운전불이행,건조,맑음,교차로 - 교차로안,자전거,남,11세,경상,승용,남,60세,상해없음
2020111300100346,2020년 11월 13일 15시,금요일,경상북도 포항시 남구 상도동,경상사고,0,0,1,0,차대차 - 측면충돌,안전운전불이행,건조,맑음,교차로 - 교차로부근,이륜,남,25세,경상,승용,남,43세,상해없음
2020111300100388,2020년 11월 13일 16시,금요일,경상북도 포항시 북구 흥해읍,경상사고,0,0,1,0,차대차 - 추돌,안전거리미확보,건조,맑음,단일로 - 기타,건설기계,남,47세,상해없음,승용,여,63세,경상
2020111300100389,2020년 11월 13일 16시,금요일,경상북도 안동시 옥동,경상사고,0,0,2,0,차대차 - 측면충돌,안전운전불이행,건조,맑음,단일로 - 기타,승용,여,37세,상해없음,승합,여,55세,경상
2020111300100390,2020년 11월 13일 16시,금요일,경상북도 영천시 망정동,경상사고,0,0,1,0,차대차 - 측면충돌,교차로운행방법위반,건조,맑음,교차로 - 교차로부근,승용,남,61세,상해없음,승용,여,43세,경상
2020111300100432,2020년 11월 13일 17시,금요일,경상북도 칠곡군 석적읍,경상사고,0,0,1,0,차대차 - 정면충돌,교차로운행방법위반,건조,맑음,교차로 - 교차로안,승용,여,31세,상해없음,원동기,남,19세,경상
2020111300100433,2020년 11월 13일 17시,금요일,경상북도 구미시 진평동,경상사고,0,0,1,0,차대차 - 기타,안전운전불이행,건조,맑음,교차로 - 교차로부근,승용,남,37세,상해없음,승용,남,24세,경상
2020111300100434,2020년 11월 13일 17시,금요일,경상북도 포항시 남구 오천읍,중상사고,0,1,2,0,차대차 - 기타,직진우회전진행방해,건조,맑음,교차로 - 교차로안,승용,남,30세,경상,승용,여,61세,중상
2020111300100435,2020년 11월 13일 17시,금요일,경상북도 포항시 남구 대송면,경상사고,0,0,1,1,차대차 - 추돌,안전운전불이행,건조,맑음,단일로 - 기타,승용,남,43세,상해없음,승용,남,36세,경상
2020111300100500,2020년 11월 13일 18시,금요일,경상북도 경주시 외동읍,중상사고,0,1,1,0,차대차 - 측면충돌,신호위반,건조,맑음,교차로 - 교차로안,승용,남,37세,중상,승용,남,28세,경상
2020111300100501,2020년 11월 13일 18시,금요일,경상북도 경산시 중방동,중상사고,0,1,0,0,차대사람 - 차도통행중,안전운전불이행,건조,맑음,단일로 - 기타,승합,남,59세,상해없음,보행자,여,74세,중상
2020111300100502,2020년 11월 13일 18시,금요일,경상북도 고령군 대가야읍,경상사고,0,0,1,0,차대차 - 측면충돌,불법유턴,건조,맑음,단일로 - 기타,화물,남,63세,상해없음,화물,남,68세,경상
2020111300100503,2020년 11월 13일 18시,금요일,경상북도 포항시 남구 오천읍,중상사고,0,1,1,0,차대차 - 기타,신호위반,건조,맑음,교차로 - 교차로안,이륜,남,17세,중상,승용,남,41세,경상
2020111300100593,2020년 11월 13일 20시,금요일,경상북도 영천시 임고면,경상사고,0,0,1,0,차대차 - 측면충돌,신호위반,건조,맑음,교차로 - 교차로안,승용,남,64세,상해없음,승용,남,38세,경상
2020111300100660,2020년 11월 13일 22시,금요일,경상북도 김천시 농소면,중상사고,0,1,0,0,차량단독 - 도로외이탈 - 추락,안전운전불이행,건조,맑음,단일로 - 기타,승용,남,34세,중상,,,,
2020111300100678,2020년 11월 13일 23시,금요일,경상북도 경주시 안강읍,부상신고사고,0,0,0,1,차량단독 - 공작물충돌,안전운전불이행,건조,맑음,교차로 - 교차로부근,승용,남,51세,부상신고,,,,
2020111400100034,2020년 11월 14일 01시,토요일,경상북도 문경시 모전동,경상사고,0,0,1,0,차대사람 - 기타,안전운전불이행,건조,맑음,단일로 - 기타,승용,남,26세,상해없음,보행자,남,37세,경상
2020111400100045,2020년 11월 14일 02시,토요일,경상북도 상주시 가장동,경상사고,0,0,2,0,차대차 - 측면충돌,안전운전불이행,건조,맑음,단일로 - 기타,승용,남,30세,경상,승용,남,51세,경상
2020111400100098,2020년 11월 14일 06시,토요일,경상북도 포항시 남구 대도동,사망사고,1,0,0,0,차대사람 - 차도통행중,안전운전불이행,건조,맑음,단일로 - 기타,승용,남,30세,상해없음,보행자,여,76세,사망
2020111400100150,2020년 11월 14일 09시,토요일,경상북도 영주시 가흥동,경상사고,0,0,1,0,차대차 - 정면충돌,안전운전불이행,건조,맑음,교차로 - 교차로안,승용,남,59세,상해없음,승용,남,45세,경상
2020111400100151,2020년 11월 14일 09시,토요일,경상북도 청도군 이서면,경상사고,0,0,1,0,차대차 - 측면충돌,안전운전불이행,건조,맑음,교차로 - 교차로부근,승용,여,77세,상해없음,승용,여,44세,경상
2020111400100184,2020년 11월 14일 10시,토요일,경상북도 포항시 북구 장성동,중상사고,0,1,0,0,차대차 - 기타,안전운전불이행,건조,맑음,단일로 - 기타,승용,여,52세,상해없음,자전거,남,11세,중상
2020111400100185,2020년 11월 14일 10시,토요일,경상북도 상주시 화북면,경상사고,0,0,1,0,차대차 - 측면충돌,안전운전불이행,건조,맑음,단일로 - 기타,농기계,남,44세,상해없음,승용,여,62세,경상
2020111400100186,2020년 11월 14일 10시,토요일,경상북도 문경시 산양면,중상사고,0,1,0,0,차대차 - 측면충돌,안전운전불이행,건조,맑음,교차로 - 교차로안,승용,남,47세,상해없음,이륜,여,72세,중상
2020111400100223,2020년 11월 14일 11시,토요일,경상북도 청도군 운문면,경상사고,0,0,2,0,차대차 - 측면충돌,교차로운행방법위반,건조,맑음,교차로 - 교차로안,화물,남,60세,상해없음,승용,남,74세,상해없음
2020111400100224,2020년 11월 14일 11시,토요일,경상북도 포항시 남구 송도동,경상사고,0,0,4,0,차대차 - 정면충돌,중앙선침범,건조,맑음,단일로 - 기타,승용,여,37세,경상,승용,남,47세,경상
2020111400100265,2020년 11월 14일 12시,토요일,경상북도 경주시 황오동,중상사고,0,1,0,0,차대차 - 측면충돌,안전운전불이행,건조,맑음,단일로 - 기타,승용,남,24세,상해없음,이륜,남,75세,중상
2020111400100266,2020년 11월 14일 12시,토요일,경상북도 구미시 황상동,중상사고,0,1,0,0,차대차 - 측면충돌,안전운전불이행,건조,맑음,단일로 - 기타,승용,남,52세,상해없음,자전거,남,14세,중상
2020111400100302,2020년 11월 14일 13시,토요일,경상북도 성주군 금수면,경상사고,0,0,1,0,차대차 - 정면충돌,기타,건조,맑음,단일로 - 기타,승용,남,50세,상해없음,승용,여,28세,상해없음
2020111400100303,2020년 11월 14일 13시,토요일,경상북도 포항시 남구 연일읍,경상사고,0,0,1,0,차대차 - 기타,안전거리미확보,건조,맑음,교차로 - 교차로안,승용,남,56세,상해없음,화물,남,50세,경상
2020111400100337,2020년 11월 14일 14시,토요일,경상북도 경주시 안강읍,경상사고,0,0,1,0,차대사람 - 차도통행중,안전운전불이행,건조,맑음,교차로 - 교차로부근,승용,남,39세,상해없음,보행자,여,73세,경상
2020111400100338,2020년 11월 14일 14시,토요일,경상북도 영주시 단산면,경상사고,0,0,1,0,차대차 - 측면충돌,안전운전불이행,건조,맑음,교차로 - 교차로안,승용,남,25세,상해없음,화물,여,60세,경상
2020111400100339,2020년 11월 14일 14시,토요일,경상북도 칠곡군 지천면,중상사고,0,1,0,0,차대사람 - 차도통행중,안전운전불이행,건조,맑음,단일로 - 기타,화물,남,62세,상해없음,보행자,여,78세,중상
2020111400100340,2020년 11월 14일 14시,토요일,경상북도 문경시 모전동,경상사고,0,0,2,0,차대사람 - 횡단중,안전운전불이행,건조,맑음,단일로 - 기타,이륜,남,46세,경상,보행자,여,7세,경상
2020111400100341,2020년 11월 14일 14시,토요일,경상북도 포항시 남구 대도동,경상사고,0,0,2,0,차대차 - 기타,신호위반,건조,맑음,교차로 - 교차로안,원동기,남,29세,경상,승용,남,32세,경상
2020111400100380,2020년 11월 14일 15시,토요일,경상북도 경주시 성건동,경상사고,0,0,1,0,차대차 - 측면충돌,중앙선침범,건조,맑음,단일로 - 기타,자전거,여,69세,경상,승용,여,25세,상해없음
2020111400100381,2020년 11월 14일 15시,토요일,경상북도 영천시 언하동,경상사고,0,0,2,0,차대차 - 측면충돌,신호위반,건조,맑음,교차로 - 교차로안,승용,여,57세,경상,승용,남,43세,경상
2020111400100382,2020년 11월 14일 15시,토요일,경상북도 영천시 임고면,중상사고,0,1,0,0,차량단독 - 도로외이탈 - 추락,안전운전불이행,건조,맑음,단일로 - 기타,승용,여,54세,중상,,,,
2020111400100383,2020년 11월 14일 15시,토요일,경상북도 성주군 용암면,경상사고,0,0,4,0,차대차 - 측면충돌,중앙선침범,건조,맑음,단일로 - 기타,화물,남,41세,상해없음,승용,남,38세,경상
2020111400100384,2020년 11월 14일 15시,토요일,경상북도 구미시 송정동,경상사고,0,0,1,0,차대사람 - 기타,보행자보호의무위반,건조,맑음,단일로 - 기타,승용,남,49세,상해없음,보행자,여,8세,경상
2020111400100424,2020년 11월 14일 16시,토요일,경상북도 안동시 상아동,부상신고사고,0,0,0,1,차대차 - 기타,안전운전불이행,건조,맑음,단일로 - 기타,자전거,남,45세,부상신고,승용,남,42세,상해없음
2020111400100425,2020년 11월 14일 16시,토요일,경상북도 김천시 아포읍,경상사고,0,0,1,0,차대사람 - 차도통행중,안전운전불이행,건조,맑음,교차로 - 교차로부근,승용,여,61세,상해없음,보행자,남,38세,경상
2020111400100426,2020년 11월 14일 16시,토요일,경상북도 칠곡군 왜관읍,경상사고,0,0,1,0,차대차 - 측면충돌,직진우회전진행방해,건조,맑음,교차로 - 교차로안,승용,여,56세,상해없음,이륜,남,38세,경상
2020111400100427,2020년 11월 14일 16시,토요일,경상북도 칠곡군 석적읍,경상사고,0,0,1,0,차대차 - 측면충돌,안전운전불이행,건조,맑음,단일로 - 기타,승용,여,32세,상해없음,승용,남,53세,기타불명
2020111400100428,2020년 11월 14일 16시,토요일,경상북도 경산시 사동,경상사고,0,0,2,0,차대차 - 측면충돌,안전운전불이행,건조,맑음,단일로 - 기타,승용,여,55세,상해없음,승용,남,45세,기타불명
2020111400100429,2020년 11월 14일 16시,토요일,경상북도 경산시 하양읍,중상사고,0,1,0,0,차대차 - 추돌,안전거리미확보,건조,맑음,단일로 - 기타,이륜,남,79세,중상,승용,여,68세,상해없음
2020111400100466,2020년 11월 14일 17시,토요일,경상북도 영천시 금호읍,경상사고,0,0,6,0,차대차 - 측면충돌,차로위반,건조,맑음,단일로 - 기타,승용,여,74세,경상,승용,여,33세,경상
2020111400100513,2020년 11월 14일 18시,토요일,경상북도 김천시 아포읍,경상사고,0,0,2,0,차대차 - 추돌,안전운전불이행,건조,맑음,단일로 - 기타,승용,남,65세,경상,건설기계,남,25세,경상
2020111400100514,2020년 11월 14일 18시,토요일,경상북도 봉화군 봉성면,경상사고,0,0,3,0,차대차 - 측면충돌,기타,건조,맑음,교차로 - 교차로안,화물,남,59세,상해없음,승용,여,50세,경상
2020111400100515,2020년 11월 14일 18시,토요일,경상북도 성주군 벽진면,중상사고,0,1,0,0,차대사람 - 횡단중,안전운전불이행,건조,맑음,기타 - 기타,이륜,남,31세,상해없음,보행자,남,8세,중상
2020111400100555,2020년 11월 14일 19시,토요일,경상북도 의성군 의성읍,중상사고,0,1,0,0,차대차 - 측면충돌,안전운전불이행,건조,맑음,교차로 - 교차로부근,승용,남,39세,상해없음,승용,남,53세,중상
2020111400100556,2020년 11월 14일 19시,토요일,경상북도 칠곡군 가산면,경상사고,0,0,1,0,차대차 - 측면충돌,안전운전불이행,건조,흐림,단일로 - 기타,이륜,남,15세,상해없음,승용,여,55세,경상
2020111400100581,2020년 11월 14일 20시,토요일,경상북도 포항시 북구 두호동,중상사고,0,1,0,0,차대차 - 기타,안전운전불이행,건조,맑음,교차로 - 교차로안,승용,남,39세,상해없음,승용,남,28세,중상
2020111400100607,2020년 11월 14일 21시,토요일,경상북도 구미시 인의동,경상사고,0,0,1,0,차대사람 - 횡단중,안전운전불이행,건조,맑음,단일로 - 기타,승용,여,43세,상해없음,보행자,여,49세,경상
2020111400100620,2020년 11월 14일 22시,토요일,경상북도 안동시 안기동,경상사고,0,0,1,0,차대사람 - 길가장자리구역통행중,안전운전불이행,건조,맑음,단일로 - 기타,승용,남,51세,상해없음,보행자,남,50세,경상
2020111400100621,2020년 11월 14일 22시,토요일,경상북도 경산시 옥산동,경상사고,0,0,1,0,차대차 - 측면충돌,안전거리미확보,건조,맑음,교차로 - 교차로부근,승용,여,46세,경상,승용,남,53세,상해없음
2020111500100017,2020년 11월 15일 02시,일요일,경상북도 경산시 중방동,중상사고,0,1,2,0,차대차 - 후진중충돌,안전운전불이행,기타,맑음,단일로 - 기타,승용,남,26세,상해없음,승용,남,60세,경상
2020111500100023,2020년 11월 15일 03시,일요일,경상북도 경주시 동천동,경상사고,0,0,2,0,차대차 - 측면충돌,안전운전불이행,건조,맑음,단일로 - 기타,승용,남,47세,상해없음,승용,남,57세,경상
2020111500100024,2020년 11월 15일 03시,일요일,경상북도 포항시 북구 흥해읍,경상사고,0,0,1,0,차대차 - 측면충돌,안전운전불이행,건조,맑음,단일로 - 기타,승용,남,55세,경상,승용,남,24세,상해없음
2020111500100025,2020년 11월 15일 03시,일요일,경상북도 경산시 백천동,부상신고사고,0,0,0,1,차대사람 - 기타,안전운전불이행,건조,맑음,단일로 - 기타,승용,남,67세,상해없음,보행자,남,22세,부상신고
2020111500100039,2020년 11월 15일 05시,일요일,경상북도 영천시 오수동,경상사고,0,0,2,0,차대차 - 추돌,안전운전불이행,건조,맑음,단일로 - 기타,승용,남,70세,상해없음,승합,남,65세,경상
2020111500100061,2020년 11월 15일 08시,일요일,경상북도 안동시 풍천면,중상사고,0,1,0,0,차대차 - 측면충돌,신호위반,건조,맑음,교차로 - 교차로안,승용,남,79세,상해없음,승용,남,70세,중상
2020111500100080,2020년 11월 15일 09시,일요일,경상북도 구미시 송정동,중상사고,0,1,2,0,차대차 - 기타,안전운전불이행,건조,맑음,교차로 - 교차로안,승용,여,54세,경상,승용,남,62세,중상
2020111500100100,2020년 11월 15일 10시,일요일,경상북도 의성군 가음면,경상사고,0,0,1,0,차대차 - 측면충돌,안전운전불이행,건조,맑음,교차로 - 교차로부근,화물,남,79세,상해없음,승용,남,56세,경상
2020111500100101,2020년 11월 15일 10시,일요일,경상북도 포항시 남구 대잠동,경상사고,0,0,1,0,차대차 - 기타,안전거리미확보,건조,맑음,교차로 - 교차로부근,승용,남,69세,기타불명,승용,남,32세,경상
2020111500100121,2020년 11월 15일 11시,일요일,경상북도 포항시 남구 호미곶면,중상사고,0,1,1,0,차대차 - 측면충돌,중앙선침범,건조,맑음,단일로 - 기타,이륜,남,39세,중상,승합,남,62세,상해없음
2020111500100213,2020년 11월 15일 14시,일요일,경상북도 안동시 풍산읍,경상사고,0,0,1,0,차대차 - 측면충돌,안전운전불이행,건조,맑음,단일로 - 기타,승용,남,57세,상해없음,화물,남,55세,경상