사고번호,사고일시,요일,시군구,사고내용,사망자수,중상자수,경상자수,부상신고자수,사고유형,법규위반,노면상태,기상상태,도로형태,가해운전자 차종,가해운전자 성별,가해운전자 연령,가해운전자 상해정도,피해운전자 차종,피해운전자 성별,피해운전자 연령,피해운전자 상해정도
2020111500100214,2020년 11월 15일 14시,일요일,경상북도 문경시 동로면,경상사고,0,0,1,0,차대차 - 측면충돌,중앙선침범,건조,맑음,단일로 - 기타,이륜,남,27세,경상,승용,남,70세,상해없음
2020111500100215,2020년 11월 15일 14시,일요일,경상북도 문경시 모전동,경상사고,0,0,2,0,차대차 - 측면충돌,기타,건조,맑음,교차로 - 교차로안,승용,남,23세,상해없음,승용,여,24세,경상
2020111500100216,2020년 11월 15일 14시,일요일,경상북도 구미시 형곡동,경상사고,0,0,2,1,차대차 - 측면충돌,교차로운행방법위반,건조,맑음,교차로 - 교차로안,승용,여,49세,부상신고,승용,남,51세,경상
2020111500100243,2020년 11월 15일 15시,일요일,경상북도 안동시 동부동,경상사고,0,0,1,2,차대차 - 측면충돌,직진우회전진행방해,건조,맑음,교차로 - 교차로안,이륜,남,28세,경상,승용,여,37세,부상신고
2020111500100244,2020년 11월 15일 15시,일요일,경상북도 문경시 농암면,경상사고,0,0,3,0,차대차 - 정면충돌,중앙선침범,건조,맑음,교차로 - 교차로안,승용,여,36세,경상,승용,남,35세,경상
2020111500100281,2020년 11월 15일 16시,일요일,경상북도 칠곡군 왜관읍,경상사고,0,0,1,0,차량단독 - 공작물충돌,안전운전불이행,건조,맑음,교차로 - 교차로안,승용,남,55세,경상,,,,
2020111500100303,2020년 11월 15일 17시,일요일,경상북도 영주시 부석면,중상사고,0,1,0,0,차대차 - 추돌,과속,건조,맑음,단일로 - 기타,승용,남,62세,상해없음,농기계,남,73세,중상
2020111500100304,2020년 11월 15일 17시,일요일,경상북도 구미시 송정동,경상사고,0,0,6,0,차대차 - 기타,안전거리미확보,건조,맑음,단일로 - 기타,승용,남,52세,상해없음,승용,남,48세,경상
2020111500100305,2020년 11월 15일 17시,일요일,경상북도 포항시 남구 상도동,경상사고,0,0,1,0,차대사람 - 보도통행중,안전운전불이행,건조,맑음,주차장 - 주차장,승용,남,28세,상해없음,보행자,남,77세,경상
2020111500100349,2020년 11월 15일 18시,일요일,경상북도 경주시 인왕동,중상사고,0,1,0,0,차대사람 - 횡단중,안전운전불이행,건조,맑음,교차로 - 교차로안,승용,남,40세,상해없음,보행자,여,62세,중상
2020111500100350,2020년 11월 15일 18시,일요일,경상북도 포항시 북구 죽도동,경상사고,0,0,1,0,차대사람 - 횡단중,안전운전불이행,건조,맑음,교차로 - 교차로부근,승용,남,58세,상해없음,보행자,남,39세,경상
2020111500100422,2020년 11월 15일 20시,일요일,경상북도 칠곡군 북삼읍,경상사고,0,0,1,0,차대차 - 추돌,안전운전불이행,건조,기타,단일로 - 기타,이륜,남,39세,상해없음,승용,여,30세,경상
2020111500100423,2020년 11월 15일 20시,일요일,경상북도 영천시 망정동,경상사고,0,0,1,0,차대차 - 측면충돌,안전운전불이행,건조,맑음,단일로 - 기타,승용,여,31세,상해없음,승용,남,38세,경상
2020111500100452,2020년 11월 15일 22시,일요일,경상북도 구미시 고아읍,경상사고,0,0,1,0,차량단독 - 기타,안전운전불이행,건조,맑음,단일로 - 기타,승용,남,52세,상해없음,,,,
2020111500100469,2020년 11월 15일 23시,일요일,경상북도 칠곡군 약목면,경상사고,0,0,2,0,차대차 - 측면충돌,안전운전불이행,건조,맑음,단일로 - 기타,화물,남,50세,경상,승용,남,49세,경상
2020111600100005,2020년 11월 16일 00시,월요일,경상북도 포항시 북구 동빈1가,경상사고,0,0,1,0,차대차 - 추돌,안전운전불이행,건조,맑음,단일로 - 기타,승용,기타불명,미분류,기타불명,승용,남,23세,경상
2020111600100015,2020년 11월 16일 03시,월요일,경상북도 구미시 지산동,부상신고사고,0,0,0,1,차량단독 - 기타,안전운전불이행,건조,맑음,단일로 - 교량,승용,남,31세,부상신고,,,,
2020111600100054,2020년 11월 16일 06시,월요일,경상북도 포항시 북구 두호동,경상사고,0,0,1,0,차대차 - 기타,안전운전불이행,건조,맑음,단일로 - 기타,승합,남,67세,상해없음,승용,여,47세,경상
2020111600100055,2020년 11월 16일 06시,월요일,경상북도 포항시 남구 해도동,경상사고,0,0,1,0,차대차 - 측면충돌,안전운전불이행,건조,맑음,단일로 - 기타,자전거,남,26세,경상,승용,남,64세,상해없음
2020111600100056,2020년 11월 16일 06시,월요일,경상북도 포항시 남구 오천읍,중상사고,0,1,0,0,차대차 - 측면충돌,신호위반,건조,맑음,교차로 - 교차로안,이륜,남,38세,중상,승용,남,23세,상해없음
2020111600100080,2020년 11월 16일 07시,월요일,경상북도 안동시 정하동,경상사고,0,0,2,0,차대차 - 측면충돌,직진우회전진행방해,건조,맑음,교차로 - 교차로안,승용,남,38세,경상,승용,남,59세,경상
2020111600100081,2020년 11월 16일 07시,월요일,경상북도 포항시 남구 오천읍,경상사고,0,0,1,0,차대차 - 추돌,안전운전불이행,건조,맑음,교차로 - 교차로부근,승용,남,84세,상해없음,승용,남,38세,경상
2020111600100082,2020년 11월 16일 07시,월요일,경상북도 포항시 남구 대도동,중상사고,0,1,2,1,차대차 - 기타,신호위반,건조,맑음,교차로 - 교차로안,승합,남,57세,경상,승합,남,33세,중상
2020111600100114,2020년 11월 16일 08시,월요일,경상북도 의성군 의성읍,경상사고,0,0,1,0,차대차 - 기타,교차로운행방법위반,건조,맑음,교차로 - 교차로안,승용,여,39세,상해없음,승용,남,79세,경상
2020111600100115,2020년 11월 16일 08시,월요일,경상북도 고령군 다산면,경상사고,0,0,1,0,차대사람 - 기타,안전운전불이행,건조,맑음,단일로 - 기타,승용,여,46세,상해없음,보행자,여,48세,경상
2020111600100116,2020년 11월 16일 08시,월요일,경상북도 구미시 구포동,경상사고,0,0,1,0,차대차 - 기타,안전운전불이행,건조,맑음,단일로 - 기타,승용,여,44세,상해없음,승용,남,39세,경상
2020111600100156,2020년 11월 16일 09시,월요일,경상북도 의성군 안계면,경상사고,0,0,2,0,차대차 - 측면충돌,안전운전불이행,건조,맑음,교차로 - 교차로안,승용,여,61세,경상,이륜,여,74세,경상
2020111600100157,2020년 11월 16일 09시,월요일,경상북도 구미시 구평동,경상사고,0,0,1,0,차대사람 - 기타,안전운전불이행,건조,맑음,주차장 - 주차장,승용,여,34세,상해없음,보행자,여,65세,경상
2020111600100182,2020년 11월 16일 10시,월요일,경상북도 안동시 풍산읍,경상사고,0,0,1,0,차대차 - 측면충돌,중앙선침범,건조,맑음,단일로 - 기타,농기계,남,70세,경상,승용,여,62세,상해없음
2020111600100183,2020년 11월 16일 10시,월요일,경상북도 상주시 화동면,경상사고,0,0,1,0,차대차 - 측면충돌,중앙선침범,건조,맑음,단일로 - 기타,화물,남,82세,경상,승용,남,59세,상해없음
2020111600100184,2020년 11월 16일 10시,월요일,경상북도 영주시 가흥동,중상사고,0,1,0,0,차대차 - 측면충돌,교차로운행방법위반,건조,맑음,교차로 - 교차로안,승용,남,42세,상해없음,승용,여,35세,중상
2020111600100185,2020년 11월 16일 10시,월요일,경상북도 포항시 남구 해도동,경상사고,0,0,1,0,차대차 - 기타,안전운전불이행,건조,맑음,단일로 - 기타,자전거,남,85세,경상,이륜,남,49세,상해없음
2020111600100186,2020년 11월 16일 10시,월요일,경상북도 포항시 남구 해도동,경상사고,0,0,1,0,차대차 - 기타,직진우회전진행방해,건조,맑음,단일로 - 기타,승용,남,49세,상해없음,자전거,여,67세,경상
2020111600100187,2020년 11월 16일 10시,월요일,경상북도 상주시 외남면,사망사고,1,0,1,0,차대차 - 추돌,안전거리미확보,건조,맑음,단일로 - 기타,승용,남,35세,사망,화물,남,43세,경상
2020111600100233,2020년 11월 16일 11시,월요일,경상북도 김천시 대항면,경상사고,0,0,1,0,차량단독 - 기타,안전운전불이행,건조,맑음,단일로 - 기타,이륜,남,61세,경상,,,,
2020111600100234,2020년 11월 16일 11시,월요일,경상북도 영천시 작산동,경상사고,0,0,6,0,차대차 - 측면충돌,안전운전불이행,건조,맑음,교차로 - 교차로부근,승용,남,54세,경상,화물,남,47세,경상
2020111600100235,2020년 11월 16일 11시,월요일,경상북도 영양군 입암면,경상사고,0,0,2,0,차대차 - 추돌,안전거리미확보,건조,맑음,단일로 - 기타,승용,남,31세,상해없음,승용,남,36세,경상
2020111600100236,2020년 11월 16일 11시,월요일,경상북도 구미시 상모동,경상사고,0,0,1,0,차대차 - 기타,안전운전불이행,건조,맑음,주차장 - 주차장,승용,남,41세,상해없음,승용,여,50세,경상
2020111600100274,2020년 11월 16일 12시,월요일,경상북도 성주군 성주읍,중상사고,0,1,1,0,차대차 - 기타,신호위반,건조,맑음,교차로 - 교차로안,화물,남,77세,경상,승용,남,61세,중상
2020111600100275,2020년 11월 16일 12시,월요일,경상북도 경주시 율동,경상사고,0,0,2,0,차대차 - 기타,안전운전불이행,건조,맑음,단일로 - 기타,승용,남,64세,상해없음,승용,남,38세,경상
2020111600100303,2020년 11월 16일 13시,월요일,경상북도 경주시 노동동,경상사고,0,0,1,0,차대차 - 추돌,안전운전불이행,건조,맑음,교차로 - 교차로부근,승용,남,60세,상해없음,승용,남,29세,경상
2020111600100304,2020년 11월 16일 13시,월요일,경상북도 포항시 북구 학잠동,중상사고,0,1,0,0,차대차 - 측면충돌,중앙선침범,건조,맑음,단일로 - 기타,승용,여,56세,상해없음,승용,남,60세,중상
2020111600100305,2020년 11월 16일 13시,월요일,경상북도 포항시 북구 장성동,경상사고,0,0,2,0,차대차 - 측면충돌,교차로운행방법위반,건조,맑음,교차로 - 교차로안,승용,여,62세,경상,승용,여,36세,경상
2020111600100306,2020년 11월 16일 13시,월요일,경상북도 영주시 가흥동,중상사고,0,1,2,0,차대차 - 측면충돌,직진우회전진행방해,건조,맑음,교차로 - 교차로안,화물,남,70세,상해없음,승용,여,55세,중상
2020111600100307,2020년 11월 16일 13시,월요일,경상북도 경산시 하양읍,경상사고,0,0,1,0,차대차 - 기타,안전운전불이행,건조,맑음,교차로 - 교차로안,기타불명,기타불명,미분류,기타불명,자전거,남,9세,경상
2020111600100308,2020년 11월 16일 13시,월요일,경상북도 구미시 사곡동,중상사고,0,1,0,0,차대차 - 기타,중앙선침범,건조,맑음,교차로 - 교차로부근,승용,여,43세,상해없음,승용,여,50세,중상
2020111600100339,2020년 11월 16일 14시,월요일,경상북도 영주시 영주동,경상사고,0,0,1,0,차대차 - 측면충돌,교차로운행방법위반,건조,흐림,교차로 - 교차로안,승용,남,61세,상해없음,승용,여,63세,경상
2020111600100340,2020년 11월 16일 14시,월요일,경상북도 포항시 남구 구룡포읍,경상사고,0,0,1,0,차대차 - 추돌,안전거리미확보,건조,맑음,교차로 - 교차로부근,이륜,남,27세,상해없음,이륜,남,27세,경상
2020111600100416,2020년 11월 16일 16시,월요일,경상북도 상주시 중동면,경상사고,0,0,1,0,차대차 - 추돌,안전운전불이행,건조,맑음,단일로 - 기타,승용,남,28세,상해없음,화물,남,44세,경상
2020111600100417,2020년 11월 16일 16시,월요일,경상북도 의성군 가음면,사망사고,1,0,0,0,차대사람 - 횡단중,안전운전불이행,건조,맑음,단일로 - 기타,화물,남,54세,상해없음,보행자,여,85세,사망
2020111600100418,2020년 11월 16일 16시,월요일,경상북도 경산시 사동,경상사고,0,0,1,0,차대차 - 추돌,안전운전불이행,건조,맑음,단일로 - 기타,승용,여,49세,상해없음,승용,남,39세,경상
2020111600100459,2020년 11월 16일 17시,월요일,경상북도 경주시 동천동,경상사고,0,0,1,0,차대차 - 측면충돌,직진우회전진행방해,건조,맑음,교차로 - 교차로안,승용,남,55세,상해없음,승용,남,31세,경상
2020111600100460,2020년 11월 16일 17시,월요일,경상북도 영주시 휴천동,경상사고,0,0,1,0,차대차 - 측면충돌,신호위반,건조,맑음,교차로 - 교차로안,이륜,남,19세,상해없음,승용,남,42세,경상
2020111600100461,2020년 11월 16일 17시,월요일,경상북도 영주시 이산면,중상사고,0,2,0,0,차대차 - 추돌,안전운전불이행,건조,맑음,단일로 - 기타,승용,남,45세,상해없음,농기계,남,85세,중상
2020111600100462,2020년 11월 16일 17시,월요일,경상북도 경산시 계양동,경상사고,0,0,1,0,차대차 - 정면충돌,중앙선침범,건조,맑음,교차로 - 교차로횡단보도내,자전거,남,63세,경상,자전거,여,51세,상해없음
2020111600100522,2020년 11월 16일 18시,월요일,경상북도 경주시 황오동,경상사고,0,0,1,0,차대사람 - 길가장자리구역통행중,안전운전불이행,건조,맑음,단일로 - 기타,승용,여,24세,상해없음,보행자,남,25세,경상
2020111600100523,2020년 11월 16일 18시,월요일,경상북도 안동시 도산면,중상사고,0,1,1,0,차대차 - 기타,안전운전불이행,건조,맑음,교차로 - 교차로안,화물,남,52세,상해없음,화물,남,48세,경상
2020111600100524,2020년 11월 16일 18시,월요일,경상북도 구미시 신동,경상사고,0,0,4,0,차대차 - 측면충돌,안전운전불이행,건조,맑음,단일로 - 기타,화물,남,54세,상해없음,승용,남,46세,경상
2020111600100579,2020년 11월 16일 19시,월요일,경상북도 경주시 황성동,중상사고,0,1,0,0,차대차 - 측면충돌,신호위반,기타,맑음,교차로 - 교차로안,이륜,남,40세,중상,승용,여,59세,상해없음
2020111600100580,2020년 11월 16일 19시,월요일,경상북도 포항시 남구 상도동,경상사고,0,0,1,0,차대차 - 측면충돌,안전거리미확보,건조,맑음,교차로 - 교차로부근,승용,여,27세,상해없음,승용,남,61세,경상
2020111600100634,2020년 11월 16일 21시,월요일,경상북도 영주시 부석면,경상사고,0,0,1,0,차량단독 - 도로외이탈 - 추락,안전운전불이행,건조,맑음,단일로 - 기타,화물,남,62세,경상,,,,
2020111600100635,2020년 11월 16일 21시,월요일,경상북도 구미시 지산동,중상사고,0,2,3,0,차대차 - 추돌,안전운전불이행,건조,맑음,교차로 - 교차로부근,승용,남,26세,경상,승용,남,59세,중상
2020111600100656,2020년 11월 16일 22시,월요일,경상북도 포항시 남구 대잠동,경상사고,0,0,1,0,차대차 - 측면충돌,안전운전불이행,건조,맑음,단일로 - 기타,승용,남,27세,상해없음,이륜,남,20세,경상
2020111700100043,2020년 11월 17일 05시,화요일,경상북도 포항시 북구 동빈2가,경상사고,0,0,2,0,차대차 - 측면충돌,신호위반,건조,맑음,교차로 - 교차로안,승용,남,66세,상해없음,승용,남,81세,경상
2020111700100044,2020년 11월 17일 05시,화요일,경상북도 의성군 금성면,중상사고,0,1,0,0,차대차 - 측면충돌,안전운전불이행,건조,맑음,단일로 - 기타,화물,남,59세,중상,화물,남,53세,상해없음
2020111700100074,2020년 11월 17일 07시,화요일,경상북도 영천시 임고면,경상사고,0,0,1,0,차대차 - 추돌,안전운전불이행,건조,맑음,교차로 - 교차로부근,승용,여,76세,상해없음,승용,여,55세,경상
2020111700100105,2020년 11월 17일 08시,화요일,경상북도 포항시 북구 동빈2가,경상사고,0,0,1,0,차대차 - 측면충돌,신호위반,건조,맑음,교차로 - 교차로안,승용,여,47세,기타불명,승용,남,28세,경상
2020111700100106,2020년 11월 17일 08시,화요일,경상북도 안동시 옥동,경상사고,0,0,1,0,차대차 - 후진중충돌,안전운전불이행,건조,맑음,교차로 - 교차로안,승용,여,59세,상해없음,승용,여,29세,경상
2020111700100107,2020년 11월 17일 08시,화요일,경상북도 경산시 유곡동,중상사고,0,1,0,0,차대사람 - 횡단중,보행자보호의무위반,건조,맑음,단일로 - 기타,승용,남,63세,상해없음,보행자,여,19세,중상
2020111700100108,2020년 11월 17일 08시,화요일,경상북도 예천군 예천읍,중상사고,0,1,1,0,차대차 - 측면충돌,중앙선침범,건조,맑음,교차로 - 교차로부근,승용,남,37세,중상,승용,남,61세,경상
2020111700100149,2020년 11월 17일 09시,화요일,경상북도 예천군 예천읍,중상사고,0,1,0,0,차대차 - 측면충돌,직진우회전진행방해,건조,맑음,교차로 - 교차로안,승용,남,63세,상해없음,승용,남,49세,중상
2020111700100179,2020년 11월 17일 10시,화요일,경상북도 경주시 성동동,경상사고,0,0,1,0,차대차 - 측면충돌,안전운전불이행,건조,맑음,단일로 - 기타,승용,여,45세,상해없음,자전거,여,58세,경상
2020111700100180,2020년 11월 17일 10시,화요일,경상북도 포항시 북구 흥해읍,경상사고,0,0,3,0,차대차 - 추돌,안전거리미확보,건조,맑음,교차로 - 교차로부근,승용,남,59세,상해없음,승용,여,53세,경상
2020111700100181,2020년 11월 17일 10시,화요일,경상북도 포항시 북구 흥해읍,경상사고,0,0,1,0,차대사람 - 기타,안전운전불이행,건조,맑음,단일로 - 기타,승용,남,69세,상해없음,보행자,남,39세,경상
2020111700100182,2020년 11월 17일 10시,화요일,경상북도 안동시 남후면,중상사고,0,1,0,0,차대차 - 추돌,안전운전불이행,건조,맑음,단일로 - 기타,화물,남,63세,상해없음,농기계,남,53세,중상
2020111700100220,2020년 11월 17일 11시,화요일,경상북도 의성군 단밀면,경상사고,0,0,2,0,차대차 - 추돌,안전거리미확보,건조,맑음,교차로 - 교차로안,화물,남,47세,경상,승용,여,56세,경상
2020111700100238,2020년 11월 17일 12시,화요일,경상북도 영주시 이산면,경상사고,0,0,1,0,차대차 - 기타,안전운전불이행,건조,맑음,단일로 - 기타,승용,남,50세,상해없음,승용,여,25세,경상
2020111700100239,2020년 11월 17일 12시,화요일,경상북도 구미시 공단동,경상사고,0,0,1,0,차대사람 - 기타,안전운전불이행,건조,맑음,단일로 - 기타,승용,남,58세,상해없음,보행자,여,28세,경상
2020111700100298,2020년 11월 17일 14시,화요일,경상북도 김천시 남면,경상사고,0,0,1,0,차대차 - 측면충돌,안전거리미확보,젖음/습기,비,단일로 - 기타,승용,여,66세,상해없음,승용,남,60세,경상
2020111700100299,2020년 11월 17일 14시,화요일,경상북도 김천시 신음동,경상사고,0,0,1,0,차대차 - 측면충돌,직진우회전진행방해,젖음/습기,비,교차로 - 교차로안,화물,남,59세,상해없음,승용,남,60세,경상
2020111700100300,2020년 11월 17일 14시,화요일,경상북도 경산시 사정동,경상사고,0,0,1,0,차대차 - 측면충돌,직진우회전진행방해,건조,맑음,교차로 - 교차로안,승용,남,64세,상해없음,이륜,남,36세,경상
2020111700100336,2020년 11월 17일 15시,화요일,경상북도 의성군 안계면,중상사고,0,2,1,0,차대차 - 측면충돌,신호위반,젖음/습기,흐림,교차로 - 교차로안,화물,여,63세,경상,승용,남,65세,중상
2020111700100337,2020년 11월 17일 15시,화요일,경상북도 칠곡군 석적읍,경상사고,0,0,1,0,차대차 - 측면충돌,기타,건조,맑음,교차로 - 교차로안,승용,남,32세,상해없음,승용,여,58세,경상
2020111700100338,2020년 11월 17일 15시,화요일,경상북도 포항시 남구 효자동,사망사고,1,0,1,0,차대차 - 기타,안전운전불이행,건조,맑음,교차로 - 교차로안,승용,여,64세,경상,이륜,남,67세,사망
2020111700100417,2020년 11월 17일 17시,화요일,경상북도 포항시 북구 용흥동,경상사고,0,0,3,1,차대차 - 추돌,안전운전불이행,건조,맑음,단일로 - 기타,승용,여,51세,상해없음,승용,여,51세,경상
2020111700100418,2020년 11월 17일 17시,화요일,경상북도 구미시 황상동,경상사고,0,0,1,0,차대사람 - 횡단중,보행자보호의무위반,건조,맑음,단일로 - 기타,화물,남,66세,상해없음,보행자,여,36세,경상
2020111700100419,2020년 11월 17일 17시,화요일,경상북도 포항시 남구 대잠동,경상사고,0,0,1,0,차대차 - 측면충돌,안전운전불이행,건조,맑음,단일로 - 기타,승용,남,50세,상해없음,승용,여,28세,경상
2020111700100420,2020년 11월 17일 17시,화요일,경상북도 영천시 신령면,경상사고,0,0,1,0,차대차 - 추돌,안전운전불이행,건조,맑음,단일로 - 기타,화물,남,61세,상해없음,승용,남,36세,경상
2020111700100491,2020년 11월 17일 18시,화요일,경상북도 안동시 광석동,경상사고,0,0,2,0,차대차 - 측면충돌,기타,젖음/습기,비,교차로 - 교차로안,화물,남,73세,경상,승용,여,56세,경상
2020111700100492,2020년 11월 17일 18시,화요일,경상북도 칠곡군 동명면,경상사고,0,0,1,0,차대차 - 기타,교차로운행방법위반,건조,맑음,교차로 - 교차로부근,승용,남,51세,상해없음,이륜,남,27세,경상
2020111700100493,2020년 11월 17일 18시,화요일,경상북도 영천시 금호읍,중상사고,0,1,3,0,차대차 - 측면충돌,안전운전불이행,건조,맑음,교차로 - 교차로안,승용,남,67세,중상,승용,여,54세,경상
2020111700100494,2020년 11월 17일 18시,화요일,경상북도 예천군 호명면,경상사고,0,0,1,0,차대사람 - 차도통행중,안전운전불이행,건조,맑음,단일로 - 기타,승합,남,54세,상해없음,보행자,남,15세,경상
2020111700100495,2020년 11월 17일 18시,화요일,경상북도 군위군 군위읍,중상사고,0,1,0,0,차대차 - 측면충돌,직진우회전진행방해,건조,맑음,교차로 - 교차로안,승용,여,60세,상해없음,이륜,남,61세,중상
2020111700100496,2020년 11월 17일 18시,화요일,경상북도 구미시 도량동,부상신고사고,0,0,0,1,차대차 - 측면충돌,안전운전불이행,건조,맑음,교차로 - 교차로안,원동기,남,47세,부상신고,승용,여,59세,상해없음
2020111700100497,2020년 11월 17일 18시,화요일,경상북도 포항시 남구 대잠동,경상사고,0,0,3,0,차대차 - 측면충돌,안전운전불이행,건조,맑음,교차로 - 교차로부근,승용,남,72세,상해없음,승용,남,26세,경상
2020111700100552,2020년 11월 17일 19시,화요일,경상북도 경주시 황성동,경상사고,0,0,1,0,차대차 - 측면충돌,안전운전불이행,건조,맑음,교차로 - 교차로안,승용,남,42세,상해없음,승용,여,46세,경상
2020111700100590,2020년 11월 17일 20시,화요일,경상북도 문경시 흥덕동,중상사고,0,2,1,0,차대차 - 측면충돌,중앙선침범,젖음/습기,안개,단일로 - 기타,승용,남,56세,상해없음,승용,여,59세,중상
2020111700100591,2020년 11월 17일 20시,화요일,경상북도 경산시 중방동,경상사고,0,0,1,0,차대차 - 기타,교차로운행방법위반,건조,맑음,교차로 - 교차로안,이륜,남,39세,경상,승용,남,59세,상해없음
2020111700100592,2020년 11월 17일 20시,화요일,경상북도 성주군 대가면,중상사고,0,2,2,1,차대차 - 기타,과속,젖음/습기,비,단일로 - 터널,승용,남,18세,부상신고,화물,여,76세,상해없음
2020111700100593,2020년 11월 17일 20시,화요일,경상북도 포항시 남구 상도동,중상사고,0,1,0,0,차대사람 - 횡단중,안전운전불이행,건조,맑음,교차로 - 교차로부근,승용,남,56세,상해없음,보행자,남,61세,중상
2020111700100621,2020년 11월 17일 21시,화요일,경상북도 구미시 송정동,경상사고,0,0,2,0,차대차 - 측면충돌,신호위반,젖음/습기,비,교차로 - 교차로안,승용,여,40세,상해없음,승용,남,35세,경상
2020111700100638,2020년 11월 17일 22시,화요일,경상북도 구미시 옥계동,경상사고,0,0,3,0,차대차 - 기타,안전운전불이행,젖음/습기,비,교차로 - 교차로안,승용,여,53세,상해없음,승용,남,22세,경상
2020111700100658,2020년 11월 17일 23시,화요일,경상북도 구미시 광평동,중상사고,0,1,0,0,차대차 - 추돌,안전운전불이행,젖음/습기,비,교차로 - 교차로부근,승용,여,37세,상해없음,승용,여,37세,중상
2020111800100030,2020년 11월 18일 02시,수요일,경상북도 포항시 남구 해도동,경상사고,0,0,3,0,차대차 - 측면충돌,안전운전불이행,건조,맑음,단일로 - 기타,승용,남,46세,경상,승용,남,71세,경상
2020111800100047,2020년 11월 18일 05시,수요일,경상북도 포항시 북구 두호동,중상사고,0,1,0,0,차대사람 - 횡단중,보행자보호의무위반,건조,맑음,단일로 - 기타,승용,남,64세,상해없음,보행자,여,76세,중상
2020111800100132,2020년 11월 18일 08시,수요일,경상북도 포항시 북구 동빈1가,중상사고,0,1,0,0,차대차 - 기타,교차로운행방법위반,건조,맑음,교차로 - 교차로안,승용,남,64세,상해없음,이륜,남,61세,중상
2020111800100133,2020년 11월 18일 08시,수요일,경상북도 김천시 농소면,경상사고,0,0,1,0,차대차 - 추돌,안전운전불이행,젖음/습기,안개,교차로 - 교차로부근,승용,여,58세,상해없음,승합,남,61세,경상
2020111800100134,2020년 11월 18일 08시,수요일,경상북도 예천군 호명면,경상사고,0,0,1,0,차대차 - 추돌,안전운전불이행,건조,맑음,교차로 - 교차로부근,승용,여,39세,상해없음,승용,남,31세,경상
2020111800100170,2020년 11월 18일 09시,수요일,경상북도 상주시 낙양동,중상사고,0,1,2,0,차대차 - 측면충돌,교차로운행방법위반,건조,흐림,교차로 - 교차로안,승용,여,48세,경상,화물,남,60세,경상
2020111800100171,2020년 11월 18일 09시,수요일,경상북도 경산시 계양동,중상사고,0,1,0,0,차대차 - 추돌,안전거리미확보,건조,맑음,단일로 - 지하차도(도로)내,승용,남,89세,상해없음,승용,여,49세,중상
2020111800100172,2020년 11월 18일 09시,수요일,경상북도 구미시 남통동,경상사고,0,0,1,0,차대사람 - 횡단중,보행자보호의무위반,건조,맑음,교차로 - 교차로안,화물,남,73세,상해없음,보행자,여,73세,경상
2020111800100173,2020년 11월 18일 09시,수요일,경상북도 구미시 원평동,중상사고,0,2,0,0,차대차 - 측면충돌,안전운전불이행,건조,맑음,단일로 - 기타,승용,남,26세,상해없음,승용,남,54세,중상
2020111800100208,2020년 11월 18일 10시,수요일,경상북도 김천시 평화동,중상사고,0,1,0,0,차대사람 - 보도통행중,안전운전불이행,건조,맑음,기타 - 기타,승용,남,74세,상해없음,보행자,여,79세,중상
2020111800100239,2020년 11월 18일 11시,수요일,경상북도 포항시 북구 죽도동,경상사고,0,0,1,0,차대사람 - 차도통행중,안전운전불이행,건조,맑음,교차로 - 교차로안,화물,남,51세,상해없음,보행자,여,73세,경상
2020111800100240,2020년 11월 18일 11시,수요일,경상북도 안동시 태화동,경상사고,0,0,2,0,차대차 - 측면충돌,신호위반,건조,맑음,교차로 - 교차로부근,승용,남,75세,상해없음,승합,남,62세,상해없음
2020111800100241,2020년 11월 18일 11시,수요일,경상북도 상주시 남성동,경상사고,0,0,1,0,차대차 - 기타,안전운전불이행,건조,맑음,기타 - 기타,승용,여,52세,상해없음,자전거,남,62세,경상
2020111800100242,2020년 11월 18일 11시,수요일,경상북도 상주시 모서면,경상사고,0,0,2,0,차대차 - 측면충돌,안전운전불이행,건조,맑음,단일로 - 기타,승용,남,64세,경상,화물,여,72세,경상
2020111800100243,2020년 11월 18일 11시,수요일,경상북도 성주군 성주읍,중상사고,0,1,0,0,차대차 - 정면충돌,직진우회전진행방해,건조,맑음,교차로 - 교차로안,승용,남,35세,상해없음,이륜,남,50세,중상
2020111800100269,2020년 11월 18일 12시,수요일,경상북도 안동시 안흥동,경상사고,0,0,1,0,차대차 - 추돌,안전운전불이행,건조,맑음,교차로 - 교차로안,승용,남,56세,기타불명,승용,여,38세,경상
2020111800100270,2020년 11월 18일 12시,수요일,경상북도 영천시 북안면,경상사고,0,0,5,0,차대차 - 추돌,안전운전불이행,건조,맑음,단일로 - 기타,승용,여,44세,경상,승용,남,52세,경상
2020111800100271,2020년 11월 18일 12시,수요일,경상북도 경산시 하양읍,경상사고,0,0,1,0,차대사람 - 횡단중,보행자보호의무위반,건조,맑음,교차로 - 교차로횡단보도내,승용,여,58세,상해없음,보행자,여,19세,경상
2020111800100272,2020년 11월 18일 12시,수요일,경상북도 성주군 성주읍,경상사고,0,0,2,0,차대차 - 측면충돌,안전운전불이행,건조,맑음,교차로 - 교차로안,승용,여,55세,경상,화물,남,51세,경상