사고번호,사고일시,요일,시군구,사고내용,사망자수,중상자수,경상자수,부상신고자수,사고유형,법규위반,노면상태,기상상태,도로형태,가해운전자 차종,가해운전자 성별,가해운전자 연령,가해운전자 상해정도,피해운전자 차종,피해운전자 성별,피해운전자 연령,피해운전자 상해정도
2020111800100273,2020년 11월 18일 12시,수요일,경상북도 영양군 영양읍,경상사고,0,0,2,0,차대차 - 정면충돌,안전운전불이행,건조,맑음,단일로 - 기타,화물,남,69세,경상,화물,남,45세,경상
2020111800100303,2020년 11월 18일 13시,수요일,경상북도 경주시 진현동,경상사고,0,0,2,0,차대차 - 측면충돌,신호위반,건조,맑음,교차로 - 교차로안,승용,여,23세,상해없음,승용,남,42세,경상
2020111800100305,2020년 11월 18일 13시,수요일,경상북도 영천시 청통면,경상사고,0,0,1,0,차대사람 - 길가장자리구역통행중,안전운전불이행,건조,맑음,단일로 - 기타,화물,남,60세,상해없음,보행자,여,64세,경상
2020111800100335,2020년 11월 18일 14시,수요일,경상북도 포항시 남구 호동,경상사고,0,0,1,0,차대차 - 추돌,안전거리미확보,건조,맑음,교차로 - 교차로부근,승용,남,63세,상해없음,승용,여,38세,경상
2020111800100370,2020년 11월 18일 15시,수요일,경상북도 포항시 북구 용흥동,경상사고,0,0,1,0,차대차 - 기타,안전운전불이행,건조,맑음,단일로 - 기타,자전거,여,67세,경상,화물,남,70세,기타불명
2020111800100408,2020년 11월 18일 16시,수요일,경상북도 안동시 옥동,중상사고,0,1,0,0,차대사람 - 길가장자리구역통행중,안전운전불이행,건조,맑음,단일로 - 기타,화물,남,33세,상해없음,보행자,여,78세,중상
2020111800100409,2020년 11월 18일 16시,수요일,경상북도 영주시 문수면,경상사고,0,0,2,0,차대차 - 정면충돌,교차로운행방법위반,건조,맑음,교차로 - 교차로안,승용,남,72세,경상,화물,남,51세,경상
2020111800100455,2020년 11월 18일 17시,수요일,경상북도 포항시 남구 이동,경상사고,0,0,1,0,차대차 - 추돌,안전거리미확보,건조,맑음,교차로 - 교차로부근,승용,남,38세,상해없음,승용,남,38세,경상
2020111800100514,2020년 11월 18일 18시,수요일,경상북도 경주시 황성동,중상사고,0,1,0,0,차대차 - 측면충돌,중앙선침범,건조,맑음,단일로 - 기타,승용,남,36세,상해없음,이륜,남,56세,중상
2020111800100515,2020년 11월 18일 18시,수요일,경상북도 경주시 동천동,중상사고,0,1,1,0,차대차 - 추돌,안전운전불이행,건조,맑음,교차로 - 교차로부근,승용,남,24세,상해없음,승용,여,52세,경상
2020111800100516,2020년 11월 18일 18시,수요일,경상북도 포항시 북구 덕산동,경상사고,0,0,1,0,차대사람 - 횡단중,안전운전불이행,건조,맑음,단일로 - 기타,승용,여,42세,상해없음,보행자,여,23세,경상
2020111800100517,2020년 11월 18일 18시,수요일,경상북도 안동시 북후면,중상사고,0,2,1,0,차대차 - 기타,안전운전불이행,젖음/습기,비,단일로 - 기타,승합,남,21세,경상,승용,남,70세,중상
2020111800100518,2020년 11월 18일 18시,수요일,경상북도 구미시 공단동,경상사고,0,0,3,0,차대차 - 측면충돌,안전운전불이행,젖음/습기,흐림,교차로 - 교차로안,승용,여,31세,상해없음,승합,남,56세,경상
2020111800100519,2020년 11월 18일 18시,수요일,경상북도 구미시 해평면,경상사고,0,0,3,0,차대차 - 추돌,안전운전불이행,건조,맑음,교차로 - 교차로부근,화물,남,65세,상해없음,승용,남,44세,경상
2020111800100520,2020년 11월 18일 18시,수요일,경상북도 포항시 남구 인덕동,경상사고,0,0,1,0,차대차 - 추돌,안전운전불이행,건조,흐림,단일로 - 기타,승용,남,64세,상해없음,승용,여,48세,경상
2020111800100616,2020년 11월 18일 20시,수요일,경상북도 경주시 신평동,경상사고,0,0,1,0,차대차 - 추돌,안전운전불이행,건조,흐림,교차로 - 교차로부근,원동기,남,20세,상해없음,승용,여,23세,경상
2020111800100617,2020년 11월 18일 20시,수요일,경상북도 상주시 서문동,경상사고,0,0,1,0,차대차 - 측면충돌,안전운전불이행,젖음/습기,흐림,단일로 - 기타,승용,여,47세,상해없음,이륜,남,19세,경상
2020111800100618,2020년 11월 18일 20시,수요일,경상북도 칠곡군 석적읍,경상사고,0,0,1,0,차대차 - 기타,안전운전불이행,건조,기타,교차로 - 교차로안,승용,여,39세,상해없음,승용,여,42세,경상
2020111800100648,2020년 11월 18일 21시,수요일,경상북도 경주시 성건동,경상사고,0,0,1,1,차대차 - 측면충돌,직진우회전진행방해,건조,맑음,교차로 - 교차로안,이륜,남,24세,부상신고,승용,여,49세,경상
2020111900100025,2020년 11월 19일 01시,목요일,경상북도 영천시 완산동,경상사고,0,0,1,0,차대사람 - 차도통행중,안전운전불이행,건조,맑음,교차로 - 교차로안,승용,남,39세,상해없음,보행자,남,49세,경상
2020111900100043,2020년 11월 19일 03시,목요일,경상북도 구미시 지산동,부상신고사고,0,0,0,1,차량단독 - 공작물충돌,안전운전불이행,젖음/습기,비,교차로 - 교차로안,승용,남,18세,부상신고,,,,
2020111900100084,2020년 11월 19일 06시,목요일,경상북도 경주시 용강동,중상사고,0,1,0,1,차대차 - 측면충돌,신호위반,젖음/습기,비,교차로 - 교차로안,승용,남,58세,부상신고,승용,남,39세,중상
2020111900100085,2020년 11월 19일 06시,목요일,경상북도 포항시 북구 죽도동,중상사고,0,1,0,0,차대차 - 측면충돌,중앙선침범,건조,맑음,교차로 - 교차로부근,승용,남,53세,상해없음,이륜,남,56세,중상
2020111900100086,2020년 11월 19일 06시,목요일,경상북도 경산시 진량읍,경상사고,0,0,1,0,차대차 - 기타,안전운전불이행,젖음/습기,비,교차로 - 교차로부근,화물,남,52세,상해없음,승용,여,26세,경상
2020111900100126,2020년 11월 19일 07시,목요일,경상북도 예천군 예천읍,중상사고,0,1,0,0,차대사람 - 차도통행중,안전운전불이행,젖음/습기,흐림,단일로 - 기타,승용,남,55세,상해없음,보행자,여,65세,중상
2020111900100127,2020년 11월 19일 07시,목요일,경상북도 울진군 평해읍,경상사고,0,0,1,0,차대차 - 추돌,안전운전불이행,젖음/습기,비,단일로 - 기타,건설기계,남,52세,상해없음,화물,남,40세,경상
2020111900100173,2020년 11월 19일 08시,목요일,경상북도 경주시 용강동,경상사고,0,0,2,0,차대차 - 측면충돌,안전운전불이행,젖음/습기,비,교차로 - 교차로안,승용,여,40세,경상,승용,남,42세,경상
2020111900100174,2020년 11월 19일 08시,목요일,경상북도 포항시 북구 창포동,경상사고,0,0,1,0,차대차 - 추돌,안전거리미확보,건조,맑음,단일로 - 기타,승용,여,43세,상해없음,승용,남,58세,경상
2020111900100175,2020년 11월 19일 08시,목요일,경상북도 영천시 도동,경상사고,0,0,1,0,차대차 - 추돌,안전운전불이행,젖음/습기,맑음,단일로 - 기타,화물,남,77세,상해없음,승용,여,59세,경상
2020111900100176,2020년 11월 19일 08시,목요일,경상북도 구미시 고아읍,경상사고,0,0,1,1,차대차 - 측면충돌,신호위반,젖음/습기,비,교차로 - 교차로안,승용,남,46세,부상신고,승용,여,48세,경상
2020111900100177,2020년 11월 19일 08시,목요일,경상북도 영천시 북안면,경상사고,0,0,2,0,차대차 - 측면충돌,안전운전불이행,젖음/습기,비,단일로 - 기타,승용,남,56세,상해없음,화물,남,52세,경상
2020111900100219,2020년 11월 19일 09시,목요일,경상북도 경주시 안강읍,중상사고,0,1,0,0,차량단독 - 전도전복 - 전도,안전운전불이행,젖음/습기,맑음,단일로 - 기타,승용,남,47세,중상,,,,
2020111900100220,2020년 11월 19일 09시,목요일,경상북도 영주시 풍기읍,경상사고,0,0,1,0,차대차 - 측면충돌,안전운전불이행,젖음/습기,비,교차로 - 교차로안,승용,남,84세,경상,승용,남,54세,상해없음
2020111900100221,2020년 11월 19일 09시,목요일,경상북도 칠곡군 왜관읍,경상사고,0,0,1,0,차대차 - 추돌,안전운전불이행,건조,맑음,단일로 - 기타,승용,남,53세,상해없음,화물,남,47세,경상
2020111900100222,2020년 11월 19일 09시,목요일,경상북도 포항시 남구 청림동,경상사고,0,0,1,0,차대사람 - 차도통행중,안전운전불이행,건조,맑음,단일로 - 기타,승용,여,74세,상해없음,보행자,남,55세,경상
2020111900100257,2020년 11월 19일 10시,목요일,경상북도 상주시 낙양동,경상사고,0,0,1,0,차대차 - 측면충돌,교차로운행방법위반,젖음/습기,비,교차로 - 교차로안,이륜,남,17세,경상,승용,남,28세,상해없음
2020111900100258,2020년 11월 19일 10시,목요일,경상북도 구미시 공단동,부상신고사고,0,0,0,2,차량단독 - 공작물충돌,안전운전불이행,건조,맑음,단일로 - 기타,이륜,남,16세,부상신고,,,,
2020111900100259,2020년 11월 19일 10시,목요일,경상북도 포항시 남구 호동,경상사고,0,0,3,0,차대차 - 추돌,안전거리미확보,건조,맑음,단일로 - 기타,특수,남,45세,상해없음,승용,남,59세,경상
2020111900100291,2020년 11월 19일 11시,목요일,경상북도 포항시 북구 죽도동,중상사고,0,1,0,0,차대차 - 측면충돌,안전운전불이행,건조,맑음,교차로 - 교차로부근,이륜,남,67세,중상,승용,여,57세,상해없음
2020111900100292,2020년 11월 19일 11시,목요일,경상북도 경산시 계양동,중상사고,0,1,0,0,차대차 - 정면충돌,안전운전불이행,건조,흐림,단일로 - 기타,승용,여,43세,상해없음,자전거,남,64세,중상
2020111900100293,2020년 11월 19일 11시,목요일,경상북도 청송군 청송읍,중상사고,0,1,1,0,차대차 - 정면충돌,중앙선침범,건조,맑음,교차로 - 교차로부근,화물,남,71세,상해없음,승용,여,62세,중상
2020111900100321,2020년 11월 19일 12시,목요일,경상북도 안동시 광석동,경상사고,0,0,1,0,차대차 - 추돌,안전운전불이행,건조,맑음,단일로 - 기타,화물,남,74세,상해없음,자전거,남,60세,경상
2020111900100322,2020년 11월 19일 12시,목요일,경상북도 청도군 이서면,경상사고,0,0,1,0,차대차 - 측면충돌,교차로운행방법위반,건조,맑음,교차로 - 교차로안,화물,남,52세,상해없음,승용,남,66세,경상
2020111900100323,2020년 11월 19일 12시,목요일,경상북도 성주군 성주읍,중상사고,0,2,0,0,차대차 - 기타,중앙선침범,젖음/습기,비,기타 - 기타,화물,여,54세,상해없음,이륜,남,78세,중상
2020111900100357,2020년 11월 19일 13시,목요일,경상북도 포항시 북구 죽도동,중상사고,0,1,0,0,차대차 - 후진중충돌,안전운전불이행,젖음/습기,비,단일로 - 기타,화물,남,40세,상해없음,원동기,남,57세,중상
2020111900100389,2020년 11월 19일 14시,목요일,경상북도 경주시 천북면,부상신고사고,0,0,0,1,차대차 - 측면충돌,안전운전불이행,젖음/습기,비,교차로 - 교차로안,승용,남,52세,상해없음,자전거,남,57세,부상신고
2020111900100390,2020년 11월 19일 14시,목요일,경상북도 영덕군 강구면,경상사고,0,0,3,0,차대차 - 측면충돌,안전운전불이행,젖음/습기,비,교차로 - 교차로부근,화물,남,64세,경상,화물,남,54세,경상
2020111900100391,2020년 11월 19일 14시,목요일,경상북도 군위군 부계면,경상사고,0,0,2,0,차대차 - 기타,안전운전불이행,젖음/습기,흐림,단일로 - 기타,승합,남,63세,상해없음,승용,남,58세,경상
2020111900100392,2020년 11월 19일 14시,목요일,경상북도 구미시 봉곡동,경상사고,0,0,1,0,차대차 - 기타,안전거리미확보,젖음/습기,흐림,단일로 - 기타,화물,남,62세,상해없음,이륜,남,18세,경상
2020111900100393,2020년 11월 19일 14시,목요일,경상북도 포항시 남구 구룡포읍,경상사고,0,0,1,0,차대차 - 정면충돌,안전운전불이행,젖음/습기,비,단일로 - 기타,화물,남,27세,상해없음,화물,여,53세,경상
2020111900100422,2020년 11월 19일 15시,목요일,경상북도 포항시 북구 죽도동,경상사고,0,0,2,0,차대차 - 측면충돌,안전운전불이행,젖음/습기,비,단일로 - 기타,승합,남,61세,경상,승용,남,26세,경상
2020111900100423,2020년 11월 19일 15시,목요일,경상북도 포항시 남구 대도동,경상사고,0,0,1,0,차대차 - 기타,신호위반,젖음/습기,비,교차로 - 교차로안,자전거,남,85세,경상,승용,여,61세,상해없음
2020111900100424,2020년 11월 19일 15시,목요일,경상북도 포항시 남구 효자동,경상사고,0,0,2,0,차대차 - 측면충돌,안전운전불이행,젖음/습기,비,단일로 - 기타,건설기계,남,65세,상해없음,승용,남,42세,경상
2020111900100456,2020년 11월 19일 16시,목요일,경상북도 상주시 내서면,사망사고,1,0,0,0,차량단독 - 전도전복 - 전도,안전운전불이행,젖음/습기,흐림,단일로 - 기타,화물,남,68세,사망,,,,
2020111900100457,2020년 11월 19일 16시,목요일,경상북도 칠곡군 왜관읍,경상사고,0,0,1,0,차대사람 - 차도통행중,안전운전불이행,건조,맑음,단일로 - 기타,승용,여,44세,상해없음,보행자,남,62세,경상
2020111900100495,2020년 11월 19일 17시,목요일,경상북도 포항시 북구 장성동,경상사고,0,0,1,0,차대차 - 측면충돌,직진우회전진행방해,건조,맑음,교차로 - 교차로안,승용,여,59세,상해없음,승용,남,36세,경상
2020111900100496,2020년 11월 19일 17시,목요일,경상북도 안동시 용상동,경상사고,0,0,1,0,차대사람 - 횡단중,안전운전불이행,건조,맑음,교차로 - 교차로안,화물,남,54세,상해없음,보행자,여,51세,경상
2020111900100497,2020년 11월 19일 17시,목요일,경상북도 영주시 가흥동,중상사고,0,1,0,0,차대사람 - 횡단중,보행자보호의무위반,건조,맑음,교차로 - 교차로횡단보도내,승용,여,53세,상해없음,보행자,여,68세,중상
2020111900100498,2020년 11월 19일 17시,목요일,경상북도 경산시 대동,경상사고,0,0,1,0,차대차 - 정면충돌,중앙선침범,젖음/습기,흐림,교차로 - 교차로안,승용,남,20세,상해없음,승용,여,38세,경상
2020111900100499,2020년 11월 19일 17시,목요일,경상북도 청도군 청도읍,경상사고,0,0,1,0,차대차 - 추돌,안전거리미확보,건조,흐림,교차로 - 교차로부근,화물,남,42세,상해없음,승용,남,46세,경상
2020111900100547,2020년 11월 19일 18시,목요일,경상북도 고령군 대가야읍,중상사고,0,1,0,0,차대사람 - 횡단중,기타,건조,맑음,교차로 - 교차로안,화물,남,54세,상해없음,보행자,여,85세,중상
2020111900100548,2020년 11월 19일 18시,목요일,경상북도 포항시 남구 지곡동,중상사고,0,1,0,0,차대사람 - 기타,안전운전불이행,건조,맑음,단일로 - 기타,승용,남,65세,상해없음,보행자,남,44세,중상
2020111900100549,2020년 11월 19일 18시,목요일,경상북도 포항시 남구 대잠동,경상사고,0,0,1,0,차대차 - 기타,안전거리미확보,건조,맑음,교차로 - 교차로안,승용,여,48세,기타불명,승용,여,46세,경상
2020111900100599,2020년 11월 19일 19시,목요일,경상북도 포항시 북구 우현동,경상사고,0,0,1,0,차대차 - 측면충돌,직진우회전진행방해,건조,맑음,교차로 - 교차로안,승용,여,68세,상해없음,승용,남,24세,상해없음
2020111900100620,2020년 11월 19일 20시,목요일,경상북도 상주시 서문동,경상사고,0,0,1,0,차대차 - 추돌,안전거리미확보,건조,맑음,기타 - 기타,화물,남,60세,상해없음,승용,여,32세,경상
2020111900100621,2020년 11월 19일 20시,목요일,경상북도 영천시 대창면,경상사고,0,0,2,0,차대차 - 추돌,안전운전불이행,건조,맑음,단일로 - 기타,승용,남,51세,상해없음,승용,여,38세,경상
2020111900100651,2020년 11월 19일 21시,목요일,경상북도 경주시 노서동,경상사고,0,0,1,0,차대사람 - 기타,안전운전불이행,건조,맑음,단일로 - 기타,승용,남,70세,상해없음,보행자,남,18세,경상
2020111900100652,2020년 11월 19일 21시,목요일,경상북도 예천군 예천읍,사망사고,1,0,0,0,차대사람 - 차도통행중,안전운전불이행,건조,맑음,단일로 - 기타,승용,남,49세,상해없음,보행자,여,72세,사망
2020111900100675,2020년 11월 19일 22시,목요일,경상북도 경산시 갑제동,경상사고,0,0,3,0,차대차 - 추돌,안전운전불이행,건조,맑음,교차로 - 교차로부근,승용,남,44세,상해없음,승용,남,22세,경상
2020111900100692,2020년 11월 19일 23시,목요일,경상북도 포항시 북구 양덕동,경상사고,0,0,2,0,차대차 - 측면충돌,안전운전불이행,건조,맑음,교차로 - 교차로안,승용,남,39세,상해없음,화물,남,58세,경상
2020112000100039,2020년 11월 20일 02시,금요일,경상북도 영덕군 강구면,중상사고,0,1,0,0,차대사람 - 기타,안전운전불이행,건조,맑음,단일로 - 기타,승용,여,53세,상해없음,보행자,남,27세,중상
2020112000100040,2020년 11월 20일 02시,금요일,경상북도 군위군 효령면,경상사고,0,0,1,0,차대차 - 추돌,안전운전불이행,건조,맑음,단일로 - 기타,승용,남,68세,경상,화물,남,49세,상해없음
2020112000100058,2020년 11월 20일 05시,금요일,경상북도 경산시 백천동,중상사고,0,1,0,0,차대사람 - 횡단중,안전운전불이행,건조,맑음,교차로 - 교차로부근,승용,여,44세,상해없음,보행자,여,67세,중상
2020112000100074,2020년 11월 20일 06시,금요일,경상북도 경산시 계양동,경상사고,0,0,1,0,차대차 - 측면충돌,신호위반,건조,맑음,교차로 - 교차로안,화물,남,28세,상해없음,승용,남,56세,경상
2020112000100153,2020년 11월 20일 09시,금요일,경상북도 포항시 북구 죽도동,경상사고,0,0,1,0,차대차 - 추돌,안전거리미확보,건조,맑음,교차로 - 교차로안,승용,남,62세,상해없음,이륜,남,38세,경상
2020112000100175,2020년 11월 20일 10시,금요일,경상북도 안동시 용상동,중상사고,0,1,2,0,차대차 - 추돌,안전운전불이행,건조,맑음,단일로 - 기타,승합,남,74세,상해없음,승용,여,63세,중상
2020112000100210,2020년 11월 20일 11시,금요일,경상북도 구미시 산동면,경상사고,0,0,1,0,차대차 - 측면충돌,안전운전불이행,건조,맑음,단일로 - 기타,승용,여,57세,상해없음,승용,남,25세,경상
2020112000100211,2020년 11월 20일 11시,금요일,경상북도 포항시 남구 대송면,경상사고,0,0,2,0,차대차 - 기타,안전운전불이행,건조,맑음,단일로 - 기타,화물,남,43세,상해없음,승용,남,25세,경상
2020112000100246,2020년 11월 20일 12시,금요일,경상북도 안동시 정하동,경상사고,0,0,2,0,차대차 - 측면충돌,안전운전불이행,건조,맑음,교차로 - 교차로안,승용,남,76세,경상,승용,여,67세,경상
2020112000100247,2020년 11월 20일 12시,금요일,경상북도 안동시 금곡동,중상사고,0,1,0,0,차대차 - 측면충돌,중앙선침범,건조,맑음,단일로 - 기타,승용,남,68세,상해없음,이륜,남,36세,중상
2020112000100248,2020년 11월 20일 12시,금요일,경상북도 상주시 남적동,경상사고,0,0,2,0,차대차 - 측면충돌,안전운전불이행,건조,맑음,교차로 - 교차로부근,화물,남,84세,경상,승용,여,50세,경상
2020112000100249,2020년 11월 20일 12시,금요일,경상북도 경산시 옥산동,경상사고,0,0,1,0,차대차 - 측면충돌,교차로운행방법위반,건조,맑음,교차로 - 교차로안,승용,남,65세,상해없음,이륜,남,38세,경상
2020112000100250,2020년 11월 20일 12시,금요일,경상북도 포항시 남구 괴동동,중상사고,0,1,2,0,차대차 - 측면충돌,과속,건조,맑음,단일로 - 기타,승용,남,23세,경상,화물,남,42세,중상
2020112000100284,2020년 11월 20일 13시,금요일,경상북도 안동시 용상동,경상사고,0,0,2,0,차대차 - 측면충돌,안전거리미확보,건조,맑음,단일로 - 기타,승용,여,55세,상해없음,승용,여,53세,경상
2020112000100285,2020년 11월 20일 13시,금요일,경상북도 의성군 단북면,경상사고,0,0,2,0,차대차 - 측면충돌,기타,건조,맑음,교차로 - 교차로안,승용,여,58세,경상,승용,남,58세,경상
2020112000100286,2020년 11월 20일 13시,금요일,경상북도 포항시 남구 인덕동,경상사고,0,0,4,0,차대차 - 기타,안전운전불이행,건조,맑음,단일로 - 기타,이륜,남,42세,경상,승용,남,21세,경상
2020112000100287,2020년 11월 20일 13시,금요일,경상북도 포항시 남구 청림동,중상사고,0,1,0,0,차대사람 - 기타,안전운전불이행,건조,맑음,단일로 - 기타,승용,남,63세,상해없음,보행자,남,20세,중상
2020112000100318,2020년 11월 20일 14시,금요일,경상북도 경주시 용강동,경상사고,0,0,1,0,차대사람 - 길가장자리구역통행중,안전운전불이행,건조,맑음,단일로 - 기타,승용,남,32세,상해없음,보행자,여,26세,경상
2020112000100319,2020년 11월 20일 14시,금요일,경상북도 영천시 금호읍,경상사고,0,0,1,0,차대차 - 측면충돌,안전운전불이행,건조,맑음,교차로 - 교차로안,화물,남,25세,상해없음,승용,남,69세,경상
2020112000100320,2020년 11월 20일 14시,금요일,경상북도 경산시 상방동,경상사고,0,0,1,0,차대차 - 측면충돌,안전운전불이행,건조,맑음,단일로 - 기타,승용,여,58세,상해없음,화물,남,60세,경상
2020112000100321,2020년 11월 20일 14시,금요일,경상북도 포항시 남구 해도동,중상사고,0,1,2,0,차대차 - 기타,차로위반,건조,맑음,단일로 - 기타,승용,남,31세,경상,승용,여,63세,중상
2020112000100351,2020년 11월 20일 15시,금요일,경상북도 경주시 안강읍,경상사고,0,0,2,0,차대차 - 측면충돌,안전운전불이행,건조,맑음,교차로 - 교차로안,승용,남,57세,경상,승용,여,62세,경상
2020112000100352,2020년 11월 20일 15시,금요일,경상북도 울진군 후포면,중상사고,0,1,1,0,차대사람 - 횡단중,안전운전불이행,건조,맑음,교차로 - 교차로안,이륜,남,72세,경상,보행자,남,42세,중상
2020112000100353,2020년 11월 20일 15시,금요일,경상북도 포항시 남구 송내동,경상사고,0,0,1,0,차대차 - 추돌,안전운전불이행,건조,맑음,단일로 - 기타,승용,남,65세,상해없음,승용,여,63세,경상
2020112000100394,2020년 11월 20일 16시,금요일,경상북도 경주시 외동읍,경상사고,0,0,2,0,차대차 - 측면충돌,안전운전불이행,건조,맑음,교차로 - 교차로안,승용,남,50세,경상,화물,남,44세,경상
2020112000100395,2020년 11월 20일 16시,금요일,경상북도 안동시 광석동,경상사고,0,0,2,0,차대차 - 기타,기타,건조,맑음,단일로 - 기타,화물,여,46세,경상,승용,남,61세,경상
2020112000100396,2020년 11월 20일 16시,금요일,경상북도 상주시 화동면,중상사고,0,2,1,0,차대차 - 측면충돌,안전운전불이행,건조,맑음,교차로 - 교차로안,승용,남,79세,경상,화물,남,77세,중상
2020112000100397,2020년 11월 20일 16시,금요일,경상북도 영주시 하망동,중상사고,0,1,0,0,차대차 - 추돌,안전운전불이행,건조,맑음,단일로 - 기타,이륜,남,48세,상해없음,승용,여,53세,중상
2020112000100455,2020년 11월 20일 17시,금요일,경상북도 포항시 북구 장성동,경상사고,0,0,1,0,차대사람 - 횡단중,보행자보호의무위반,건조,맑음,단일로 - 기타,승용,남,32세,상해없음,보행자,남,72세,경상
2020112000100456,2020년 11월 20일 17시,금요일,경상북도 포항시 북구 두호동,경상사고,0,0,1,0,차대사람 - 기타,안전운전불이행,건조,맑음,단일로 - 기타,자전거,남,41세,상해없음,보행자,남,49세,경상
2020112000100457,2020년 11월 20일 17시,금요일,경상북도 영천시 북안면,경상사고,0,0,3,0,차대차 - 측면충돌,안전운전불이행,건조,맑음,교차로 - 교차로부근,승용,여,53세,경상,화물,여,61세,경상
2020112000100458,2020년 11월 20일 17시,금요일,경상북도 영천시 금호읍,경상사고,0,0,1,0,차대차 - 측면충돌,교차로운행방법위반,건조,맑음,교차로 - 교차로부근,승용,남,58세,상해없음,승용,여,32세,경상
2020112000100459,2020년 11월 20일 17시,금요일,경상북도 구미시 송정동,경상사고,0,0,2,0,차대차 - 측면충돌,교차로운행방법위반,건조,맑음,교차로 - 교차로부근,승용,여,63세,상해없음,승용,남,55세,경상
2020112000100534,2020년 11월 20일 18시,금요일,경상북도 안동시 평화동,경상사고,0,0,1,0,차대사람 - 횡단중,안전운전불이행,건조,맑음,단일로 - 기타,승용,여,56세,상해없음,보행자,남,24세,경상
2020112000100535,2020년 11월 20일 18시,금요일,경상북도 구미시 형곡동,중상사고,0,1,0,0,차대차 - 측면충돌,안전운전불이행,건조,맑음,단일로 - 기타,승용,남,46세,기타불명,이륜,남,66세,중상
2020112000100590,2020년 11월 20일 19시,금요일,경상북도 안동시 태화동,중상사고,0,1,0,0,차대차 - 측면충돌,차로위반,건조,맑음,단일로 - 기타,승용,남,29세,상해없음,이륜,남,40세,중상
2020112000100637,2020년 11월 20일 20시,금요일,경상북도 구미시 공단동,경상사고,0,0,3,0,차대차 - 측면충돌,안전거리미확보,건조,맑음,단일로 - 기타,승용,남,59세,경상,승용,남,62세,경상
2020112000100665,2020년 11월 20일 21시,금요일,경상북도 포항시 북구 죽도동,경상사고,0,0,3,0,차대차 - 측면충돌,안전운전불이행,건조,맑음,교차로 - 교차로안,승용,남,60세,상해없음,승용,여,26세,경상
2020112000100666,2020년 11월 20일 21시,금요일,경상북도 경산시 조영동,경상사고,0,0,1,0,차대차 - 측면충돌,안전운전불이행,건조,맑음,교차로 - 교차로안,승용,남,23세,상해없음,승용,남,59세,경상
2020112000100691,2020년 11월 20일 22시,금요일,경상북도 김천시 평화동,경상사고,0,0,1,0,차대사람 - 횡단중,안전운전불이행,건조,맑음,단일로 - 기타,승용,남,46세,상해없음,보행자,남,49세,경상
2020112000100692,2020년 11월 20일 22시,금요일,경상북도 구미시 공단동,경상사고,0,0,1,0,차대차 - 기타,안전운전불이행,건조,맑음,교차로 - 교차로안,승용,남,37세,상해없음,승용,여,45세,경상
2020112000100721,2020년 11월 20일 23시,금요일,경상북도 포항시 북구 상원동,경상사고,0,0,1,0,차대차 - 기타,안전운전불이행,건조,맑음,단일로 - 기타,승용,남,34세,상해없음,승용,남,58세,경상
2020112100100012,2020년 11월 21일 00시,토요일,경상북도 구미시 인의동,경상사고,0,0,1,0,차대차 - 측면충돌,중앙선침범,건조,맑음,단일로 - 기타,이륜,남,29세,상해없음,이륜,남,25세,경상
2020112100100013,2020년 11월 21일 00시,토요일,경상북도 상주시 사벌면,경상사고,0,0,1,0,차대차 - 측면충돌,신호위반,건조,맑음,단일로 - 기타,화물,남,70세,상해없음,승용,남,31세,경상
2020112100100045,2020년 11월 21일 02시,토요일,경상북도 구미시 봉곡동,중상사고,0,1,0,0,차대차 - 추돌,안전운전불이행,건조,맑음,단일로 - 기타,승용,남,39세,상해없음,승용,여,48세,중상
2020112100100050,2020년 11월 21일 03시,토요일,경상북도 영천시 완산동,경상사고,0,0,1,0,차대차 - 측면충돌,신호위반,건조,맑음,교차로 - 교차로안,승용,여,52세,상해없음,화물,남,61세,경상
2020112100100060,2020년 11월 21일 04시,토요일,경상북도 경주시 성건동,경상사고,0,0,1,0,차대차 - 추돌,안전운전불이행,건조,맑음,기타 - 기타,승용,남,36세,상해없음,자전거,여,74세,경상
2020112100100061,2020년 11월 21일 04시,토요일,경상북도 경주시 현곡면,중상사고,0,1,0,0,차량단독 - 전도전복 - 전복,안전운전불이행,건조,맑음,교차로 - 교차로부근,화물,남,52세,중상,,,,
2020112100100134,2020년 11월 21일 09시,토요일,경상북도 포항시 북구 죽도동,경상사고,0,0,1,0,차대사람 - 차도통행중,안전운전불이행,건조,맑음,단일로 - 기타,승용,남,65세,상해없음,보행자,여,69세,경상
2020112100100135,2020년 11월 21일 09시,토요일,경상북도 안동시 안기동,경상사고,0,0,1,0,차대차 - 측면충돌,안전거리미확보,건조,맑음,단일로 - 기타,승용,남,50세,상해없음,승용,여,60세,경상
2020112100100190,2020년 11월 21일 11시,토요일,경상북도 포항시 북구 죽도동,중상사고,0,1,1,0,차대차 - 측면충돌,중앙선침범,건조,맑음,교차로 - 교차로안,승용,여,59세,상해없음,이륜,남,80세,중상
2020112100100191,2020년 11월 21일 11시,토요일,경상북도 상주시 서문동,중상사고,0,1,0,0,차대차 - 측면충돌,교차로운행방법위반,건조,맑음,교차로 - 교차로안,승용,여,56세,상해없음,승용,여,60세,중상