사고번호,사고일시,요일,시군구,사고내용,사망자수,중상자수,경상자수,부상신고자수,사고유형,법규위반,노면상태,기상상태,도로형태,가해운전자 차종,가해운전자 성별,가해운전자 연령,가해운전자 상해정도,피해운전자 차종,피해운전자 성별,피해운전자 연령,피해운전자 상해정도
2020112100100192,2020년 11월 21일 11시,토요일,경상북도 포항시 남구 효자동,경상사고,0,0,1,0,차대차 - 기타,과속,건조,맑음,교차로 - 교차로부근,승용,남,36세,경상,승용,남,53세,상해없음
2020112100100232,2020년 11월 21일 12시,토요일,경상북도 문경시 흥덕동,중상사고,0,1,0,0,차대차 - 정면충돌,안전운전불이행,건조,맑음,단일로 - 기타,승용,남,18세,상해없음,자전거,남,57세,중상
2020112100100233,2020년 11월 21일 12시,토요일,경상북도 경산시 진량읍,경상사고,0,0,3,0,차대차 - 기타,안전운전불이행,건조,맑음,교차로 - 교차로부근,화물,여,46세,기타불명,승용,여,30세,경상
2020112100100271,2020년 11월 21일 13시,토요일,경상북도 상주시 서성동,경상사고,0,0,1,0,차대차 - 기타,교차로운행방법위반,건조,맑음,교차로 - 교차로안,승용,남,67세,상해없음,이륜,남,21세,경상
2020112100100272,2020년 11월 21일 13시,토요일,경상북도 영천시 자양면,경상사고,0,0,1,0,차량단독 - 공작물충돌,안전운전불이행,건조,맑음,단일로 - 기타,승용,남,62세,경상,,,,
2020112100100273,2020년 11월 21일 13시,토요일,경상북도 포항시 남구 해도동,중상사고,0,3,1,0,차대차 - 측면충돌,안전운전불이행,건조,맑음,단일로 - 기타,승용,남,64세,상해없음,승용,남,64세,경상
2020112100100354,2020년 11월 21일 15시,토요일,경상북도 문경시 호계면,경상사고,0,0,3,0,차대차 - 추돌,안전운전불이행,건조,흐림,교차로 - 교차로부근,승용,남,90세,경상,승용,여,52세,경상
2020112100100382,2020년 11월 21일 16시,토요일,경상북도 칠곡군 가산면,경상사고,0,0,2,0,차대차 - 추돌,안전운전불이행,건조,맑음,단일로 - 지하차도(도로)내,승용,남,42세,상해없음,승용,남,26세,경상
2020112100100415,2020년 11월 21일 17시,토요일,경상북도 경주시 천군동,경상사고,0,0,3,0,차대차 - 후진중충돌,안전운전불이행,건조,맑음,단일로 - 기타,승용,남,60세,상해없음,승용,남,30세,경상
2020112100100416,2020년 11월 21일 17시,토요일,경상북도 경주시 양남면,경상사고,0,0,1,0,차대차 - 측면충돌,직진우회전진행방해,건조,맑음,교차로 - 교차로안,승용,여,58세,상해없음,승용,남,58세,경상
2020112100100417,2020년 11월 21일 17시,토요일,경상북도 칠곡군 왜관읍,경상사고,0,0,2,0,차대차 - 추돌,안전운전불이행,건조,맑음,단일로 - 기타,승용,여,35세,상해없음,승용,여,40세,경상
2020112100100418,2020년 11월 21일 17시,토요일,경상북도 봉화군 상운면,사망사고,1,0,0,0,차대사람 - 횡단중,보행자보호의무위반,건조,맑음,교차로 - 교차로안,화물,남,59세,상해없음,보행자,여,55세,사망
2020112100100419,2020년 11월 21일 17시,토요일,경상북도 포항시 남구 연일읍,경상사고,0,0,1,0,차대차 - 기타,불법유턴,건조,맑음,교차로 - 교차로부근,승용,남,48세,상해없음,이륜,남,21세,경상
2020112100100460,2020년 11월 21일 18시,토요일,경상북도 경주시 성건동,경상사고,0,0,1,0,차대사람 - 길가장자리구역통행중,안전운전불이행,건조,맑음,교차로 - 교차로안,승용,남,48세,상해없음,보행자,남,65세,경상
2020112100100461,2020년 11월 21일 18시,토요일,경상북도 안동시 송현동,경상사고,0,0,1,0,차대차 - 기타,안전운전불이행,건조,맑음,단일로 - 기타,승용,남,23세,상해없음,승용,여,43세,경상
2020112100100462,2020년 11월 21일 18시,토요일,경상북도 예천군 예천읍,중상사고,0,1,0,0,차대차 - 측면충돌,직진우회전진행방해,건조,맑음,교차로 - 교차로안,승용,남,62세,상해없음,이륜,남,45세,중상
2020112100100463,2020년 11월 21일 18시,토요일,경상북도 구미시 지산동,경상사고,0,0,2,0,차대차 - 측면충돌,안전운전불이행,건조,맑음,교차로 - 교차로부근,승용,여,39세,상해없음,승용,여,59세,경상
2020112100100464,2020년 11월 21일 18시,토요일,경상북도 영주시 풍기읍,중상사고,0,1,0,0,차대사람 - 기타,안전운전불이행,건조,맑음,단일로 - 기타,승용,남,39세,상해없음,보행자,남,66세,중상
2020112100100498,2020년 11월 21일 19시,토요일,경상북도 경주시 서부동,중상사고,0,1,0,1,차량단독 - 기타,안전운전불이행,건조,맑음,교차로 - 교차로안,승용,남,75세,상해없음,,,,
2020112100100499,2020년 11월 21일 19시,토요일,경상북도 칠곡군 북삼읍,부상신고사고,0,0,0,1,차대차 - 측면충돌,직진우회전진행방해,건조,맑음,교차로 - 교차로안,이륜,남,47세,부상신고,승용,남,47세,상해없음
2020112100100500,2020년 11월 21일 19시,토요일,경상북도 칠곡군 석적읍,경상사고,0,0,1,0,차대차 - 측면충돌,안전운전불이행,건조,맑음,교차로 - 교차로안,화물,남,54세,상해없음,승용,남,41세,경상
2020112100100501,2020년 11월 21일 19시,토요일,경상북도 영천시 고경면,중상사고,0,1,0,0,차대차 - 정면충돌,신호위반,건조,맑음,교차로 - 교차로안,승용,여,61세,상해없음,승용,여,59세,상해없음
2020112100100502,2020년 11월 21일 19시,토요일,경상북도 포항시 남구 청림동,중상사고,0,1,0,0,차량단독 - 기타,안전운전불이행,건조,맑음,교차로 - 교차로안,승용,남,65세,중상,,,,
2020112100100532,2020년 11월 21일 20시,토요일,경상북도 경주시 성건동,경상사고,0,0,1,0,차대차 - 기타,안전운전불이행,건조,맑음,단일로 - 기타,승용,남,59세,상해없음,이륜,남,24세,경상
2020112100100568,2020년 11월 21일 22시,토요일,경상북도 포항시 북구 학산동,중상사고,0,1,0,0,차대차 - 후진중충돌,중앙선침범,건조,맑음,단일로 - 기타,승용,남,39세,상해없음,원동기,남,48세,중상
2020112100100593,2020년 11월 21일 23시,토요일,경상북도 안동시 옥동,경상사고,0,0,1,0,차대사람 - 기타,보행자보호의무위반,건조,맑음,단일로 - 기타,승용,남,64세,상해없음,보행자,남,25세,경상
2020112200100008,2020년 11월 22일 00시,일요일,경상북도 영천시 대전동,중상사고,0,1,0,0,차대차 - 추돌,안전거리미확보,건조,맑음,단일로 - 기타,승용,남,49세,상해없음,승용,남,62세,중상
2020112200100028,2020년 11월 22일 01시,일요일,경상북도 김천시 지좌동,경상사고,0,0,1,0,차량단독 - 공작물충돌,안전운전불이행,건조,맑음,단일로 - 기타,승용,남,52세,경상,,,,
2020112200100029,2020년 11월 22일 01시,일요일,경상북도 경산시 조영동,경상사고,0,0,2,0,차대사람 - 길가장자리구역통행중,안전운전불이행,건조,맑음,교차로 - 교차로부근,승용,남,25세,상해없음,보행자,남,20세,상해없음
2020112200100101,2020년 11월 22일 08시,일요일,경상북도 의성군 비안면,경상사고,0,0,3,0,차대차 - 추돌,안전운전불이행,젖음/습기,비,단일로 - 기타,승용,남,55세,경상,화물,남,54세,경상
2020112200100155,2020년 11월 22일 12시,일요일,경상북도 경주시 동천동,중상사고,0,2,1,0,차대차 - 추돌,안전운전불이행,건조,맑음,교차로 - 교차로부근,화물,남,51세,상해없음,승용,남,50세,중상
2020112200100156,2020년 11월 22일 12시,일요일,경상북도 포항시 북구 장성동,경상사고,0,0,2,0,차대차 - 측면충돌,중앙선침범,건조,맑음,단일로 - 기타,승용,남,76세,상해없음,승용,여,43세,경상
2020112200100157,2020년 11월 22일 12시,일요일,경상북도 포항시 남구 연일읍,부상신고사고,0,0,0,1,차대차 - 기타,안전운전불이행,젖음/습기,흐림,교차로 - 교차로안,승용,남,58세,상해없음,자전거,남,66세,부상신고
2020112200100158,2020년 11월 22일 12시,일요일,경상북도 상주시 사벌면,중상사고,0,1,1,0,차대차 - 기타,안전운전불이행,건조,맑음,단일로 - 기타,승용,여,68세,상해없음,승용,여,42세,중상
2020112200100181,2020년 11월 22일 13시,일요일,경상북도 경주시 황성동,경상사고,0,0,2,0,차대차 - 추돌,신호위반,젖음/습기,흐림,교차로 - 교차로안,승용,남,52세,상해없음,승용,남,32세,경상
2020112200100182,2020년 11월 22일 13시,일요일,경상북도 의성군 의성읍,중상사고,0,1,2,0,차대차 - 정면충돌,중앙선침범,건조,맑음,단일로 - 기타,승용,남,27세,경상,승용,남,47세,경상
2020112200100183,2020년 11월 22일 13시,일요일,경상북도 포항시 남구 오천읍,경상사고,0,0,1,0,차대차 - 기타,안전운전불이행,건조,맑음,단일로 - 기타,승용,남,55세,상해없음,이륜,남,21세,경상
2020112200100206,2020년 11월 22일 14시,일요일,경상북도 포항시 북구 장성동,중상사고,0,1,0,0,차대차 - 측면충돌,교차로운행방법위반,건조,맑음,교차로 - 교차로안,승용,남,29세,상해없음,승용,남,53세,중상
2020112200100207,2020년 11월 22일 14시,일요일,경상북도 경산시 삼북동,중상사고,0,1,0,0,차대사람 - 기타,안전운전불이행,건조,맑음,단일로 - 기타,화물,남,54세,상해없음,보행자,여,80세,중상
2020112200100236,2020년 11월 22일 15시,일요일,경상북도 안동시 임하면,경상사고,0,0,1,0,차대차 - 후진중충돌,안전운전불이행,건조,맑음,단일로 - 기타,화물,남,76세,상해없음,승용,남,33세,경상
2020112200100289,2020년 11월 22일 17시,일요일,경상북도 문경시 산양면,경상사고,0,0,1,0,차대차 - 측면충돌,안전운전불이행,건조,맑음,교차로 - 교차로부근,화물,남,22세,상해없음,이륜,남,46세,경상
2020112200100290,2020년 11월 22일 17시,일요일,경상북도 문경시 모전동,경상사고,0,0,1,0,차대차 - 정면충돌,안전운전불이행,건조,맑음,교차로 - 교차로안,승용,여,40세,상해없음,원동기,남,21세,경상
2020112200100291,2020년 11월 22일 17시,일요일,경상북도 포항시 남구 동촌동,중상사고,0,1,0,0,차대차 - 정면충돌,신호위반,건조,맑음,교차로 - 교차로안,승용,남,55세,상해없음,이륜,남,49세,중상
2020112200100292,2020년 11월 22일 17시,일요일,경상북도 포항시 남구 장기면,경상사고,0,0,1,0,차량단독 - 기타,안전운전불이행,젖음/습기,비,단일로 - 기타,화물,남,68세,상해없음,,,,
2020112200100320,2020년 11월 22일 18시,일요일,경상북도 포항시 북구 양덕동,경상사고,0,0,1,0,차대차 - 측면충돌,직진우회전진행방해,건조,맑음,교차로 - 교차로안,승용,남,46세,상해없음,원동기,남,38세,경상
2020112200100347,2020년 11월 22일 19시,일요일,경상북도 경주시 외동읍,경상사고,0,0,1,0,차대차 - 측면충돌,안전운전불이행,건조,맑음,교차로 - 교차로안,승용,남,23세,상해없음,승용,여,62세,경상
2020112200100348,2020년 11월 22일 19시,일요일,경상북도 상주시 헌신동,경상사고,0,0,2,0,차대차 - 기타,교차로운행방법위반,건조,맑음,교차로 - 교차로안,승용,여,50세,경상,화물,남,55세,경상
2020112200100349,2020년 11월 22일 19시,일요일,경상북도 경산시 조영동,경상사고,0,0,1,0,차대차 - 측면충돌,안전운전불이행,건조,맑음,단일로 - 기타,승용,남,51세,상해없음,이륜,남,40세,경상
2020112200100392,2020년 11월 22일 21시,일요일,경상북도 포항시 북구 죽도동,중상사고,0,1,0,0,차대차 - 측면충돌,직진우회전진행방해,건조,맑음,교차로 - 교차로안,승용,남,19세,상해없음,승용,남,65세,중상
2020112200100393,2020년 11월 22일 21시,일요일,경상북도 영주시 문정동,중상사고,0,1,0,0,차량단독 - 공작물충돌,안전운전불이행,건조,기타,기타 - 기타,승용,여,56세,상해없음,,,,
2020112200100394,2020년 11월 22일 21시,일요일,경상북도 칠곡군 북삼읍,중상사고,0,1,0,0,차대사람 - 횡단중,안전운전불이행,건조,맑음,단일로 - 기타,이륜,남,17세,상해없음,보행자,남,2세,중상
2020112200100421,2020년 11월 22일 23시,일요일,경상북도 구미시 진평동,경상사고,0,0,1,0,차대차 - 기타,중앙선침범,건조,맑음,단일로 - 기타,승용,여,31세,상해없음,개인형이동수단(PM),남,18세,경상
2020112300100009,2020년 11월 23일 00시,월요일,경상북도 포항시 북구 두호동,중상사고,0,1,0,1,차대차 - 측면충돌,안전운전불이행,건조,맑음,단일로 - 기타,승용,남,24세,상해없음,승용,남,55세,부상신고
2020112300100046,2020년 11월 23일 06시,월요일,경상북도 영주시 하망동,경상사고,0,0,1,0,차대사람 - 기타,안전운전불이행,건조,맑음,교차로 - 교차로안,승용,남,58세,상해없음,보행자,남,93세,경상
2020112300100047,2020년 11월 23일 06시,월요일,경상북도 포항시 남구 송내동,경상사고,0,0,1,0,차대차 - 기타,기타,건조,맑음,단일로 - 기타,승합,남,49세,상해없음,이륜,남,38세,경상
2020112300100069,2020년 11월 23일 07시,월요일,경상북도 경주시 황성동,부상신고사고,0,0,0,1,차대사람 - 횡단중,안전운전불이행,건조,맑음,단일로 - 기타,기타불명,기타불명,미분류,기타불명,보행자,남,59세,부상신고
2020112300100070,2020년 11월 23일 07시,월요일,경상북도 포항시 북구 두호동,중상사고,0,1,0,0,차량단독 - 공작물충돌,안전운전불이행,건조,맑음,단일로 - 기타,원동기,남,18세,중상,,,,
2020112300100109,2020년 11월 23일 08시,월요일,경상북도 포항시 남구 동해면,경상사고,0,0,2,0,차대차 - 측면충돌,안전운전불이행,건조,맑음,교차로 - 교차로안,승용,여,53세,경상,화물,남,62세,경상
2020112300100110,2020년 11월 23일 08시,월요일,경상북도 김천시 남면,중상사고,0,1,0,0,차대차 - 추돌,안전운전불이행,건조,맑음,단일로 - 기타,화물,남,42세,중상,화물,남,59세,상해없음
2020112300100157,2020년 11월 23일 09시,월요일,경상북도 포항시 북구 대흥동,부상신고사고,0,0,0,1,차대사람 - 기타,안전운전불이행,건조,맑음,단일로 - 기타,승용,여,67세,상해없음,보행자,여,80세,부상신고
2020112300100158,2020년 11월 23일 09시,월요일,경상북도 칠곡군 북삼읍,중상사고,0,1,1,0,차대차 - 측면충돌,신호위반,건조,맑음,교차로 - 교차로안,승용,여,33세,상해없음,승용,여,30세,중상
2020112300100159,2020년 11월 23일 09시,월요일,경상북도 성주군 대가면,중상사고,0,1,0,0,차대차 - 측면충돌,신호위반,건조,맑음,교차로 - 교차로안,승용,여,72세,중상,특수,남,62세,상해없음
2020112300100185,2020년 11월 23일 10시,월요일,경상북도 안동시 수상동,경상사고,0,0,1,0,차대차 - 측면충돌,안전운전불이행,건조,맑음,단일로 - 기타,승용,남,61세,상해없음,승용,남,39세,경상
2020112300100207,2020년 11월 23일 11시,월요일,경상북도 포항시 북구 우현동,경상사고,0,0,1,0,차대차 - 기타,안전운전불이행,건조,맑음,단일로 - 기타,승용,남,69세,상해없음,승용,여,59세,경상
2020112300100208,2020년 11월 23일 11시,월요일,경상북도 경산시 정평동,경상사고,0,0,2,0,차량단독 - 기타,안전운전불이행,건조,맑음,단일로 - 기타,승용,남,55세,상해없음,,,,
2020112300100209,2020년 11월 23일 11시,월요일,경상북도 예천군 호명면,경상사고,0,0,1,0,차대차 - 측면충돌,안전거리미확보,건조,맑음,교차로 - 교차로부근,승용,남,29세,상해없음,화물,남,34세,경상
2020112300100210,2020년 11월 23일 11시,월요일,경상북도 포항시 남구 오천읍,경상사고,0,0,1,0,차대차 - 기타,안전운전불이행,건조,맑음,교차로 - 교차로부근,승용,여,41세,상해없음,승용,남,40세,상해없음
2020112300100211,2020년 11월 23일 11시,월요일,경상북도 포항시 남구 대도동,중상사고,0,1,0,0,차대사람 - 길가장자리구역통행중,안전운전불이행,건조,맑음,단일로 - 기타,승용,남,54세,상해없음,보행자,여,79세,중상
2020112300100254,2020년 11월 23일 12시,월요일,경상북도 안동시 용상동,경상사고,0,0,2,0,차대차 - 추돌,안전운전불이행,건조,맑음,단일로 - 기타,승용,남,40세,상해없음,승용,남,22세,경상
2020112300100255,2020년 11월 23일 12시,월요일,경상북도 상주시 이안면,경상사고,0,0,2,0,차대차 - 기타,안전거리미확보,건조,맑음,교차로 - 교차로부근,승용,여,63세,상해없음,화물,남,59세,경상
2020112300100256,2020년 11월 23일 12시,월요일,경상북도 포항시 남구 해도동,부상신고사고,0,0,0,1,차대차 - 후진중충돌,불법유턴,건조,맑음,교차로 - 교차로안,화물,남,52세,상해없음,자전거,남,83세,부상신고
2020112300100298,2020년 11월 23일 13시,월요일,경상북도 김천시 대항면,경상사고,0,0,3,0,차대차 - 후진중충돌,안전운전불이행,건조,맑음,단일로 - 기타,승합,여,61세,상해없음,승용,여,22세,경상
2020112300100299,2020년 11월 23일 13시,월요일,경상북도 경산시 사동,경상사고,0,0,3,0,차대차 - 측면충돌,교차로운행방법위반,건조,맑음,교차로 - 교차로안,승용,남,48세,경상,화물,남,44세,경상
2020112300100300,2020년 11월 23일 13시,월요일,경상북도 울진군 후포면,경상사고,0,0,1,0,차대차 - 추돌,안전운전불이행,건조,맑음,교차로 - 교차로부근,승용,여,45세,상해없음,승용,여,57세,경상
2020112300100301,2020년 11월 23일 13시,월요일,경상북도 구미시 구평동,중상사고,0,1,0,0,차대차 - 기타,안전운전불이행,건조,맑음,단일로 - 기타,승용,여,42세,상해없음,승용,여,46세,중상
2020112300100302,2020년 11월 23일 13시,월요일,경상북도 구미시 무을면,중상사고,0,1,0,0,차량단독 - 공작물충돌,안전운전불이행,건조,맑음,단일로 - 기타,화물,남,64세,중상,,,,
2020112300100330,2020년 11월 23일 14시,월요일,경상북도 포항시 북구 장성동,경상사고,0,0,1,0,차대차 - 측면충돌,교차로운행방법위반,건조,맑음,교차로 - 교차로안,승용,여,51세,상해없음,승용,여,66세,경상
2020112300100331,2020년 11월 23일 14시,월요일,경상북도 안동시 정하동,경상사고,0,0,1,0,차대차 - 측면충돌,교차로운행방법위반,건조,맑음,교차로 - 교차로안,승용,남,25세,상해없음,승용,여,67세,경상
2020112300100332,2020년 11월 23일 14시,월요일,경상북도 경산시 하양읍,경상사고,0,0,1,0,차대차 - 추돌,안전거리미확보,건조,맑음,교차로 - 교차로부근,승용,남,27세,상해없음,승용,남,31세,상해없음
2020112300100333,2020년 11월 23일 14시,월요일,경상북도 구미시 도량동,부상신고사고,0,0,0,1,차대차 - 기타,안전운전불이행,건조,맑음,단일로 - 기타,승용,여,46세,상해없음,이륜,남,23세,부상신고
2020112300100334,2020년 11월 23일 14시,월요일,경상북도 구미시 도량동,중상사고,0,1,0,0,차대차 - 기타,중앙선침범,건조,맑음,단일로 - 기타,승용,남,59세,상해없음,이륜,남,32세,중상
2020112300100335,2020년 11월 23일 14시,월요일,경상북도 포항시 남구 오천읍,경상사고,0,0,1,0,차대차 - 기타,교차로운행방법위반,건조,맑음,교차로 - 교차로안,화물,남,50세,상해없음,승용,여,37세,경상
2020112300100362,2020년 11월 23일 15시,월요일,경상북도 상주시 지천동,중상사고,0,2,0,0,차대차 - 측면충돌,교차로운행방법위반,건조,맑음,교차로 - 교차로안,승용,여,45세,상해없음,승용,여,57세,중상
2020112300100363,2020년 11월 23일 15시,월요일,경상북도 구미시 옥계동,경상사고,0,0,1,0,차대사람 - 기타,안전운전불이행,건조,맑음,기타 - 기타,승용,남,77세,상해없음,보행자,남,30세,경상
2020112300100397,2020년 11월 23일 16시,월요일,경상북도 칠곡군 가산면,경상사고,0,0,1,0,차대차 - 측면충돌,안전거리미확보,건조,맑음,교차로 - 교차로안,승용,남,51세,상해없음,승용,남,61세,경상
2020112300100398,2020년 11월 23일 16시,월요일,경상북도 칠곡군 약목면,경상사고,0,0,1,0,차대차 - 측면충돌,안전운전불이행,건조,맑음,교차로 - 교차로안,승용,남,59세,기타불명,승용,여,56세,경상
2020112300100399,2020년 11월 23일 16시,월요일,경상북도 경산시 자인면,경상사고,0,0,1,0,차대사람 - 횡단중,안전운전불이행,건조,맑음,단일로 - 지하차도(도로)내,이륜,남,50세,상해없음,보행자,남,38세,경상
2020112300100446,2020년 11월 23일 17시,월요일,경상북도 포항시 남구 오천읍,중상사고,0,1,0,0,차대차 - 기타,불법유턴,건조,맑음,단일로 - 기타,승용,남,19세,상해없음,이륜,여,26세,중상
2020112300100447,2020년 11월 23일 17시,월요일,경상북도 포항시 남구 해도동,경상사고,0,0,1,0,차대차 - 추돌,안전운전불이행,건조,맑음,교차로 - 교차로부근,승용,남,56세,상해없음,화물,남,53세,상해없음
2020112300100505,2020년 11월 23일 18시,월요일,경상북도 봉화군 법전면,경상사고,0,0,2,0,차대차 - 기타,안전운전불이행,건조,맑음,기타 - 기타,승용,여,59세,경상,승용,여,61세,경상
2020112300100506,2020년 11월 23일 18시,월요일,경상북도 구미시 구평동,중상사고,0,1,0,0,차대사람 - 기타,교차로운행방법위반,건조,맑음,단일로 - 기타,승용,여,23세,상해없음,보행자,여,38세,중상
2020112300100507,2020년 11월 23일 18시,월요일,경상북도 구미시 옥계동,중상사고,0,1,0,0,차대차 - 기타,안전운전불이행,건조,맑음,교차로 - 교차로부근,기타불명,기타불명,미분류,기타불명,이륜,남,22세,중상
2020112300100541,2020년 11월 23일 19시,월요일,경상북도 칠곡군 북삼읍,경상사고,0,0,1,0,차대차 - 추돌,안전거리미확보,건조,맑음,교차로 - 교차로부근,화물,남,57세,상해없음,승용,여,28세,경상
2020112300100606,2020년 11월 23일 22시,월요일,경상북도 경주시 동천동,중상사고,0,1,0,0,차대사람 - 횡단중,보행자보호의무위반,건조,맑음,단일로 - 기타,승용,남,41세,상해없음,보행자,남,36세,중상
2020112300100607,2020년 11월 23일 22시,월요일,경상북도 구미시 도량동,중상사고,0,1,0,0,차대차 - 기타,안전운전불이행,건조,맑음,단일로 - 기타,승용,남,46세,상해없음,이륜,남,36세,중상
2020112400100019,2020년 11월 24일 01시,화요일,경상북도 경산시 정평동,경상사고,0,0,1,0,차대차 - 후진중충돌,안전운전불이행,건조,맑음,주차장 - 주차장,승용,남,32세,상해없음,승용,남,32세,경상
2020112400100039,2020년 11월 24일 05시,화요일,경상북도 칠곡군 가산면,중상사고,0,1,0,0,차량단독 - 도로외이탈 - 추락,안전운전불이행,건조,맑음,교차로 - 교차로부근,승용,남,50세,중상,,,,
2020112400100049,2020년 11월 24일 06시,화요일,경상북도 경산시 중방동,경상사고,0,0,1,0,차대차 - 측면충돌,신호위반,건조,맑음,교차로 - 교차로안,화물,남,58세,상해없음,승용,남,35세,경상
2020112400100072,2020년 11월 24일 07시,화요일,경상북도 영천시 망정동,경상사고,0,0,1,0,차대차 - 추돌,안전운전불이행,건조,맑음,교차로 - 교차로부근,승용,남,62세,상해없음,승용,남,28세,경상
2020112400100073,2020년 11월 24일 07시,화요일,경상북도 구미시 임수동,경상사고,0,0,1,0,차대차 - 추돌,안전운전불이행,건조,맑음,단일로 - 기타,승용,남,36세,상해없음,승용,여,50세,경상
2020112400100129,2020년 11월 24일 09시,화요일,경상북도 포항시 남구 송도동,경상사고,0,0,1,0,차대차 - 추돌,안전운전불이행,건조,맑음,단일로 - 기타,화물,남,40세,상해없음,화물,남,39세,경상
2020112400100130,2020년 11월 24일 09시,화요일,경상북도 포항시 남구 해도동,경상사고,0,0,1,0,차대차 - 기타,안전운전불이행,건조,맑음,단일로 - 기타,자전거,남,73세,경상,승용,여,53세,상해없음
2020112400100152,2020년 11월 24일 10시,화요일,경상북도 칠곡군 가산면,중상사고,0,1,0,0,차대사람 - 차도통행중,안전운전불이행,건조,맑음,단일로 - 기타,화물,남,63세,상해없음,보행자,여,50세,중상
2020112400100153,2020년 11월 24일 10시,화요일,경상북도 고령군 운수면,경상사고,0,0,1,0,차대차 - 측면충돌,안전운전불이행,건조,맑음,단일로 - 기타,승용,남,64세,경상,특수,남,47세,상해없음
2020112400100154,2020년 11월 24일 10시,화요일,경상북도 구미시 옥계동,경상사고,0,0,1,1,차대차 - 측면충돌,교차로운행방법위반,건조,맑음,단일로 - 기타,화물,남,66세,부상신고,승용,여,58세,경상
2020112400100155,2020년 11월 24일 10시,화요일,경상북도 포항시 남구 상도동,중상사고,0,1,0,0,차대차 - 기타,안전운전불이행,건조,맑음,단일로 - 기타,자전거,여,73세,중상,승용,남,29세,상해없음
2020112400100189,2020년 11월 24일 11시,화요일,경상북도 고령군 대가야읍,중상사고,0,1,0,0,차대사람 - 횡단중,안전운전불이행,건조,맑음,단일로 - 기타,화물,남,51세,상해없음,보행자,여,70세,중상
2020112400100223,2020년 11월 24일 12시,화요일,경상북도 구미시 도량동,중상사고,0,1,0,0,차대차 - 기타,신호위반,건조,맑음,교차로 - 교차로안,이륜,남,29세,상해없음,자전거,여,62세,중상
2020112400100286,2020년 11월 24일 14시,화요일,경상북도 김천시 아포읍,경상사고,0,0,1,0,차대차 - 측면충돌,안전운전불이행,건조,맑음,기타 - 기타,기타불명,남,64세,상해없음,화물,여,47세,경상
2020112400100329,2020년 11월 24일 15시,화요일,경상북도 김천시 신음동,경상사고,0,0,1,0,차대사람 - 횡단중,안전운전불이행,건조,맑음,교차로 - 교차로부근,승용,여,25세,상해없음,보행자,남,53세,경상
2020112400100330,2020년 11월 24일 15시,화요일,경상북도 상주시 성동동,경상사고,0,0,1,0,차대차 - 추돌,안전거리미확보,건조,맑음,기타 - 기타,승합,여,40세,상해없음,화물,남,64세,경상
2020112400100331,2020년 11월 24일 15시,화요일,경상북도 청도군 각북면,경상사고,0,0,1,0,차대사람 - 기타,안전운전불이행,건조,흐림,단일로 - 기타,승용,남,64세,상해없음,보행자,여,71세,경상
2020112400100332,2020년 11월 24일 15시,화요일,경상북도 포항시 남구 상도동,경상사고,0,0,1,0,차대차 - 추돌,안전운전불이행,건조,맑음,교차로 - 교차로부근,승용,남,68세,상해없음,승용,여,63세,경상
2020112400100374,2020년 11월 24일 16시,화요일,경상북도 영천시 고경면,경상사고,0,0,1,0,차대차 - 측면충돌,안전운전불이행,건조,맑음,기타 - 기타,승용,여,52세,상해없음,자전거,남,78세,경상
2020112400100375,2020년 11월 24일 16시,화요일,경상북도 경산시 임당동,경상사고,0,0,1,0,차대차 - 기타,안전운전불이행,건조,맑음,교차로 - 교차로안,승용,남,66세,상해없음,이륜,남,27세,경상
2020112400100376,2020년 11월 24일 16시,화요일,경상북도 구미시 도량동,중상사고,0,1,0,0,차대차 - 기타,안전거리미확보,건조,맑음,단일로 - 기타,승용,여,55세,상해없음,이륜,남,79세,중상
2020112400100426,2020년 11월 24일 17시,화요일,경상북도 안동시 옥동,경상사고,0,0,3,1,차대차 - 측면충돌,교차로운행방법위반,건조,맑음,교차로 - 교차로안,승용,여,53세,경상,승용,남,20세,경상
2020112400100479,2020년 11월 24일 18시,화요일,경상북도 경주시 진현동,경상사고,0,0,2,1,차대차 - 측면충돌,안전운전불이행,건조,맑음,교차로 - 교차로안,승용,여,33세,부상신고,승용,남,62세,경상
2020112400100480,2020년 11월 24일 18시,화요일,경상북도 경산시 중방동,중상사고,0,1,0,0,차대사람 - 횡단중,보행자보호의무위반,건조,맑음,단일로 - 지하차도(도로)내,승용,여,50세,상해없음,보행자,남,73세,중상
2020112400100481,2020년 11월 24일 18시,화요일,경상북도 구미시 임은동,경상사고,0,0,1,0,차대차 - 기타,안전운전불이행,건조,맑음,교차로 - 교차로안,승용,남,60세,상해없음,승용,남,50세,경상
2020112400100482,2020년 11월 24일 18시,화요일,경상북도 포항시 남구 괴동동,경상사고,0,0,1,0,차대차 - 기타,안전운전불이행,건조,맑음,단일로 - 기타,승용,남,39세,상해없음,승용,남,67세,경상
2020112400100533,2020년 11월 24일 19시,화요일,경상북도 고령군 성산면,중상사고,0,1,1,0,차대차 - 측면충돌,안전운전불이행,건조,맑음,단일로 - 기타,승용,여,44세,상해없음,승용,남,68세,경상