사고번호,사고일시,요일,시군구,사고내용,사망자수,중상자수,경상자수,부상신고자수,사고유형,법규위반,노면상태,기상상태,도로형태,가해운전자 차종,가해운전자 성별,가해운전자 연령,가해운전자 상해정도,피해운전자 차종,피해운전자 성별,피해운전자 연령,피해운전자 상해정도
2020120100100419,2020년 12월 1일 16시,화요일,경상북도 청도군 화양읍,경상사고,0,0,1,0,차대차 - 측면충돌,직진우회전진행방해,건조,맑음,교차로 - 교차로안,승용,여,51세,상해없음,승용,여,38세,경상
2020120100100420,2020년 12월 1일 16시,화요일,경상북도 구미시 지산동,경상사고,0,0,1,1,차대차 - 추돌,안전운전불이행,건조,맑음,단일로 - 기타,승용,여,31세,부상신고,승용,남,51세,경상
2020120100100421,2020년 12월 1일 16시,화요일,경상북도 포항시 남구 괴동동,중상사고,0,1,0,0,차대차 - 기타,직진우회전진행방해,건조,맑음,교차로 - 교차로안,이륜,남,63세,중상,화물,남,62세,상해없음
2020120100100464,2020년 12월 1일 17시,화요일,경상북도 영덕군 영덕읍,경상사고,0,0,1,0,차대차 - 기타,안전운전불이행,건조,맑음,교차로 - 교차로안,승용,여,54세,상해없음,화물,남,54세,경상
2020120100100465,2020년 12월 1일 17시,화요일,경상북도 구미시 사곡동,경상사고,0,0,1,0,차대차 - 기타,신호위반,건조,맑음,교차로 - 교차로안,승합,남,59세,상해없음,승용,남,59세,경상
2020120100100466,2020년 12월 1일 17시,화요일,경상북도 구미시 임은동,경상사고,0,0,1,0,차대사람 - 기타,안전운전불이행,기타,기타,기타 - 기타,승용,남,43세,상해없음,보행자,남,60세,경상
2020120100100467,2020년 12월 1일 17시,화요일,경상북도 포항시 남구 대잠동,경상사고,0,0,1,0,차대차 - 기타,교차로운행방법위반,건조,맑음,교차로 - 교차로횡단보도내,승용,여,33세,상해없음,이륜,남,52세,경상
2020120100100468,2020년 12월 1일 17시,화요일,경상북도 포항시 남구 해도동,중상사고,0,1,1,0,차대차 - 측면충돌,직진우회전진행방해,건조,맑음,교차로 - 교차로안,승용,여,57세,중상,화물,남,51세,경상
2020120100100515,2020년 12월 1일 18시,화요일,경상북도 김천시 율곡동,중상사고,0,1,0,0,차대사람 - 횡단중,보행자보호의무위반,건조,맑음,교차로 - 교차로횡단보도내,승용,여,61세,상해없음,보행자,남,47세,중상
2020120100100516,2020년 12월 1일 18시,화요일,경상북도 상주시 무양동,경상사고,0,0,1,0,차대차 - 측면충돌,신호위반,건조,맑음,교차로 - 교차로안,승용,여,53세,상해없음,승용,남,30세,경상
2020120100100517,2020년 12월 1일 18시,화요일,경상북도 포항시 남구 대잠동,경상사고,0,0,1,0,차대차 - 측면충돌,안전운전불이행,건조,맑음,교차로 - 교차로안,승용,남,53세,상해없음,승용,남,29세,경상
2020120100100555,2020년 12월 1일 19시,화요일,경상북도 칠곡군 가산면,경상사고,0,0,1,0,차대사람 - 횡단중,안전운전불이행,건조,맑음,교차로 - 교차로횡단보도내,승용,남,31세,상해없음,보행자,남,18세,경상
2020120100100613,2020년 12월 1일 21시,화요일,경상북도 구미시 공단동,경상사고,0,0,2,0,차대차 - 추돌,안전운전불이행,건조,맑음,교차로 - 교차로부근,승용,남,48세,상해없음,승용,여,46세,경상
2020120100100635,2020년 12월 1일 22시,화요일,경상북도 구미시 상모동,경상사고,0,0,2,1,차대차 - 추돌,안전운전불이행,건조,맑음,단일로 - 기타,승용,남,40세,상해없음,승합,남,50세,상해없음
2020120200100032,2020년 12월 2일 06시,수요일,경상북도 칠곡군 석적읍,경상사고,0,0,1,1,차대차 - 추돌,안전운전불이행,건조,맑음,단일로 - 기타,승용,남,63세,부상신고,승용,남,46세,경상
2020120200100033,2020년 12월 2일 06시,수요일,경상북도 청도군 금천면,중상사고,0,1,0,0,차대차 - 측면충돌,안전운전불이행,건조,흐림,교차로 - 교차로안,승용,남,35세,상해없음,승용,여,65세,중상
2020120200100034,2020년 12월 2일 06시,수요일,경상북도 구미시 공단동,경상사고,0,0,1,1,차대차 - 기타,신호위반,건조,맑음,교차로 - 교차로안,승용,남,34세,부상신고,승용,남,45세,경상
2020120200100105,2020년 12월 2일 09시,수요일,경상북도 경주시 천북면,경상사고,0,0,1,0,차대차 - 측면충돌,신호위반,건조,맑음,교차로 - 교차로부근,승용,남,19세,상해없음,승합,남,42세,경상
2020120200100106,2020년 12월 2일 09시,수요일,경상북도 경주시 외동읍,중상사고,0,1,0,0,차량단독 - 공작물충돌,안전운전불이행,건조,맑음,교차로 - 교차로안,화물,남,44세,중상,,,,
2020120200100107,2020년 12월 2일 09시,수요일,경상북도 영천시 북안면,경상사고,0,0,1,1,차대차 - 후진중충돌,안전운전불이행,건조,맑음,단일로 - 기타,화물,남,59세,상해없음,승용,여,43세,경상
2020120200100108,2020년 12월 2일 09시,수요일,경상북도 군위군 의흥면,중상사고,0,1,0,0,차대차 - 기타,중앙선침범,건조,맑음,교차로 - 교차로안,화물,남,58세,상해없음,승용,남,50세,중상
2020120200100134,2020년 12월 2일 10시,수요일,경상북도 예천군 예천읍,중상사고,0,1,0,0,차대사람 - 기타,안전운전불이행,건조,맑음,단일로 - 기타,승용,여,59세,상해없음,보행자,남,85세,중상
2020120200100155,2020년 12월 2일 11시,수요일,경상북도 김천시 평화동,경상사고,0,0,1,0,차대사람 - 차도통행중,안전운전불이행,건조,맑음,교차로 - 교차로안,승용,여,50세,상해없음,보행자,남,69세,경상
2020120200100192,2020년 12월 2일 12시,수요일,경상북도 포항시 북구 양덕동,경상사고,0,0,1,0,차대사람 - 기타,안전운전불이행,건조,맑음,단일로 - 기타,승용,남,36세,상해없음,보행자,여,16세,경상
2020120200100193,2020년 12월 2일 12시,수요일,경상북도 상주시 남성동,경상사고,0,0,1,0,차대차 - 기타,교차로운행방법위반,건조,맑음,교차로 - 교차로안,승용,남,75세,상해없음,이륜,남,34세,경상
2020120200100218,2020년 12월 2일 13시,수요일,경상북도 상주시 개운동,사망사고,1,0,0,0,차대차 - 측면충돌,안전운전불이행,건조,맑음,교차로 - 교차로안,이륜,남,81세,사망,화물,남,54세,상해없음
2020120200100219,2020년 12월 2일 13시,수요일,경상북도 칠곡군 석적읍,경상사고,0,0,3,0,차대차 - 추돌,안전운전불이행,건조,맑음,단일로 - 기타,승용,여,40세,상해없음,승용,남,60세,경상
2020120200100220,2020년 12월 2일 13시,수요일,경상북도 칠곡군 석적읍,중상사고,0,1,0,0,차대차 - 측면충돌,안전운전불이행,건조,맑음,단일로 - 기타,이륜,남,64세,중상,승용,여,51세,상해없음
2020120200100221,2020년 12월 2일 13시,수요일,경상북도 봉화군 봉화읍,중상사고,0,2,1,0,차대차 - 측면충돌,신호위반,건조,맑음,교차로 - 교차로안,승합,남,62세,중상,화물,남,39세,경상
2020120200100254,2020년 12월 2일 14시,수요일,경상북도 포항시 북구 용흥동,경상사고,0,0,1,0,차대차 - 측면충돌,안전운전불이행,건조,맑음,단일로 - 기타,승용,여,49세,상해없음,승용,남,39세,경상
2020120200100255,2020년 12월 2일 14시,수요일,경상북도 영천시 완산동,경상사고,0,0,1,0,차대차 - 측면충돌,안전운전불이행,건조,맑음,교차로 - 교차로안,화물,남,78세,상해없음,승용,여,56세,경상
2020120200100285,2020년 12월 2일 15시,수요일,경상북도 상주시 개운동,경상사고,0,0,3,0,차대차 - 추돌,안전운전불이행,건조,맑음,교차로 - 교차로부근,이륜,남,53세,경상,승용,여,47세,경상
2020120200100286,2020년 12월 2일 15시,수요일,경상북도 의성군 단촌면,중상사고,0,1,0,0,차대사람 - 차도통행중,안전운전불이행,건조,맑음,단일로 - 기타,화물,남,69세,상해없음,보행자,여,70세,중상
2020120200100287,2020년 12월 2일 15시,수요일,경상북도 경산시 중방동,경상사고,0,0,2,0,차대차 - 측면충돌,교차로운행방법위반,건조,맑음,교차로 - 교차로안,화물,남,60세,경상,승용,여,53세,경상
2020120200100288,2020년 12월 2일 15시,수요일,경상북도 예천군 예천읍,중상사고,0,1,0,0,차대차 - 측면충돌,안전운전불이행,건조,맑음,교차로 - 교차로안,승용,여,48세,상해없음,자전거,여,69세,중상
2020120200100318,2020년 12월 2일 16시,수요일,경상북도 영천시 괴연동,경상사고,0,0,1,0,차대차 - 측면충돌,안전운전불이행,건조,맑음,기타 - 기타,승용,남,72세,상해없음,농기계,남,69세,경상
2020120200100360,2020년 12월 2일 17시,수요일,경상북도 영주시 휴천동,경상사고,0,0,1,0,차대사람 - 횡단중,안전운전불이행,건조,맑음,교차로 - 교차로안,승용,여,49세,상해없음,보행자,남,9세,경상
2020120200100361,2020년 12월 2일 17시,수요일,경상북도 문경시 흥덕동,경상사고,0,0,1,0,차대차 - 측면충돌,중앙선침범,건조,맑음,단일로 - 기타,화물,남,52세,상해없음,이륜,남,45세,경상
2020120200100362,2020년 12월 2일 17시,수요일,경상북도 성주군 월항면,경상사고,0,0,1,0,차대사람 - 기타,안전운전불이행,건조,맑음,교차로 - 교차로부근,화물,여,54세,상해없음,보행자,남,60세,경상
2020120200100363,2020년 12월 2일 17시,수요일,경상북도 구미시 사곡동,경상사고,0,0,1,0,차대차 - 측면충돌,안전거리미확보,건조,맑음,단일로 - 기타,승용,여,55세,상해없음,승용,여,45세,경상
2020120200100364,2020년 12월 2일 17시,수요일,경상북도 구미시 공단동,경상사고,0,0,1,0,차대차 - 추돌,안전운전불이행,건조,맑음,교차로 - 교차로부근,승합,남,24세,상해없음,승용,여,45세,경상
2020120200100429,2020년 12월 2일 18시,수요일,경상북도 김천시 율곡동,경상사고,0,0,1,0,차대차 - 측면충돌,안전운전불이행,건조,맑음,교차로 - 교차로안,승용,남,34세,상해없음,자전거,남,10세,경상
2020120200100430,2020년 12월 2일 18시,수요일,경상북도 성주군 성주읍,경상사고,0,0,1,0,차대차 - 측면충돌,안전거리미확보,건조,맑음,기타 - 기타,승용,여,25세,기타불명,승용,여,65세,경상
2020120200100431,2020년 12월 2일 18시,수요일,경상북도 포항시 남구 지곡동,경상사고,0,0,2,0,차대차 - 측면충돌,신호위반,건조,맑음,교차로 - 교차로안,승용,여,30세,경상,승용,여,30세,경상
2020120200100432,2020년 12월 2일 18시,수요일,경상북도 포항시 남구 대도동,중상사고,0,1,0,0,차대차 - 측면충돌,안전운전불이행,건조,맑음,단일로 - 기타,화물,남,54세,상해없음,이륜,남,27세,중상
2020120200100519,2020년 12월 2일 20시,수요일,경상북도 구미시 고아읍,경상사고,0,0,1,0,차대차 - 기타,교차로운행방법위반,건조,맑음,교차로 - 교차로안,승용,남,41세,상해없음,이륜,남,34세,경상
2020120200100548,2020년 12월 2일 21시,수요일,경상북도 구미시 도개면,경상사고,0,0,1,0,차대차 - 기타,안전운전불이행,건조,맑음,주차장 - 주차장,화물,남,43세,상해없음,승용,남,31세,경상
2020120200100558,2020년 12월 2일 22시,수요일,경상북도 포항시 남구 오천읍,경상사고,0,0,1,0,차대차 - 측면충돌,중앙선침범,건조,맑음,단일로 - 기타,이륜,남,28세,경상,승용,남,52세,상해없음
2020120200100570,2020년 12월 2일 23시,수요일,경상북도 구미시 도량동,부상신고사고,0,0,0,1,차량단독 - 공작물충돌,안전운전불이행,건조,맑음,단일로 - 기타,승용,여,25세,부상신고,,,,
2020120300100004,2020년 12월 3일 00시,목요일,경상북도 구미시 옥계동,경상사고,0,0,1,0,차대차 - 추돌,안전운전불이행,건조,맑음,단일로 - 기타,승용,여,48세,상해없음,승용,남,26세,경상
2020120300100011,2020년 12월 3일 01시,목요일,경상북도 칠곡군 약목면,경상사고,0,0,1,0,차량단독 - 공작물충돌,안전운전불이행,건조,맑음,단일로 - 기타,승용,여,41세,경상,,,,
2020120300100039,2020년 12월 3일 06시,목요일,경상북도 의성군 의성읍,경상사고,0,0,1,0,차대차 - 측면충돌,안전운전불이행,건조,맑음,교차로 - 교차로안,승용,여,57세,상해없음,이륜,남,59세,경상
2020120300100040,2020년 12월 3일 06시,목요일,경상북도 포항시 남구 동촌동,중상사고,0,1,0,0,차대차 - 기타,안전거리미확보,건조,맑음,단일로 - 기타,승용,남,33세,상해없음,이륜,남,41세,중상
2020120300100062,2020년 12월 3일 07시,목요일,경상북도 경주시 서악동,중상사고,0,1,0,0,차대차 - 측면충돌,안전운전불이행,건조,맑음,단일로 - 교량,자전거,남,29세,중상,이륜,남,72세,상해없음
2020120300100090,2020년 12월 3일 08시,목요일,경상북도 포항시 남구 오천읍,경상사고,0,0,1,0,차대차 - 기타,교차로운행방법위반,건조,맑음,교차로 - 교차로안,승용,남,44세,상해없음,자전거,남,88세,경상
2020120300100143,2020년 12월 3일 10시,목요일,경상북도 안동시 옥동,경상사고,0,0,1,0,차대차 - 기타,안전운전불이행,건조,맑음,교차로 - 교차로부근,승용,여,51세,상해없음,승용,여,47세,경상
2020120300100167,2020년 12월 3일 11시,목요일,경상북도 안동시 태화동,중상사고,0,1,0,0,차대차 - 기타,안전운전불이행,건조,맑음,교차로 - 교차로안,자전거,여,62세,중상,승용,여,69세,상해없음
2020120300100168,2020년 12월 3일 11시,목요일,경상북도 칠곡군 가산면,경상사고,0,0,2,0,차대차 - 기타,신호위반,건조,맑음,교차로 - 교차로안,화물,남,63세,상해없음,승용,남,65세,경상
2020120300100169,2020년 12월 3일 11시,목요일,경상북도 포항시 남구 오천읍,경상사고,0,0,1,0,차대차 - 추돌,기타,건조,맑음,단일로 - 기타,이륜,남,19세,상해없음,이륜,남,31세,경상
2020120300100170,2020년 12월 3일 11시,목요일,경상북도 포항시 남구 대송면,경상사고,0,0,4,0,차대차 - 추돌,안전거리미확보,건조,맑음,교차로 - 교차로부근,승용,여,36세,경상,승용,남,30세,경상
2020120300100171,2020년 12월 3일 11시,목요일,경상북도 포항시 남구 지곡동,경상사고,0,0,1,0,차대사람 - 횡단중,신호위반,건조,맑음,교차로 - 교차로횡단보도내,이륜,남,28세,상해없음,보행자,여,16세,경상
2020120300100200,2020년 12월 3일 12시,목요일,경상북도 안동시 태화동,경상사고,0,0,2,0,차대차 - 추돌,직진우회전진행방해,건조,맑음,교차로 - 교차로안,승용,여,23세,경상,승용,남,43세,경상
2020120300100201,2020년 12월 3일 12시,목요일,경상북도 상주시 함창읍,경상사고,0,0,1,0,차대차 - 추돌,안전운전불이행,건조,맑음,교차로 - 교차로안,승용,남,52세,상해없음,승용,여,56세,경상
2020120300100202,2020년 12월 3일 12시,목요일,경상북도 구미시 산동면,중상사고,0,3,1,0,차대차 - 기타,교차로운행방법위반,건조,맑음,교차로 - 교차로안,승용,여,30세,상해없음,승용,남,46세,경상
2020120300100203,2020년 12월 3일 12시,목요일,경상북도 구미시 도량동,중상사고,0,1,0,0,차대차 - 기타,신호위반,건조,맑음,교차로 - 교차로부근,승용,여,60세,상해없음,원동기,남,22세,중상
2020120300100204,2020년 12월 3일 12시,목요일,경상북도 포항시 남구 장기면,경상사고,0,0,1,0,차대사람 - 기타,안전운전불이행,건조,맑음,단일로 - 기타,화물,남,66세,상해없음,보행자,남,59세,경상
2020120300100232,2020년 12월 3일 13시,목요일,경상북도 안동시 풍산읍,중상사고,0,1,0,0,차대차 - 측면충돌,안전운전불이행,건조,맑음,단일로 - 기타,화물,여,51세,상해없음,이륜,남,78세,중상
2020120300100233,2020년 12월 3일 13시,목요일,경상북도 포항시 남구 송도동,경상사고,0,0,1,0,차대차 - 추돌,안전거리미확보,건조,맑음,교차로 - 교차로안,승용,남,36세,상해없음,승용,남,54세,경상
2020120300100267,2020년 12월 3일 14시,목요일,경상북도 안동시 북후면,중상사고,0,1,1,0,차대차 - 추돌,안전운전불이행,건조,맑음,단일로 - 기타,화물,남,66세,경상,건설기계,남,39세,중상
2020120300100268,2020년 12월 3일 14시,목요일,경상북도 성주군 용암면,경상사고,0,0,1,0,차대차 - 기타,신호위반,건조,맑음,교차로 - 교차로안,화물,남,67세,상해없음,화물,남,57세,경상
2020120300100298,2020년 12월 3일 15시,목요일,경상북도 경산시 하양읍,중상사고,0,1,0,0,차대차 - 측면충돌,신호위반,건조,맑음,단일로 - 기타,승용,여,39세,상해없음,승용,여,43세,중상
2020120300100299,2020년 12월 3일 15시,목요일,경상북도 예천군 예천읍,경상사고,0,0,1,0,차대차 - 기타,안전운전불이행,건조,맑음,단일로 - 기타,기타불명,기타불명,미분류,기타불명,건설기계,남,47세,경상
2020120300100339,2020년 12월 3일 16시,목요일,경상북도 안동시 용상동,경상사고,0,0,1,1,차대차 - 정면충돌,신호위반,건조,맑음,교차로 - 교차로안,승용,여,56세,부상신고,승용,남,44세,경상
2020120300100380,2020년 12월 3일 17시,목요일,경상북도 안동시 태화동,경상사고,0,0,1,0,차대차 - 기타,안전운전불이행,건조,맑음,단일로 - 기타,승용,남,63세,상해없음,승용,남,25세,경상
2020120300100381,2020년 12월 3일 17시,목요일,경상북도 김천시 양천동,중상사고,0,1,0,0,차대사람 - 횡단중,신호위반,건조,맑음,교차로 - 교차로안,승용,여,59세,상해없음,보행자,남,80세,중상
2020120300100382,2020년 12월 3일 17시,목요일,경상북도 구미시 신평동,경상사고,0,0,1,0,차대차 - 기타,안전운전불이행,건조,맑음,교차로 - 교차로안,승용,남,58세,상해없음,원동기,남,23세,경상
2020120300100383,2020년 12월 3일 17시,목요일,경상북도 포항시 남구 대잠동,중상사고,0,1,0,1,차대차 - 추돌,안전거리미확보,건조,맑음,교차로 - 교차로부근,승용,남,65세,상해없음,승용,여,54세,중상
2020120300100435,2020년 12월 3일 18시,목요일,경상북도 상주시 인평동,경상사고,0,0,1,0,차대차 - 추돌,안전운전불이행,건조,맑음,교차로 - 교차로부근,승용,남,35세,상해없음,승용,남,60세,경상
2020120300100436,2020년 12월 3일 18시,목요일,경상북도 경산시 삼북동,경상사고,0,0,1,0,차대차 - 측면충돌,안전운전불이행,건조,맑음,교차로 - 교차로안,승용,여,22세,기타불명,승용,남,37세,경상
2020120300100437,2020년 12월 3일 18시,목요일,경상북도 구미시 형곡동,중상사고,0,2,3,0,차대차 - 측면충돌,교차로운행방법위반,건조,맑음,교차로 - 교차로안,승용,여,50세,중상,화물,남,62세,경상
2020120300100438,2020년 12월 3일 18시,목요일,경상북도 칠곡군 석적읍,중상사고,0,1,0,0,차대차 - 기타,안전운전불이행,건조,맑음,단일로 - 기타,승용,남,61세,상해없음,승용,남,31세,중상
2020120300100478,2020년 12월 3일 19시,목요일,경상북도 안동시 당북동,중상사고,0,1,0,0,차대차 - 추돌,안전운전불이행,건조,맑음,단일로 - 기타,승용,남,66세,상해없음,승용,남,36세,중상
2020120300100479,2020년 12월 3일 19시,목요일,경상북도 영주시 휴천동,중상사고,0,2,0,0,차대사람 - 기타,보행자보호의무위반,건조,맑음,교차로 - 교차로횡단보도내,이륜,남,26세,기타불명,보행자,남,61세,중상
2020120300100499,2020년 12월 3일 20시,목요일,경상북도 구미시 옥계동,경상사고,0,0,2,0,차대차 - 기타,기타,건조,맑음,교차로 - 교차로부근,승용,여,40세,상해없음,이륜,남,26세,경상
2020120300100500,2020년 12월 3일 20시,목요일,경상북도 구미시 광평동,사망사고,1,0,0,0,차대사람 - 횡단중,교차로운행방법위반,건조,맑음,단일로 - 기타,화물,남,48세,상해없음,보행자,남,65세,사망
2020120300100501,2020년 12월 3일 20시,목요일,경상북도 포항시 남구 인덕동,경상사고,0,0,2,0,차대차 - 측면충돌,안전운전불이행,건조,맑음,교차로 - 교차로안,이륜,남,48세,경상,승용,남,55세,경상
2020120300100526,2020년 12월 3일 21시,목요일,경상북도 경주시 황성동,경상사고,0,0,1,0,차대차 - 측면충돌,안전운전불이행,건조,맑음,교차로 - 교차로안,승용,남,32세,상해없음,이륜,남,50세,경상
2020120300100527,2020년 12월 3일 21시,목요일,경상북도 안동시 금곡동,중상사고,0,2,0,0,차대사람 - 횡단중,보행자보호의무위반,건조,맑음,단일로 - 기타,승용,남,60세,상해없음,보행자,남,59세,중상
2020120400100008,2020년 12월 4일 00시,금요일,경상북도 경주시 외동읍,사망사고,1,2,0,0,차대차 - 추돌,안전운전불이행,건조,맑음,교차로 - 교차로부근,화물,남,44세,사망,특수,남,60세,중상
2020120400100018,2020년 12월 4일 01시,금요일,경상북도 경주시 충효동,중상사고,0,1,0,0,차대차 - 측면충돌,안전운전불이행,건조,맑음,단일로 - 기타,승용,남,23세,상해없음,승용,여,51세,중상
2020120400100027,2020년 12월 4일 04시,금요일,경상북도 경산시 와촌면,사망사고,1,0,0,0,차량단독 - 기타,안전운전불이행,건조,맑음,단일로 - 기타,건설기계,남,58세,사망,,,,
2020120400100059,2020년 12월 4일 06시,금요일,경상북도 안동시 서후면,사망사고,1,0,0,0,차대사람 - 횡단중,과속,건조,맑음,단일로 - 기타,화물,남,57세,상해없음,보행자,여,82세,사망
2020120400100060,2020년 12월 4일 06시,금요일,경상북도 경산시 정평동,중상사고,0,1,0,0,차대사람 - 횡단중,보행자보호의무위반,건조,맑음,교차로 - 교차로횡단보도내,승용,여,65세,상해없음,보행자,여,62세,중상
2020120400100085,2020년 12월 4일 07시,금요일,경상북도 경주시 양남면,부상신고사고,0,0,0,1,차대차 - 추돌,안전거리미확보,건조,맑음,교차로 - 교차로안,화물,남,22세,상해없음,화물,남,56세,부상신고
2020120400100112,2020년 12월 4일 08시,금요일,경상북도 경산시 정평동,경상사고,0,0,1,0,차대차 - 측면충돌,불법유턴,건조,맑음,단일로 - 기타,승용,남,52세,상해없음,승용,여,69세,경상
2020120400100114,2020년 12월 4일 08시,금요일,경상북도 고령군 성산면,중상사고,0,1,0,0,차량단독 - 공작물충돌,안전운전불이행,건조,맑음,기타 - 기타,승용,여,66세,중상,,,,
2020120400100115,2020년 12월 4일 08시,금요일,경상북도 포항시 남구 연일읍,중상사고,0,1,0,0,차대차 - 측면충돌,직진우회전진행방해,건조,맑음,교차로 - 교차로안,자전거,남,78세,중상,승용,여,50세,상해없음
2020120400100152,2020년 12월 4일 09시,금요일,경상북도 포항시 북구 창포동,경상사고,0,0,1,0,차대사람 - 차도통행중,교차로운행방법위반,건조,맑음,교차로 - 교차로안,화물,남,77세,상해없음,보행자,남,81세,경상
2020120400100153,2020년 12월 4일 09시,금요일,경상북도 구미시 봉곡동,부상신고사고,0,0,0,1,차량단독 - 공작물충돌,안전운전불이행,건조,맑음,교차로 - 교차로부근,승용,남,24세,부상신고,,,,
2020120400100184,2020년 12월 4일 10시,금요일,경상북도 구미시 진평동,중상사고,0,3,0,0,차대차 - 기타,차로위반,건조,맑음,단일로 - 기타,화물,남,36세,상해없음,승용,남,18세,중상
2020120400100210,2020년 12월 4일 11시,금요일,경상북도 경주시 강동면,중상사고,0,1,0,0,차대차 - 측면충돌,중앙선침범,건조,맑음,단일로 - 기타,승용,남,71세,상해없음,승용,여,63세,중상
2020120400100211,2020년 12월 4일 11시,금요일,경상북도 구미시 송정동,경상사고,0,0,2,1,차대차 - 측면충돌,안전운전불이행,건조,맑음,단일로 - 기타,승용,남,62세,부상신고,승용,여,41세,경상
2020120400100241,2020년 12월 4일 12시,금요일,경상북도 구미시 구평동,중상사고,0,1,0,0,차대차 - 기타,안전운전불이행,건조,맑음,교차로 - 교차로안,승용,남,33세,상해없음,승용,여,59세,중상
2020120400100268,2020년 12월 4일 13시,금요일,경상북도 영천시 완산동,경상사고,0,0,2,0,차대차 - 기타,안전운전불이행,건조,맑음,단일로 - 기타,승용,남,72세,상해없음,승용,남,20세,경상
2020120400100339,2020년 12월 4일 15시,금요일,경상북도 포항시 북구 상원동,경상사고,0,0,2,0,차대차 - 기타,안전운전불이행,건조,맑음,교차로 - 교차로부근,승용,여,50세,상해없음,승용,남,32세,경상
2020120400100340,2020년 12월 4일 15시,금요일,경상북도 영주시 가흥동,경상사고,0,0,1,0,차대차 - 기타,안전운전불이행,건조,맑음,교차로 - 교차로안,승용,남,71세,상해없음,승용,여,62세,경상
2020120400100378,2020년 12월 4일 16시,금요일,경상북도 안동시 옥동,경상사고,0,0,1,0,차대차 - 기타,교차로운행방법위반,건조,맑음,교차로 - 교차로안,승용,여,59세,기타불명,승용,남,46세,경상
2020120400100379,2020년 12월 4일 16시,금요일,경상북도 김천시 대광동,경상사고,0,0,1,0,차대차 - 추돌,안전운전불이행,건조,맑음,교차로 - 교차로부근,승용,남,54세,상해없음,승용,여,59세,경상
2020120400100380,2020년 12월 4일 16시,금요일,경상북도 영주시 부석면,경상사고,0,0,1,0,차대사람 - 횡단중,안전운전불이행,건조,맑음,단일로 - 기타,화물,남,71세,상해없음,보행자,남,79세,경상
2020120400100381,2020년 12월 4일 16시,금요일,경상북도 칠곡군 왜관읍,경상사고,0,0,1,0,차대사람 - 차도통행중,안전운전불이행,건조,맑음,단일로 - 기타,승용,여,39세,상해없음,보행자,여,57세,경상
2020120400100383,2020년 12월 4일 16시,금요일,경상북도 경산시 옥곡동,중상사고,0,1,0,0,차대사람 - 횡단중,신호위반,건조,맑음,교차로 - 교차로횡단보도내,이륜,남,24세,상해없음,보행자,여,12세,중상
2020120400100384,2020년 12월 4일 16시,금요일,경상북도 포항시 남구 오천읍,중상사고,0,1,1,0,차대차 - 측면충돌,직진우회전진행방해,건조,맑음,교차로 - 교차로안,승합,여,50세,경상,승용,남,55세,중상
2020120400100428,2020년 12월 4일 17시,금요일,경상북도 김천시 황금동,경상사고,0,0,1,0,차대사람 - 기타,안전운전불이행,건조,맑음,단일로 - 기타,이륜,남,22세,경상,보행자,남,62세,상해없음
2020120400100429,2020년 12월 4일 17시,금요일,경상북도 상주시 서문동,중상사고,0,1,0,0,차대차 - 측면충돌,교차로운행방법위반,건조,맑음,교차로 - 교차로안,승용,남,59세,상해없음,자전거,여,87세,중상
2020120400100430,2020년 12월 4일 17시,금요일,경상북도 경산시 와촌면,경상사고,0,0,1,0,차대차 - 후진중충돌,안전운전불이행,건조,맑음,단일로 - 기타,승용,남,34세,상해없음,승용,남,35세,경상
2020120400100495,2020년 12월 4일 18시,금요일,경상북도 영주시 문정동,중상사고,0,1,0,0,차대차 - 추돌,안전운전불이행,건조,맑음,단일로 - 기타,화물,남,33세,상해없음,승용,남,40세,중상
2020120400100496,2020년 12월 4일 18시,금요일,경상북도 경산시 사동,중상사고,0,1,0,0,차대사람 - 기타,안전운전불이행,기타,맑음,단일로 - 기타,승용,여,46세,상해없음,보행자,여,62세,중상
2020120400100497,2020년 12월 4일 18시,금요일,경상북도 예천군 예천읍,경상사고,0,0,1,0,차대차 - 후진중충돌,안전운전불이행,건조,맑음,교차로 - 교차로안,승용,남,59세,상해없음,승용,남,23세,경상
2020120400100498,2020년 12월 4일 18시,금요일,경상북도 포항시 남구 상도동,경상사고,0,0,3,0,차대차 - 측면충돌,안전운전불이행,건조,맑음,교차로 - 교차로안,승용,여,57세,경상,승용,남,69세,경상
2020120400100549,2020년 12월 4일 19시,금요일,경상북도 영덕군 영해면,경상사고,0,0,1,0,차대차 - 후진중충돌,안전운전불이행,건조,맑음,단일로 - 기타,승용,남,55세,상해없음,승용,남,60세,경상
2020120400100550,2020년 12월 4일 19시,금요일,경상북도 칠곡군 지천면,경상사고,0,0,1,0,차대차 - 기타,안전운전불이행,건조,맑음,단일로 - 기타,화물,남,31세,상해없음,승용,남,44세,상해없음
2020120400100585,2020년 12월 4일 20시,금요일,경상북도 구미시 해평면,경상사고,0,0,1,0,차량단독 - 공작물충돌,안전운전불이행,건조,맑음,단일로 - 기타,화물,남,59세,경상,,,,
2020120400100642,2020년 12월 4일 22시,금요일,경상북도 영천시 금호읍,경상사고,0,0,1,0,차대차 - 측면충돌,직진우회전진행방해,건조,맑음,교차로 - 교차로안,승용,남,52세,상해없음,승용,남,51세,경상