사고번호,사고일시,요일,시군구,사고내용,사망자수,중상자수,경상자수,부상신고자수,사고유형,법규위반,노면상태,기상상태,도로형태,가해운전자 차종,가해운전자 성별,가해운전자 연령,가해운전자 상해정도,피해운전자 차종,피해운전자 성별,피해운전자 연령,피해운전자 상해정도
2020120400100669,2020년 12월 4일 23시,금요일,경상북도 포항시 남구 대잠동,경상사고,0,0,1,2,차대차 - 기타,직진우회전진행방해,건조,맑음,교차로 - 교차로안,승용,남,52세,경상,승용,남,26세,부상신고
2020120500100060,2020년 12월 5일 07시,토요일,경상북도 칠곡군 동명면,중상사고,0,1,0,0,차대사람 - 차도통행중,안전운전불이행,건조,맑음,단일로 - 기타,화물,남,58세,상해없음,보행자,남,51세,중상
2020120500100070,2020년 12월 5일 08시,토요일,경상북도 경주시 탑동,중상사고,0,1,0,0,차대차 - 추돌,안전거리미확보,건조,맑음,교차로 - 교차로부근,승용,남,37세,중상,화물,남,68세,상해없음
2020120500100071,2020년 12월 5일 08시,토요일,경상북도 예천군 풍양면,경상사고,0,0,1,0,차대차 - 측면충돌,직진우회전진행방해,건조,맑음,교차로 - 교차로안,승용,여,77세,상해없음,승용,남,27세,경상
2020120500100118,2020년 12월 5일 10시,토요일,경상북도 포항시 북구 흥해읍,경상사고,0,0,1,0,차대차 - 측면충돌,직진우회전진행방해,건조,맑음,교차로 - 교차로안,승용,여,71세,상해없음,이륜,남,66세,경상
2020120500100119,2020년 12월 5일 10시,토요일,경상북도 포항시 북구 죽장면,경상사고,0,0,4,0,차대차 - 정면충돌,중앙선침범,건조,맑음,단일로 - 기타,화물,남,84세,상해없음,승용,남,62세,경상
2020120500100120,2020년 12월 5일 10시,토요일,경상북도 포항시 남구 오천읍,경상사고,0,0,1,0,차대사람 - 기타,안전거리미확보,건조,맑음,단일로 - 기타,승용,남,74세,상해없음,보행자,남,44세,경상
2020120500100154,2020년 12월 5일 11시,토요일,경상북도 청송군 현동면,경상사고,0,0,1,0,차대사람 - 길가장자리구역통행중,안전운전불이행,건조,맑음,기타 - 기타,화물,남,85세,상해없음,보행자,남,77세,경상
2020120500100197,2020년 12월 5일 12시,토요일,경상북도 영주시 하망동,중상사고,0,1,0,0,차대사람 - 기타,안전운전불이행,건조,맑음,교차로 - 교차로안,화물,남,54세,상해없음,보행자,남,13세,중상
2020120500100198,2020년 12월 5일 12시,토요일,경상북도 경산시 중방동,경상사고,0,0,1,0,차대사람 - 횡단중,안전운전불이행,건조,맑음,교차로 - 교차로안,승합,남,40세,상해없음,보행자,남,68세,경상
2020120500100240,2020년 12월 5일 13시,토요일,경상북도 구미시 비산동,경상사고,0,0,1,0,차대차 - 측면충돌,교차로운행방법위반,건조,맑음,교차로 - 교차로안,화물,남,38세,상해없음,승합,남,43세,경상
2020120500100279,2020년 12월 5일 14시,토요일,경상북도 포항시 북구 동빈2가,경상사고,0,0,2,0,차대차 - 측면충돌,직진우회전진행방해,건조,맑음,교차로 - 교차로안,승용,남,67세,상해없음,승용,여,32세,경상
2020120500100280,2020년 12월 5일 14시,토요일,경상북도 포항시 북구 신광면,경상사고,0,0,2,0,차대차 - 측면충돌,차로위반,건조,맑음,단일로 - 기타,승용,남,87세,상해없음,승용,남,64세,경상
2020120500100281,2020년 12월 5일 14시,토요일,경상북도 김천시 율곡동,사망사고,1,0,0,0,차대사람 - 횡단중,보행자보호의무위반,건조,맑음,교차로 - 교차로안,승합,남,54세,상해없음,보행자,여,72세,사망
2020120500100282,2020년 12월 5일 14시,토요일,경상북도 포항시 남구 장기면,경상사고,0,0,2,0,차대차 - 기타,안전운전불이행,건조,맑음,단일로 - 기타,승용,남,69세,상해없음,승용,남,54세,경상
2020120500100313,2020년 12월 5일 15시,토요일,경상북도 포항시 북구 흥해읍,경상사고,0,0,3,0,차대차 - 측면충돌,안전운전불이행,건조,맑음,단일로 - 기타,승용,남,53세,경상,승용,여,42세,경상
2020120500100314,2020년 12월 5일 15시,토요일,경상북도 상주시 서문동,경상사고,0,0,1,0,차대차 - 측면충돌,차로위반,건조,맑음,단일로 - 기타,화물,남,72세,상해없음,이륜,남,20세,경상
2020120500100315,2020년 12월 5일 15시,토요일,경상북도 경산시 대평동,중상사고,0,1,1,0,차대차 - 측면충돌,차로위반,건조,맑음,교차로 - 교차로부근,화물,남,49세,중상,승용,남,57세,경상
2020120500100340,2020년 12월 5일 16시,토요일,경상북도 경주시 황성동,경상사고,0,0,1,0,차대사람 - 길가장자리구역통행중,안전운전불이행,건조,맑음,단일로 - 기타,승용,남,53세,상해없음,보행자,여,56세,경상
2020120500100383,2020년 12월 5일 17시,토요일,경상북도 포항시 북구 장성동,중상사고,0,1,0,0,차대차 - 기타,안전운전불이행,건조,맑음,교차로 - 교차로부근,승용,여,49세,상해없음,이륜,남,28세,중상
2020120500100384,2020년 12월 5일 17시,토요일,경상북도 칠곡군 북삼읍,경상사고,0,0,1,0,차대차 - 기타,안전운전불이행,건조,맑음,단일로 - 기타,이륜,남,56세,경상,승용,남,63세,상해없음
2020120500100385,2020년 12월 5일 17시,토요일,경상북도 청도군 화양읍,중상사고,0,1,3,0,차대차 - 추돌,안전운전불이행,건조,맑음,단일로 - 지하차도(도로)내,화물,남,58세,경상,화물,남,45세,중상
2020120500100428,2020년 12월 5일 18시,토요일,경상북도 경주시 황성동,경상사고,0,0,1,0,차대차 - 측면충돌,안전운전불이행,건조,맑음,단일로 - 기타,이륜,남,43세,경상,승용,남,22세,상해없음
2020120500100429,2020년 12월 5일 18시,토요일,경상북도 경주시 황성동,경상사고,0,0,2,0,차대차 - 추돌,안전운전불이행,건조,맑음,교차로 - 교차로부근,승용,남,66세,상해없음,승용,남,42세,경상
2020120500100430,2020년 12월 5일 18시,토요일,경상북도 김천시 부곡동,경상사고,0,0,2,0,차대차 - 추돌,안전운전불이행,건조,맑음,교차로 - 교차로부근,승용,남,58세,상해없음,승용,여,31세,경상
2020120500100431,2020년 12월 5일 18시,토요일,경상북도 영주시 가흥동,경상사고,0,0,1,0,차대차 - 기타,안전운전불이행,건조,맑음,기타 - 기타,이륜,남,19세,경상,화물,남,70세,상해없음
2020120500100432,2020년 12월 5일 18시,토요일,경상북도 경산시 압량면,경상사고,0,0,1,0,차대차 - 추돌,안전거리미확보,건조,맑음,단일로 - 기타,승용,남,21세,상해없음,승용,남,31세,경상
2020120500100433,2020년 12월 5일 18시,토요일,경상북도 구미시 공단동,중상사고,0,1,0,0,차대사람 - 기타,안전운전불이행,건조,맑음,기타 - 기타,이륜,남,21세,상해없음,보행자,여,72세,중상
2020120500100469,2020년 12월 5일 19시,토요일,경상북도 경주시 사정동,중상사고,0,2,0,0,차대차 - 기타,안전운전불이행,건조,맑음,단일로 - 기타,승용,남,28세,상해없음,승용,남,40세,중상
2020120500100470,2020년 12월 5일 19시,토요일,경상북도 포항시 북구 기계면,경상사고,0,0,1,0,차대차 - 측면충돌,차로위반,건조,맑음,단일로 - 기타,승용,남,40세,상해없음,승용,남,55세,경상
2020120500100522,2020년 12월 5일 21시,토요일,경상북도 상주시 서문동,경상사고,0,0,9,0,차대차 - 추돌,안전운전불이행,건조,맑음,교차로 - 교차로부근,승용,남,40세,상해없음,승용,여,44세,경상
2020120600100009,2020년 12월 6일 00시,일요일,경상북도 포항시 남구 대도동,중상사고,0,1,0,0,차대사람 - 기타,안전운전불이행,건조,맑음,단일로 - 기타,승용,남,41세,상해없음,보행자,남,41세,중상
2020120600100054,2020년 12월 6일 06시,일요일,경상북도 경주시 도지동,경상사고,0,0,1,0,차량단독 - 공작물충돌,안전운전불이행,건조,맑음,교차로 - 교차로안,승용,남,28세,경상,,,,
2020120600100084,2020년 12월 6일 09시,일요일,경상북도 영주시 상망동,중상사고,0,1,0,0,차대차 - 측면충돌,교차로운행방법위반,건조,맑음,교차로 - 교차로안,화물,남,76세,상해없음,승용,남,61세,중상
2020120600100098,2020년 12월 6일 10시,일요일,경상북도 영덕군 영덕읍,중상사고,0,1,0,0,차대사람 - 기타,안전운전불이행,건조,맑음,교차로 - 교차로안,승용,여,52세,상해없음,보행자,여,86세,중상
2020120600100099,2020년 12월 6일 10시,일요일,경상북도 군위군 군위읍,중상사고,0,1,3,0,차대차 - 측면충돌,직진우회전진행방해,건조,맑음,교차로 - 교차로안,승용,여,41세,상해없음,승용,남,73세,경상
2020120600100137,2020년 12월 6일 12시,일요일,경상북도 경산시 와촌면,경상사고,0,0,2,0,차대차 - 기타,안전운전불이행,건조,맑음,교차로 - 교차로부근,화물,남,61세,상해없음,승용,남,47세,경상
2020120600100164,2020년 12월 6일 13시,일요일,경상북도 영천시 문외동,경상사고,0,0,2,0,차대차 - 측면충돌,안전운전불이행,건조,맑음,교차로 - 교차로안,이륜,남,36세,경상,이륜,남,40세,경상
2020120600100165,2020년 12월 6일 13시,일요일,경상북도 구미시 고아읍,경상사고,0,0,1,0,차대차 - 기타,안전운전불이행,건조,맑음,교차로 - 교차로안,승용,여,26세,상해없음,승용,남,53세,경상
2020120600100166,2020년 12월 6일 13시,일요일,경상북도 칠곡군 가산면,경상사고,0,0,1,0,차대차 - 추돌,안전운전불이행,건조,맑음,단일로 - 기타,승용,남,56세,상해없음,승용,남,54세,경상
2020120600100204,2020년 12월 6일 14시,일요일,경상북도 김천시 용두동,중상사고,0,1,0,0,차대사람 - 차도통행중,안전운전불이행,건조,맑음,교차로 - 교차로안,승용,남,73세,상해없음,보행자,여,55세,중상
2020120600100205,2020년 12월 6일 14시,일요일,경상북도 상주시 복룡동,경상사고,0,0,2,0,차대차 - 추돌,안전거리미확보,건조,맑음,기타 - 기타,이륜,남,38세,경상,승용,여,44세,경상
2020120600100206,2020년 12월 6일 14시,일요일,경상북도 영천시 문외동,경상사고,0,0,1,0,차대차 - 정면충돌,안전운전불이행,건조,맑음,교차로 - 교차로안,승용,남,28세,상해없음,승용,여,60세,경상
2020120600100232,2020년 12월 6일 15시,일요일,경상북도 포항시 북구 남빈동,경상사고,0,0,1,0,차대차 - 기타,안전운전불이행,건조,맑음,교차로 - 교차로안,승용,남,44세,상해없음,이륜,남,37세,경상
2020120600100233,2020년 12월 6일 15시,일요일,경상북도 상주시 내서면,경상사고,0,0,1,0,차대차 - 측면충돌,중앙선침범,건조,맑음,단일로 - 기타,화물,남,51세,상해없음,이륜,남,40세,경상
2020120600100234,2020년 12월 6일 15시,일요일,경상북도 칠곡군 왜관읍,부상신고사고,0,0,0,3,차대차 - 추돌,안전거리미확보,건조,맑음,단일로 - 기타,화물,남,71세,상해없음,승용,남,33세,부상신고
2020120600100260,2020년 12월 6일 16시,일요일,경상북도 경주시 안강읍,경상사고,0,0,1,0,차대차 - 측면충돌,안전운전불이행,건조,맑음,교차로 - 교차로안,이륜,여,20세,기타불명,승용,남,52세,경상
2020120600100282,2020년 12월 6일 17시,일요일,경상북도 포항시 북구 양덕동,중상사고,0,1,0,0,차대차 - 측면충돌,중앙선침범,건조,맑음,단일로 - 기타,화물,남,61세,상해없음,원동기,남,46세,중상
2020120600100283,2020년 12월 6일 17시,일요일,경상북도 고령군 다산면,경상사고,0,0,1,0,차대사람 - 횡단중,교차로운행방법위반,건조,맑음,교차로 - 교차로부근,승용,남,51세,상해없음,보행자,남,48세,경상
2020120600100284,2020년 12월 6일 17시,일요일,경상북도 구미시 구평동,경상사고,0,0,1,0,차대차 - 기타,안전운전불이행,건조,맑음,교차로 - 교차로안,승용,남,57세,상해없음,승용,여,27세,경상
2020120600100313,2020년 12월 6일 18시,일요일,경상북도 구미시 오태동,중상사고,0,1,4,0,차대차 - 기타,안전운전불이행,건조,맑음,단일로 - 기타,승용,남,34세,경상,이륜,남,28세,중상
2020120600100314,2020년 12월 6일 18시,일요일,경상북도 포항시 남구 동해면,경상사고,0,0,1,1,차대차 - 기타,안전운전불이행,건조,맑음,단일로 - 지하차도(도로)내,승용,남,37세,상해없음,승용,남,29세,상해없음
2020120600100346,2020년 12월 6일 19시,일요일,경상북도 김천시 부곡동,중상사고,0,1,0,0,차대사람 - 횡단중,신호위반,건조,기타,교차로 - 교차로횡단보도내,이륜,남,18세,상해없음,보행자,남,66세,중상
2020120600100388,2020년 12월 6일 21시,일요일,경상북도 경주시 용강동,경상사고,0,0,1,0,차대차 - 후진중충돌,안전운전불이행,건조,맑음,주차장 - 주차장,승용,여,54세,상해없음,이륜,남,45세,경상
2020120600100389,2020년 12월 6일 21시,일요일,경상북도 영주시 가흥동,중상사고,0,2,1,0,차대차 - 기타,교차로운행방법위반,건조,맑음,교차로 - 교차로안,승용,남,18세,경상,승용,남,39세,중상
2020120600100404,2020년 12월 6일 22시,일요일,경상북도 경주시 조양동,부상신고사고,0,0,0,1,차량단독 - 기타,안전운전불이행,건조,맑음,단일로 - 기타,승용,여,26세,부상신고,,,,
2020120600100408,2020년 12월 6일 23시,일요일,경상북도 경산시 계양동,경상사고,0,0,1,0,차대차 - 기타,안전운전불이행,건조,맑음,교차로 - 교차로부근,기타불명,기타불명,미분류,기타불명,승용,남,68세,상해없음
2020120700100017,2020년 12월 7일 04시,월요일,경상북도 경산시 옥곡동,중상사고,0,1,0,0,차대사람 - 기타,보행자보호의무위반,건조,맑음,교차로 - 교차로횡단보도내,기타불명,기타불명,미분류,기타불명,보행자,여,86세,중상
2020120700100026,2020년 12월 7일 05시,월요일,경상북도 상주시 내서면,중상사고,0,1,0,0,차대차 - 추돌,안전운전불이행,건조,맑음,단일로 - 기타,승용,남,39세,상해없음,승용,남,54세,중상
2020120700100067,2020년 12월 7일 07시,월요일,경상북도 상주시 성하동,부상신고사고,0,0,0,1,차대차 - 측면충돌,안전거리미확보,건조,맑음,단일로 - 기타,자전거,여,51세,부상신고,승용,남,29세,상해없음
2020120700100068,2020년 12월 7일 07시,월요일,경상북도 포항시 남구 송내동,경상사고,0,0,1,0,차대차 - 측면충돌,안전운전불이행,건조,맑음,단일로 - 기타,승용,남,41세,상해없음,이륜,남,37세,경상
2020120700100090,2020년 12월 7일 08시,월요일,경상북도 안동시 당북동,중상사고,0,1,0,0,차대차 - 추돌,안전운전불이행,건조,맑음,단일로 - 기타,승용,남,60세,상해없음,승용,남,73세,상해없음
2020120700100091,2020년 12월 7일 08시,월요일,경상북도 경산시 사동,부상신고사고,0,0,0,1,차대차 - 기타,안전운전불이행,건조,맑음,교차로 - 교차로안,기타불명,기타불명,미분류,기타불명,자전거,남,64세,부상신고
2020120700100092,2020년 12월 7일 08시,월요일,경상북도 포항시 남구 동해면,경상사고,0,0,2,0,차대차 - 측면충돌,안전운전불이행,건조,맑음,교차로 - 교차로부근,화물,남,62세,경상,화물,남,59세,경상
2020120700100115,2020년 12월 7일 09시,월요일,경상북도 영덕군 축산면,중상사고,0,1,0,0,차량단독 - 공작물충돌,안전운전불이행,건조,맑음,교차로 - 교차로안,화물,남,45세,중상,,,,
2020120700100116,2020년 12월 7일 09시,월요일,경상북도 구미시 시미동,경상사고,0,0,2,0,차대차 - 추돌,안전운전불이행,건조,맑음,단일로 - 기타,승용,남,37세,상해없음,승용,남,32세,경상
2020120700100150,2020년 12월 7일 10시,월요일,경상북도 김천시 감천면,중상사고,0,1,0,0,차대차 - 측면충돌,교차로운행방법위반,건조,맑음,교차로 - 교차로안,화물,남,58세,상해없음,이륜,남,24세,중상
2020120700100151,2020년 12월 7일 10시,월요일,경상북도 봉화군 춘양면,사망사고,1,0,0,0,차대사람 - 횡단중,과속,건조,맑음,단일로 - 기타,화물,남,63세,상해없음,보행자,남,81세,사망
2020120700100152,2020년 12월 7일 10시,월요일,경상북도 성주군 대가면,경상사고,0,0,2,0,차대차 - 기타,기타,건조,맑음,단일로 - 기타,화물,여,50세,상해없음,승용,남,80세,경상
2020120700100181,2020년 12월 7일 11시,월요일,경상북도 봉화군 봉화읍,경상사고,0,0,1,0,차대차 - 측면충돌,직진우회전진행방해,건조,맑음,교차로 - 교차로안,승용,여,58세,상해없음,승용,남,64세,경상
2020120700100224,2020년 12월 7일 13시,월요일,경상북도 포항시 남구 이동,경상사고,0,0,2,0,차대차 - 추돌,안전운전불이행,건조,맑음,교차로 - 교차로부근,건설기계,남,56세,상해없음,화물,남,43세,경상
2020120700100248,2020년 12월 7일 14시,월요일,경상북도 경산시 계양동,경상사고,0,0,1,0,차대차 - 측면충돌,안전운전불이행,건조,맑음,단일로 - 지하차도(도로)내,이륜,남,21세,상해없음,승용,남,28세,경상
2020120700100279,2020년 12월 7일 15시,월요일,경상북도 포항시 북구 죽도동,경상사고,0,0,1,0,차대차 - 기타,안전운전불이행,건조,맑음,교차로 - 교차로부근,승용,남,65세,상해없음,승용,남,24세,경상
2020120700100280,2020년 12월 7일 15시,월요일,경상북도 안동시 신안동,경상사고,0,0,1,0,차대차 - 추돌,안전거리미확보,건조,맑음,교차로 - 교차로부근,승합,남,65세,상해없음,승용,여,53세,경상
2020120700100319,2020년 12월 7일 16시,월요일,경상북도 경주시 안강읍,중상사고,0,2,1,0,차대차 - 추돌,안전운전불이행,건조,맑음,교차로 - 교차로안,화물,여,65세,경상,승용,여,56세,중상
2020120700100320,2020년 12월 7일 16시,월요일,경상북도 상주시 공검면,중상사고,0,1,0,0,차대차 - 측면충돌,안전운전불이행,건조,맑음,교차로 - 교차로부근,이륜,여,81세,중상,화물,남,62세,상해없음
2020120700100321,2020년 12월 7일 16시,월요일,경상북도 의성군 안계면,경상사고,0,0,1,0,차대차 - 측면충돌,안전운전불이행,건조,맑음,교차로 - 교차로부근,승용,여,28세,상해없음,승용,여,56세,경상
2020120700100322,2020년 12월 7일 16시,월요일,경상북도 영천시 고경면,경상사고,0,0,2,0,차대차 - 측면충돌,직진우회전진행방해,건조,맑음,교차로 - 교차로안,승용,여,48세,상해없음,화물,남,73세,경상
2020120700100323,2020년 12월 7일 16시,월요일,경상북도 구미시 봉곡동,중상사고,0,1,0,0,차대사람 - 기타,보행자보호의무위반,건조,맑음,단일로 - 기타,승용,여,50세,상해없음,보행자,여,7세,중상
2020120700100358,2020년 12월 7일 17시,월요일,경상북도 포항시 북구 용흥동,경상사고,0,0,1,0,차대차 - 측면충돌,중앙선침범,건조,맑음,단일로 - 기타,승용,여,35세,상해없음,화물,남,56세,경상
2020120700100359,2020년 12월 7일 17시,월요일,경상북도 안동시 와룡면,중상사고,0,1,1,0,차대차 - 추돌,안전운전불이행,건조,맑음,단일로 - 기타,원동기,남,84세,경상,승용,남,70세,상해없음
2020120700100360,2020년 12월 7일 17시,월요일,경상북도 고령군 대가야읍,중상사고,0,1,0,0,차대사람 - 횡단중,안전운전불이행,건조,맑음,교차로 - 교차로부근,화물,남,63세,상해없음,보행자,여,65세,중상
2020120700100361,2020년 12월 7일 17시,월요일,경상북도 영양군 영양읍,중상사고,0,1,0,0,차대차 - 추돌,안전거리미확보,건조,맑음,단일로 - 기타,자전거,남,77세,중상,화물,남,68세,상해없음
2020120700100402,2020년 12월 7일 18시,월요일,경상북도 영주시 가흥동,경상사고,0,0,1,0,차대사람 - 횡단중,보행자보호의무위반,건조,맑음,단일로 - 기타,이륜,남,18세,상해없음,보행자,여,29세,경상
2020120700100403,2020년 12월 7일 18시,월요일,경상북도 영천시 화룡동,경상사고,0,0,1,0,차대차 - 측면충돌,직진우회전진행방해,건조,맑음,교차로 - 교차로안,승용,남,51세,상해없음,승용,여,48세,경상
2020120700100404,2020년 12월 7일 18시,월요일,경상북도 경산시 삼북동,중상사고,0,1,0,0,차대차 - 측면충돌,교차로운행방법위반,건조,맑음,교차로 - 교차로안,승용,남,57세,상해없음,이륜,남,38세,중상
2020120700100405,2020년 12월 7일 18시,월요일,경상북도 경산시 진량읍,경상사고,0,0,1,0,차대차 - 정면충돌,중앙선침범,건조,맑음,단일로 - 기타,승용,남,34세,상해없음,승용,남,60세,경상
2020120700100531,2020년 12월 7일 23시,월요일,경상북도 포항시 남구 연일읍,부상신고사고,0,0,0,1,차량단독 - 공작물충돌,안전운전불이행,건조,맑음,단일로 - 기타,승용,남,35세,상해없음,,,,
2020120800100004,2020년 12월 8일 00시,화요일,경상북도 경주시 성건동,중상사고,0,1,1,0,차대차 - 측면충돌,안전운전불이행,건조,맑음,교차로 - 교차로안,승용,남,77세,상해없음,승용,여,40세,중상
2020120800100035,2020년 12월 8일 06시,화요일,경상북도 포항시 북구 우현동,경상사고,0,0,3,0,차대차 - 추돌,안전운전불이행,건조,맑음,교차로 - 교차로부근,화물,남,59세,상해없음,화물,남,54세,상해없음
2020120800100053,2020년 12월 8일 07시,화요일,경상북도 의성군 봉양면,중상사고,0,1,0,0,차대차 - 추돌,안전운전불이행,건조,맑음,교차로 - 교차로부근,승용,남,76세,상해없음,승용,남,40세,중상
2020120800100054,2020년 12월 8일 07시,화요일,경상북도 칠곡군 지천면,경상사고,0,0,1,0,차대차 - 측면충돌,직진우회전진행방해,건조,맑음,교차로 - 교차로안,승용,남,40세,상해없음,화물,남,51세,경상
2020120800100055,2020년 12월 8일 07시,화요일,경상북도 구미시 시미동,경상사고,0,0,1,0,차대차 - 기타,안전운전불이행,건조,맑음,교차로 - 교차로안,화물,남,65세,상해없음,승합,남,60세,경상
2020120800100084,2020년 12월 8일 08시,화요일,경상북도 경주시 노서동,경상사고,0,0,3,0,차대차 - 측면충돌,안전운전불이행,건조,맑음,교차로 - 교차로안,화물,남,55세,경상,승용,여,50세,경상
2020120800100085,2020년 12월 8일 08시,화요일,경상북도 포항시 북구 항구동,경상사고,0,0,1,0,차대차 - 측면충돌,안전운전불이행,건조,맑음,단일로 - 기타,자전거,남,58세,경상,승용,남,40세,상해없음
2020120800100086,2020년 12월 8일 08시,화요일,경상북도 안동시 태화동,경상사고,0,0,1,0,차대차 - 측면충돌,안전운전불이행,건조,맑음,교차로 - 교차로부근,승용,여,34세,상해없음,화물,남,24세,경상
2020120800100087,2020년 12월 8일 08시,화요일,경상북도 상주시 무양동,경상사고,0,0,3,0,차대차 - 추돌,안전거리미확보,건조,맑음,교차로 - 교차로부근,승용,여,46세,경상,승용,남,28세,상해없음
2020120800100088,2020년 12월 8일 08시,화요일,경상북도 청도군 이서면,경상사고,0,0,1,0,차대차 - 측면충돌,신호위반,건조,맑음,교차로 - 교차로안,승용,여,49세,상해없음,승용,여,45세,경상
2020120800100090,2020년 12월 8일 08시,화요일,경상북도 구미시 고아읍,경상사고,0,0,5,0,차대차 - 추돌,안전운전불이행,건조,맑음,단일로 - 기타,승용,여,52세,경상,승용,여,41세,경상
2020120800100219,2020년 12월 8일 12시,화요일,경상북도 봉화군 소천면,부상신고사고,0,0,0,1,차대차 - 추돌,안전거리미확보,건조,맑음,단일로 - 기타,승용,남,47세,상해없음,승용,여,37세,부상신고
2020120800100251,2020년 12월 8일 13시,화요일,경상북도 경주시 서면,경상사고,0,0,1,0,차대차 - 추돌,안전운전불이행,건조,맑음,단일로 - 기타,승용,남,71세,상해없음,승용,여,55세,경상
2020120800100252,2020년 12월 8일 13시,화요일,경상북도 경산시 중산동,중상사고,0,1,0,0,차대차 - 측면충돌,중앙선침범,건조,맑음,단일로 - 기타,승합,남,41세,상해없음,이륜,남,34세,중상
2020120800100253,2020년 12월 8일 13시,화요일,경상북도 군위군 의흥면,사망사고,1,0,0,0,차량단독 - 도로외이탈 - 기타,안전운전불이행,건조,맑음,단일로 - 기타,이륜,남,87세,사망,,,,
2020120800100303,2020년 12월 8일 14시,화요일,경상북도 영주시 풍기읍,중상사고,0,1,0,0,차대사람 - 차도통행중,안전운전불이행,건조,맑음,교차로 - 교차로부근,승용,여,42세,상해없음,보행자,남,50세,중상
2020120800100344,2020년 12월 8일 15시,화요일,경상북도 영천시 봉동,경상사고,0,0,1,0,차대차 - 측면충돌,안전운전불이행,건조,맑음,교차로 - 교차로안,승용,남,26세,경상,화물,남,59세,상해없음
2020120800100375,2020년 12월 8일 16시,화요일,경상북도 경주시 외동읍,중상사고,0,1,1,0,차대차 - 측면충돌,신호위반,건조,맑음,교차로 - 교차로안,화물,남,56세,경상,화물,남,63세,중상
2020120800100376,2020년 12월 8일 16시,화요일,경상북도 칠곡군 왜관읍,경상사고,0,0,1,0,차대차 - 측면충돌,안전운전불이행,건조,맑음,단일로 - 기타,화물,남,32세,상해없음,승용,여,48세,경상
2020120800100377,2020년 12월 8일 16시,화요일,경상북도 포항시 남구 오천읍,경상사고,0,0,4,0,차대차 - 측면충돌,직진우회전진행방해,건조,맑음,교차로 - 교차로안,승용,남,36세,경상,화물,남,49세,경상
2020120800100423,2020년 12월 8일 17시,화요일,경상북도 경주시 건천읍,경상사고,0,0,1,0,차대차 - 추돌,안전운전불이행,건조,맑음,단일로 - 기타,승용,여,49세,상해없음,농기계,남,75세,경상
2020120800100424,2020년 12월 8일 17시,화요일,경상북도 경주시 외동읍,중상사고,0,1,1,0,차대차 - 측면충돌,기타,건조,맑음,단일로 - 기타,이륜,남,23세,중상,승용,여,27세,경상
2020120800100425,2020년 12월 8일 17시,화요일,경상북도 포항시 북구 항구동,중상사고,0,1,0,0,차대차 - 기타,차로위반,건조,맑음,교차로 - 교차로부근,승용,남,70세,상해없음,승합,남,55세,상해없음
2020120800100426,2020년 12월 8일 17시,화요일,경상북도 의성군 단촌면,중상사고,0,1,0,0,차대차 - 측면충돌,안전운전불이행,건조,맑음,교차로 - 교차로안,화물,남,53세,상해없음,승용,남,61세,중상
2020120800100427,2020년 12월 8일 17시,화요일,경상북도 칠곡군 왜관읍,경상사고,0,0,2,0,차대차 - 추돌,안전운전불이행,건조,기타,교차로 - 교차로부근,승용,여,74세,상해없음,승용,남,46세,경상
2020120800100487,2020년 12월 8일 18시,화요일,경상북도 안동시 풍천면,경상사고,0,0,2,0,차대차 - 측면충돌,안전거리미확보,건조,맑음,단일로 - 기타,승용,남,44세,경상,승용,남,22세,경상
2020120800100488,2020년 12월 8일 18시,화요일,경상북도 의성군 의성읍,경상사고,0,0,1,0,차대사람 - 차도통행중,안전운전불이행,건조,맑음,단일로 - 기타,승용,남,46세,상해없음,보행자,여,61세,경상
2020120800100489,2020년 12월 8일 18시,화요일,경상북도 구미시 도량동,경상사고,0,0,1,0,차대차 - 기타,신호위반,건조,맑음,교차로 - 교차로안,화물,남,54세,상해없음,승용,여,44세,경상
2020120800100490,2020년 12월 8일 18시,화요일,경상북도 구미시 선산읍,경상사고,0,0,3,0,차대차 - 기타,안전운전불이행,건조,맑음,단일로 - 기타,승용,여,61세,상해없음,승용,남,19세,경상
2020120800100491,2020년 12월 8일 18시,화요일,경상북도 포항시 남구 상도동,경상사고,0,0,1,0,차대사람 - 횡단중,보행자보호의무위반,건조,맑음,단일로 - 기타,이륜,남,19세,상해없음,보행자,여,24세,경상
2020120800100531,2020년 12월 8일 19시,화요일,경상북도 포항시 북구 흥해읍,경상사고,0,0,1,0,차대차 - 측면충돌,신호위반,건조,맑음,교차로 - 교차로안,승용,여,62세,상해없음,승용,남,70세,경상
2020120800100561,2020년 12월 8일 20시,화요일,경상북도 칠곡군 왜관읍,중상사고,0,1,0,0,차대차 - 측면충돌,신호위반,건조,맑음,단일로 - 기타,승용,남,63세,상해없음,승용,여,53세,중상
2020120800100562,2020년 12월 8일 20시,화요일,경상북도 구미시 봉곡동,부상신고사고,0,0,0,1,차대차 - 기타,안전운전불이행,건조,맑음,단일로 - 기타,개인형이동수단(PM),남,36세,부상신고,승용,남,28세,상해없음
2020120900100006,2020년 12월 9일 00시,수요일,경상북도 경산시 자인면,경상사고,0,0,1,0,차대사람 - 기타,안전운전불이행,건조,맑음,단일로 - 기타,기타불명,기타불명,미분류,기타불명,보행자,남,19세,경상
2020120900100022,2020년 12월 9일 05시,수요일,경상북도 상주시 화서면,사망사고,1,0,0,0,차대차 - 추돌,안전운전불이행,건조,맑음,단일로 - 기타,화물,남,44세,사망,화물,남,72세,상해없음