사고번호,사고일시,요일,시군구,사고내용,사망자수,중상자수,경상자수,부상신고자수,사고유형,법규위반,노면상태,기상상태,도로형태,가해운전자 차종,가해운전자 성별,가해운전자 연령,가해운전자 상해정도,피해운전자 차종,피해운전자 성별,피해운전자 연령,피해운전자 상해정도
2020120900100034,2020년 12월 9일 06시,수요일,경상북도 경주시 양북면,경상사고,0,0,1,0,차대차 - 측면충돌,신호위반,건조,맑음,교차로 - 교차로안,승용,남,32세,상해없음,이륜,남,76세,경상
2020120900100035,2020년 12월 9일 06시,수요일,경상북도 안동시 용상동,경상사고,0,0,1,0,차대차 - 추돌,안전운전불이행,건조,맑음,단일로 - 기타,승합,남,59세,상해없음,승용,남,49세,경상
2020120900100036,2020년 12월 9일 06시,수요일,경상북도 칠곡군 동명면,중상사고,0,1,0,0,차대차 - 기타,안전운전불이행,건조,맑음,단일로 - 기타,화물,남,57세,중상,화물,남,61세,상해없음
2020120900100057,2020년 12월 9일 07시,수요일,경상북도 예천군 풍양면,사망사고,1,0,0,0,차대사람 - 차도통행중,안전운전불이행,건조,기타,단일로 - 기타,화물,남,66세,상해없음,보행자,남,88세,사망
2020120900100094,2020년 12월 9일 08시,수요일,경상북도 경주시 성건동,중상사고,0,1,0,0,차대차 - 측면충돌,중앙선침범,건조,맑음,단일로 - 지하차도(도로)내,승용,여,50세,상해없음,승용,여,43세,중상
2020120900100095,2020년 12월 9일 08시,수요일,경상북도 경산시 자인면,경상사고,0,0,1,0,차대차 - 측면충돌,교차로운행방법위반,건조,맑음,교차로 - 교차로안,승용,남,57세,상해없음,승용,여,60세,경상
2020120900100169,2020년 12월 9일 10시,수요일,경상북도 성주군 성주읍,경상사고,0,0,2,0,차대차 - 기타,안전운전불이행,건조,맑음,교차로 - 교차로안,승용,여,29세,경상,화물,남,61세,상해없음
2020120900100220,2020년 12월 9일 12시,수요일,경상북도 구미시 인의동,경상사고,0,0,1,0,차대차 - 기타,안전운전불이행,건조,맑음,교차로 - 교차로부근,승용,남,64세,상해없음,승용,여,33세,경상
2020120900100221,2020년 12월 9일 12시,수요일,경상북도 구미시 원평동,경상사고,0,0,1,0,차대차 - 기타,안전운전불이행,건조,맑음,단일로 - 기타,승용,여,45세,상해없음,이륜,남,63세,경상
2020120900100222,2020년 12월 9일 12시,수요일,경상북도 포항시 남구 해도동,경상사고,0,0,1,0,차대차 - 측면충돌,안전운전불이행,건조,맑음,단일로 - 기타,승용,여,49세,상해없음,이륜,남,27세,경상
2020120900100223,2020년 12월 9일 12시,수요일,경상북도 포항시 남구 장기면,중상사고,0,1,0,0,차대차 - 기타,안전운전불이행,건조,맑음,교차로 - 교차로부근,승용,남,62세,상해없음,사륜오토바이(ATV),남,79세,중상
2020120900100252,2020년 12월 9일 13시,수요일,경상북도 포항시 북구 죽도동,경상사고,0,0,2,0,차대차 - 기타,안전운전불이행,건조,맑음,단일로 - 기타,승용,여,56세,상해없음,승용,남,60세,경상
2020120900100253,2020년 12월 9일 13시,수요일,경상북도 안동시 옥동,중상사고,0,2,1,1,차대차 - 추돌,안전거리미확보,건조,맑음,교차로 - 교차로부근,승합,남,41세,상해없음,화물,남,69세,경상
2020120900100254,2020년 12월 9일 13시,수요일,경상북도 경산시 사동,경상사고,0,0,2,0,차대차 - 기타,교차로운행방법위반,건조,맑음,교차로 - 교차로안,승용,여,26세,경상,승용,여,34세,경상
2020120900100274,2020년 12월 9일 14시,수요일,경상북도 포항시 북구 기계면,경상사고,0,0,1,0,차대차 - 측면충돌,교차로운행방법위반,건조,맑음,교차로 - 교차로안,화물,남,63세,기타불명,승용,여,56세,경상
2020120900100275,2020년 12월 9일 14시,수요일,경상북도 칠곡군 북삼읍,중상사고,0,1,0,0,차대차 - 측면충돌,교차로운행방법위반,건조,맑음,교차로 - 교차로안,승용,남,51세,상해없음,이륜,남,59세,중상
2020120900100276,2020년 12월 9일 14시,수요일,경상북도 문경시 가은읍,경상사고,0,0,1,0,차량단독 - 공작물충돌,안전운전불이행,건조,맑음,단일로 - 기타,승용,여,68세,경상,,,,
2020120900100303,2020년 12월 9일 15시,수요일,경상북도 김천시 대항면,경상사고,0,0,1,0,차대차 - 측면충돌,안전운전불이행,건조,맑음,단일로 - 기타,화물,남,63세,상해없음,승용,남,23세,경상
2020120900100304,2020년 12월 9일 15시,수요일,경상북도 영주시 휴천동,경상사고,0,0,1,0,차대사람 - 기타,안전운전불이행,건조,맑음,단일로 - 기타,화물,남,53세,상해없음,보행자,여,69세,경상
2020120900100341,2020년 12월 9일 16시,수요일,경상북도 안동시 풍산읍,경상사고,0,0,1,0,차대차 - 측면충돌,안전운전불이행,건조,맑음,교차로 - 교차로안,화물,남,61세,상해없음,이륜,남,57세,경상
2020120900100342,2020년 12월 9일 16시,수요일,경상북도 영천시 금호읍,경상사고,0,0,2,0,차대차 - 기타,안전운전불이행,건조,맑음,교차로 - 교차로부근,이륜,남,73세,경상,승용,여,36세,경상
2020120900100372,2020년 12월 9일 17시,수요일,경상북도 칠곡군 왜관읍,중상사고,0,1,0,0,차대차 - 측면충돌,교차로운행방법위반,건조,맑음,교차로 - 교차로안,승용,남,64세,상해없음,이륜,남,33세,중상
2020120900100373,2020년 12월 9일 17시,수요일,경상북도 칠곡군 왜관읍,경상사고,0,0,1,1,차대차 - 측면충돌,직진우회전진행방해,건조,맑음,교차로 - 교차로안,화물,남,32세,부상신고,승용,남,57세,경상
2020120900100374,2020년 12월 9일 17시,수요일,경상북도 문경시 모전동,경상사고,0,0,1,0,차대차 - 측면충돌,안전운전불이행,건조,맑음,교차로 - 교차로안,승용,여,30세,상해없음,승용,남,36세,경상
2020120900100375,2020년 12월 9일 17시,수요일,경상북도 구미시 인의동,경상사고,0,0,1,0,차대사람 - 횡단중,안전운전불이행,건조,맑음,단일로 - 기타,승용,남,22세,상해없음,보행자,여,72세,경상
2020120900100430,2020년 12월 9일 18시,수요일,경상북도 포항시 북구 신흥동,경상사고,0,0,1,0,차대차 - 측면충돌,안전운전불이행,건조,맑음,교차로 - 교차로안,승용,남,78세,경상,승용,여,61세,상해없음
2020120900100431,2020년 12월 9일 18시,수요일,경상북도 영덕군 강구면,경상사고,0,0,1,0,차대차 - 기타,안전운전불이행,건조,맑음,교차로 - 교차로부근,승용,여,35세,상해없음,승용,남,57세,경상
2020120900100432,2020년 12월 9일 18시,수요일,경상북도 영양군 입암면,경상사고,0,0,4,0,차대차 - 정면충돌,중앙선침범,건조,맑음,단일로 - 기타,승용,남,26세,경상,승용,남,41세,경상
2020120900100433,2020년 12월 9일 18시,수요일,경상북도 포항시 남구 효자동,경상사고,0,0,1,0,차대차 - 측면충돌,안전거리미확보,건조,맑음,주차장 - 주차장,승용,남,60세,상해없음,승용,남,33세,경상
2020120900100495,2020년 12월 9일 19시,수요일,경상북도 포항시 북구 죽도동,경상사고,0,0,1,0,차대차 - 기타,기타,건조,맑음,단일로 - 기타,승용,남,52세,상해없음,승용,남,33세,경상
2020120900100496,2020년 12월 9일 19시,수요일,경상북도 영천시 고경면,중상사고,0,1,0,0,차대사람 - 횡단중,안전운전불이행,건조,맑음,교차로 - 교차로부근,승용,여,57세,상해없음,보행자,남,60세,중상
2020120900100497,2020년 12월 9일 19시,수요일,경상북도 구미시 원평동,중상사고,0,1,0,0,차대사람 - 기타,안전운전불이행,건조,맑음,교차로 - 교차로안,승용,여,50세,상해없음,보행자,여,57세,중상
2020120900100527,2020년 12월 9일 20시,수요일,경상북도 경주시 황오동,경상사고,0,0,3,0,차대차 - 측면충돌,안전운전불이행,건조,맑음,단일로 - 기타,화물,남,64세,상해없음,승합,남,57세,경상
2020120900100528,2020년 12월 9일 20시,수요일,경상북도 포항시 남구 청림동,중상사고,0,1,0,0,차대차 - 기타,안전운전불이행,건조,맑음,단일로 - 기타,승용,여,23세,상해없음,이륜,남,26세,중상
2020120900100559,2020년 12월 9일 21시,수요일,경상북도 영주시 휴천동,중상사고,0,1,0,0,차대사람 - 기타,보행자보호의무위반,건조,맑음,기타 - 기타,승용,남,44세,상해없음,보행자,남,54세,중상
2020120900100560,2020년 12월 9일 21시,수요일,경상북도 문경시 모전동,경상사고,0,0,3,0,차대차 - 측면충돌,안전운전불이행,건조,맑음,단일로 - 기타,승용,여,44세,경상,승용,여,62세,경상
2020120900100561,2020년 12월 9일 21시,수요일,경상북도 구미시 진평동,경상사고,0,0,1,0,차대차 - 기타,안전운전불이행,건조,맑음,단일로 - 기타,승용,남,40세,상해없음,승용,남,48세,경상
2020120900100562,2020년 12월 9일 21시,수요일,경상북도 구미시 광평동,경상사고,0,0,1,0,차대차 - 기타,안전운전불이행,건조,맑음,교차로 - 교차로안,승용,남,32세,상해없음,승용,여,52세,경상
2020120900100563,2020년 12월 9일 21시,수요일,경상북도 포항시 남구 대잠동,경상사고,0,0,1,0,차대차 - 기타,기타,건조,맑음,교차로 - 교차로안,승합,여,43세,경상,기타불명,기타불명,미분류,기타불명
2020121000100004,2020년 12월 10일 00시,목요일,경상북도 경주시 성동동,경상사고,0,0,1,0,차대차 - 측면충돌,신호위반,건조,맑음,교차로 - 교차로부근,승용,남,69세,상해없음,이륜,남,21세,경상
2020121000100075,2020년 12월 10일 08시,목요일,경상북도 고령군 쌍림면,경상사고,0,0,1,0,차대차 - 측면충돌,신호위반,건조,맑음,교차로 - 교차로안,화물,남,61세,상해없음,화물,남,61세,경상
2020121000100076,2020년 12월 10일 08시,목요일,경상북도 구미시 고아읍,경상사고,0,0,1,0,차대차 - 기타,교차로운행방법위반,건조,맑음,교차로 - 교차로부근,화물,남,66세,상해없음,이륜,남,57세,경상
2020121000100099,2020년 12월 10일 09시,목요일,경상북도 경주시 내남면,경상사고,0,0,2,0,차대차 - 추돌,기타,건조,맑음,교차로 - 교차로부근,승용,남,27세,경상,화물,남,44세,경상
2020121000100100,2020년 12월 10일 09시,목요일,경상북도 안동시 송현동,경상사고,0,0,1,0,차대차 - 측면충돌,안전거리미확보,건조,맑음,단일로 - 기타,화물,남,60세,상해없음,승용,남,49세,경상
2020121000100101,2020년 12월 10일 09시,목요일,경상북도 포항시 남구 해도동,경상사고,0,0,2,0,차대차 - 측면충돌,신호위반,건조,맑음,교차로 - 교차로안,화물,남,76세,경상,승용,남,50세,경상
2020121000100118,2020년 12월 10일 10시,목요일,경상북도 구미시 옥계동,경상사고,0,0,1,0,차대차 - 후진중충돌,안전운전불이행,건조,맑음,단일로 - 기타,승용,여,45세,상해없음,승용,여,29세,경상
2020121000100145,2020년 12월 10일 11시,목요일,경상북도 안동시 옥동,중상사고,0,1,0,0,차대차 - 추돌,안전운전불이행,건조,맑음,교차로 - 교차로부근,승용,남,77세,상해없음,승용,남,33세,중상
2020121000100146,2020년 12월 10일 11시,목요일,경상북도 상주시 냉림동,중상사고,0,1,1,0,차대차 - 측면충돌,안전운전불이행,건조,맑음,교차로 - 교차로안,이륜,남,83세,경상,이륜,남,20세,중상
2020121000100172,2020년 12월 10일 12시,목요일,경상북도 영주시 하망동,경상사고,0,0,1,0,차대사람 - 기타,안전운전불이행,건조,맑음,단일로 - 기타,화물,남,61세,상해없음,보행자,여,40세,경상
2020121000100173,2020년 12월 10일 12시,목요일,경상북도 봉화군 춘양면,부상신고사고,0,0,0,1,차량단독 - 기타,안전운전불이행,건조,맑음,기타 - 기타,승용,남,63세,부상신고,,,,
2020121000100174,2020년 12월 10일 12시,목요일,경상북도 포항시 남구 오천읍,경상사고,0,0,2,0,차대차 - 측면충돌,교차로운행방법위반,건조,맑음,교차로 - 교차로안,승용,여,28세,경상,화물,남,54세,경상
2020121000100205,2020년 12월 10일 13시,목요일,경상북도 안동시 당북동,중상사고,0,1,0,0,차대차 - 측면충돌,안전운전불이행,건조,맑음,교차로 - 교차로안,승용,남,42세,상해없음,이륜,남,38세,중상
2020121000100230,2020년 12월 10일 14시,목요일,경상북도 구미시 신평동,경상사고,0,0,1,0,차대차 - 추돌,안전운전불이행,건조,맑음,교차로 - 교차로부근,승용,여,24세,상해없음,승용,남,65세,경상
2020121000100248,2020년 12월 10일 15시,목요일,경상북도 칠곡군 북삼읍,경상사고,0,0,3,0,차대차 - 기타,직진우회전진행방해,건조,맑음,교차로 - 교차로안,승용,남,39세,경상,승용,남,25세,경상
2020121000100249,2020년 12월 10일 15시,목요일,경상북도 경산시 사동,중상사고,0,1,0,0,차대사람 - 횡단중,안전운전불이행,건조,맑음,교차로 - 교차로안,승용,남,37세,상해없음,보행자,여,88세,중상
2020121000100250,2020년 12월 10일 15시,목요일,경상북도 구미시 거의동,경상사고,0,0,2,0,차대차 - 기타,안전운전불이행,건조,맑음,단일로 - 기타,승용,남,64세,상해없음,승용,여,38세,경상
2020121000100251,2020년 12월 10일 15시,목요일,경상북도 구미시 공단동,경상사고,0,0,1,0,차대차 - 측면충돌,신호위반,건조,맑음,교차로 - 교차로안,승용,남,74세,상해없음,승용,여,29세,경상
2020121000100276,2020년 12월 10일 16시,목요일,경상북도 포항시 남구 해도동,부상신고사고,0,0,0,1,차대차 - 기타,안전운전불이행,건조,맑음,단일로 - 기타,자전거,남,71세,부상신고,화물,남,47세,상해없음
2020121000100325,2020년 12월 10일 17시,목요일,경상북도 김천시 감천면,경상사고,0,0,1,0,차대사람 - 차도통행중,안전운전불이행,건조,맑음,주차장 - 주차장,승용,여,39세,상해없음,보행자,여,68세,경상
2020121000100326,2020년 12월 10일 17시,목요일,경상북도 상주시 화북면,사망사고,1,0,0,0,차대사람 - 기타,안전운전불이행,건조,맑음,단일로 - 기타,화물,남,38세,상해없음,보행자,남,19세,사망
2020121000100327,2020년 12월 10일 17시,목요일,경상북도 경산시 평산동,경상사고,0,0,3,0,차대차 - 측면충돌,안전운전불이행,건조,맑음,교차로 - 교차로안,승용,남,57세,상해없음,승용,여,49세,경상
2020121000100328,2020년 12월 10일 17시,목요일,경상북도 봉화군 봉화읍,경상사고,0,0,1,0,차대차 - 정면충돌,중앙선침범,건조,맑음,단일로 - 기타,승용,남,69세,상해없음,승합,남,44세,경상
2020121000100329,2020년 12월 10일 17시,목요일,경상북도 포항시 남구 오천읍,경상사고,0,0,1,0,차대차 - 기타,안전운전불이행,건조,맑음,단일로 - 기타,승합,남,55세,상해없음,이륜,남,42세,경상
2020121000100377,2020년 12월 10일 18시,목요일,경상북도 안동시 용상동,중상사고,0,1,0,0,차대사람 - 기타,안전운전불이행,건조,맑음,단일로 - 기타,승용,남,32세,상해없음,보행자,여,9세,중상
2020121000100378,2020년 12월 10일 18시,목요일,경상북도 영천시 화남면,중상사고,0,1,0,0,차대사람 - 차도통행중,안전운전불이행,건조,맑음,교차로 - 교차로부근,승용,남,44세,상해없음,보행자,남,64세,중상
2020121000100379,2020년 12월 10일 18시,목요일,경상북도 청도군 각남면,사망사고,1,0,0,0,차대사람 - 보도통행중,안전운전불이행,건조,맑음,단일로 - 기타,화물,남,61세,상해없음,보행자,여,65세,사망
2020121000100380,2020년 12월 10일 18시,목요일,경상북도 구미시 도량동,경상사고,0,0,1,0,차대차 - 기타,신호위반,건조,맑음,교차로 - 교차로안,승용,남,54세,상해없음,이륜,남,23세,경상
2020121000100427,2020년 12월 10일 19시,목요일,경상북도 경주시 외동읍,중상사고,0,1,0,0,차대차 - 추돌,안전운전불이행,건조,맑음,교차로 - 교차로부근,승용,남,52세,상해없음,승용,남,53세,중상
2020121000100470,2020년 12월 10일 20시,목요일,경상북도 포항시 북구 학잠동,경상사고,0,0,2,0,차대차 - 추돌,안전운전불이행,건조,맑음,교차로 - 교차로부근,승용,남,52세,상해없음,승용,남,48세,경상
2020121000100502,2020년 12월 10일 21시,목요일,경상북도 칠곡군 왜관읍,경상사고,0,0,1,0,차대차 - 후진중충돌,안전운전불이행,건조,맑음,교차로 - 교차로부근,승용,남,61세,상해없음,승용,여,45세,경상
2020121000100503,2020년 12월 10일 21시,목요일,경상북도 경산시 진량읍,경상사고,0,0,4,0,차대차 - 추돌,안전운전불이행,건조,맑음,교차로 - 교차로부근,승용,남,56세,상해없음,승용,남,32세,경상
2020121000100524,2020년 12월 10일 22시,목요일,경상북도 칠곡군 약목면,경상사고,0,0,1,0,차대차 - 추돌,안전운전불이행,건조,맑음,교차로 - 교차로부근,승용,남,44세,상해없음,승용,여,51세,경상
2020121000100538,2020년 12월 10일 23시,목요일,경상북도 포항시 북구 우현동,경상사고,0,0,3,0,차대차 - 기타,안전운전불이행,건조,맑음,교차로 - 교차로안,승용,남,64세,상해없음,승용,여,61세,경상
2020121000100539,2020년 12월 10일 23시,목요일,경상북도 안동시 태화동,사망사고,1,0,0,0,차량단독 - 기타,안전운전불이행,건조,맑음,교차로 - 교차로안,승합,남,40세,사망,,,,
2020121000100540,2020년 12월 10일 23시,목요일,경상북도 구미시 형곡동,중상사고,0,1,1,0,차대차 - 측면충돌,안전운전불이행,건조,맑음,교차로 - 교차로안,승용,남,24세,상해없음,승용,여,50세,중상
2020121000100541,2020년 12월 10일 23시,목요일,경상북도 구미시 임수동,중상사고,0,1,1,1,차대차 - 측면충돌,신호위반,건조,맑음,교차로 - 교차로부근,승용,남,56세,부상신고,승용,남,35세,중상
2020121100100039,2020년 12월 11일 06시,금요일,경상북도 경주시 안강읍,경상사고,0,0,1,0,차대차 - 기타,안전운전불이행,건조,맑음,단일로 - 기타,승용,남,43세,경상,화물,남,48세,기타불명
2020121100100083,2020년 12월 11일 08시,금요일,경상북도 안동시 풍산읍,경상사고,0,0,2,0,차대차 - 측면충돌,직진우회전진행방해,건조,맑음,교차로 - 교차로안,화물,남,29세,경상,승용,남,21세,경상
2020121100100101,2020년 12월 11일 09시,금요일,경상북도 칠곡군 북삼읍,중상사고,0,1,0,0,차대사람 - 횡단중,안전운전불이행,건조,맑음,교차로 - 교차로안,승용,여,44세,상해없음,보행자,여,76세,중상
2020121100100116,2020년 12월 11일 10시,금요일,경상북도 경산시 하양읍,경상사고,0,0,1,0,차대사람 - 기타,안전운전불이행,건조,맑음,교차로 - 교차로부근,승용,남,54세,기타불명,보행자,여,21세,경상
2020121100100144,2020년 12월 11일 11시,금요일,경상북도 의성군 의성읍,중상사고,0,1,0,0,차량단독 - 공작물충돌,안전운전불이행,건조,맑음,단일로 - 기타,승용,여,66세,상해없음,,,,
2020121100100145,2020년 12월 11일 11시,금요일,경상북도 칠곡군 지천면,중상사고,0,1,1,0,차대차 - 추돌,안전거리미확보,건조,맑음,단일로 - 기타,건설기계,남,60세,중상,화물,남,70세,경상
2020121100100175,2020년 12월 11일 12시,금요일,경상북도 포항시 북구 두호동,경상사고,0,0,1,0,차대차 - 기타,교차로운행방법위반,건조,맑음,교차로 - 교차로부근,화물,남,36세,상해없음,이륜,남,23세,경상
2020121100100176,2020년 12월 11일 12시,금요일,경상북도 의성군 금성면,경상사고,0,0,2,0,차대차 - 정면충돌,안전운전불이행,건조,맑음,기타 - 기타,사륜오토바이(ATV),여,79세,경상,자전거,여,64세,경상
2020121100100177,2020년 12월 11일 12시,금요일,경상북도 영천시 완산동,중상사고,0,1,0,0,차대차 - 측면충돌,안전운전불이행,건조,맑음,교차로 - 교차로부근,승용,남,65세,상해없음,이륜,여,66세,중상
2020121100100209,2020년 12월 11일 13시,금요일,경상북도 상주시 서문동,중상사고,0,1,5,0,차대차 - 추돌,안전운전불이행,건조,맑음,단일로 - 기타,승용,남,78세,상해없음,승용,여,31세,중상
2020121100100246,2020년 12월 11일 14시,금요일,경상북도 경주시 성동동,경상사고,0,0,1,0,차대사람 - 기타,안전운전불이행,건조,맑음,단일로 - 기타,승합,남,57세,상해없음,보행자,남,68세,경상
2020121100100247,2020년 12월 11일 14시,금요일,경상북도 영주시 하망동,경상사고,0,0,2,0,차대차 - 추돌,안전운전불이행,건조,맑음,단일로 - 기타,승용,남,68세,상해없음,승용,여,38세,경상
2020121100100248,2020년 12월 11일 14시,금요일,경상북도 구미시 신평동,경상사고,0,0,1,0,차대차 - 기타,안전운전불이행,건조,맑음,교차로 - 교차로부근,승용,여,62세,상해없음,이륜,남,65세,경상
2020121100100287,2020년 12월 11일 15시,금요일,경상북도 포항시 북구 장성동,경상사고,0,0,1,0,차대차 - 기타,안전운전불이행,건조,맑음,교차로 - 교차로부근,기타불명,기타불명,미분류,기타불명,자전거,남,12세,경상
2020121100100288,2020년 12월 11일 15시,금요일,경상북도 안동시 풍천면,중상사고,0,2,1,0,차대차 - 측면충돌,신호위반,건조,맑음,교차로 - 교차로안,화물,남,51세,중상,승용,남,55세,중상
2020121100100318,2020년 12월 11일 16시,금요일,경상북도 경주시 안강읍,중상사고,0,1,0,0,차대차 - 측면충돌,안전운전불이행,건조,맑음,교차로 - 교차로안,화물,남,61세,상해없음,자전거,여,68세,중상
2020121100100319,2020년 12월 11일 16시,금요일,경상북도 울진군 기성면,사망사고,1,0,0,0,차대차 - 추돌,안전운전불이행,건조,맑음,단일로 - 기타,화물,남,69세,사망,화물,남,51세,기타불명
2020121100100359,2020년 12월 11일 17시,금요일,경상북도 경주시 외동읍,중상사고,0,1,1,0,차대차 - 측면충돌,신호위반,건조,맑음,교차로 - 교차로안,승용,남,37세,중상,승용,여,60세,경상
2020121100100360,2020년 12월 11일 17시,금요일,경상북도 포항시 북구 학잠동,경상사고,0,0,1,0,차대사람 - 기타,보행자보호의무위반,건조,맑음,교차로 - 교차로횡단보도내,승용,남,62세,상해없음,보행자,남,52세,경상
2020121100100361,2020년 12월 11일 17시,금요일,경상북도 안동시 송현동,중상사고,0,1,4,0,차대차 - 추돌,안전거리미확보,건조,맑음,단일로 - 기타,승용,남,67세,상해없음,승용,여,30세,경상
2020121100100362,2020년 12월 11일 17시,금요일,경상북도 경산시 자인면,중상사고,0,1,0,0,차대차 - 측면충돌,교차로운행방법위반,건조,맑음,교차로 - 교차로안,화물,남,43세,상해없음,승용,남,54세,중상
2020121100100363,2020년 12월 11일 17시,금요일,경상북도 영양군 청기면,중상사고,0,1,0,0,차대차 - 측면충돌,중앙선침범,건조,맑음,단일로 - 기타,승용,남,57세,상해없음,자전거,여,77세,중상
2020121100100364,2020년 12월 11일 17시,금요일,경상북도 포항시 남구 대송면,경상사고,0,0,3,0,차대차 - 기타,안전운전불이행,건조,맑음,교차로 - 교차로부근,승용,남,40세,경상,특수,남,43세,경상
2020121100100423,2020년 12월 11일 18시,금요일,경상북도 포항시 북구 두호동,경상사고,0,0,1,0,차대차 - 추돌,안전거리미확보,건조,맑음,교차로 - 교차로안,승용,남,57세,상해없음,승용,여,45세,경상
2020121100100424,2020년 12월 11일 18시,금요일,경상북도 포항시 북구 송라면,경상사고,0,0,4,0,차대차 - 추돌,안전거리미확보,건조,맑음,단일로 - 기타,승용,남,46세,상해없음,승용,남,52세,상해없음
2020121100100425,2020년 12월 11일 18시,금요일,경상북도 안동시 송현동,경상사고,0,0,2,0,차대차 - 정면충돌,안전운전불이행,건조,맑음,교차로 - 교차로안,승용,남,25세,경상,승용,여,37세,경상
2020121100100426,2020년 12월 11일 18시,금요일,경상북도 칠곡군 약목면,경상사고,0,0,1,0,차대차 - 측면충돌,안전운전불이행,건조,흐림,단일로 - 기타,승용,남,66세,상해없음,승용,남,43세,경상
2020121100100427,2020년 12월 11일 18시,금요일,경상북도 칠곡군 왜관읍,경상사고,0,0,3,0,차대차 - 추돌,안전운전불이행,건조,맑음,교차로 - 교차로안,화물,남,61세,상해없음,승용,여,52세,상해없음
2020121100100428,2020년 12월 11일 18시,금요일,경상북도 문경시 문경읍,중상사고,0,1,0,0,차량단독 - 도로외이탈 - 추락,안전운전불이행,건조,맑음,단일로 - 기타,승용,남,30세,중상,,,,
2020121100100482,2020년 12월 11일 19시,금요일,경상북도 안동시 태화동,경상사고,0,0,1,0,차대차 - 추돌,안전운전불이행,건조,맑음,단일로 - 기타,승용,남,58세,상해없음,승용,남,49세,경상
2020121100100483,2020년 12월 11일 19시,금요일,경상북도 상주시 서문동,경상사고,0,0,1,0,차대차 - 기타,안전운전불이행,건조,맑음,교차로 - 교차로안,이륜,남,20세,경상,승용,여,53세,상해없음
2020121100100484,2020년 12월 11일 19시,금요일,경상북도 영덕군 남정면,중상사고,0,1,2,0,차대차 - 측면충돌,안전운전불이행,건조,맑음,교차로 - 교차로안,기타불명,남,19세,경상,승용,남,65세,경상
2020121100100516,2020년 12월 11일 20시,금요일,경상북도 청도군 이서면,경상사고,0,0,1,0,차대차 - 측면충돌,안전운전불이행,건조,맑음,교차로 - 교차로안,승용,남,65세,상해없음,화물,남,53세,경상
2020121100100586,2020년 12월 11일 22시,금요일,경상북도 영주시 평은면,중상사고,0,1,1,0,차대차 - 정면충돌,중앙선침범,건조,맑음,단일로 - 기타,승용,남,70세,상해없음,승용,여,45세,중상
2020121100100587,2020년 12월 11일 22시,금요일,경상북도 구미시 옥계동,중상사고,0,1,0,0,차량단독 - 공작물충돌,안전운전불이행,건조,맑음,교차로 - 교차로안,승용,남,37세,중상,,,,
2020121100100610,2020년 12월 11일 23시,금요일,경상북도 포항시 북구 두호동,경상사고,0,0,1,0,차대차 - 추돌,안전운전불이행,건조,맑음,교차로 - 교차로부근,승용,남,54세,상해없음,승용,남,59세,경상
2020121200100005,2020년 12월 12일 00시,토요일,경상북도 포항시 남구 해도동,경상사고,0,0,1,0,차대차 - 측면충돌,안전운전불이행,건조,맑음,단일로 - 기타,승용,남,55세,상해없음,이륜,남,38세,경상
2020121200100025,2020년 12월 12일 03시,토요일,경상북도 포항시 북구 두호동,경상사고,0,0,2,0,차대차 - 추돌,안전운전불이행,건조,맑음,단일로 - 기타,화물,남,60세,상해없음,승용,남,47세,경상
2020121200100044,2020년 12월 12일 06시,토요일,경상북도 포항시 남구 괴동동,경상사고,0,0,1,0,차대사람 - 차도통행중,안전운전불이행,건조,맑음,교차로 - 교차로부근,승용,남,33세,상해없음,보행자,남,67세,경상
2020121200100045,2020년 12월 12일 06시,토요일,경상북도 포항시 남구 송도동,경상사고,0,0,2,0,차대차 - 측면충돌,신호위반,건조,맑음,교차로 - 교차로안,승합,남,49세,상해없음,승용,남,69세,경상
2020121200100100,2020년 12월 12일 10시,토요일,경상북도 경주시 탑동,경상사고,0,0,1,0,차대차 - 기타,안전운전불이행,건조,맑음,단일로 - 기타,승용,남,21세,상해없음,승용,남,35세,경상
2020121200100101,2020년 12월 12일 10시,토요일,경상북도 경주시 성건동,경상사고,0,0,5,1,차대차 - 측면충돌,안전거리미확보,건조,맑음,교차로 - 교차로부근,승용,여,36세,부상신고,승용,남,18세,경상
2020121200100102,2020년 12월 12일 10시,토요일,경상북도 영천시 임고면,경상사고,0,0,1,0,차대차 - 추돌,안전거리미확보,건조,맑음,단일로 - 기타,화물,남,73세,상해없음,승용,여,62세,경상
2020121200100103,2020년 12월 12일 10시,토요일,경상북도 청도군 청도읍,중상사고,0,1,0,0,차대사람 - 기타,안전운전불이행,건조,맑음,단일로 - 기타,화물,남,52세,상해없음,보행자,남,60세,중상
2020121200100129,2020년 12월 12일 11시,토요일,경상북도 포항시 북구 양덕동,경상사고,0,0,1,0,차대차 - 정면충돌,안전운전불이행,건조,맑음,단일로 - 기타,화물,남,44세,상해없음,원동기,남,34세,경상
2020121200100164,2020년 12월 12일 12시,토요일,경상북도 경주시 외동읍,중상사고,0,1,2,0,차대차 - 추돌,안전거리미확보,건조,맑음,단일로 - 기타,화물,남,64세,상해없음,화물,남,58세,중상
2020121200100165,2020년 12월 12일 12시,토요일,경상북도 구미시 사곡동,중상사고,0,1,0,0,차대사람 - 횡단중,안전운전불이행,건조,맑음,교차로 - 교차로안,승용,남,52세,상해없음,보행자,여,66세,중상