사고번호,사고일시,요일,시군구,사고내용,사망자수,중상자수,경상자수,부상신고자수,사고유형,법규위반,노면상태,기상상태,도로형태,가해운전자 차종,가해운전자 성별,가해운전자 연령,가해운전자 상해정도,피해운전자 차종,피해운전자 성별,피해운전자 연령,피해운전자 상해정도
2020121200100205,2020년 12월 12일 13시,토요일,경상북도 영주시 순흥면,중상사고,0,1,0,0,차대차 - 정면충돌,안전운전불이행,건조,맑음,단일로 - 기타,이륜,여,59세,중상,승용,여,47세,상해없음
2020121200100261,2020년 12월 12일 15시,토요일,경상북도 경주시 안강읍,부상신고사고,0,0,0,1,차대차 - 측면충돌,안전운전불이행,건조,맑음,교차로 - 교차로안,이륜,남,75세,부상신고,승용,여,43세,기타불명
2020121200100262,2020년 12월 12일 15시,토요일,경상북도 영주시 부석면,경상사고,0,0,1,0,차대차 - 측면충돌,안전운전불이행,건조,맑음,교차로 - 교차로안,화물,남,71세,상해없음,자전거,여,47세,경상
2020121200100288,2020년 12월 12일 16시,토요일,경상북도 상주시 남성동,경상사고,0,0,1,0,차대사람 - 횡단중,안전운전불이행,건조,맑음,교차로 - 교차로부근,화물,남,62세,상해없음,보행자,여,68세,경상
2020121200100289,2020년 12월 12일 16시,토요일,경상북도 영주시 가흥동,경상사고,0,0,1,0,차대차 - 기타,안전운전불이행,건조,맑음,기타 - 기타,이륜,남,26세,경상,승용,여,60세,상해없음
2020121200100326,2020년 12월 12일 17시,토요일,경상북도 포항시 북구 흥해읍,경상사고,0,0,1,0,차대차 - 측면충돌,안전운전불이행,건조,맑음,교차로 - 교차로안,승용,여,53세,상해없음,승용,남,21세,경상
2020121200100327,2020년 12월 12일 17시,토요일,경상북도 포항시 북구 흥해읍,경상사고,0,0,1,0,차대차 - 측면충돌,직진우회전진행방해,건조,맑음,교차로 - 교차로부근,승용,남,53세,상해없음,승용,남,46세,경상
2020121200100328,2020년 12월 12일 17시,토요일,경상북도 안동시 정상동,경상사고,0,0,3,0,차대차 - 추돌,안전운전불이행,건조,맑음,단일로 - 기타,승용,남,34세,상해없음,승용,남,58세,경상
2020121200100329,2020년 12월 12일 17시,토요일,경상북도 칠곡군 석적읍,중상사고,0,1,0,0,차대차 - 추돌,안전운전불이행,건조,맑음,단일로 - 기타,승용,남,55세,상해없음,농기계,남,80세,중상
2020121200100373,2020년 12월 12일 18시,토요일,경상북도 경주시 건천읍,중상사고,0,1,0,0,차대차 - 측면충돌,안전운전불이행,건조,맑음,교차로 - 교차로부근,승용,남,59세,상해없음,이륜,남,25세,중상
2020121200100374,2020년 12월 12일 18시,토요일,경상북도 김천시 신음동,중상사고,0,1,0,0,차대사람 - 횡단중,신호위반,건조,기타,교차로 - 교차로횡단보도내,이륜,남,40세,상해없음,보행자,여,50세,중상
2020121200100375,2020년 12월 12일 18시,토요일,경상북도 영천시 금호읍,경상사고,0,0,1,0,차대차 - 측면충돌,안전거리미확보,건조,맑음,단일로 - 기타,승용,남,36세,상해없음,승용,여,35세,경상
2020121200100376,2020년 12월 12일 18시,토요일,경상북도 경산시 하양읍,부상신고사고,0,0,0,1,차대사람 - 기타,안전운전불이행,건조,맑음,단일로 - 기타,기타불명,기타불명,미분류,기타불명,보행자,남,60세,부상신고
2020121200100377,2020년 12월 12일 18시,토요일,경상북도 포항시 남구 해도동,중상사고,0,1,0,0,차대사람 - 횡단중,안전운전불이행,건조,맑음,교차로 - 교차로부근,승용,남,30세,상해없음,보행자,여,56세,중상
2020121200100378,2020년 12월 12일 18시,토요일,경상북도 포항시 남구 구룡포읍,경상사고,0,0,2,0,차대차 - 측면충돌,직진우회전진행방해,건조,맑음,교차로 - 교차로안,승용,여,40세,경상,이륜,남,22세,경상
2020121200100468,2020년 12월 12일 21시,토요일,경상북도 포항시 북구 대흥동,중상사고,0,1,0,0,차대사람 - 길가장자리구역통행중,안전운전불이행,건조,맑음,단일로 - 기타,특수,남,42세,상해없음,보행자,여,61세,중상
2020121200100469,2020년 12월 12일 21시,토요일,경상북도 포항시 남구 대잠동,경상사고,0,0,4,0,차대차 - 측면충돌,직진우회전진행방해,건조,맑음,교차로 - 교차로안,승용,남,54세,경상,승용,남,71세,경상
2020121200100495,2020년 12월 12일 23시,토요일,경상북도 경주시 황성동,경상사고,0,0,1,0,차대차 - 측면충돌,중앙선침범,건조,맑음,교차로 - 교차로부근,승용,남,28세,상해없음,승용,남,44세,경상
2020121200100496,2020년 12월 12일 23시,토요일,경상북도 포항시 남구 오천읍,경상사고,0,0,1,0,차대차 - 기타,직진우회전진행방해,건조,맑음,교차로 - 교차로안,승용,남,52세,상해없음,이륜,남,16세,경상
2020121300100034,2020년 12월 13일 06시,일요일,경상북도 경산시 서상동,경상사고,0,0,1,0,차대차 - 기타,안전운전불이행,건조,맑음,교차로 - 교차로안,승용,남,41세,경상,승용,남,60세,상해없음
2020121300100035,2020년 12월 13일 06시,일요일,경상북도 예천군 예천읍,중상사고,0,1,1,0,차대차 - 측면충돌,직진우회전진행방해,건조,맑음,교차로 - 교차로안,화물,남,61세,경상,화물,남,63세,중상
2020121300100051,2020년 12월 13일 08시,일요일,경상북도 상주시 함창읍,중상사고,0,1,1,0,차대차 - 측면충돌,교차로운행방법위반,건조,맑음,교차로 - 교차로안,화물,남,36세,경상,건설기계,남,56세,상해없음
2020121300100133,2020년 12월 13일 12시,일요일,경상북도 경주시 천북면,경상사고,0,0,1,0,차량단독 - 전도전복 - 전도,안전운전불이행,건조,맑음,기타 - 기타,이륜,남,59세,경상,,,,
2020121300100154,2020년 12월 13일 13시,일요일,경상북도 경주시 천군동,경상사고,0,0,1,0,차대사람 - 차도통행중,안전운전불이행,건조,맑음,단일로 - 지하차도(도로)내,승용,남,29세,상해없음,보행자,남,38세,경상
2020121300100155,2020년 12월 13일 13시,일요일,경상북도 영주시 하망동,중상사고,0,1,0,0,차대차 - 측면충돌,교차로운행방법위반,젖음/습기,눈,교차로 - 교차로안,승용,남,64세,상해없음,화물,남,71세,상해없음
2020121300100156,2020년 12월 13일 13시,일요일,경상북도 구미시 황상동,경상사고,0,0,1,0,차대차 - 추돌,안전운전불이행,건조,맑음,단일로 - 터널,승용,남,41세,상해없음,승용,남,41세,경상
2020121300100157,2020년 12월 13일 13시,일요일,경상북도 구미시 선산읍,중상사고,0,2,3,0,차량단독 - 도로외이탈 - 추락,안전운전불이행,건조,맑음,단일로 - 기타,화물,남,29세,상해없음,,,,
2020121300100175,2020년 12월 13일 14시,일요일,경상북도 경산시 삼북동,경상사고,0,0,2,0,차대차 - 기타,안전운전불이행,건조,맑음,단일로 - 기타,승용,남,68세,상해없음,승용,여,60세,경상
2020121300100204,2020년 12월 13일 15시,일요일,경상북도 경산시 사동,중상사고,0,1,1,0,차대차 - 측면충돌,교차로운행방법위반,건조,맑음,교차로 - 교차로안,승용,남,20세,경상,이륜,남,40세,중상
2020121300100222,2020년 12월 13일 16시,일요일,경상북도 경주시 외동읍,경상사고,0,0,2,0,차대차 - 측면충돌,신호위반,건조,맑음,교차로 - 교차로안,화물,남,68세,상해없음,이륜,남,83세,경상
2020121300100223,2020년 12월 13일 16시,일요일,경상북도 김천시 황금동,경상사고,0,0,2,0,차대차 - 추돌,안전운전불이행,젖음/습기,맑음,단일로 - 기타,승합,남,50세,상해없음,화물,남,68세,상해없음
2020121300100252,2020년 12월 13일 17시,일요일,경상북도 경주시 황성동,중상사고,0,1,1,0,차대차 - 측면충돌,신호위반,건조,맑음,교차로 - 교차로안,승용,남,68세,상해없음,승용,여,67세,경상
2020121300100253,2020년 12월 13일 17시,일요일,경상북도 구미시 선산읍,경상사고,0,0,2,0,차대차 - 기타,교차로운행방법위반,젖음/습기,비,교차로 - 교차로안,승용,여,36세,상해없음,승용,남,55세,경상
2020121300100285,2020년 12월 13일 18시,일요일,경상북도 경주시 용강동,경상사고,0,0,1,0,차대차 - 측면충돌,안전운전불이행,젖음/습기,비,교차로 - 교차로안,자전거,남,14세,경상,승용,남,43세,상해없음
2020121300100286,2020년 12월 13일 18시,일요일,경상북도 포항시 북구 신흥동,경상사고,0,0,1,0,차대사람 - 기타,안전운전불이행,건조,맑음,단일로 - 기타,원동기,남,28세,상해없음,보행자,여,79세,경상
2020121300100287,2020년 12월 13일 18시,일요일,경상북도 예천군 예천읍,부상신고사고,0,0,0,1,차량단독 - 공작물충돌,안전운전불이행,서리/결빙,눈,단일로 - 기타,승합,남,37세,상해없음,,,,
2020121300100288,2020년 12월 13일 18시,일요일,경상북도 구미시 진평동,경상사고,0,0,1,0,차대차 - 기타,안전운전불이행,젖음/습기,흐림,교차로 - 교차로안,이륜,남,45세,경상,승용,남,27세,상해없음
2020121300100319,2020년 12월 13일 19시,일요일,경상북도 포항시 북구 용흥동,경상사고,0,0,1,0,차대차 - 기타,안전운전불이행,건조,맑음,단일로 - 기타,승용,남,60세,상해없음,원동기,남,27세,경상
2020121300100320,2020년 12월 13일 19시,일요일,경상북도 구미시 도량동,중상사고,0,1,0,0,차대차 - 측면충돌,교차로운행방법위반,건조,맑음,교차로 - 교차로안,승용,남,33세,상해없음,이륜,남,20세,중상
2020121300100345,2020년 12월 13일 20시,일요일,경상북도 경주시 동방동,경상사고,0,0,1,0,차량단독 - 공작물충돌,안전운전불이행,젖음/습기,비,단일로 - 기타,승용,남,49세,경상,,,,
2020121300100346,2020년 12월 13일 20시,일요일,경상북도 영천시 도남동,사망사고,1,0,0,0,차대사람 - 기타,과속,건조,맑음,교차로 - 교차로부근,승용,남,35세,상해없음,보행자,여,59세,사망
2020121400100036,2020년 12월 14일 06시,월요일,경상북도 봉화군 봉화읍,중상사고,0,1,0,0,차대사람 - 횡단중,안전운전불이행,서리/결빙,흐림,단일로 - 기타,승용,남,62세,상해없음,보행자,남,84세,중상
2020121400100037,2020년 12월 14일 06시,월요일,경상북도 포항시 남구 상도동,경상사고,0,0,1,0,차대차 - 측면충돌,신호위반,건조,맑음,교차로 - 교차로안,승용,남,24세,상해없음,화물,남,49세,경상
2020121400100090,2020년 12월 14일 08시,월요일,경상북도 포항시 북구 죽도동,경상사고,0,0,1,0,차대사람 - 차도통행중,안전운전불이행,건조,맑음,단일로 - 기타,승합,남,51세,상해없음,보행자,여,65세,경상
2020121400100091,2020년 12월 14일 08시,월요일,경상북도 칠곡군 왜관읍,경상사고,0,0,3,0,차대차 - 정면충돌,안전운전불이행,건조,맑음,단일로 - 기타,승용,남,20세,경상,화물,남,46세,경상
2020121400100092,2020년 12월 14일 08시,월요일,경상북도 구미시 공단동,경상사고,0,0,1,0,차대차 - 기타,교차로운행방법위반,건조,맑음,교차로 - 교차로부근,기타불명,기타불명,미분류,기타불명,승용,남,59세,상해없음
2020121400100117,2020년 12월 14일 09시,월요일,경상북도 경주시 현곡면,경상사고,0,0,1,0,차대차 - 측면충돌,안전운전불이행,건조,맑음,교차로 - 교차로안,승용,남,50세,상해없음,자전거,남,74세,경상
2020121400100118,2020년 12월 14일 09시,월요일,경상북도 상주시 남성동,중상사고,0,1,0,0,차대차 - 측면충돌,교차로운행방법위반,건조,맑음,교차로 - 교차로안,승용,남,46세,상해없음,이륜,남,71세,중상
2020121400100119,2020년 12월 14일 09시,월요일,경상북도 구미시 원평동,중상사고,0,1,0,0,차대차 - 측면충돌,안전운전불이행,건조,맑음,교차로 - 교차로부근,이륜,남,88세,중상,승용,여,45세,상해없음
2020121400100120,2020년 12월 14일 09시,월요일,경상북도 포항시 남구 동촌동,경상사고,0,0,1,0,차대차 - 기타,안전운전불이행,건조,맑음,단일로 - 기타,승용,남,70세,상해없음,승용,남,66세,경상
2020121400100145,2020년 12월 14일 10시,월요일,경상북도 칠곡군 석적읍,경상사고,0,0,1,0,차대차 - 측면충돌,안전운전불이행,건조,맑음,단일로 - 기타,화물,남,36세,상해없음,승용,여,40세,경상
2020121400100146,2020년 12월 14일 10시,월요일,경상북도 경산시 옥산동,중상사고,0,1,0,0,차대차 - 측면충돌,안전운전불이행,건조,맑음,단일로 - 기타,승용,남,63세,기타불명,승용,남,37세,중상
2020121400100147,2020년 12월 14일 10시,월요일,경상북도 구미시 구포동,경상사고,0,0,1,0,차대차 - 기타,안전운전불이행,건조,맑음,주차장 - 주차장,화물,남,52세,상해없음,화물,남,58세,경상
2020121400100170,2020년 12월 14일 11시,월요일,경상북도 김천시 신음동,경상사고,0,0,2,0,차대차 - 측면충돌,안전거리미확보,건조,맑음,단일로 - 기타,승용,남,65세,상해없음,승용,남,36세,경상
2020121400100171,2020년 12월 14일 11시,월요일,경상북도 상주시 화서면,경상사고,0,0,1,0,차대차 - 추돌,안전운전불이행,건조,맑음,단일로 - 기타,승용,남,28세,상해없음,화물,남,38세,경상
2020121400100196,2020년 12월 14일 12시,월요일,경상북도 포항시 북구 항구동,경상사고,0,0,2,0,차대차 - 측면충돌,안전운전불이행,건조,맑음,교차로 - 교차로안,이륜,남,21세,경상,승용,여,56세,경상
2020121400100197,2020년 12월 14일 12시,월요일,경상북도 구미시 선산읍,부상신고사고,0,0,0,1,차대차 - 측면충돌,교차로운행방법위반,건조,맑음,교차로 - 교차로안,자전거,여,83세,부상신고,승용,남,61세,상해없음
2020121400100198,2020년 12월 14일 12시,월요일,경상북도 포항시 남구 연일읍,경상사고,0,0,3,0,차대차 - 추돌,안전거리미확보,건조,맑음,교차로 - 교차로부근,승용,여,55세,경상,승용,남,73세,경상
2020121400100264,2020년 12월 14일 14시,월요일,경상북도 포항시 북구 죽도동,경상사고,0,0,2,0,차대차 - 추돌,안전거리미확보,건조,맑음,교차로 - 교차로부근,화물,남,59세,상해없음,승용,여,32세,경상
2020121400100265,2020년 12월 14일 14시,월요일,경상북도 안동시 옥동,경상사고,0,0,1,0,차대차 - 측면충돌,교차로운행방법위반,건조,맑음,교차로 - 교차로안,승용,여,38세,경상,화물,남,64세,상해없음
2020121400100266,2020년 12월 14일 14시,월요일,경상북도 영천시 문외동,경상사고,0,0,1,0,차대차 - 측면충돌,안전운전불이행,건조,맑음,단일로 - 기타,사륜오토바이(ATV),남,63세,상해없음,자전거,여,73세,경상
2020121400100267,2020년 12월 14일 14시,월요일,경상북도 포항시 남구 인덕동,경상사고,0,0,2,0,차대차 - 측면충돌,교차로운행방법위반,건조,맑음,교차로 - 교차로안,승용,여,37세,경상,승용,남,43세,경상
2020121400100304,2020년 12월 14일 15시,월요일,경상북도 포항시 남구 송도동,경상사고,0,0,3,0,차대차 - 기타,안전거리미확보,건조,맑음,교차로 - 교차로부근,승용,여,64세,경상,승용,남,51세,경상
2020121400100370,2020년 12월 14일 17시,월요일,경상북도 경주시 천북면,중상사고,0,1,0,0,차대차 - 측면충돌,차로위반,건조,맑음,단일로 - 기타,건설기계,남,68세,상해없음,승용,남,35세,중상
2020121400100371,2020년 12월 14일 17시,월요일,경상북도 포항시 남구 대잠동,경상사고,0,0,4,0,차대차 - 기타,안전운전불이행,건조,맑음,단일로 - 기타,승용,남,50세,상해없음,승용,남,24세,경상
2020121400100422,2020년 12월 14일 18시,월요일,경상북도 김천시 증산면,부상신고사고,0,0,0,1,차량단독 - 도로외이탈 - 추락,기타,건조,맑음,단일로 - 기타,화물,여,55세,부상신고,,,,
2020121400100423,2020년 12월 14일 18시,월요일,경상북도 칠곡군 왜관읍,경상사고,0,0,1,0,차대차 - 측면충돌,안전운전불이행,건조,맑음,단일로 - 기타,승용,남,48세,상해없음,자전거,여,11세,경상
2020121400100424,2020년 12월 14일 18시,월요일,경상북도 구미시 송정동,중상사고,0,1,0,0,차대차 - 기타,안전운전불이행,건조,맑음,교차로 - 교차로안,승합,남,61세,상해없음,이륜,남,36세,중상
2020121400100425,2020년 12월 14일 18시,월요일,경상북도 구미시 산동면,경상사고,0,0,1,0,차대차 - 기타,안전운전불이행,건조,맑음,교차로 - 교차로안,승용,여,28세,경상,건설기계,남,58세,상해없음
2020121400100426,2020년 12월 14일 18시,월요일,경상북도 포항시 남구 오천읍,부상신고사고,0,0,0,1,차대차 - 측면충돌,안전운전불이행,건조,맑음,교차로 - 교차로부근,승용,남,27세,상해없음,이륜,남,33세,부상신고
2020121400100427,2020년 12월 14일 18시,월요일,경상북도 포항시 남구 괴동동,경상사고,0,0,1,0,차대차 - 기타,안전운전불이행,건조,맑음,교차로 - 교차로안,승용,남,38세,상해없음,화물,남,46세,경상
2020121400100470,2020년 12월 14일 19시,월요일,경상북도 경주시 황성동,중상사고,0,1,0,0,차대사람 - 횡단중,보행자보호의무위반,건조,맑음,교차로 - 교차로횡단보도내,승용,여,37세,상해없음,보행자,남,58세,중상
2020121400100471,2020년 12월 14일 19시,월요일,경상북도 포항시 남구 효자동,경상사고,0,0,1,0,차대차 - 추돌,안전운전불이행,건조,맑음,단일로 - 기타,이륜,남,26세,경상,승용,남,63세,상해없음
2020121400100499,2020년 12월 14일 20시,월요일,경상북도 안동시 옥동,경상사고,0,0,3,0,차대차 - 정면충돌,안전운전불이행,건조,맑음,교차로 - 교차로안,승용,남,35세,경상,이륜,남,20세,경상
2020121500100042,2020년 12월 15일 07시,화요일,경상북도 칠곡군 약목면,경상사고,0,0,4,0,차대차 - 정면충돌,교차로운행방법위반,건조,맑음,교차로 - 교차로안,승용,남,66세,경상,승용,여,63세,경상
2020121500100069,2020년 12월 15일 08시,화요일,경상북도 영덕군 남정면,중상사고,0,1,0,0,차대차 - 측면충돌,안전거리미확보,건조,맑음,단일로 - 기타,건설기계,남,65세,상해없음,승용,여,36세,중상
2020121500100094,2020년 12월 15일 09시,화요일,경상북도 구미시 고아읍,경상사고,0,0,2,0,차대차 - 측면충돌,교차로운행방법위반,건조,맑음,교차로 - 교차로안,승용,남,60세,경상,승용,여,37세,경상
2020121500100117,2020년 12월 15일 10시,화요일,경상북도 상주시 중동면,사망사고,1,0,0,0,차량단독 - 전도전복 - 전도,안전운전불이행,건조,맑음,단일로 - 기타,이륜,여,75세,사망,,,,
2020121500100147,2020년 12월 15일 11시,화요일,경상북도 안동시 송현동,경상사고,0,0,2,0,차대차 - 정면충돌,신호위반,건조,맑음,교차로 - 교차로안,승용,여,69세,경상,화물,남,72세,경상
2020121500100148,2020년 12월 15일 11시,화요일,경상북도 김천시 신음동,경상사고,0,0,1,0,차대차 - 정면충돌,중앙선침범,건조,맑음,단일로 - 기타,승용,여,33세,상해없음,이륜,남,43세,경상
2020121500100149,2020년 12월 15일 11시,화요일,경상북도 구미시 진평동,경상사고,0,0,3,0,차대차 - 정면충돌,신호위반,건조,맑음,교차로 - 교차로안,화물,남,52세,경상,승용,남,47세,경상
2020121500100150,2020년 12월 15일 11시,화요일,경상북도 구미시 공단동,경상사고,0,0,1,0,차대차 - 기타,교차로운행방법위반,건조,맑음,교차로 - 교차로안,특수,남,23세,상해없음,승용,남,37세,경상
2020121500100209,2020년 12월 15일 13시,화요일,경상북도 포항시 북구 죽도동,경상사고,0,0,1,0,차대사람 - 길가장자리구역통행중,안전운전불이행,건조,맑음,단일로 - 기타,화물,남,59세,상해없음,보행자,여,68세,경상
2020121500100210,2020년 12월 15일 13시,화요일,경상북도 안동시 옥동,중상사고,0,1,0,0,차대사람 - 횡단중,보행자보호의무위반,건조,맑음,교차로 - 교차로횡단보도내,승용,여,43세,상해없음,보행자,남,9세,중상
2020121500100211,2020년 12월 15일 13시,화요일,경상북도 영천시 교촌동,경상사고,0,0,1,0,차대차 - 추돌,안전거리미확보,건조,맑음,교차로 - 교차로안,건설기계,남,54세,상해없음,화물,남,60세,경상
2020121500100212,2020년 12월 15일 13시,화요일,경상북도 포항시 남구 대잠동,경상사고,0,0,1,0,차대차 - 측면충돌,교차로운행방법위반,건조,맑음,교차로 - 교차로부근,건설기계,남,68세,상해없음,승용,여,41세,경상
2020121500100248,2020년 12월 15일 14시,화요일,경상북도 경주시 성건동,경상사고,0,0,1,0,차대차 - 측면충돌,신호위반,건조,맑음,교차로 - 교차로안,이륜,남,78세,경상,승용,여,52세,상해없음
2020121500100249,2020년 12월 15일 14시,화요일,경상북도 경주시 용강동,경상사고,0,0,1,0,차대차 - 추돌,안전운전불이행,건조,맑음,단일로 - 기타,승용,여,58세,상해없음,승용,여,45세,경상
2020121500100250,2020년 12월 15일 14시,화요일,경상북도 문경시 흥덕동,경상사고,0,0,2,0,차대차 - 후진중충돌,안전운전불이행,건조,맑음,교차로 - 교차로안,화물,남,35세,경상,승용,여,59세,경상
2020121500100251,2020년 12월 15일 14시,화요일,경상북도 경산시 진량읍,경상사고,0,0,1,0,차대차 - 추돌,안전운전불이행,건조,맑음,단일로 - 기타,화물,남,23세,경상,화물,남,39세,기타불명
2020121500100288,2020년 12월 15일 15시,화요일,경상북도 포항시 북구 장성동,경상사고,0,0,1,0,차대차 - 측면충돌,안전운전불이행,건조,맑음,교차로 - 교차로안,승용,남,27세,상해없음,승용,여,56세,경상
2020121500100289,2020년 12월 15일 15시,화요일,경상북도 고령군 다산면,경상사고,0,0,1,0,차대차 - 기타,안전운전불이행,건조,맑음,교차로 - 교차로부근,건설기계,남,52세,상해없음,승용,남,56세,경상
2020121500100290,2020년 12월 15일 15시,화요일,경상북도 구미시 고아읍,경상사고,0,0,3,0,차대차 - 추돌,안전거리미확보,건조,맑음,단일로 - 기타,승용,남,26세,상해없음,승용,여,36세,경상
2020121500100360,2020년 12월 15일 17시,화요일,경상북도 군위군 군위읍,중상사고,0,1,0,0,차대차 - 기타,중앙선침범,건조,맑음,단일로 - 기타,승용,남,82세,상해없음,이륜,남,56세,중상
2020121500100414,2020년 12월 15일 18시,화요일,경상북도 칠곡군 북삼읍,부상신고사고,0,0,0,1,차대차 - 측면충돌,신호위반,건조,맑음,교차로 - 교차로안,승합,남,58세,상해없음,이륜,남,18세,부상신고
2020121500100415,2020년 12월 15일 18시,화요일,경상북도 경산시 백천동,경상사고,0,0,1,0,차대차 - 측면충돌,안전운전불이행,건조,맑음,교차로 - 교차로안,승용,남,70세,상해없음,승용,여,50세,경상
2020121500100416,2020년 12월 15일 18시,화요일,경상북도 구미시 산동면,경상사고,0,0,1,0,차대차 - 기타,불법유턴,건조,맑음,교차로 - 교차로횡단보도내,승용,여,40세,상해없음,이륜,남,28세,경상
2020121500100457,2020년 12월 15일 19시,화요일,경상북도 포항시 북구 장성동,중상사고,0,1,0,0,차대차 - 기타,안전운전불이행,건조,맑음,단일로 - 기타,이륜,남,28세,중상,승용,여,43세,상해없음
2020121500100458,2020년 12월 15일 19시,화요일,경상북도 영천시 금노동,경상사고,0,0,4,0,차대차 - 측면충돌,신호위반,건조,맑음,교차로 - 교차로부근,승용,여,32세,상해없음,승합,남,24세,경상
2020121500100459,2020년 12월 15일 19시,화요일,경상북도 경산시 중방동,중상사고,0,1,0,0,차대사람 - 횡단중,신호위반,건조,맑음,교차로 - 교차로횡단보도내,승용,여,54세,상해없음,보행자,남,35세,중상
2020121500100491,2020년 12월 15일 20시,화요일,경상북도 경산시 진량읍,경상사고,0,0,1,0,차대사람 - 횡단중,보행자보호의무위반,건조,맑음,단일로 - 기타,승용,여,57세,상해없음,보행자,여,55세,경상
2020121500100558,2020년 12월 15일 22시,화요일,경상북도 경주시 구정동,경상사고,0,0,2,0,차대차 - 측면충돌,안전운전불이행,건조,맑음,교차로 - 교차로부근,승용,남,59세,상해없음,승용,남,57세,경상
2020121500100568,2020년 12월 15일 23시,화요일,경상북도 구미시 옥계동,중상사고,0,1,1,0,차대차 - 추돌,안전운전불이행,건조,맑음,교차로 - 교차로부근,승용,남,49세,상해없음,승용,남,45세,중상
2020121600100004,2020년 12월 16일 00시,수요일,경상북도 경산시 옥산동,경상사고,0,0,1,0,차대차 - 정면충돌,중앙선침범,건조,맑음,교차로 - 교차로부근,이륜,남,25세,상해없음,이륜,여,31세,경상
2020121600100015,2020년 12월 16일 03시,수요일,경상북도 상주시 은척면,중상사고,0,1,0,0,차대사람 - 차도통행중,교차로운행방법위반,건조,맑음,교차로 - 교차로안,승용,남,67세,상해없음,보행자,남,86세,중상
2020121600100016,2020년 12월 16일 03시,수요일,경상북도 구미시 고아읍,부상신고사고,0,0,0,1,차량단독 - 공작물충돌,안전운전불이행,건조,맑음,단일로 - 기타,승용,남,29세,부상신고,,,,
2020121600100047,2020년 12월 16일 07시,수요일,경상북도 경주시 서악동,중상사고,0,1,0,0,차대차 - 측면충돌,신호위반,건조,맑음,교차로 - 교차로안,승용,남,40세,상해없음,화물,남,61세,중상
2020121600100048,2020년 12월 16일 07시,수요일,경상북도 경산시 압량면,중상사고,0,1,0,0,차대사람 - 기타,안전운전불이행,건조,맑음,단일로 - 기타,화물,남,59세,상해없음,보행자,남,30세,중상
2020121600100049,2020년 12월 16일 07시,수요일,경상북도 예천군 호명면,경상사고,0,0,1,0,차대차 - 측면충돌,직진우회전진행방해,건조,맑음,교차로 - 교차로안,승용,남,37세,상해없음,화물,남,28세,경상
2020121600100080,2020년 12월 16일 08시,수요일,경상북도 경주시 노동동,경상사고,0,0,1,0,차대차 - 측면충돌,기타,건조,맑음,교차로 - 교차로안,승용,남,57세,상해없음,자전거,여,79세,경상
2020121600100081,2020년 12월 16일 08시,수요일,경상북도 칠곡군 왜관읍,중상사고,0,1,3,1,차대차 - 측면충돌,신호위반,건조,맑음,교차로 - 교차로안,승용,남,53세,부상신고,승용,여,24세,중상
2020121600100082,2020년 12월 16일 08시,수요일,경상북도 영천시 망정동,경상사고,0,0,2,0,차대차 - 측면충돌,직진우회전진행방해,건조,맑음,교차로 - 교차로안,승용,남,35세,상해없음,승용,남,45세,경상
2020121600100083,2020년 12월 16일 08시,수요일,경상북도 구미시 상모동,경상사고,0,0,1,0,차대사람 - 기타,보행자보호의무위반,건조,맑음,교차로 - 교차로횡단보도내,화물,남,78세,상해없음,보행자,여,39세,경상
2020121600100118,2020년 12월 16일 09시,수요일,경상북도 성주군 월항면,중상사고,0,1,0,0,차대사람 - 기타,안전운전불이행,건조,맑음,단일로 - 기타,화물,남,60세,상해없음,보행자,여,50세,중상
2020121600100134,2020년 12월 16일 10시,수요일,경상북도 경주시 탑동,중상사고,0,1,1,0,차대차 - 추돌,안전거리미확보,건조,맑음,단일로 - 기타,화물,남,64세,상해없음,승용,남,37세,경상
2020121600100159,2020년 12월 16일 11시,수요일,경상북도 칠곡군 왜관읍,경상사고,0,0,1,0,차대차 - 측면충돌,교차로운행방법위반,건조,맑음,교차로 - 교차로안,승용,여,63세,상해없음,승용,남,47세,경상
2020121600100184,2020년 12월 16일 12시,수요일,경상북도 경주시 황오동,경상사고,0,0,1,0,차대차 - 추돌,안전운전불이행,건조,맑음,단일로 - 지하차도(도로)내,화물,남,75세,상해없음,자전거,여,63세,경상
2020121600100185,2020년 12월 16일 12시,수요일,경상북도 포항시 북구 남빈동,경상사고,0,0,1,0,차대차 - 기타,안전운전불이행,건조,맑음,교차로 - 교차로안,승용,여,44세,상해없음,승용,여,53세,경상
2020121600100215,2020년 12월 16일 13시,수요일,경상북도 포항시 북구 장성동,중상사고,0,1,1,0,차대차 - 측면충돌,직진우회전진행방해,건조,맑음,교차로 - 교차로안,승용,여,37세,경상,승용,남,41세,중상
2020121600100216,2020년 12월 16일 13시,수요일,경상북도 안동시 정하동,경상사고,0,0,1,0,차대차 - 추돌,안전운전불이행,건조,맑음,단일로 - 기타,화물,남,61세,상해없음,승용,남,70세,경상
2020121600100217,2020년 12월 16일 13시,수요일,경상북도 칠곡군 동명면,경상사고,0,0,2,0,차대차 - 추돌,안전운전불이행,건조,맑음,단일로 - 기타,화물,남,61세,상해없음,승용,여,46세,경상