사고번호,사고일시,요일,시군구,사고내용,사망자수,중상자수,경상자수,부상신고자수,사고유형,법규위반,노면상태,기상상태,도로형태,가해운전자 차종,가해운전자 성별,가해운전자 연령,가해운전자 상해정도,피해운전자 차종,피해운전자 성별,피해운전자 연령,피해운전자 상해정도
2020121600100257,2020년 12월 16일 14시,수요일,경상북도 영천시 야사동,경상사고,0,0,2,0,차대차 - 정면충돌,중앙선침범,건조,맑음,단일로 - 기타,이륜,남,66세,경상,승용,남,25세,경상
2020121600100258,2020년 12월 16일 14시,수요일,경상북도 경산시 진량읍,중상사고,0,1,0,0,차대차 - 기타,안전운전불이행,건조,맑음,교차로 - 교차로안,승합,남,52세,상해없음,이륜,남,20세,중상
2020121600100259,2020년 12월 16일 14시,수요일,경상북도 포항시 남구 오천읍,경상사고,0,0,1,0,차대차 - 기타,중앙선침범,건조,맑음,단일로 - 기타,승용,여,48세,상해없음,이륜,남,21세,경상
2020121600100288,2020년 12월 16일 15시,수요일,경상북도 영천시 금노동,경상사고,0,0,1,0,차대차 - 기타,중앙선침범,건조,맑음,단일로 - 기타,승용,여,67세,상해없음,화물,남,66세,경상
2020121600100310,2020년 12월 16일 16시,수요일,경상북도 경주시 외동읍,중상사고,0,1,1,0,차대차 - 측면충돌,중앙선침범,건조,맑음,단일로 - 기타,이륜,남,52세,중상,승용,남,39세,경상
2020121600100349,2020년 12월 16일 17시,수요일,경상북도 경산시 대동,경상사고,0,0,1,0,차대차 - 측면충돌,안전운전불이행,건조,맑음,단일로 - 기타,이륜,남,22세,경상,승용,남,59세,상해없음
2020121600100403,2020년 12월 16일 18시,수요일,경상북도 포항시 북구 죽도동,경상사고,0,0,1,0,차대사람 - 차도통행중,안전운전불이행,건조,맑음,단일로 - 기타,승용,남,55세,상해없음,보행자,남,68세,경상
2020121600100404,2020년 12월 16일 18시,수요일,경상북도 포항시 북구 양덕동,경상사고,0,0,1,0,차대차 - 기타,신호위반,건조,맑음,교차로 - 교차로안,승용,남,39세,상해없음,승용,여,43세,경상
2020121600100405,2020년 12월 16일 18시,수요일,경상북도 영양군 일월면,경상사고,0,0,1,0,차대차 - 정면충돌,중앙선침범,건조,맑음,단일로 - 기타,화물,남,63세,경상,화물,남,64세,상해없음
2020121600100406,2020년 12월 16일 18시,수요일,경상북도 구미시 옥계동,중상사고,0,1,0,0,차대차 - 측면충돌,안전거리미확보,건조,맑음,단일로 - 기타,승용,남,64세,상해없음,원동기,남,27세,중상
2020121600100407,2020년 12월 16일 18시,수요일,경상북도 구미시 광평동,경상사고,0,0,2,1,차대차 - 기타,차로위반,건조,맑음,단일로 - 기타,승용,남,47세,부상신고,승용,남,25세,경상
2020121600100408,2020년 12월 16일 18시,수요일,경상북도 포항시 남구 오천읍,중상사고,0,1,0,0,차대사람 - 기타,교차로운행방법위반,건조,맑음,교차로 - 교차로안,승용,남,29세,상해없음,보행자,남,61세,중상
2020121600100455,2020년 12월 16일 19시,수요일,경상북도 경주시 용강동,경상사고,0,0,1,0,차대차 - 추돌,안전거리미확보,건조,맑음,교차로 - 교차로부근,승용,여,30세,상해없음,이륜,남,36세,경상
2020121600100456,2020년 12월 16일 19시,수요일,경상북도 포항시 북구 우현동,경상사고,0,0,1,0,차대사람 - 횡단중,보행자보호의무위반,건조,맑음,교차로 - 교차로안,승용,여,44세,상해없음,보행자,여,27세,경상
2020121600100457,2020년 12월 16일 19시,수요일,경상북도 영천시 금호읍,경상사고,0,0,3,0,차대차 - 추돌,과속,건조,맑음,단일로 - 기타,승용,남,31세,경상,승용,남,23세,경상
2020121600100458,2020년 12월 16일 19시,수요일,경상북도 문경시 점촌동,경상사고,0,0,1,0,차대차 - 측면충돌,교차로운행방법위반,건조,맑음,교차로 - 교차로안,승용,남,68세,상해없음,이륜,남,25세,경상
2020121600100491,2020년 12월 16일 20시,수요일,경상북도 영천시 야사동,경상사고,0,0,1,0,차대사람 - 횡단중,안전운전불이행,건조,맑음,단일로 - 기타,승용,여,39세,상해없음,보행자,남,43세,경상
2020121600100492,2020년 12월 16일 20시,수요일,경상북도 포항시 남구 오천읍,경상사고,0,0,4,0,차대차 - 추돌,안전운전불이행,건조,맑음,교차로 - 교차로부근,승합,남,53세,상해없음,승용,여,36세,경상
2020121600100534,2020년 12월 16일 21시,수요일,경상북도 구미시 오태동,경상사고,0,0,1,0,차대차 - 후진중충돌,안전운전불이행,건조,맑음,교차로 - 교차로부근,승용,남,33세,상해없음,승용,남,28세,경상
2020121600100553,2020년 12월 16일 22시,수요일,경상북도 칠곡군 왜관읍,경상사고,0,0,1,0,차대차 - 추돌,안전운전불이행,건조,맑음,단일로 - 기타,승용,여,54세,상해없음,승용,남,40세,경상
2020121600100562,2020년 12월 16일 23시,수요일,경상북도 구미시 원평동,경상사고,0,0,1,0,차대사람 - 횡단중,안전운전불이행,건조,맑음,단일로 - 기타,승용,남,57세,상해없음,보행자,남,37세,경상
2020121700100059,2020년 12월 17일 07시,목요일,경상북도 경주시 황오동,중상사고,0,1,0,0,차대사람 - 횡단중,보행자보호의무위반,건조,맑음,교차로 - 교차로횡단보도내,승용,남,77세,상해없음,보행자,여,58세,중상
2020121700100060,2020년 12월 17일 07시,목요일,경상북도 칠곡군 지천면,경상사고,0,0,3,1,차대차 - 추돌,안전거리미확보,건조,맑음,단일로 - 기타,승용,남,44세,경상,승용,남,53세,상해없음
2020121700100061,2020년 12월 17일 07시,목요일,경상북도 봉화군 소천면,경상사고,0,0,1,0,차대차 - 기타,안전운전불이행,건조,맑음,기타 - 기타,건설기계,남,71세,상해없음,화물,남,58세,경상
2020121700100062,2020년 12월 17일 07시,목요일,경상북도 포항시 남구 동촌동,경상사고,0,0,3,0,차대차 - 기타,차로위반,건조,맑음,단일로 - 기타,승용,남,38세,경상,화물,남,42세,경상
2020121700100091,2020년 12월 17일 08시,목요일,경상북도 경주시 황오동,경상사고,0,0,1,0,차대차 - 측면충돌,안전운전불이행,건조,맑음,교차로 - 교차로부근,승용,남,70세,상해없음,승용,남,44세,경상
2020121700100092,2020년 12월 17일 08시,목요일,경상북도 상주시 복룡동,경상사고,0,0,1,0,차대차 - 측면충돌,안전운전불이행,건조,맑음,단일로 - 기타,승용,남,37세,상해없음,승용,여,47세,경상
2020121700100094,2020년 12월 17일 08시,목요일,경상북도 구미시 고아읍,경상사고,0,0,1,0,차대차 - 측면충돌,교차로운행방법위반,건조,맑음,교차로 - 교차로안,승용,여,53세,상해없음,승용,여,27세,경상
2020121700100132,2020년 12월 17일 09시,목요일,경상북도 구미시 고아읍,경상사고,0,0,2,0,차대차 - 기타,신호위반,건조,맑음,교차로 - 교차로안,승합,남,29세,상해없음,승용,여,57세,경상
2020121700100168,2020년 12월 17일 10시,목요일,경상북도 경주시 성동동,경상사고,0,0,1,0,차대차 - 측면충돌,기타,건조,맑음,교차로 - 교차로안,승용,여,66세,상해없음,승용,남,72세,경상
2020121700100169,2020년 12월 17일 10시,목요일,경상북도 문경시 마성면,경상사고,0,0,1,0,차대사람 - 차도통행중,안전운전불이행,건조,맑음,교차로 - 교차로안,승용,남,67세,상해없음,보행자,여,84세,경상
2020121700100200,2020년 12월 17일 11시,목요일,경상북도 군위군 의흥면,중상사고,0,1,0,0,차대차 - 측면충돌,안전운전불이행,건조,맑음,단일로 - 기타,건설기계,남,54세,상해없음,기타불명,남,89세,중상
2020121700100235,2020년 12월 17일 12시,목요일,경상북도 포항시 북구 죽도동,경상사고,0,0,1,0,차대차 - 측면충돌,차로위반,건조,맑음,단일로 - 기타,승용,남,51세,상해없음,승용,남,59세,경상
2020121700100236,2020년 12월 17일 12시,목요일,경상북도 영양군 영양읍,경상사고,0,0,1,0,차대사람 - 횡단중,보행자보호의무위반,건조,맑음,교차로 - 교차로횡단보도내,승용,남,54세,상해없음,보행자,여,26세,경상
2020121700100237,2020년 12월 17일 12시,목요일,경상북도 구미시 공단동,경상사고,0,0,1,0,차대차 - 측면충돌,안전운전불이행,건조,맑음,교차로 - 교차로안,승용,남,45세,상해없음,승용,남,33세,경상
2020121700100272,2020년 12월 17일 13시,목요일,경상북도 포항시 남구 효자동,경상사고,0,0,1,0,차대차 - 추돌,안전운전불이행,건조,맑음,단일로 - 기타,승용,여,58세,상해없음,승합,남,39세,경상
2020121700100296,2020년 12월 17일 14시,목요일,경상북도 포항시 북구 환호동,경상사고,0,0,1,0,차대차 - 측면충돌,안전운전불이행,건조,맑음,기타 - 기타,승용,여,61세,상해없음,승용,남,36세,경상
2020121700100297,2020년 12월 17일 14시,목요일,경상북도 안동시 평화동,중상사고,0,1,0,0,차대차 - 기타,안전운전불이행,건조,맑음,단일로 - 기타,승용,남,27세,상해없음,승용,남,59세,상해없음
2020121700100298,2020년 12월 17일 14시,목요일,경상북도 문경시 가은읍,경상사고,0,0,1,0,차량단독 - 전도전복 - 전도,안전운전불이행,건조,맑음,단일로 - 기타,이륜,남,62세,경상,,,,
2020121700100299,2020년 12월 17일 14시,목요일,경상북도 고령군 다산면,중상사고,0,1,0,0,차대차 - 추돌,안전운전불이행,건조,맑음,단일로 - 기타,승용,남,34세,중상,화물,남,58세,상해없음
2020121700100332,2020년 12월 17일 15시,목요일,경상북도 안동시 율세동,경상사고,0,0,1,0,차대사람 - 길가장자리구역통행중,안전운전불이행,건조,맑음,단일로 - 기타,승용,남,80세,상해없음,보행자,여,33세,경상
2020121700100367,2020년 12월 17일 16시,목요일,경상북도 경산시 계양동,경상사고,0,0,1,0,차대차 - 측면충돌,안전운전불이행,건조,맑음,단일로 - 기타,승용,남,25세,상해없음,승용,남,67세,경상
2020121700100396,2020년 12월 17일 17시,목요일,경상북도 영주시 풍기읍,경상사고,0,0,1,0,차대차 - 측면충돌,안전운전불이행,서리/결빙,맑음,단일로 - 기타,승용,남,70세,상해없음,승용,여,64세,경상
2020121700100397,2020년 12월 17일 17시,목요일,경상북도 구미시 공단동,경상사고,0,0,1,0,차대차 - 기타,안전운전불이행,건조,맑음,교차로 - 교차로부근,승용,남,44세,상해없음,승용,남,45세,경상
2020121700100444,2020년 12월 17일 18시,목요일,경상북도 안동시 송현동,경상사고,0,0,1,0,차대사람 - 기타,보행자보호의무위반,건조,맑음,교차로 - 교차로부근,승용,여,50세,상해없음,보행자,여,33세,경상
2020121700100445,2020년 12월 17일 18시,목요일,경상북도 청도군 화양읍,경상사고,0,0,2,0,차대차 - 측면충돌,안전운전불이행,건조,맑음,교차로 - 교차로부근,승용,남,78세,상해없음,승용,남,61세,경상
2020121700100446,2020년 12월 17일 18시,목요일,경상북도 구미시 봉곡동,경상사고,0,0,1,1,차대차 - 측면충돌,신호위반,건조,맑음,교차로 - 교차로안,이륜,남,34세,부상신고,이륜,여,24세,경상
2020121700100485,2020년 12월 17일 19시,목요일,경상북도 구미시 광평동,경상사고,0,0,2,0,차대차 - 측면충돌,안전운전불이행,건조,맑음,단일로 - 기타,승용,여,61세,경상,화물,남,47세,경상
2020121700100486,2020년 12월 17일 19시,목요일,경상북도 포항시 남구 상도동,경상사고,0,0,1,0,차대차 - 기타,안전운전불이행,건조,맑음,교차로 - 교차로부근,이륜,남,24세,경상,승용,남,67세,상해없음
2020121700100487,2020년 12월 17일 19시,목요일,경상북도 상주시 양촌동,경상사고,0,0,1,0,차대차 - 측면충돌,안전거리미확보,건조,맑음,단일로 - 기타,화물,남,51세,상해없음,승용,남,60세,경상
2020121700100557,2020년 12월 17일 21시,목요일,경상북도 안동시 동부동,경상사고,0,0,3,0,차대사람 - 횡단중,안전운전불이행,건조,맑음,단일로 - 기타,이륜,남,32세,경상,보행자,여,40세,경상
2020121800100004,2020년 12월 18일 00시,금요일,경상북도 영천시 고경면,사망사고,1,0,1,0,차대차 - 추돌,안전운전불이행,건조,맑음,단일로 - 기타,화물,남,49세,사망,화물,남,65세,경상
2020121800100063,2020년 12월 18일 07시,금요일,경상북도 문경시 점촌동,중상사고,0,1,0,0,차대사람 - 횡단중,보행자보호의무위반,젖음/습기,흐림,단일로 - 기타,화물,남,62세,상해없음,보행자,남,81세,중상
2020121800100064,2020년 12월 18일 07시,금요일,경상북도 고령군 다산면,경상사고,0,0,1,0,차대사람 - 차도통행중,안전운전불이행,건조,맑음,교차로 - 교차로안,승용,남,48세,상해없음,보행자,여,86세,경상
2020121800100065,2020년 12월 18일 07시,금요일,경상북도 구미시 공단동,경상사고,0,0,1,0,차대차 - 추돌,안전운전불이행,건조,맑음,교차로 - 교차로부근,승용,남,55세,상해없음,승용,남,46세,경상
2020121800100098,2020년 12월 18일 08시,금요일,경상북도 포항시 북구 죽도동,경상사고,0,0,1,0,차대차 - 추돌,안전운전불이행,건조,맑음,교차로 - 교차로부근,승용,여,63세,상해없음,승용,남,74세,경상
2020121800100099,2020년 12월 18일 08시,금요일,경상북도 포항시 북구 용흥동,중상사고,0,1,0,0,차대사람 - 횡단중,보행자보호의무위반,건조,맑음,교차로 - 교차로안,원동기,남,28세,상해없음,보행자,여,72세,중상
2020121800100142,2020년 12월 18일 10시,금요일,경상북도 포항시 북구 창포동,중상사고,0,1,0,0,차대사람 - 횡단중,안전운전불이행,건조,맑음,단일로 - 기타,승용,여,47세,상해없음,보행자,여,60세,중상
2020121800100143,2020년 12월 18일 10시,금요일,경상북도 포항시 북구 신광면,경상사고,0,0,2,0,차대차 - 추돌,안전거리미확보,건조,맑음,교차로 - 교차로안,화물,남,52세,경상,화물,남,52세,경상
2020121800100144,2020년 12월 18일 10시,금요일,경상북도 칠곡군 북삼읍,중상사고,0,2,0,0,차대차 - 측면충돌,안전운전불이행,건조,맑음,단일로 - 기타,건설기계,남,71세,상해없음,승용,남,56세,중상
2020121800100145,2020년 12월 18일 10시,금요일,경상북도 영천시 문외동,경상사고,0,0,2,0,차대차 - 측면충돌,안전운전불이행,건조,맑음,주차장 - 주차장,승용,남,30세,경상,승용,남,42세,경상
2020121800100178,2020년 12월 18일 11시,금요일,경상북도 봉화군 소천면,경상사고,0,0,1,0,차대차 - 측면충돌,안전운전불이행,젖음/습기,흐림,단일로 - 기타,승용,남,76세,경상,승용,남,66세,상해없음
2020121800100200,2020년 12월 18일 12시,금요일,경상북도 경산시 중방동,경상사고,0,0,1,0,차대차 - 추돌,안전운전불이행,건조,맑음,단일로 - 기타,승용,남,32세,상해없음,승용,남,46세,경상
2020121800100230,2020년 12월 18일 13시,금요일,경상북도 포항시 남구 연일읍,경상사고,0,0,4,0,차대차 - 기타,안전거리미확보,건조,맑음,교차로 - 교차로부근,승용,여,32세,경상,승용,여,52세,경상
2020121800100231,2020년 12월 18일 13시,금요일,경상북도 포항시 남구 연일읍,경상사고,0,0,2,0,차대차 - 추돌,안전거리미확보,건조,맑음,교차로 - 교차로안,승용,여,61세,상해없음,승용,남,78세,경상
2020121800100267,2020년 12월 18일 14시,금요일,경상북도 안동시 송현동,경상사고,0,0,1,0,차대차 - 정면충돌,안전운전불이행,건조,맑음,기타 - 기타,승용,남,55세,상해없음,승용,남,36세,경상
2020121800100268,2020년 12월 18일 14시,금요일,경상북도 경산시 사동,경상사고,0,0,1,0,차대차 - 기타,교차로운행방법위반,건조,맑음,교차로 - 교차로안,승용,여,29세,상해없음,승합,남,37세,상해없음
2020121800100315,2020년 12월 18일 15시,금요일,경상북도 칠곡군 동명면,중상사고,0,1,0,0,차대차 - 추돌,안전운전불이행,건조,맑음,교차로 - 교차로부근,승용,여,60세,상해없음,승용,남,55세,중상
2020121800100357,2020년 12월 18일 16시,금요일,경상북도 포항시 북구 흥해읍,경상사고,0,0,1,0,차대차 - 측면충돌,안전운전불이행,건조,맑음,단일로 - 기타,승합,남,65세,상해없음,승용,여,42세,경상
2020121800100358,2020년 12월 18일 16시,금요일,경상북도 포항시 남구 연일읍,경상사고,0,0,1,0,차대차 - 추돌,안전운전불이행,건조,맑음,교차로 - 교차로부근,승용,남,38세,상해없음,승용,여,32세,경상
2020121800100406,2020년 12월 18일 17시,금요일,경상북도 포항시 북구 죽도동,경상사고,0,0,1,0,차대차 - 측면충돌,안전운전불이행,건조,맑음,단일로 - 기타,원동기,남,81세,경상,승용,남,33세,상해없음
2020121800100407,2020년 12월 18일 17시,금요일,경상북도 안동시 당북동,경상사고,0,0,1,0,차대차 - 추돌,안전운전불이행,건조,맑음,단일로 - 기타,승용,남,54세,상해없음,승용,여,30세,경상
2020121800100408,2020년 12월 18일 17시,금요일,경상북도 상주시 낙동면,사망사고,1,1,2,0,차대차 - 추돌,안전운전불이행,건조,맑음,단일로 - 기타,화물,남,58세,사망,건설기계,남,61세,상해없음
2020121800100409,2020년 12월 18일 17시,금요일,경상북도 경산시 와촌면,중상사고,0,1,0,0,차대차 - 측면충돌,중앙선침범,건조,맑음,단일로 - 지하차도(도로)내,화물,남,70세,상해없음,승용,여,50세,중상
2020121800100410,2020년 12월 18일 17시,금요일,경상북도 경산시 중방동,경상사고,0,0,1,0,차대차 - 기타,안전운전불이행,건조,맑음,교차로 - 교차로안,승용,남,20세,기타불명,승합,남,34세,상해없음
2020121800100411,2020년 12월 18일 17시,금요일,경상북도 성주군 성주읍,경상사고,0,0,2,0,차대차 - 기타,신호위반,건조,맑음,교차로 - 교차로안,승용,남,70세,경상,승용,남,29세,경상
2020121800100412,2020년 12월 18일 17시,금요일,경상북도 구미시 공단동,경상사고,0,0,4,0,차대차 - 기타,신호위반,건조,맑음,교차로 - 교차로부근,승용,여,63세,상해없음,승용,남,37세,경상
2020121800100413,2020년 12월 18일 17시,금요일,경상북도 포항시 남구 오천읍,중상사고,0,1,0,0,차대차 - 정면충돌,신호위반,건조,맑음,교차로 - 교차로부근,이륜,남,27세,중상,승용,남,32세,상해없음
2020121800100486,2020년 12월 18일 18시,금요일,경상북도 안동시 금곡동,경상사고,0,0,2,0,차대차 - 기타,안전운전불이행,건조,맑음,단일로 - 기타,승용,남,77세,상해없음,승용,여,24세,경상
2020121800100487,2020년 12월 18일 18시,금요일,경상북도 경산시 대동,경상사고,0,0,2,0,차대차 - 측면충돌,교차로운행방법위반,기타,맑음,교차로 - 교차로안,이륜,남,60세,경상,승용,남,21세,경상
2020121800100488,2020년 12월 18일 18시,금요일,경상북도 경산시 하양읍,경상사고,0,0,2,0,차대차 - 기타,안전운전불이행,건조,맑음,단일로 - 기타,승용,여,48세,상해없음,승용,남,44세,경상
2020121800100538,2020년 12월 18일 19시,금요일,경상북도 구미시 구포동,부상신고사고,0,0,0,1,차대차 - 측면충돌,안전운전불이행,건조,맑음,단일로 - 기타,이륜,남,36세,부상신고,승용,여,39세,상해없음
2020121800100587,2020년 12월 18일 20시,금요일,경상북도 영주시 상줄동,경상사고,0,0,1,0,차량단독 - 공작물충돌,안전운전불이행,건조,맑음,단일로 - 기타,승용,여,26세,상해없음,,,,
2020121900100015,2020년 12월 19일 01시,토요일,경상북도 칠곡군 왜관읍,사망사고,1,2,0,0,차대차 - 측면충돌,안전운전불이행,건조,맑음,단일로 - 기타,특수,남,39세,중상,승용,남,28세,중상
2020121900100026,2020년 12월 19일 04시,토요일,경상북도 구미시 임은동,중상사고,0,1,1,1,차대차 - 추돌,안전운전불이행,건조,맑음,교차로 - 교차로부근,승용,여,38세,부상신고,승용,여,36세,경상
2020121900100056,2020년 12월 19일 07시,토요일,경상북도 경주시 현곡면,사망사고,1,0,0,0,차대차 - 추돌,안전운전불이행,건조,맑음,교차로 - 교차로부근,특수,남,54세,상해없음,화물,남,63세,사망
2020121900100084,2020년 12월 19일 09시,토요일,경상북도 문경시 흥덕동,경상사고,0,0,1,0,차대차 - 정면충돌,직진우회전진행방해,건조,맑음,교차로 - 교차로안,화물,남,49세,상해없음,승용,여,59세,경상
2020121900100085,2020년 12월 19일 09시,토요일,경상북도 포항시 남구 구룡포읍,사망사고,2,0,0,0,차량단독 - 공작물충돌,과속,건조,맑음,단일로 - 지하차도(도로)내,승용,남,66세,사망,,,,
2020121900100106,2020년 12월 19일 10시,토요일,경상북도 안동시 태화동,중상사고,0,2,0,0,차대차 - 정면충돌,신호위반,건조,맑음,교차로 - 교차로안,승용,남,40세,상해없음,승용,남,62세,중상
2020121900100107,2020년 12월 19일 10시,토요일,경상북도 칠곡군 왜관읍,경상사고,0,0,2,0,차대차 - 측면충돌,교차로운행방법위반,건조,맑음,교차로 - 교차로안,승용,여,67세,경상,화물,남,50세,경상
2020121900100108,2020년 12월 19일 10시,토요일,경상북도 영천시 매산동,중상사고,0,1,0,0,차대차 - 기타,안전운전불이행,건조,맑음,단일로 - 기타,승용,남,66세,상해없음,승합,남,59세,중상
2020121900100136,2020년 12월 19일 11시,토요일,경상북도 김천시 백옥동,경상사고,0,0,1,0,차대차 - 측면충돌,신호위반,건조,맑음,교차로 - 교차로안,이륜,남,33세,경상,승용,남,55세,상해없음
2020121900100137,2020년 12월 19일 11시,토요일,경상북도 영주시 가흥동,경상사고,0,0,1,0,차대차 - 기타,안전운전불이행,젖음/습기,맑음,교차로 - 교차로부근,승용,남,24세,상해없음,원동기,남,38세,경상
2020121900100167,2020년 12월 19일 12시,토요일,경상북도 문경시 모전동,중상사고,0,1,0,0,차대차 - 측면충돌,신호위반,건조,맑음,단일로 - 기타,이륜,남,22세,상해없음,자전거,남,46세,중상
2020121900100168,2020년 12월 19일 12시,토요일,경상북도 구미시 공단동,경상사고,0,0,1,0,차대차 - 기타,중앙선침범,건조,맑음,단일로 - 기타,승용,여,43세,상해없음,승용,여,33세,경상
2020121900100204,2020년 12월 19일 13시,토요일,경상북도 영주시 가흥동,부상신고사고,0,0,0,1,차대차 - 측면충돌,안전운전불이행,건조,맑음,단일로 - 기타,이륜,남,37세,부상신고,승용,여,34세,상해없음
2020121900100205,2020년 12월 19일 13시,토요일,경상북도 구미시 신평동,경상사고,0,0,1,0,차대차 - 기타,안전운전불이행,건조,맑음,교차로 - 교차로부근,승용,남,37세,상해없음,승용,남,60세,경상
2020121900100237,2020년 12월 19일 14시,토요일,경상북도 포항시 북구 장성동,중상사고,0,1,0,0,차대차 - 측면충돌,신호위반,건조,맑음,교차로 - 교차로부근,승용,남,39세,상해없음,이륜,남,39세,중상
2020121900100238,2020년 12월 19일 14시,토요일,경상북도 경산시 하양읍,부상신고사고,0,0,0,4,차대차 - 기타,중앙선침범,건조,맑음,단일로 - 기타,승용,여,63세,상해없음,승용,여,37세,부상신고
2020121900100272,2020년 12월 19일 15시,토요일,경상북도 영양군 영양읍,중상사고,0,1,0,0,차량단독 - 공작물충돌,안전운전불이행,건조,맑음,단일로 - 기타,화물,남,64세,중상,,,,
2020121900100307,2020년 12월 19일 16시,토요일,경상북도 예천군 풍양면,중상사고,0,1,0,0,차대차 - 추돌,안전운전불이행,건조,맑음,교차로 - 교차로안,화물,남,56세,상해없음,화물,남,67세,중상
2020121900100308,2020년 12월 19일 16시,토요일,경상북도 포항시 남구 연일읍,중상사고,0,2,1,0,차대차 - 기타,안전운전불이행,건조,맑음,단일로 - 기타,승용,여,56세,경상,승용,여,71세,중상
2020121900100344,2020년 12월 19일 17시,토요일,경상북도 포항시 북구 죽도동,경상사고,0,0,2,0,차대차 - 측면충돌,교차로운행방법위반,건조,맑음,교차로 - 교차로안,승용,여,50세,기타불명,승용,남,18세,경상
2020121900100345,2020년 12월 19일 17시,토요일,경상북도 포항시 북구 흥해읍,경상사고,0,0,1,0,차대차 - 기타,안전운전불이행,건조,맑음,교차로 - 교차로안,승용,여,60세,상해없음,승용,남,34세,경상
2020121900100346,2020년 12월 19일 17시,토요일,경상북도 안동시 용상동,경상사고,0,0,1,0,차대차 - 정면충돌,교차로운행방법위반,건조,맑음,교차로 - 교차로안,승용,남,56세,상해없음,승용,여,41세,경상
2020121900100347,2020년 12월 19일 17시,토요일,경상북도 칠곡군 동명면,중상사고,0,1,2,0,차대차 - 측면충돌,안전운전불이행,건조,맑음,단일로 - 기타,화물,남,53세,중상,승용,여,58세,경상
2020121900100348,2020년 12월 19일 17시,토요일,경상북도 칠곡군 북삼읍,경상사고,0,0,2,0,차대차 - 측면충돌,교차로운행방법위반,건조,맑음,교차로 - 교차로안,승용,여,38세,경상,승용,남,59세,경상
2020121900100349,2020년 12월 19일 17시,토요일,경상북도 구미시 옥계동,중상사고,0,1,0,0,차대차 - 기타,안전운전불이행,건조,맑음,단일로 - 기타,화물,남,61세,상해없음,원동기,남,33세,중상
2020121900100399,2020년 12월 19일 18시,토요일,경상북도 구미시 봉곡동,경상사고,0,0,3,0,차대차 - 기타,안전운전불이행,젖음/습기,비,단일로 - 기타,화물,남,56세,상해없음,승용,여,46세,경상
2020121900100400,2020년 12월 19일 18시,토요일,경상북도 포항시 남구 오천읍,부상신고사고,0,0,0,1,차대차 - 기타,안전운전불이행,건조,맑음,단일로 - 기타,자전거,남,11세,부상신고,이륜,남,32세,상해없음
2020121900100401,2020년 12월 19일 18시,토요일,경상북도 포항시 남구 대잠동,경상사고,0,0,1,0,차대차 - 측면충돌,차로위반,건조,맑음,교차로 - 교차로안,승용,여,27세,상해없음,승용,여,28세,경상
2020121900100456,2020년 12월 19일 19시,토요일,경상북도 고령군 대가야읍,경상사고,0,0,2,0,차량단독 - 공작물충돌,안전운전불이행,건조,맑음,단일로 - 기타,승용,남,65세,상해없음,,,,
2020121900100457,2020년 12월 19일 19시,토요일,경상북도 포항시 남구 해도동,경상사고,0,0,1,0,차대사람 - 기타,기타,건조,맑음,단일로 - 기타,기타불명,기타불명,미분류,기타불명,보행자,여,22세,경상
2020121900100494,2020년 12월 19일 20시,토요일,경상북도 구미시 황상동,중상사고,0,1,0,0,차대차 - 기타,안전운전불이행,건조,맑음,교차로 - 교차로안,승용,남,53세,상해없음,이륜,남,44세,중상
2020121900100495,2020년 12월 19일 20시,토요일,경상북도 경산시 남천면,사망사고,1,0,0,0,차대차 - 기타,안전운전불이행,건조,맑음,단일로 - 터널,화물,남,29세,상해없음,화물,남,41세,사망
2020121900100563,2020년 12월 19일 22시,토요일,경상북도 포항시 남구 대도동,경상사고,0,0,1,0,차대차 - 기타,교차로운행방법위반,건조,맑음,교차로 - 교차로안,승용,남,67세,상해없음,이륜,남,29세,경상
2020122000100018,2020년 12월 20일 02시,일요일,경상북도 경주시 황성동,경상사고,0,0,2,0,차대차 - 측면충돌,기타,건조,맑음,교차로 - 교차로안,승용,남,23세,상해없음,승용,남,36세,경상
2020122000100029,2020년 12월 20일 05시,일요일,경상북도 안동시 노하동,경상사고,0,0,1,0,차량단독 - 도로외이탈 - 추락,안전운전불이행,건조,맑음,단일로 - 기타,화물,남,43세,경상,,,,
2020122000100044,2020년 12월 20일 09시,일요일,경상북도 경주시 외동읍,경상사고,0,0,1,0,차대차 - 추돌,안전운전불이행,건조,맑음,기타 - 기타,건설기계,남,60세,상해없음,화물,남,42세,경상
2020122000100056,2020년 12월 20일 10시,일요일,경상북도 포항시 남구 송도동,경상사고,0,0,2,0,차대차 - 기타,직진우회전진행방해,건조,맑음,교차로 - 교차로안,승용,남,39세,경상,승용,여,35세,경상
2020122000100071,2020년 12월 20일 11시,일요일,경상북도 영천시 신령면,경상사고,0,0,1,0,차대차 - 기타,중앙선침범,건조,맑음,단일로 - 기타,승용,여,61세,상해없음,승용,남,35세,경상
2020122000100089,2020년 12월 20일 12시,일요일,경상북도 안동시 옥동,경상사고,0,0,1,0,차대차 - 기타,직진우회전진행방해,건조,맑음,교차로 - 교차로안,승용,남,69세,상해없음,이륜,남,40세,경상