사고번호,사고일시,요일,시군구,사고내용,사망자수,중상자수,경상자수,부상신고자수,사고유형,법규위반,노면상태,기상상태,도로형태,가해운전자 차종,가해운전자 성별,가해운전자 연령,가해운전자 상해정도,피해운전자 차종,피해운전자 성별,피해운전자 연령,피해운전자 상해정도
2020122000100090,2020년 12월 20일 12시,일요일,경상북도 김천시 개령면,경상사고,0,0,1,0,차대차 - 측면충돌,안전운전불이행,건조,맑음,단일로 - 기타,화물,남,63세,상해없음,승용,남,40세,경상
2020122000100091,2020년 12월 20일 12시,일요일,경상북도 구미시 봉곡동,중상사고,0,1,0,0,차대차 - 측면충돌,신호위반,건조,맑음,단일로 - 기타,승용,남,29세,상해없음,이륜,남,30세,중상
2020122000100117,2020년 12월 20일 13시,일요일,경상북도 경주시 양북면,경상사고,0,0,2,0,차대차 - 추돌,안전운전불이행,건조,맑음,교차로 - 교차로부근,화물,남,62세,상해없음,승용,남,61세,경상
2020122000100119,2020년 12월 20일 13시,일요일,경상북도 칠곡군 석적읍,경상사고,0,0,1,0,차대차 - 측면충돌,중앙선침범,건조,맑음,교차로 - 교차로부근,화물,남,66세,상해없음,이륜,남,40세,경상
2020122000100120,2020년 12월 20일 13시,일요일,경상북도 영천시 임고면,중상사고,0,1,1,0,차대차 - 측면충돌,중앙선침범,건조,맑음,단일로 - 기타,승용,남,31세,상해없음,승용,남,56세,중상
2020122000100121,2020년 12월 20일 13시,일요일,경상북도 구미시 신평동,중상사고,0,1,2,0,차대차 - 추돌,안전운전불이행,건조,맑음,단일로 - 기타,화물,남,65세,상해없음,승용,여,29세,중상
2020122000100122,2020년 12월 20일 13시,일요일,경상북도 포항시 남구 호미곶면,중상사고,0,1,0,0,차대사람 - 기타,안전운전불이행,건조,맑음,단일로 - 기타,승용,남,65세,상해없음,보행자,여,80세,중상
2020122000100191,2020년 12월 20일 16시,일요일,경상북도 포항시 북구 양덕동,경상사고,0,0,3,0,차대차 - 측면충돌,신호위반,건조,맑음,교차로 - 교차로안,승용,여,23세,상해없음,승용,여,36세,경상
2020122000100192,2020년 12월 20일 16시,일요일,경상북도 상주시 서성동,경상사고,0,0,1,0,차대차 - 측면충돌,안전운전불이행,건조,맑음,단일로 - 기타,승용,남,69세,상해없음,이륜,남,19세,경상
2020122000100193,2020년 12월 20일 16시,일요일,경상북도 예천군 용문면,중상사고,0,1,0,0,차대차 - 기타,중앙선침범,건조,맑음,단일로 - 기타,농기계,남,63세,상해없음,화물,여,65세,중상
2020122000100194,2020년 12월 20일 16시,일요일,경상북도 영양군 영양읍,경상사고,0,0,2,0,차대차 - 측면충돌,교차로운행방법위반,건조,맑음,교차로 - 교차로안,승용,여,38세,상해없음,승용,여,56세,경상
2020122000100195,2020년 12월 20일 16시,일요일,경상북도 포항시 남구 오천읍,경상사고,0,0,1,0,차대차 - 기타,안전운전불이행,건조,맑음,교차로 - 교차로안,승용,남,20세,상해없음,승용,여,30세,경상
2020122000100210,2020년 12월 20일 17시,일요일,경상북도 김천시 교동,경상사고,0,0,2,0,차대차 - 추돌,안전운전불이행,건조,맑음,교차로 - 교차로안,승용,남,38세,상해없음,승용,남,37세,경상
2020122000100211,2020년 12월 20일 17시,일요일,경상북도 구미시 송정동,중상사고,0,1,0,0,차대차 - 측면충돌,교차로운행방법위반,건조,맑음,교차로 - 교차로안,승합,남,40세,상해없음,원동기,남,22세,중상
2020122000100242,2020년 12월 20일 18시,일요일,경상북도 포항시 북구 신광면,경상사고,0,0,1,0,차대차 - 기타,안전운전불이행,건조,맑음,단일로 - 기타,승용,남,34세,상해없음,승용,남,20세,경상
2020122000100243,2020년 12월 20일 18시,일요일,경상북도 구미시 상모동,경상사고,0,0,1,0,차대차 - 추돌,안전운전불이행,건조,맑음,교차로 - 교차로부근,승용,남,70세,상해없음,승용,남,28세,경상
2020122000100244,2020년 12월 20일 18시,일요일,경상북도 포항시 북구 죽도동,중상사고,0,2,0,0,차대차 - 측면충돌,안전운전불이행,건조,맑음,교차로 - 교차로안,승용,남,71세,상해없음,원동기,남,18세,중상
2020122000100277,2020년 12월 20일 19시,일요일,경상북도 포항시 남구 오천읍,중상사고,0,1,0,0,차대사람 - 횡단중,보행자보호의무위반,건조,맑음,교차로 - 교차로횡단보도내,승용,남,67세,상해없음,보행자,남,72세,중상
2020122000100325,2020년 12월 20일 21시,일요일,경상북도 경주시 황성동,경상사고,0,0,2,0,차대차 - 측면충돌,안전거리미확보,건조,맑음,교차로 - 교차로부근,승용,여,48세,상해없음,승용,남,51세,경상
2020122000100326,2020년 12월 20일 21시,일요일,경상북도 포항시 북구 흥해읍,중상사고,0,1,0,0,차대차 - 측면충돌,신호위반,건조,맑음,교차로 - 교차로안,승용,남,65세,상해없음,승용,남,56세,중상
2020122000100327,2020년 12월 20일 21시,일요일,경상북도 문경시 가은읍,경상사고,0,0,1,0,차대차 - 측면충돌,안전운전불이행,건조,맑음,단일로 - 기타,승용,여,54세,상해없음,승용,여,56세,경상
2020122000100354,2020년 12월 20일 23시,일요일,경상북도 성주군 성주읍,경상사고,0,0,1,0,차대차 - 기타,안전운전불이행,건조,맑음,교차로 - 교차로안,승용,남,24세,상해없음,승용,남,52세,상해없음
2020122000100355,2020년 12월 20일 23시,일요일,경상북도 구미시 공단동,중상사고,0,1,1,0,차대차 - 정면충돌,신호위반,건조,맑음,교차로 - 교차로안,승용,남,30세,상해없음,화물,남,49세,경상
2020122100100026,2020년 12월 21일 05시,월요일,경상북도 경주시 외동읍,중상사고,0,1,0,0,차대차 - 측면충돌,신호위반,건조,맑음,교차로 - 교차로안,승용,남,66세,상해없음,승용,여,47세,중상
2020122100100064,2020년 12월 21일 07시,월요일,경상북도 문경시 점촌동,중상사고,0,1,3,0,차량단독 - 도로외이탈 - 기타,안전운전불이행,건조,맑음,단일로 - 기타,승용,남,68세,경상,,,,
2020122100100065,2020년 12월 21일 07시,월요일,경상북도 고령군 대가야읍,경상사고,0,0,1,0,차대차 - 측면충돌,안전운전불이행,건조,맑음,교차로 - 교차로안,건설기계,남,44세,상해없음,승용,여,59세,경상
2020122100100105,2020년 12월 21일 08시,월요일,경상북도 경산시 옥산동,경상사고,0,0,1,0,차대차 - 기타,안전운전불이행,건조,맑음,단일로 - 기타,승용,남,74세,상해없음,승용,여,29세,경상
2020122100100106,2020년 12월 21일 08시,월요일,경상북도 구미시 봉곡동,중상사고,0,1,0,0,차대차 - 측면충돌,신호위반,건조,맑음,교차로 - 교차로안,승용,남,66세,상해없음,승용,남,50세,중상
2020122100100133,2020년 12월 21일 09시,월요일,경상북도 문경시 점촌동,경상사고,0,0,1,0,차대차 - 기타,안전운전불이행,건조,맑음,교차로 - 교차로안,승용,남,71세,상해없음,승용,여,53세,경상
2020122100100164,2020년 12월 21일 10시,월요일,경상북도 문경시 유곡동,경상사고,0,0,1,0,차대차 - 추돌,안전운전불이행,건조,맑음,교차로 - 교차로안,승용,남,70세,상해없음,승합,남,38세,경상
2020122100100205,2020년 12월 21일 11시,월요일,경상북도 포항시 북구 대흥동,중상사고,0,1,0,0,차대차 - 기타,안전운전불이행,건조,맑음,기타 - 기타,자전거,여,72세,중상,승용,남,65세,상해없음
2020122100100206,2020년 12월 21일 11시,월요일,경상북도 포항시 북구 창포동,중상사고,0,1,0,0,차량단독 - 기타,기타,건조,맑음,단일로 - 기타,승합,남,49세,상해없음,,,,
2020122100100207,2020년 12월 21일 11시,월요일,경상북도 안동시 법흥동,경상사고,0,0,2,0,차대차 - 추돌,안전운전불이행,건조,맑음,단일로 - 기타,승용,남,72세,상해없음,화물,남,72세,경상
2020122100100208,2020년 12월 21일 11시,월요일,경상북도 영덕군 강구면,중상사고,0,1,0,0,차대차 - 측면충돌,직진우회전진행방해,건조,맑음,교차로 - 교차로안,승합,남,67세,상해없음,이륜,남,26세,중상
2020122100100209,2020년 12월 21일 11시,월요일,경상북도 봉화군 물야면,경상사고,0,0,3,1,차대차 - 추돌,안전거리미확보,건조,맑음,단일로 - 기타,화물,남,81세,부상신고,승용,여,52세,경상
2020122100100242,2020년 12월 21일 12시,월요일,경상북도 영주시 상줄동,중상사고,0,1,0,0,차대차 - 추돌,안전운전불이행,건조,맑음,단일로 - 기타,승용,남,57세,상해없음,승용,여,46세,중상
2020122100100270,2020년 12월 21일 13시,월요일,경상북도 영주시 부석면,중상사고,0,1,1,0,차대차 - 측면충돌,중앙선침범,건조,맑음,단일로 - 기타,화물,남,57세,상해없음,원동기,남,75세,경상
2020122100100271,2020년 12월 21일 13시,월요일,경상북도 칠곡군 석적읍,경상사고,0,0,1,0,차대차 - 측면충돌,안전거리미확보,건조,맑음,교차로 - 교차로부근,승용,여,36세,상해없음,승용,여,48세,경상
2020122100100272,2020년 12월 21일 13시,월요일,경상북도 구미시 고아읍,중상사고,0,1,0,0,차대사람 - 횡단중,안전운전불이행,건조,맑음,교차로 - 교차로안,화물,남,25세,상해없음,보행자,남,77세,중상
2020122100100302,2020년 12월 21일 14시,월요일,경상북도 경주시 황오동,경상사고,0,0,1,0,차대차 - 측면충돌,안전거리미확보,건조,맑음,교차로 - 교차로부근,이륜,남,78세,경상,승용,남,43세,상해없음
2020122100100303,2020년 12월 21일 14시,월요일,경상북도 구미시 신평동,경상사고,0,0,1,0,차대사람 - 보도통행중,보행자보호의무위반,건조,맑음,교차로 - 교차로횡단보도내,승용,여,47세,상해없음,보행자,남,75세,경상
2020122100100337,2020년 12월 21일 15시,월요일,경상북도 경산시 신천동,중상사고,0,1,0,0,차대사람 - 횡단중,안전운전불이행,건조,맑음,교차로 - 교차로부근,승용,남,72세,상해없음,보행자,여,59세,중상
2020122100100338,2020년 12월 21일 15시,월요일,경상북도 경산시 중방동,중상사고,0,1,0,0,차대차 - 후진중충돌,안전운전불이행,기타,맑음,단일로 - 기타,승용,남,48세,상해없음,자전거,여,70세,중상
2020122100100339,2020년 12월 21일 15시,월요일,경상북도 예천군 예천읍,중상사고,0,1,0,0,차대차 - 측면충돌,안전운전불이행,건조,맑음,교차로 - 교차로안,원동기,남,67세,중상,승용,여,63세,상해없음
2020122100100340,2020년 12월 21일 15시,월요일,경상북도 구미시 옥계동,경상사고,0,0,4,0,차대차 - 측면충돌,안전운전불이행,건조,맑음,단일로 - 기타,승용,남,65세,상해없음,승용,남,49세,경상
2020122100100376,2020년 12월 21일 16시,월요일,경상북도 구미시 송정동,경상사고,0,0,3,0,차대차 - 추돌,안전운전불이행,건조,맑음,교차로 - 교차로부근,승용,남,43세,상해없음,승용,여,35세,경상
2020122100100377,2020년 12월 21일 16시,월요일,경상북도 포항시 남구 효자동,중상사고,0,1,0,0,차대사람 - 기타,안전운전불이행,건조,맑음,교차로 - 교차로안,승용,여,54세,상해없음,보행자,여,74세,중상
2020122100100420,2020년 12월 21일 17시,월요일,경상북도 영주시 영주동,중상사고,0,1,0,0,차대사람 - 보도통행중,보행자보호의무위반,건조,맑음,교차로 - 교차로안,승용,남,73세,상해없음,보행자,여,5세,중상
2020122100100421,2020년 12월 21일 17시,월요일,경상북도 영천시 금호읍,중상사고,0,1,0,0,차대차 - 추돌,안전운전불이행,건조,맑음,교차로 - 교차로부근,화물,남,33세,상해없음,승용,여,52세,중상
2020122100100478,2020년 12월 21일 18시,월요일,경상북도 포항시 북구 동빈1가,중상사고,0,1,0,0,차대차 - 측면충돌,중앙선침범,건조,맑음,교차로 - 교차로부근,승용,남,79세,상해없음,이륜,남,36세,중상
2020122100100479,2020년 12월 21일 18시,월요일,경상북도 포항시 북구 흥해읍,경상사고,0,0,2,0,차대사람 - 횡단중,보행자보호의무위반,건조,맑음,단일로 - 기타,승용,남,23세,상해없음,보행자,남,11세,경상
2020122100100481,2020년 12월 21일 18시,월요일,경상북도 안동시 태화동,중상사고,0,1,0,0,차대차 - 측면충돌,기타,건조,맑음,단일로 - 기타,이륜,남,47세,중상,승용,남,59세,상해없음
2020122100100482,2020년 12월 21일 18시,월요일,경상북도 영천시 임고면,경상사고,0,0,3,0,차대차 - 추돌,안전운전불이행,건조,맑음,단일로 - 기타,승용,남,21세,경상,승용,남,52세,경상
2020122100100530,2020년 12월 21일 19시,월요일,경상북도 경산시 조영동,중상사고,0,1,0,0,차대차 - 기타,안전운전불이행,건조,맑음,단일로 - 기타,승용,남,57세,상해없음,승합,남,61세,상해없음
2020122100100531,2020년 12월 21일 19시,월요일,경상북도 구미시 도량동,경상사고,0,0,1,0,차대차 - 기타,기타,건조,맑음,교차로 - 교차로안,승용,남,30세,상해없음,이륜,남,18세,경상
2020122100100532,2020년 12월 21일 19시,월요일,경상북도 포항시 남구 인덕동,경상사고,0,0,2,0,차대차 - 측면충돌,직진우회전진행방해,건조,맑음,교차로 - 교차로안,이륜,남,28세,경상,이륜,남,47세,경상
2020122100100578,2020년 12월 21일 20시,월요일,경상북도 김천시 부곡동,중상사고,0,1,0,0,차대사람 - 횡단중,안전운전불이행,건조,맑음,단일로 - 기타,승용,남,59세,상해없음,보행자,남,51세,중상
2020122100100602,2020년 12월 21일 21시,월요일,경상북도 구미시 황상동,중상사고,0,2,1,0,차대차 - 기타,교차로운행방법위반,건조,맑음,교차로 - 교차로안,승용,남,23세,상해없음,승용,남,50세,중상
2020122100100626,2020년 12월 21일 22시,월요일,경상북도 경산시 진량읍,중상사고,0,1,0,0,차대차 - 측면충돌,안전운전불이행,건조,맑음,교차로 - 교차로안,승용,남,21세,상해없음,승용,남,50세,중상
2020122100100639,2020년 12월 21일 23시,월요일,경상북도 구미시 봉곡동,경상사고,0,0,1,0,차대사람 - 횡단중,보행자보호의무위반,건조,맑음,교차로 - 교차로횡단보도내,원동기,남,17세,상해없음,보행자,여,42세,경상
2020122200100004,2020년 12월 22일 00시,화요일,경상북도 구미시 봉곡동,경상사고,0,0,1,0,차대차 - 기타,신호위반,건조,맑음,교차로 - 교차로안,승용,여,29세,상해없음,승용,남,56세,경상
2020122200100025,2020년 12월 22일 05시,화요일,경상북도 경주시 황오동,경상사고,0,0,1,0,차대차 - 측면충돌,신호위반,건조,맑음,교차로 - 교차로안,승용,여,50세,상해없음,자전거,남,72세,경상
2020122200100039,2020년 12월 22일 06시,화요일,경상북도 안동시 정상동,부상신고사고,0,0,0,1,차대사람 - 횡단중,보행자보호의무위반,건조,맑음,교차로 - 교차로안,화물,남,72세,상해없음,보행자,남,51세,부상신고
2020122200100040,2020년 12월 22일 06시,화요일,경상북도 포항시 남구 인덕동,경상사고,0,0,1,0,차대차 - 측면충돌,안전운전불이행,건조,맑음,단일로 - 기타,승용,남,50세,상해없음,자전거,남,40세,경상
2020122200100064,2020년 12월 22일 07시,화요일,경상북도 경주시 구황동,중상사고,0,1,1,0,차대차 - 측면충돌,직진우회전진행방해,건조,맑음,교차로 - 교차로안,승용,여,62세,중상,승용,여,57세,경상
2020122200100117,2020년 12월 22일 09시,화요일,경상북도 성주군 초전면,경상사고,0,0,2,0,차대차 - 기타,안전운전불이행,건조,맑음,교차로 - 교차로안,화물,남,69세,상해없음,승용,여,38세,경상
2020122200100143,2020년 12월 22일 10시,화요일,경상북도 경주시 서면,경상사고,0,0,1,0,차대차 - 추돌,안전운전불이행,건조,맑음,단일로 - 지하차도(도로)내,승용,여,78세,상해없음,승용,여,69세,경상
2020122200100144,2020년 12월 22일 10시,화요일,경상북도 포항시 북구 용흥동,경상사고,0,0,2,0,차대차 - 측면충돌,신호위반,건조,맑음,교차로 - 교차로안,승용,여,69세,경상,승용,여,29세,경상
2020122200100145,2020년 12월 22일 10시,화요일,경상북도 김천시 신음동,경상사고,0,0,1,0,차대차 - 측면충돌,교차로운행방법위반,건조,맑음,교차로 - 교차로안,이륜,남,76세,경상,승용,남,77세,상해없음
2020122200100173,2020년 12월 22일 11시,화요일,경상북도 영천시 도동,경상사고,0,0,3,0,차대차 - 측면충돌,신호위반,건조,맑음,교차로 - 교차로안,승용,여,67세,경상,화물,남,35세,경상
2020122200100174,2020년 12월 22일 11시,화요일,경상북도 문경시 영신동,사망사고,1,0,0,0,차대차 - 측면충돌,안전운전불이행,건조,맑음,교차로 - 교차로안,화물,남,73세,상해없음,이륜,남,77세,사망
2020122200100175,2020년 12월 22일 11시,화요일,경상북도 경산시 정평동,경상사고,0,0,1,0,차대차 - 기타,안전운전불이행,건조,맑음,교차로 - 교차로안,승용,남,49세,기타불명,승용,남,32세,경상
2020122200100176,2020년 12월 22일 11시,화요일,경상북도 포항시 남구 해도동,경상사고,0,0,1,0,차대차 - 기타,신호위반,건조,맑음,교차로 - 교차로안,승용,남,67세,상해없음,승용,남,39세,경상
2020122200100177,2020년 12월 22일 11시,화요일,경상북도 군위군 부계면,중상사고,0,1,2,0,차대차 - 측면충돌,안전운전불이행,건조,맑음,단일로 - 기타,화물,남,35세,경상,승용,남,22세,경상
2020122200100205,2020년 12월 22일 12시,화요일,경상북도 칠곡군 석적읍,경상사고,0,0,2,1,차대차 - 측면충돌,교차로운행방법위반,건조,맑음,교차로 - 교차로안,승용,여,35세,경상,승용,여,38세,경상
2020122200100238,2020년 12월 22일 13시,화요일,경상북도 경주시 현곡면,경상사고,0,0,1,0,차대차 - 추돌,안전운전불이행,건조,맑음,단일로 - 기타,승용,남,48세,경상,화물,남,49세,상해없음
2020122200100239,2020년 12월 22일 13시,화요일,경상북도 구미시 진평동,경상사고,0,0,1,0,차대차 - 기타,안전거리미확보,건조,맑음,교차로 - 교차로부근,승용,여,50세,상해없음,승용,여,51세,경상
2020122200100258,2020년 12월 22일 14시,화요일,경상북도 포항시 북구 덕산동,경상사고,0,0,2,0,차대차 - 기타,안전운전불이행,건조,맑음,단일로 - 기타,승용,남,66세,상해없음,승용,여,45세,경상
2020122200100259,2020년 12월 22일 14시,화요일,경상북도 영덕군 축산면,경상사고,0,0,1,0,차대차 - 기타,안전운전불이행,건조,맑음,교차로 - 교차로안,승용,남,69세,상해없음,화물,남,64세,상해없음
2020122200100295,2020년 12월 22일 15시,화요일,경상북도 포항시 북구 항구동,부상신고사고,0,0,0,1,차대사람 - 횡단중,보행자보호의무위반,건조,맑음,교차로 - 교차로횡단보도내,승용,여,60세,상해없음,보행자,남,73세,부상신고
2020122200100296,2020년 12월 22일 15시,화요일,경상북도 포항시 북구 창포동,경상사고,0,0,1,0,차대차 - 기타,안전운전불이행,건조,맑음,단일로 - 기타,이륜,남,50세,경상,승용,여,58세,상해없음
2020122200100297,2020년 12월 22일 15시,화요일,경상북도 상주시 남성동,중상사고,0,1,1,0,차대차 - 측면충돌,신호위반,건조,맑음,교차로 - 교차로안,승용,여,60세,경상,승용,남,70세,중상
2020122200100298,2020년 12월 22일 15시,화요일,경상북도 칠곡군 왜관읍,경상사고,0,0,1,0,차대차 - 기타,안전운전불이행,건조,맑음,교차로 - 교차로안,승용,여,56세,상해없음,승용,남,47세,경상
2020122200100299,2020년 12월 22일 15시,화요일,경상북도 봉화군 봉성면,경상사고,0,0,1,0,차대차 - 측면충돌,안전운전불이행,건조,맑음,단일로 - 기타,화물,남,82세,상해없음,승용,여,52세,경상
2020122200100300,2020년 12월 22일 15시,화요일,경상북도 성주군 월항면,중상사고,0,1,0,0,차대차 - 기타,안전운전불이행,건조,맑음,단일로 - 기타,승용,남,73세,중상,화물,남,61세,상해없음
2020122200100301,2020년 12월 22일 15시,화요일,경상북도 구미시 광평동,중상사고,0,1,0,0,차대차 - 기타,차로위반,건조,맑음,교차로 - 교차로횡단보도내,승용,여,50세,상해없음,이륜,남,36세,중상
2020122200100370,2020년 12월 22일 17시,화요일,경상북도 경주시 신평동,중상사고,0,1,1,0,차대사람 - 횡단중,보행자보호의무위반,건조,맑음,교차로 - 교차로횡단보도내,승용,남,58세,상해없음,보행자,여,35세,중상
2020122200100371,2020년 12월 22일 17시,화요일,경상북도 봉화군 석포면,경상사고,0,0,1,0,차대차 - 기타,안전운전불이행,건조,맑음,기타 - 기타,화물,남,55세,상해없음,화물,남,68세,경상
2020122200100409,2020년 12월 22일 18시,화요일,경상북도 안동시 정하동,경상사고,0,0,2,0,차대차 - 측면충돌,안전운전불이행,건조,맑음,교차로 - 교차로안,개인형이동수단(PM),여,17세,경상,승용,남,58세,상해없음
2020122200100410,2020년 12월 22일 18시,화요일,경상북도 안동시 송현동,중상사고,0,1,0,0,차대차 - 측면충돌,안전운전불이행,건조,맑음,교차로 - 교차로부근,승용,남,61세,상해없음,이륜,남,45세,중상
2020122200100411,2020년 12월 22일 18시,화요일,경상북도 울진군 울진읍,중상사고,0,1,0,0,차대사람 - 길가장자리구역통행중,안전운전불이행,건조,맑음,교차로 - 교차로안,승용,남,47세,상해없음,보행자,여,51세,중상
2020122200100412,2020년 12월 22일 18시,화요일,경상북도 구미시 임은동,중상사고,0,1,0,0,차대차 - 기타,안전운전불이행,건조,맑음,교차로 - 교차로안,자전거,남,13세,상해없음,승용,여,29세,상해없음
2020122200100478,2020년 12월 22일 19시,화요일,경상북도 안동시 송천동,중상사고,0,1,0,0,차대차 - 기타,교차로운행방법위반,건조,맑음,교차로 - 교차로안,승용,남,25세,상해없음,이륜,남,46세,중상
2020122200100518,2020년 12월 22일 20시,화요일,경상북도 구미시 옥계동,경상사고,0,0,1,0,차대차 - 추돌,안전운전불이행,건조,맑음,교차로 - 교차로안,승용,남,54세,상해없음,승용,남,25세,상해없음
2020122200100551,2020년 12월 22일 21시,화요일,경상북도 경주시 외동읍,경상사고,0,0,1,0,차대차 - 측면충돌,안전운전불이행,건조,맑음,단일로 - 지하차도(도로)내,화물,남,60세,상해없음,특수,남,23세,경상
2020122200100552,2020년 12월 22일 21시,화요일,경상북도 경산시 옥곡동,중상사고,0,1,0,0,차대차 - 측면충돌,안전운전불이행,건조,맑음,단일로 - 기타,화물,남,60세,상해없음,승용,남,22세,중상
2020122200100570,2020년 12월 22일 22시,화요일,경상북도 포항시 남구 해도동,경상사고,0,0,1,0,차대차 - 추돌,안전거리미확보,건조,맑음,교차로 - 교차로부근,승용,남,54세,상해없음,승용,남,38세,경상
2020122300100008,2020년 12월 23일 00시,수요일,경상북도 포항시 북구 흥해읍,경상사고,0,0,2,0,차대차 - 기타,안전운전불이행,건조,맑음,교차로 - 교차로안,승용,여,60세,상해없음,화물,남,64세,경상
2020122300100014,2020년 12월 23일 01시,수요일,경상북도 영주시 가흥동,중상사고,0,1,0,0,차대차 - 측면충돌,중앙선침범,건조,맑음,단일로 - 기타,화물,남,52세,상해없음,승용,남,32세,중상
2020122300100016,2020년 12월 23일 02시,수요일,경상북도 경산시 옥산동,부상신고사고,0,0,0,1,차대사람 - 기타,안전운전불이행,건조,맑음,단일로 - 기타,기타불명,기타불명,미분류,기타불명,보행자,남,40세,부상신고
2020122300100024,2020년 12월 23일 04시,수요일,경상북도 포항시 북구 죽도동,경상사고,0,0,1,0,차대차 - 측면충돌,신호위반,건조,맑음,교차로 - 교차로안,승용,남,76세,기타불명,승용,남,60세,경상
2020122300100031,2020년 12월 23일 05시,수요일,경상북도 구미시 인의동,중상사고,0,1,0,0,차대차 - 기타,안전운전불이행,건조,맑음,단일로 - 기타,승용,남,28세,상해없음,이륜,남,34세,중상
2020122300100045,2020년 12월 23일 06시,수요일,경상북도 구미시 임은동,경상사고,0,0,1,1,차대차 - 기타,안전운전불이행,건조,맑음,교차로 - 교차로안,승용,여,53세,부상신고,승용,남,48세,경상
2020122300100074,2020년 12월 23일 07시,수요일,경상북도 성주군 성주읍,중상사고,0,1,0,0,차대차 - 측면충돌,직진우회전진행방해,건조,맑음,교차로 - 교차로안,화물,남,59세,상해없음,승용,남,26세,중상
2020122300100145,2020년 12월 23일 09시,수요일,경상북도 포항시 북구 흥해읍,경상사고,0,0,2,0,차대차 - 추돌,안전거리미확보,건조,맑음,단일로 - 기타,화물,남,39세,기타불명,승용,여,47세,경상
2020122300100166,2020년 12월 23일 10시,수요일,경상북도 영주시 하망동,경상사고,0,0,1,0,차대차 - 측면충돌,직진우회전진행방해,건조,맑음,교차로 - 교차로안,승용,남,26세,상해없음,이륜,남,82세,경상
2020122300100213,2020년 12월 23일 12시,수요일,경상북도 구미시 고아읍,중상사고,0,1,0,0,차대사람 - 횡단중,안전운전불이행,건조,맑음,교차로 - 교차로안,승용,여,41세,상해없음,보행자,여,81세,중상
2020122300100214,2020년 12월 23일 12시,수요일,경상북도 포항시 남구 해도동,경상사고,0,0,1,0,차대차 - 측면충돌,안전운전불이행,건조,맑음,단일로 - 기타,승용,남,43세,상해없음,이륜,남,70세,경상
2020122300100245,2020년 12월 23일 13시,수요일,경상북도 경산시 정평동,중상사고,0,1,0,0,차대차 - 추돌,안전운전불이행,건조,맑음,기타 - 기타,건설기계,남,51세,상해없음,승용,여,52세,중상
2020122300100246,2020년 12월 23일 13시,수요일,경상북도 구미시 광평동,중상사고,0,1,0,0,차대차 - 측면충돌,신호위반,건조,맑음,단일로 - 기타,승용,남,28세,상해없음,자전거,여,58세,중상
2020122300100270,2020년 12월 23일 14시,수요일,경상북도 포항시 남구 지곡동,경상사고,0,0,1,0,차대차 - 추돌,안전운전불이행,건조,맑음,단일로 - 기타,승용,남,55세,상해없음,승용,여,51세,경상
2020122300100300,2020년 12월 23일 15시,수요일,경상북도 안동시 풍산읍,경상사고,0,0,1,0,차대차 - 측면충돌,안전운전불이행,건조,맑음,교차로 - 교차로안,화물,남,40세,상해없음,승용,여,60세,경상
2020122300100301,2020년 12월 23일 15시,수요일,경상북도 경산시 백천동,경상사고,0,0,1,0,차대사람 - 길가장자리구역통행중,안전운전불이행,건조,맑음,교차로 - 교차로부근,화물,남,24세,상해없음,보행자,남,53세,경상
2020122300100332,2020년 12월 23일 16시,수요일,경상북도 포항시 북구 죽도동,중상사고,0,1,0,0,차대차 - 측면충돌,중앙선침범,건조,맑음,단일로 - 기타,승용,남,67세,상해없음,이륜,남,73세,중상
2020122300100333,2020년 12월 23일 16시,수요일,경상북도 상주시 남성동,경상사고,0,0,1,0,차대차 - 측면충돌,중앙선침범,건조,맑음,교차로 - 교차로안,자전거,남,64세,경상,화물,남,66세,상해없음
2020122300100334,2020년 12월 23일 16시,수요일,경상북도 구미시 옥계동,경상사고,0,0,3,0,차대차 - 후진중충돌,안전운전불이행,건조,맑음,주차장 - 주차장,승용,여,37세,경상,승용,남,21세,경상
2020122300100335,2020년 12월 23일 16시,수요일,경상북도 포항시 남구 오천읍,경상사고,0,0,1,0,차대차 - 측면충돌,직진우회전진행방해,건조,맑음,교차로 - 교차로안,승용,여,59세,상해없음,승용,남,40세,경상
2020122300100455,2020년 12월 23일 18시,수요일,경상북도 안동시 용상동,경상사고,0,0,1,0,차대차 - 추돌,안전운전불이행,건조,맑음,교차로 - 교차로부근,승용,여,45세,상해없음,승용,여,41세,경상
2020122300100509,2020년 12월 23일 19시,수요일,경상북도 구미시 진평동,부상신고사고,0,0,0,1,차대차 - 기타,안전운전불이행,건조,맑음,교차로 - 교차로안,이륜,남,19세,부상신고,승용,남,64세,상해없음
2020122300100548,2020년 12월 23일 20시,수요일,경상북도 경주시 성동동,부상신고사고,0,0,0,2,차대차 - 측면충돌,기타,건조,맑음,교차로 - 교차로안,승용,여,51세,상해없음,원동기,남,18세,부상신고
2020122300100549,2020년 12월 23일 20시,수요일,경상북도 영주시 영주동,경상사고,0,0,1,0,차대차 - 측면충돌,중앙선침범,건조,맑음,단일로 - 기타,승용,남,60세,상해없음,이륜,남,17세,경상
2020122300100550,2020년 12월 23일 20시,수요일,경상북도 구미시 송정동,경상사고,0,0,1,0,차대사람 - 기타,안전운전불이행,건조,맑음,교차로 - 교차로안,승용,남,46세,상해없음,보행자,남,46세,경상