사고번호,사고일시,요일,시군구,사고내용,사망자수,중상자수,경상자수,부상신고자수,사고유형,법규위반,노면상태,기상상태,도로형태,가해운전자 차종,가해운전자 성별,가해운전자 연령,가해운전자 상해정도,피해운전자 차종,피해운전자 성별,피해운전자 연령,피해운전자 상해정도
2020122300100585,2020년 12월 23일 21시,수요일,경상북도 김천시 덕곡동,경상사고,0,0,1,0,차대차 - 추돌,안전운전불이행,건조,맑음,단일로 - 기타,화물,남,52세,상해없음,승용,남,57세,경상
2020122300100586,2020년 12월 23일 21시,수요일,경상북도 포항시 남구 대잠동,부상신고사고,0,0,0,1,차대사람 - 횡단중,안전운전불이행,건조,맑음,교차로 - 교차로부근,승용,남,39세,상해없음,보행자,남,19세,부상신고
2020122400100061,2020년 12월 24일 07시,목요일,경상북도 경주시 건천읍,부상신고사고,0,0,0,1,차대차 - 추돌,안전운전불이행,건조,맑음,단일로 - 기타,화물,남,62세,부상신고,화물,남,59세,상해없음
2020122400100092,2020년 12월 24일 08시,목요일,경상북도 포항시 남구 장기면,중상사고,0,1,0,0,차대차 - 기타,중앙선침범,건조,맑음,단일로 - 기타,승용,남,44세,상해없음,승용,여,57세,중상
2020122400100093,2020년 12월 24일 08시,목요일,경상북도 포항시 남구 오천읍,중상사고,0,1,2,0,차대차 - 측면충돌,직진우회전진행방해,건조,맑음,교차로 - 교차로안,승용,여,47세,경상,화물,남,65세,중상
2020122400100117,2020년 12월 24일 09시,목요일,경상북도 포항시 북구 득량동,경상사고,0,0,1,0,차대차 - 기타,안전운전불이행,건조,맑음,교차로 - 교차로안,승용,남,26세,상해없음,승용,남,56세,경상
2020122400100118,2020년 12월 24일 09시,목요일,경상북도 포항시 남구 대잠동,경상사고,0,0,3,0,차대차 - 기타,직진우회전진행방해,건조,맑음,교차로 - 교차로안,승용,여,37세,경상,승용,여,48세,경상
2020122400100143,2020년 12월 24일 10시,목요일,경상북도 경주시 동천동,경상사고,0,0,1,0,차대차 - 측면충돌,안전운전불이행,건조,맑음,단일로 - 기타,승용,여,49세,상해없음,승용,여,56세,경상
2020122400100144,2020년 12월 24일 10시,목요일,경상북도 포항시 북구 장성동,경상사고,0,0,1,0,차대차 - 측면충돌,직진우회전진행방해,건조,맑음,교차로 - 교차로안,승용,남,60세,상해없음,승용,남,33세,경상
2020122400100145,2020년 12월 24일 10시,목요일,경상북도 영천시 금호읍,경상사고,0,0,1,0,차대사람 - 기타,안전운전불이행,건조,맑음,단일로 - 기타,승용,남,58세,상해없음,보행자,남,46세,경상
2020122400100146,2020년 12월 24일 10시,목요일,경상북도 경산시 하양읍,중상사고,0,2,0,0,차대차 - 측면충돌,신호위반,건조,맑음,교차로 - 교차로안,승용,남,34세,중상,화물,남,23세,중상
2020122400100147,2020년 12월 24일 10시,목요일,경상북도 구미시 황상동,경상사고,0,0,1,0,차대차 - 기타,안전운전불이행,건조,맑음,교차로 - 교차로부근,화물,남,24세,상해없음,승용,여,38세,경상
2020122400100179,2020년 12월 24일 11시,목요일,경상북도 경주시 성건동,경상사고,0,0,1,0,차대차 - 측면충돌,안전운전불이행,건조,맑음,교차로 - 교차로부근,승용,남,68세,경상,화물,남,51세,상해없음
2020122400100180,2020년 12월 24일 11시,목요일,경상북도 김천시 감호동,경상사고,0,0,2,0,차대차 - 추돌,안전운전불이행,건조,맑음,교차로 - 교차로횡단보도내,승용,남,50세,상해없음,승용,남,52세,경상
2020122400100205,2020년 12월 24일 12시,목요일,경상북도 포항시 북구 우현동,경상사고,0,0,1,0,차대차 - 기타,안전운전불이행,건조,맑음,단일로 - 기타,화물,남,62세,상해없음,승용,남,60세,경상
2020122400100206,2020년 12월 24일 12시,목요일,경상북도 영주시 휴천동,중상사고,0,1,0,0,차대사람 - 횡단중,보행자보호의무위반,건조,맑음,단일로 - 기타,이륜,여,47세,상해없음,보행자,남,66세,중상
2020122400100207,2020년 12월 24일 12시,목요일,경상북도 영천시 완산동,경상사고,0,0,2,0,차대차 - 측면충돌,신호위반,건조,맑음,교차로 - 교차로안,승용,남,62세,상해없음,승용,남,32세,경상
2020122400100208,2020년 12월 24일 12시,목요일,경상북도 포항시 남구 오천읍,경상사고,0,0,2,0,차대차 - 측면충돌,안전운전불이행,건조,맑음,교차로 - 교차로부근,승용,남,56세,상해없음,승용,남,49세,경상
2020122400100242,2020년 12월 24일 13시,목요일,경상북도 영천시 야사동,경상사고,0,0,1,0,차대차 - 측면충돌,중앙선침범,건조,맑음,단일로 - 기타,승용,남,69세,상해없음,이륜,남,32세,경상
2020122400100243,2020년 12월 24일 13시,목요일,경상북도 영천시 임고면,경상사고,0,0,1,0,차대차 - 측면충돌,교차로운행방법위반,건조,맑음,교차로 - 교차로안,승용,여,60세,상해없음,화물,남,79세,경상
2020122400100244,2020년 12월 24일 13시,목요일,경상북도 성주군 성주읍,경상사고,0,0,3,0,차대차 - 기타,안전운전불이행,건조,맑음,교차로 - 교차로안,승용,남,69세,상해없음,승용,남,35세,경상
2020122400100246,2020년 12월 24일 13시,목요일,경상북도 포항시 남구 오천읍,경상사고,0,0,1,0,차대차 - 측면충돌,교차로운행방법위반,건조,맑음,교차로 - 교차로부근,화물,남,62세,상해없음,화물,남,66세,경상
2020122400100247,2020년 12월 24일 13시,목요일,경상북도 칠곡군 왜관읍,경상사고,0,0,1,0,차대차 - 측면충돌,안전운전불이행,건조,맑음,단일로 - 기타,승용,남,58세,상해없음,화물,남,53세,경상
2020122400100278,2020년 12월 24일 14시,목요일,경상북도 경주시 구정동,사망사고,1,0,0,0,차대사람 - 기타,안전운전불이행,건조,맑음,단일로 - 지하차도(도로)내,화물,남,46세,상해없음,보행자,남,62세,사망
2020122400100279,2020년 12월 24일 14시,목요일,경상북도 영덕군 축산면,중상사고,0,1,1,0,차대차 - 추돌,안전거리미확보,건조,맑음,단일로 - 기타,승용,남,49세,중상,승용,남,28세,상해없음
2020122400100280,2020년 12월 24일 14시,목요일,경상북도 구미시 형곡동,경상사고,0,0,1,0,차대차 - 기타,안전운전불이행,건조,맑음,교차로 - 교차로안,승용,남,52세,상해없음,승용,남,60세,경상
2020122400100322,2020년 12월 24일 15시,목요일,경상북도 경주시 외동읍,경상사고,0,0,1,0,차대차 - 측면충돌,안전운전불이행,건조,맑음,교차로 - 교차로부근,승용,남,29세,경상,승용,남,51세,상해없음
2020122400100356,2020년 12월 24일 16시,목요일,경상북도 경주시 안강읍,중상사고,0,1,0,0,차량단독 - 공작물충돌,안전운전불이행,건조,맑음,단일로 - 교량,승용,남,38세,중상,,,,
2020122400100357,2020년 12월 24일 16시,목요일,경상북도 구미시 봉곡동,경상사고,0,0,1,0,차대차 - 측면충돌,안전거리미확보,건조,맑음,단일로 - 기타,승용,여,50세,상해없음,승용,남,33세,경상
2020122400100358,2020년 12월 24일 16시,목요일,경상북도 포항시 남구 상도동,경상사고,0,0,2,0,차대차 - 기타,안전운전불이행,건조,맑음,단일로 - 기타,승용,남,19세,경상,승용,남,31세,경상
2020122400100359,2020년 12월 24일 16시,목요일,경상북도 상주시 낙동면,경상사고,0,0,1,0,차대차 - 추돌,안전운전불이행,건조,맑음,단일로 - 기타,승용,남,60세,상해없음,승용,남,38세,경상
2020122400100409,2020년 12월 24일 17시,목요일,경상북도 영주시 영주동,부상신고사고,0,0,0,1,차대사람 - 횡단중,안전운전불이행,건조,맑음,교차로 - 교차로부근,승용,남,56세,상해없음,보행자,남,62세,부상신고
2020122400100410,2020년 12월 24일 17시,목요일,경상북도 칠곡군 석적읍,경상사고,0,0,1,0,차대차 - 추돌,안전거리미확보,건조,맑음,교차로 - 교차로부근,이륜,남,37세,경상,화물,남,34세,상해없음
2020122400100411,2020년 12월 24일 17시,목요일,경상북도 구미시 오태동,경상사고,0,0,1,0,차대차 - 측면충돌,안전운전불이행,건조,맑음,단일로 - 기타,승용,남,42세,상해없음,승용,남,26세,경상
2020122400100412,2020년 12월 24일 17시,목요일,경상북도 구미시 공단동,경상사고,0,0,1,0,차대차 - 기타,안전운전불이행,건조,맑음,단일로 - 기타,승용,남,61세,상해없음,승용,남,38세,경상
2020122400100413,2020년 12월 24일 17시,목요일,경상북도 포항시 남구 대도동,경상사고,0,0,2,0,차대차 - 기타,직진우회전진행방해,건조,맑음,교차로 - 교차로안,승용,여,49세,경상,이륜,남,35세,경상
2020122400100478,2020년 12월 24일 18시,목요일,경상북도 칠곡군 왜관읍,경상사고,0,0,1,0,차대차 - 추돌,안전운전불이행,건조,맑음,교차로 - 교차로부근,승용,여,27세,상해없음,승용,여,59세,경상
2020122400100479,2020년 12월 24일 18시,목요일,경상북도 포항시 남구 동촌동,경상사고,0,0,1,0,차량단독 - 기타,안전운전불이행,건조,맑음,단일로 - 기타,승용,남,60세,상해없음,,,,
2020122400100480,2020년 12월 24일 18시,목요일,경상북도 구미시 도량동,중상사고,0,2,0,0,차대차 - 기타,안전운전불이행,건조,맑음,단일로 - 기타,기타불명,기타불명,미분류,기타불명,화물,남,62세,중상
2020122400100481,2020년 12월 24일 18시,목요일,경상북도 구미시 원평동,중상사고,0,1,1,0,차대차 - 추돌,안전거리미확보,건조,맑음,단일로 - 기타,승용,남,30세,상해없음,승용,여,44세,중상
2020122400100538,2020년 12월 24일 19시,목요일,경상북도 구미시 선기동,중상사고,0,2,0,0,차대차 - 추돌,안전운전불이행,건조,맑음,교차로 - 교차로부근,화물,남,62세,상해없음,승용,남,25세,중상
2020122400100575,2020년 12월 24일 20시,목요일,경상북도 상주시 무양동,경상사고,0,0,4,0,차대차 - 측면충돌,안전운전불이행,건조,맑음,교차로 - 교차로안,이륜,남,17세,경상,승용,여,67세,경상
2020122400100576,2020년 12월 24일 20시,목요일,경상북도 상주시 무양동,경상사고,0,0,1,0,차대차 - 기타,안전운전불이행,건조,맑음,교차로 - 교차로부근,화물,남,58세,상해없음,승용,남,36세,경상
2020122400100577,2020년 12월 24일 20시,목요일,경상북도 칠곡군 왜관읍,경상사고,0,0,1,0,차대차 - 정면충돌,안전운전불이행,건조,기타,교차로 - 교차로부근,화물,남,66세,상해없음,승용,남,32세,경상
2020122400100578,2020년 12월 24일 20시,목요일,경상북도 구미시 인의동,중상사고,0,1,0,0,차대차 - 정면충돌,중앙선침범,건조,맑음,단일로 - 기타,이륜,남,59세,상해없음,이륜,남,25세,중상
2020122400100617,2020년 12월 24일 21시,목요일,경상북도 경주시 탑동,경상사고,0,0,2,0,차대차 - 측면충돌,신호위반,건조,맑음,교차로 - 교차로안,화물,남,58세,상해없음,승용,남,29세,경상
2020122400100618,2020년 12월 24일 21시,목요일,경상북도 포항시 북구 장성동,경상사고,0,0,1,1,차대차 - 측면충돌,직진우회전진행방해,건조,맑음,교차로 - 교차로안,이륜,남,19세,부상신고,이륜,남,46세,경상
2020122400100619,2020년 12월 24일 21시,목요일,경상북도 구미시 사곡동,중상사고,0,1,1,0,차대차 - 기타,안전운전불이행,건조,맑음,단일로 - 기타,승용,남,52세,상해없음,승용,남,26세,중상
2020122400100646,2020년 12월 24일 22시,목요일,경상북도 포항시 남구 오천읍,경상사고,0,0,1,0,차대차 - 기타,직진우회전진행방해,건조,맑음,교차로 - 교차로부근,승용,여,54세,상해없음,자전거,남,20세,경상
2020122400100647,2020년 12월 24일 22시,목요일,경상북도 포항시 남구 해도동,중상사고,0,1,0,0,차대사람 - 기타,안전운전불이행,건조,맑음,교차로 - 교차로횡단보도내,승용,남,59세,상해없음,보행자,남,49세,중상
2020122400100648,2020년 12월 24일 22시,목요일,경상북도 포항시 남구 동촌동,경상사고,0,0,1,0,차대차 - 기타,안전운전불이행,건조,맑음,교차로 - 교차로부근,승용,남,57세,상해없음,특수,남,71세,경상
2020122400100661,2020년 12월 24일 23시,목요일,경상북도 포항시 남구 이동,경상사고,0,0,3,0,차대차 - 추돌,안전운전불이행,건조,맑음,교차로 - 교차로부근,승용,남,45세,경상,승용,남,37세,경상
2020122500100007,2020년 12월 25일 00시,금요일,경상북도 안동시 풍산읍,경상사고,0,0,1,0,차량단독 - 기타,안전운전불이행,건조,맑음,단일로 - 기타,승용,남,24세,경상,,,,
2020122500100031,2020년 12월 25일 06시,금요일,경상북도 포항시 남구 연일읍,경상사고,0,0,1,0,차대차 - 기타,안전운전불이행,건조,맑음,단일로 - 기타,승용,남,69세,상해없음,승용,여,62세,경상
2020122500100084,2020년 12월 25일 11시,금요일,경상북도 포항시 북구 흥해읍,경상사고,0,0,3,0,차대차 - 기타,안전운전불이행,건조,맑음,단일로 - 기타,승용,남,22세,상해없음,승용,남,62세,경상
2020122500100085,2020년 12월 25일 11시,금요일,경상북도 경산시 삼풍동,경상사고,0,0,1,0,차대차 - 측면충돌,중앙선침범,건조,맑음,단일로 - 기타,이륜,남,48세,상해없음,이륜,남,21세,경상
2020122500100086,2020년 12월 25일 11시,금요일,경상북도 울진군 후포면,경상사고,0,0,3,0,차대차 - 추돌,안전운전불이행,건조,맑음,단일로 - 기타,화물,남,61세,상해없음,승합,남,53세,상해없음
2020122500100087,2020년 12월 25일 11시,금요일,경상북도 포항시 남구 해도동,경상사고,0,0,1,0,차대차 - 측면충돌,차로위반,건조,맑음,단일로 - 기타,승용,남,59세,상해없음,원동기,남,25세,경상
2020122500100110,2020년 12월 25일 12시,금요일,경상북도 구미시 송정동,중상사고,0,1,0,0,차대차 - 기타,신호위반,건조,맑음,교차로 - 교차로안,승용,여,58세,상해없음,이륜,남,37세,중상
2020122500100129,2020년 12월 25일 13시,금요일,경상북도 포항시 남구 오천읍,중상사고,0,1,0,0,차대사람 - 기타,안전운전불이행,건조,맑음,교차로 - 교차로부근,승용,남,61세,상해없음,보행자,여,81세,중상
2020122500100130,2020년 12월 25일 13시,금요일,경상북도 포항시 남구 효자동,중상사고,0,1,1,0,차대차 - 정면충돌,안전운전불이행,건조,맑음,교차로 - 교차로안,이륜,남,17세,경상,원동기,남,50세,중상
2020122500100160,2020년 12월 25일 14시,금요일,경상북도 포항시 북구 장성동,중상사고,0,1,0,0,차대차 - 측면충돌,교차로운행방법위반,건조,맑음,교차로 - 교차로안,승용,남,30세,상해없음,원동기,남,37세,중상
2020122500100161,2020년 12월 25일 14시,금요일,경상북도 구미시 도량동,중상사고,0,1,0,0,차대차 - 측면충돌,안전운전불이행,건조,맑음,단일로 - 기타,승용,남,49세,상해없음,이륜,남,20세,중상
2020122500100191,2020년 12월 25일 15시,금요일,경상북도 구미시 원평동,중상사고,0,1,0,0,차대사람 - 횡단중,보행자보호의무위반,건조,맑음,교차로 - 교차로안,승용,여,56세,상해없음,보행자,남,60세,중상
2020122500100192,2020년 12월 25일 15시,금요일,경상북도 구미시 선산읍,중상사고,0,1,0,0,차대사람 - 차도통행중,안전운전불이행,건조,맑음,교차로 - 교차로안,화물,남,29세,상해없음,보행자,남,77세,중상
2020122500100212,2020년 12월 25일 16시,금요일,경상북도 경주시 진현동,중상사고,0,1,3,0,차대차 - 측면충돌,중앙선침범,건조,맑음,단일로 - 기타,승용,남,29세,상해없음,승용,남,29세,경상
2020122500100213,2020년 12월 25일 16시,금요일,경상북도 안동시 용상동,경상사고,0,0,3,0,차대차 - 추돌,안전운전불이행,건조,맑음,단일로 - 기타,승용,남,24세,상해없음,승용,남,31세,경상
2020122500100214,2020년 12월 25일 16시,금요일,경상북도 구미시 상모동,경상사고,0,0,1,0,차대사람 - 기타,교차로운행방법위반,건조,맑음,교차로 - 교차로안,승용,남,54세,상해없음,보행자,여,37세,경상
2020122500100267,2020년 12월 25일 18시,금요일,경상북도 경산시 중방동,경상사고,0,0,2,0,차대차 - 추돌,안전운전불이행,건조,맑음,단일로 - 기타,승용,남,42세,상해없음,승용,남,65세,경상
2020122500100268,2020년 12월 25일 18시,금요일,경상북도 경산시 삼풍동,경상사고,0,0,1,0,차대사람 - 기타,안전운전불이행,건조,맑음,교차로 - 교차로부근,기타불명,기타불명,미분류,기타불명,보행자,남,30세,경상
2020122500100269,2020년 12월 25일 18시,금요일,경상북도 고령군 대가야읍,경상사고,0,0,1,0,차대차 - 측면충돌,안전운전불이행,건조,맑음,단일로 - 기타,화물,남,46세,상해없음,승용,남,58세,경상
2020122500100270,2020년 12월 25일 18시,금요일,경상북도 포항시 남구 연일읍,경상사고,0,0,1,1,차대차 - 기타,교차로운행방법위반,건조,맑음,교차로 - 교차로안,이륜,남,28세,경상,승용,남,39세,부상신고
2020122500100303,2020년 12월 25일 19시,금요일,경상북도 구미시 도량동,부상신고사고,0,0,0,1,차대사람 - 기타,안전운전불이행,건조,맑음,교차로 - 교차로횡단보도내,원동기,남,51세,부상신고,보행자,여,52세,상해없음
2020122500100366,2020년 12월 25일 21시,금요일,경상북도 경산시 압량면,경상사고,0,0,1,0,차대차 - 측면충돌,안전운전불이행,건조,맑음,교차로 - 교차로부근,승용,남,49세,상해없음,승용,남,50세,경상
2020122600100012,2020년 12월 26일 01시,토요일,경상북도 영천시 대창면,중상사고,0,1,0,0,차량단독 - 공작물충돌,안전운전불이행,건조,맑음,단일로 - 기타,승용,남,18세,상해없음,,,,
2020122600100020,2020년 12월 26일 03시,토요일,경상북도 포항시 남구 대송면,경상사고,0,0,2,0,차대차 - 기타,중앙선침범,건조,맑음,단일로 - 기타,화물,남,68세,상해없음,화물,여,62세,경상
2020122600100068,2020년 12월 26일 09시,토요일,경상북도 안동시 옥동,중상사고,0,1,2,0,차대차 - 측면충돌,신호위반,건조,맑음,교차로 - 교차로안,승용,남,39세,상해없음,승용,남,27세,경상
2020122600100088,2020년 12월 26일 10시,토요일,경상북도 영덕군 영덕읍,경상사고,0,0,1,0,차대차 - 기타,안전거리미확보,건조,맑음,교차로 - 교차로부근,승용,여,61세,상해없음,승용,남,33세,경상
2020122600100130,2020년 12월 26일 12시,토요일,경상북도 포항시 북구 죽도동,경상사고,0,0,1,0,차대차 - 측면충돌,신호위반,건조,맑음,단일로 - 기타,승용,남,29세,상해없음,승용,여,41세,경상
2020122600100131,2020년 12월 26일 12시,토요일,경상북도 영주시 풍기읍,경상사고,0,0,1,0,차대사람 - 기타,안전운전불이행,건조,맑음,단일로 - 기타,화물,남,68세,상해없음,보행자,여,20세,경상
2020122600100151,2020년 12월 26일 13시,토요일,경상북도 경주시 서악동,중상사고,0,1,0,0,차대차 - 측면충돌,안전운전불이행,건조,맑음,교차로 - 교차로안,이륜,남,86세,중상,승용,남,34세,상해없음
2020122600100181,2020년 12월 26일 14시,토요일,경상북도 안동시 태화동,경상사고,0,0,1,0,차대차 - 측면충돌,안전운전불이행,건조,맑음,교차로 - 교차로안,이륜,남,41세,경상,승용,남,57세,상해없음
2020122600100182,2020년 12월 26일 14시,토요일,경상북도 구미시 송정동,경상사고,0,0,2,0,차대차 - 추돌,안전운전불이행,건조,맑음,단일로 - 기타,승용,남,39세,상해없음,승용,남,42세,경상
2020122600100229,2020년 12월 26일 16시,토요일,경상북도 포항시 남구 상도동,경상사고,0,0,1,0,차대차 - 기타,안전운전불이행,건조,맑음,교차로 - 교차로안,승용,여,59세,상해없음,승용,여,27세,경상
2020122600100265,2020년 12월 26일 17시,토요일,경상북도 칠곡군 약목면,중상사고,0,1,1,0,차대차 - 측면충돌,직진우회전진행방해,건조,맑음,교차로 - 교차로부근,화물,남,62세,중상,승용,남,40세,경상
2020122600100306,2020년 12월 26일 18시,토요일,경상북도 영덕군 강구면,경상사고,0,0,1,0,차대사람 - 길가장자리구역통행중,안전운전불이행,건조,맑음,단일로 - 기타,승용,남,56세,상해없음,보행자,여,21세,경상
2020122600100307,2020년 12월 26일 18시,토요일,경상북도 구미시 진평동,부상신고사고,0,0,0,1,차대사람 - 길가장자리구역통행중,안전운전불이행,건조,맑음,단일로 - 기타,승용,여,38세,상해없음,보행자,남,39세,부상신고
2020122600100308,2020년 12월 26일 18시,토요일,경상북도 구미시 송정동,경상사고,0,0,1,0,차대차 - 측면충돌,안전운전불이행,건조,맑음,단일로 - 기타,승용,여,50세,상해없음,승용,여,61세,경상
2020122600100340,2020년 12월 26일 19시,토요일,경상북도 포항시 남구 상도동,경상사고,0,0,1,0,차대사람 - 기타,안전운전불이행,건조,맑음,단일로 - 기타,승용,남,55세,상해없음,보행자,남,49세,경상
2020122600100368,2020년 12월 26일 20시,토요일,경상북도 안동시 옥동,중상사고,0,1,0,0,차대차 - 기타,안전운전불이행,건조,맑음,교차로 - 교차로부근,기타불명,기타불명,미분류,기타불명,이륜,남,23세,중상
2020122600100414,2020년 12월 26일 22시,토요일,경상북도 포항시 남구 연일읍,경상사고,0,0,1,0,차대차 - 추돌,안전운전불이행,건조,맑음,교차로 - 교차로부근,승용,남,24세,상해없음,승합,남,60세,경상
2020122700100024,2020년 12월 27일 05시,일요일,경상북도 경주시 조양동,중상사고,0,1,1,0,차대차 - 추돌,안전운전불이행,건조,맑음,교차로 - 교차로부근,승용,남,52세,상해없음,화물,남,46세,경상
2020122700100044,2020년 12월 27일 09시,일요일,경상북도 안동시 정상동,경상사고,0,0,1,0,차대차 - 측면충돌,안전운전불이행,건조,맑음,교차로 - 교차로부근,승용,남,76세,상해없음,승용,여,58세,경상
2020122700100045,2020년 12월 27일 09시,일요일,경상북도 김천시 감천면,중상사고,0,1,0,0,차대차 - 후진중충돌,안전운전불이행,건조,맑음,단일로 - 기타,화물,남,78세,상해없음,자전거,여,61세,중상
2020122700100055,2020년 12월 27일 10시,일요일,경상북도 성주군 성주읍,경상사고,0,0,1,0,차대차 - 기타,신호위반,건조,맑음,교차로 - 교차로안,승용,남,66세,상해없음,화물,남,51세,경상
2020122700100084,2020년 12월 27일 13시,일요일,경상북도 김천시 감호동,경상사고,0,0,1,0,차대차 - 기타,안전거리미확보,건조,맑음,교차로 - 교차로안,승용,남,48세,상해없음,이륜,남,27세,경상
2020122700100105,2020년 12월 27일 14시,일요일,경상북도 경주시 안강읍,중상사고,0,1,0,0,차대차 - 측면충돌,안전운전불이행,건조,맑음,교차로 - 교차로안,승용,여,36세,상해없음,승용,남,59세,중상
2020122700100106,2020년 12월 27일 14시,일요일,경상북도 영주시 풍기읍,부상신고사고,0,0,0,1,차대차 - 기타,중앙선침범,건조,맑음,단일로 - 기타,자전거,남,75세,부상신고,승용,남,56세,상해없음
2020122700100107,2020년 12월 27일 14시,일요일,경상북도 구미시 고아읍,경상사고,0,0,1,0,차대차 - 기타,안전운전불이행,건조,맑음,단일로 - 기타,승용,남,22세,상해없음,승용,여,46세,경상
2020122700100149,2020년 12월 27일 16시,일요일,경상북도 포항시 북구 흥해읍,경상사고,0,0,4,0,차대차 - 측면충돌,안전운전불이행,건조,맑음,단일로 - 기타,승용,남,45세,상해없음,승용,남,47세,경상
2020122700100150,2020년 12월 27일 16시,일요일,경상북도 경산시 하양읍,경상사고,0,0,1,0,차대사람 - 횡단중,보행자보호의무위반,젖음/습기,비,교차로 - 교차로횡단보도내,화물,남,73세,상해없음,보행자,여,67세,경상
2020122700100151,2020년 12월 27일 16시,일요일,경상북도 포항시 남구 오천읍,경상사고,0,0,4,0,차대차 - 측면충돌,안전운전불이행,젖음/습기,비,교차로 - 교차로안,승용,남,60세,상해없음,승용,남,43세,경상
2020122700100178,2020년 12월 27일 17시,일요일,경상북도 경주시 신평동,경상사고,0,0,4,0,차대차 - 측면충돌,신호위반,건조,맑음,교차로 - 교차로안,승용,남,58세,상해없음,승용,남,39세,경상
2020122700100179,2020년 12월 27일 17시,일요일,경상북도 포항시 남구 상도동,부상신고사고,0,0,0,1,차대차 - 측면충돌,안전거리미확보,건조,맑음,교차로 - 교차로안,승용,여,67세,상해없음,승용,남,21세,부상신고
2020122700100210,2020년 12월 27일 18시,일요일,경상북도 김천시 부곡동,경상사고,0,0,1,0,차대사람 - 횡단중,신호위반,건조,맑음,교차로 - 교차로부근,이륜,남,16세,상해없음,보행자,여,23세,경상
2020122700100211,2020년 12월 27일 18시,일요일,경상북도 포항시 남구 상도동,경상사고,0,0,2,0,차대차 - 기타,신호위반,건조,맑음,교차로 - 교차로안,승용,남,73세,상해없음,승용,남,66세,경상
2020122700100239,2020년 12월 27일 19시,일요일,경상북도 경주시 외동읍,경상사고,0,0,4,0,차대차 - 추돌,안전운전불이행,건조,맑음,교차로 - 교차로부근,승용,남,57세,상해없음,승용,남,42세,경상
2020122700100255,2020년 12월 27일 20시,일요일,경상북도 고령군 대가야읍,중상사고,0,1,0,0,차대차 - 측면충돌,교차로운행방법위반,건조,맑음,교차로 - 교차로안,승용,남,21세,상해없음,승용,남,30세,중상
2020122700100282,2020년 12월 27일 21시,일요일,경상북도 김천시 부곡동,경상사고,0,0,1,0,차량단독 - 공작물충돌,안전운전불이행,건조,맑음,교차로 - 교차로부근,화물,남,50세,경상,,,,
2020122700100298,2020년 12월 27일 22시,일요일,경상북도 안동시 안흥동,경상사고,0,0,2,0,차대차 - 추돌,안전운전불이행,건조,맑음,교차로 - 교차로부근,승용,남,52세,상해없음,승용,남,20세,경상
2020122700100299,2020년 12월 27일 22시,일요일,경상북도 경산시 정평동,경상사고,0,0,1,0,차대차 - 추돌,안전운전불이행,젖음/습기,흐림,교차로 - 교차로부근,승용,여,22세,상해없음,승용,남,57세,경상
2020122700100311,2020년 12월 27일 23시,일요일,경상북도 포항시 남구 오천읍,경상사고,0,0,1,0,차대차 - 기타,안전운전불이행,건조,맑음,단일로 - 기타,승용,여,27세,상해없음,이륜,남,16세,경상
2020122800100016,2020년 12월 28일 03시,월요일,경상북도 칠곡군 지천면,경상사고,0,0,1,0,차대차 - 측면충돌,안전운전불이행,서리/결빙,맑음,단일로 - 기타,화물,남,42세,상해없음,화물,남,50세,경상
2020122800100036,2020년 12월 28일 06시,월요일,경상북도 포항시 북구 학산동,경상사고,0,0,1,0,차대차 - 측면충돌,안전운전불이행,건조,맑음,교차로 - 교차로부근,승용,남,52세,상해없음,승용,남,45세,경상
2020122800100037,2020년 12월 28일 06시,월요일,경상북도 영천시 대전동,경상사고,0,0,8,0,차대차 - 추돌,안전운전불이행,서리/결빙,안개,단일로 - 기타,승용,여,45세,경상,승합,남,61세,경상
2020122800100038,2020년 12월 28일 06시,월요일,경상북도 영천시 대전동,경상사고,0,0,1,0,차대차 - 추돌,기타,서리/결빙,안개,기타 - 기타,승용,남,51세,경상,화물,남,56세,상해없음
2020122800100039,2020년 12월 28일 06시,월요일,경상북도 포항시 남구 상도동,경상사고,0,0,2,0,차대차 - 기타,신호위반,건조,맑음,교차로 - 교차로안,이륜,남,57세,경상,승용,남,61세,경상
2020122800100063,2020년 12월 28일 07시,월요일,경상북도 성주군 선남면,중상사고,0,1,0,0,차량단독 - 기타,안전운전불이행,서리/결빙,흐림,단일로 - 기타,이륜,남,56세,중상,,,,
2020122800100090,2020년 12월 28일 08시,월요일,경상북도 영천시 청통면,경상사고,0,0,1,0,차대차 - 측면충돌,안전운전불이행,젖음/습기,안개,단일로 - 기타,화물,남,29세,경상,화물,남,38세,상해없음
2020122800100091,2020년 12월 28일 08시,월요일,경상북도 영천시 청통면,경상사고,0,0,1,0,차대차 - 추돌,안전운전불이행,젖음/습기,안개,단일로 - 기타,화물,남,51세,상해없음,승용,여,27세,상해없음
2020122800100092,2020년 12월 28일 08시,월요일,경상북도 문경시 신기동,경상사고,0,0,1,0,차대차 - 측면충돌,안전운전불이행,건조,흐림,교차로 - 교차로안,승용,여,56세,상해없음,승합,남,38세,상해없음
2020122800100093,2020년 12월 28일 08시,월요일,경상북도 성주군 벽진면,경상사고,0,0,1,0,차대차 - 기타,중앙선침범,서리/결빙,안개,단일로 - 기타,승용,남,23세,상해없음,승용,남,51세,경상