사고번호,사고일시,요일,시군구,사고내용,사망자수,중상자수,경상자수,부상신고자수,사고유형,법규위반,노면상태,기상상태,도로형태,가해운전자 차종,가해운전자 성별,가해운전자 연령,가해운전자 상해정도,피해운전자 차종,피해운전자 성별,피해운전자 연령,피해운전자 상해정도
2020122800100094,2020년 12월 28일 08시,월요일,경상북도 성주군 벽진면,경상사고,0,0,2,0,차량단독 - 공작물충돌,안전운전불이행,서리/결빙,흐림,단일로 - 기타,화물,남,68세,경상,,,,
2020122800100095,2020년 12월 28일 08시,월요일,경상북도 포항시 남구 송내동,경상사고,0,0,2,0,차대차 - 기타,교차로운행방법위반,건조,맑음,교차로 - 교차로부근,승용,남,57세,경상,승용,남,32세,경상
2020122800100121,2020년 12월 28일 09시,월요일,경상북도 경주시 천군동,경상사고,0,0,1,0,차대차 - 측면충돌,안전운전불이행,서리/결빙,맑음,단일로 - 기타,승용,남,53세,상해없음,승용,여,37세,경상
2020122800100122,2020년 12월 28일 09시,월요일,경상북도 영주시 풍기읍,중상사고,0,1,0,0,차대차 - 측면충돌,안전운전불이행,건조,맑음,교차로 - 교차로안,이륜,남,58세,중상,승용,여,74세,상해없음
2020122800100123,2020년 12월 28일 09시,월요일,경상북도 예천군 예천읍,중상사고,0,2,0,0,차대차 - 측면충돌,직진우회전진행방해,건조,맑음,교차로 - 교차로안,승용,남,83세,상해없음,원동기,남,77세,중상
2020122800100158,2020년 12월 28일 10시,월요일,경상북도 경주시 건천읍,경상사고,0,0,1,0,차대차 - 측면충돌,안전운전불이행,건조,맑음,교차로 - 교차로부근,승용,여,61세,상해없음,이륜,남,82세,경상
2020122800100185,2020년 12월 28일 11시,월요일,경상북도 경주시 탑동,경상사고,0,0,1,0,차대차 - 측면충돌,안전운전불이행,건조,맑음,교차로 - 교차로부근,화물,남,61세,상해없음,승용,여,56세,경상
2020122800100186,2020년 12월 28일 11시,월요일,경상북도 칠곡군 약목면,경상사고,0,0,1,0,차대차 - 추돌,안전운전불이행,건조,맑음,교차로 - 교차로부근,승용,남,69세,상해없음,승용,여,51세,경상
2020122800100213,2020년 12월 28일 12시,월요일,경상북도 경주시 성동동,중상사고,0,1,0,0,차대차 - 후진중충돌,기타,건조,맑음,단일로 - 기타,승용,남,62세,상해없음,자전거,여,58세,중상
2020122800100214,2020년 12월 28일 12시,월요일,경상북도 포항시 남구 대도동,경상사고,0,0,1,0,차대차 - 측면충돌,안전운전불이행,건조,맑음,교차로 - 교차로부근,자전거,남,75세,경상,승용,여,61세,상해없음
2020122800100253,2020년 12월 28일 13시,월요일,경상북도 영주시 가흥동,경상사고,0,0,2,0,차대차 - 추돌,안전운전불이행,건조,맑음,교차로 - 교차로안,승용,남,68세,상해없음,승용,여,32세,경상
2020122800100287,2020년 12월 28일 14시,월요일,경상북도 포항시 북구 죽도동,경상사고,0,0,1,0,차대차 - 기타,신호위반,건조,맑음,단일로 - 기타,승용,여,64세,상해없음,승용,남,47세,경상
2020122800100288,2020년 12월 28일 14시,월요일,경상북도 경산시 중방동,경상사고,0,0,1,0,차대차 - 정면충돌,신호위반,건조,맑음,교차로 - 교차로안,화물,남,43세,상해없음,승용,남,57세,경상
2020122800100289,2020년 12월 28일 14시,월요일,경상북도 구미시 공단동,경상사고,0,0,2,0,차대차 - 추돌,안전운전불이행,건조,맑음,단일로 - 기타,승용,남,73세,경상,승용,남,46세,상해없음
2020122800100334,2020년 12월 28일 15시,월요일,경상북도 상주시 서성동,중상사고,0,1,0,0,차대차 - 측면충돌,안전운전불이행,건조,맑음,교차로 - 교차로안,화물,남,71세,상해없음,개인형이동수단(PM),여,18세,중상
2020122800100366,2020년 12월 28일 16시,월요일,경상북도 경주시 보문동,경상사고,0,0,2,0,차대차 - 측면충돌,중앙선침범,서리/결빙,맑음,교차로 - 교차로부근,화물,남,61세,상해없음,승용,남,60세,경상
2020122800100367,2020년 12월 28일 16시,월요일,경상북도 칠곡군 약목면,중상사고,0,1,0,0,차대차 - 기타,안전운전불이행,건조,맑음,교차로 - 교차로부근,화물,남,59세,상해없음,자전거,남,59세,중상
2020122800100368,2020년 12월 28일 16시,월요일,경상북도 포항시 남구 송도동,중상사고,0,1,0,0,차대차 - 측면충돌,직진우회전진행방해,건조,맑음,교차로 - 교차로안,화물,남,56세,상해없음,이륜,여,50세,중상
2020122800100404,2020년 12월 28일 17시,월요일,경상북도 포항시 북구 죽도동,경상사고,0,0,1,0,차대차 - 측면충돌,안전운전불이행,건조,맑음,교차로 - 교차로안,승용,남,20세,상해없음,이륜,남,33세,경상
2020122800100406,2020년 12월 28일 17시,월요일,경상북도 칠곡군 지천면,경상사고,0,0,3,0,차대차 - 추돌,안전운전불이행,건조,맑음,단일로 - 기타,화물,남,60세,상해없음,화물,남,34세,경상
2020122800100407,2020년 12월 28일 17시,월요일,경상북도 경산시 중방동,경상사고,0,0,1,0,차대사람 - 횡단중,보행자보호의무위반,건조,맑음,교차로 - 교차로횡단보도내,기타불명,기타불명,미분류,기타불명,보행자,여,58세,경상
2020122800100408,2020년 12월 28일 17시,월요일,경상북도 영덕군 축산면,중상사고,0,1,0,0,차대차 - 추돌,안전운전불이행,건조,맑음,단일로 - 기타,화물,남,43세,상해없음,승용,남,40세,중상
2020122800100409,2020년 12월 28일 17시,월요일,경상북도 봉화군 봉화읍,중상사고,0,2,0,0,차대차 - 정면충돌,중앙선침범,건조,맑음,단일로 - 기타,승용,여,52세,중상,승용,남,56세,중상
2020122800100410,2020년 12월 28일 17시,월요일,경상북도 구미시 형곡동,경상사고,0,0,1,0,차대차 - 기타,안전운전불이행,건조,맑음,교차로 - 교차로안,화물,남,23세,상해없음,승용,남,68세,상해없음
2020122800100463,2020년 12월 28일 18시,월요일,경상북도 영천시 문외동,경상사고,0,0,1,1,차대차 - 측면충돌,직진우회전진행방해,건조,맑음,교차로 - 교차로안,승합,남,39세,부상신고,승용,여,26세,경상
2020122800100464,2020년 12월 28일 18시,월요일,경상북도 경산시 백천동,부상신고사고,0,0,0,1,차대차 - 기타,안전운전불이행,건조,맑음,기타 - 기타,기타불명,기타불명,미분류,기타불명,자전거,남,14세,부상신고
2020122800100491,2020년 12월 28일 19시,월요일,경상북도 영주시 가흥동,경상사고,0,0,1,0,차대차 - 정면충돌,안전운전불이행,건조,맑음,교차로 - 교차로부근,승용,남,40세,상해없음,승용,남,49세,경상
2020122800100492,2020년 12월 28일 19시,월요일,경상북도 경산시 정평동,중상사고,0,1,0,0,차대사람 - 보도통행중,기타,건조,맑음,단일로 - 교량,이륜,남,42세,상해없음,보행자,여,68세,중상
2020122800100493,2020년 12월 28일 19시,월요일,경상북도 성주군 초전면,경상사고,0,0,1,0,차대차 - 추돌,안전운전불이행,건조,맑음,단일로 - 기타,화물,남,46세,상해없음,화물,남,54세,경상
2020122800100520,2020년 12월 28일 20시,월요일,경상북도 포항시 남구 연일읍,경상사고,0,0,1,0,차대차 - 추돌,안전운전불이행,건조,맑음,교차로 - 교차로부근,승용,남,45세,상해없음,승용,여,50세,경상
2020122900100028,2020년 12월 29일 06시,화요일,경상북도 구미시 고아읍,중상사고,0,1,0,0,차대사람 - 횡단중,신호위반,건조,맑음,교차로 - 교차로안,승용,남,52세,상해없음,보행자,남,79세,중상
2020122900100029,2020년 12월 29일 06시,화요일,경상북도 포항시 남구 오천읍,경상사고,0,0,2,0,차대차 - 추돌,안전운전불이행,건조,맑음,교차로 - 교차로부근,승용,남,45세,상해없음,승용,남,57세,경상
2020122900100048,2020년 12월 29일 07시,화요일,경상북도 상주시 낙상동,경상사고,0,0,1,0,차량단독 - 기타,안전운전불이행,건조,맑음,단일로 - 기타,특수,남,30세,경상,,,,
2020122900100062,2020년 12월 29일 08시,화요일,경상북도 칠곡군 동명면,중상사고,0,1,2,0,차대차 - 기타,안전거리미확보,건조,흐림,교차로 - 교차로부근,화물,남,82세,경상,승용,남,62세,중상
2020122900100063,2020년 12월 29일 08시,화요일,경상북도 성주군 수륜면,중상사고,0,1,1,0,차대차 - 추돌,안전운전불이행,서리/결빙,흐림,단일로 - 기타,승용,여,52세,경상,화물,남,74세,중상
2020122900100078,2020년 12월 29일 09시,화요일,경상북도 칠곡군 동명면,경상사고,0,0,2,0,차대차 - 측면충돌,안전운전불이행,건조,맑음,단일로 - 기타,승용,남,80세,경상,승합,남,59세,상해없음
2020122900100093,2020년 12월 29일 10시,화요일,경상북도 상주시 이안면,중상사고,0,1,0,0,차대차 - 측면충돌,안전운전불이행,건조,맑음,단일로 - 기타,화물,남,58세,상해없음,이륜,남,79세,중상
2020122900100094,2020년 12월 29일 10시,화요일,경상북도 청도군 청도읍,경상사고,0,0,2,0,차대차 - 추돌,안전거리미확보,건조,맑음,교차로 - 교차로안,승용,여,46세,상해없음,승용,여,68세,경상
2020122900100113,2020년 12월 29일 11시,화요일,경상북도 경주시 외동읍,경상사고,0,0,1,0,차대차 - 측면충돌,안전운전불이행,건조,맑음,교차로 - 교차로안,승합,남,30세,상해없음,승용,여,24세,경상
2020122900100114,2020년 12월 29일 11시,화요일,경상북도 포항시 북구 흥해읍,경상사고,0,0,2,0,차대차 - 기타,안전운전불이행,건조,맑음,단일로 - 기타,승용,남,32세,상해없음,특수,남,70세,경상
2020122900100115,2020년 12월 29일 11시,화요일,경상북도 김천시 부곡동,경상사고,0,0,1,0,차대차 - 추돌,안전운전불이행,건조,맑음,교차로 - 교차로부근,승용,남,66세,상해없음,화물,남,41세,경상
2020122900100116,2020년 12월 29일 11시,화요일,경상북도 영덕군 창수면,부상신고사고,0,0,0,1,차대차 - 기타,안전운전불이행,건조,맑음,기타 - 기타,이륜,남,65세,부상신고,화물,남,68세,상해없음
2020122900100159,2020년 12월 29일 13시,화요일,경상북도 영주시 휴천동,경상사고,0,0,1,0,차대차 - 후진중충돌,안전운전불이행,건조,맑음,기타 - 기타,승용,남,25세,상해없음,승용,남,61세,경상
2020122900100160,2020년 12월 29일 13시,화요일,경상북도 예천군 예천읍,중상사고,0,1,0,0,차대차 - 측면충돌,직진우회전진행방해,건조,맑음,교차로 - 교차로안,승용,남,50세,상해없음,이륜,남,73세,중상
2020122900100161,2020년 12월 29일 13시,화요일,경상북도 성주군 선남면,중상사고,0,1,0,0,차대차 - 기타,안전운전불이행,건조,맑음,교차로 - 교차로부근,화물,남,46세,상해없음,이륜,여,57세,중상
2020122900100178,2020년 12월 29일 14시,화요일,경상북도 경주시 보문동,경상사고,0,0,2,0,차대차 - 측면충돌,중앙선침범,건조,맑음,교차로 - 교차로부근,승용,남,70세,상해없음,승용,남,59세,경상
2020122900100179,2020년 12월 29일 14시,화요일,경상북도 안동시 옥야동,경상사고,0,0,1,0,차대차 - 측면충돌,안전운전불이행,건조,맑음,단일로 - 기타,승용,남,69세,상해없음,자전거,남,70세,경상
2020122900100236,2020년 12월 29일 16시,화요일,경상북도 경주시 서면,부상신고사고,0,0,0,1,차량단독 - 기타,안전운전불이행,젖음/습기,흐림,단일로 - 기타,화물,남,63세,부상신고,,,,
2020122900100237,2020년 12월 29일 16시,화요일,경상북도 포항시 북구 죽도동,경상사고,0,0,1,0,차대차 - 측면충돌,기타,건조,맑음,단일로 - 기타,승용,남,73세,상해없음,원동기,남,36세,경상
2020122900100280,2020년 12월 29일 17시,화요일,경상북도 칠곡군 석적읍,중상사고,0,1,0,0,차대차 - 정면충돌,직진우회전진행방해,건조,맑음,교차로 - 교차로안,화물,남,66세,상해없음,이륜,남,26세,중상
2020122900100325,2020년 12월 29일 18시,화요일,경상북도 경주시 양북면,경상사고,0,0,1,0,차대차 - 측면충돌,안전운전불이행,건조,맑음,단일로 - 기타,승용,남,35세,상해없음,승용,남,27세,경상
2020122900100326,2020년 12월 29일 18시,화요일,경상북도 영천시 문외동,중상사고,0,1,0,0,차대사람 - 횡단중,보행자보호의무위반,젖음/습기,흐림,교차로 - 교차로안,승용,여,25세,상해없음,보행자,여,49세,중상
2020122900100327,2020년 12월 29일 18시,화요일,경상북도 포항시 남구 효자동,부상신고사고,0,0,0,1,차대차 - 추돌,기타,건조,맑음,교차로 - 교차로부근,이륜,남,26세,부상신고,승용,남,50세,상해없음
2020122900100375,2020년 12월 29일 19시,화요일,경상북도 칠곡군 지천면,경상사고,0,0,1,0,차대차 - 기타,안전운전불이행,건조,맑음,교차로 - 교차로안,승용,남,31세,상해없음,승용,남,30세,경상
2020122900100376,2020년 12월 29일 19시,화요일,경상북도 구미시 옥계동,부상신고사고,0,0,0,1,차대사람 - 기타,안전운전불이행,젖음/습기,비,단일로 - 기타,이륜,남,41세,부상신고,보행자,남,29세,상해없음
2020122900100405,2020년 12월 29일 20시,화요일,경상북도 안동시 안막동,경상사고,0,0,1,0,차량단독 - 공작물충돌,안전운전불이행,젖음/습기,눈,교차로 - 교차로안,승용,남,55세,경상,,,,
2020122900100406,2020년 12월 29일 20시,화요일,경상북도 경주시 율동,경상사고,0,0,1,0,차대차 - 기타,기타,건조,맑음,단일로 - 기타,화물,남,34세,상해없음,승용,남,48세,경상
2020122900100443,2020년 12월 29일 21시,화요일,경상북도 구미시 산동면,중상사고,0,1,0,0,차대차 - 기타,신호위반,건조,맑음,교차로 - 교차로안,승용,남,55세,상해없음,이륜,남,39세,중상
2020122900100485,2020년 12월 29일 23시,화요일,경상북도 포항시 북구 상원동,중상사고,0,1,0,0,차대차 - 측면충돌,신호위반,젖음/습기,비,교차로 - 교차로안,승용,남,34세,상해없음,승용,여,61세,중상
2020123000100011,2020년 12월 30일 01시,수요일,경상북도 포항시 남구 대도동,부상신고사고,0,0,0,1,차대사람 - 횡단중,안전운전불이행,건조,맑음,단일로 - 기타,승합,남,46세,상해없음,보행자,남,29세,부상신고
2020123000100050,2020년 12월 30일 07시,수요일,경상북도 경산시 하양읍,경상사고,0,0,1,0,차대차 - 기타,안전운전불이행,건조,맑음,교차로 - 교차로안,화물,남,44세,기타불명,승용,남,23세,경상
2020123000100079,2020년 12월 30일 08시,수요일,경상북도 칠곡군 석적읍,경상사고,0,0,1,0,차대차 - 측면충돌,안전운전불이행,서리/결빙,눈,교차로 - 교차로부근,승용,남,38세,상해없음,승용,남,46세,경상
2020123000100127,2020년 12월 30일 10시,수요일,경상북도 포항시 남구 오천읍,경상사고,0,0,1,0,차대사람 - 기타,안전운전불이행,건조,맑음,교차로 - 교차로부근,승용,남,59세,상해없음,보행자,남,68세,경상
2020123000100185,2020년 12월 30일 12시,수요일,경상북도 포항시 북구 흥해읍,중상사고,0,1,0,0,차대차 - 측면충돌,교차로운행방법위반,건조,맑음,교차로 - 교차로안,승용,여,60세,상해없음,이륜,남,48세,중상
2020123000100186,2020년 12월 30일 12시,수요일,경상북도 문경시 농암면,경상사고,0,0,1,0,차대차 - 기타,기타,건조,맑음,단일로 - 기타,승용,여,58세,상해없음,화물,남,67세,경상
2020123000100187,2020년 12월 30일 12시,수요일,경상북도 영덕군 영덕읍,경상사고,0,0,1,0,차대사람 - 차도통행중,안전운전불이행,건조,맑음,교차로 - 교차로안,승용,남,62세,상해없음,보행자,남,83세,경상
2020123000100188,2020년 12월 30일 12시,수요일,경상북도 예천군 용궁면,경상사고,0,0,1,0,차대차 - 측면충돌,안전운전불이행,건조,맑음,단일로 - 기타,화물,남,70세,상해없음,화물,남,34세,경상
2020123000100189,2020년 12월 30일 12시,수요일,경상북도 포항시 남구 상도동,중상사고,0,3,2,0,차대차 - 기타,직진우회전진행방해,건조,맑음,교차로 - 교차로안,승용,남,41세,경상,승용,남,54세,경상
2020123000100217,2020년 12월 30일 13시,수요일,경상북도 경주시 성건동,경상사고,0,0,1,0,차대차 - 측면충돌,안전운전불이행,건조,맑음,교차로 - 교차로안,승용,남,77세,상해없음,이륜,남,29세,경상
2020123000100218,2020년 12월 30일 13시,수요일,경상북도 문경시 모전동,경상사고,0,0,1,0,차대차 - 측면충돌,안전거리미확보,건조,맑음,단일로 - 기타,승용,여,53세,상해없음,이륜,남,37세,경상
2020123000100242,2020년 12월 30일 14시,수요일,경상북도 안동시 정하동,중상사고,0,1,0,0,차대사람 - 기타,신호위반,건조,맑음,교차로 - 교차로횡단보도내,화물,남,50세,상해없음,보행자,여,7세,중상
2020123000100243,2020년 12월 30일 14시,수요일,경상북도 영덕군 영덕읍,중상사고,0,1,0,2,차대차 - 측면충돌,신호위반,건조,맑음,교차로 - 교차로안,승용,남,68세,부상신고,승용,여,54세,중상
2020123000100244,2020년 12월 30일 14시,수요일,경상북도 구미시 신평동,경상사고,0,0,1,0,차대차 - 기타,안전운전불이행,건조,맑음,교차로 - 교차로부근,승용,남,59세,상해없음,승용,여,52세,경상
2020123000100245,2020년 12월 30일 14시,수요일,경상북도 포항시 남구 효자동,경상사고,0,0,2,0,차대차 - 추돌,안전운전불이행,건조,맑음,교차로 - 교차로부근,이륜,남,21세,경상,승용,남,46세,경상
2020123000100272,2020년 12월 30일 15시,수요일,경상북도 영양군 입암면,경상사고,0,0,2,0,차대차 - 추돌,안전운전불이행,건조,맑음,교차로 - 교차로안,화물,남,60세,상해없음,승용,남,64세,경상
2020123000100314,2020년 12월 30일 16시,수요일,경상북도 포항시 북구 죽도동,중상사고,0,1,0,0,차대사람 - 차도통행중,안전운전불이행,건조,맑음,단일로 - 기타,승용,남,64세,상해없음,보행자,여,80세,중상
2020123000100344,2020년 12월 30일 17시,수요일,경상북도 고령군 덕곡면,경상사고,0,0,1,0,차량단독 - 공작물충돌,안전운전불이행,건조,맑음,단일로 - 기타,화물,남,55세,경상,,,,
2020123000100403,2020년 12월 30일 18시,수요일,경상북도 구미시 형곡동,경상사고,0,0,1,0,차대차 - 기타,안전운전불이행,건조,맑음,교차로 - 교차로부근,화물,남,59세,상해없음,자전거,남,27세,경상
2020123000100404,2020년 12월 30일 18시,수요일,경상북도 포항시 남구 해도동,경상사고,0,0,2,0,차대차 - 측면충돌,안전거리미확보,건조,맑음,교차로 - 교차로부근,승용,남,52세,경상,승용,남,33세,경상
2020123000100405,2020년 12월 30일 18시,수요일,경상북도 안동시 일직면,중상사고,0,1,0,0,차대차 - 기타,안전운전불이행,건조,맑음,단일로 - 기타,기타불명,기타불명,미분류,기타불명,화물,남,35세,상해없음
2020123000100445,2020년 12월 30일 19시,수요일,경상북도 경주시 동방동,경상사고,0,0,1,0,차대차 - 추돌,안전운전불이행,건조,맑음,단일로 - 기타,승용,남,33세,상해없음,승용,여,38세,경상
2020123000100510,2020년 12월 30일 21시,수요일,경상북도 경산시 임당동,경상사고,0,0,1,0,차대차 - 기타,안전운전불이행,건조,맑음,단일로 - 기타,승용,여,39세,상해없음,승용,남,26세,경상
2020123000100533,2020년 12월 30일 22시,수요일,경상북도 경산시 하양읍,경상사고,0,0,1,0,차대차 - 측면충돌,안전운전불이행,건조,맑음,단일로 - 기타,화물,남,45세,상해없음,이륜,남,30세,경상
2020123100100026,2020년 12월 31일 06시,목요일,경상북도 문경시 동로면,사망사고,1,0,0,0,차량단독 - 도로외이탈 - 추락,안전운전불이행,건조,맑음,단일로 - 기타,화물,남,62세,사망,,,,
2020123100100038,2020년 12월 31일 07시,목요일,경상북도 포항시 북구 흥해읍,경상사고,0,0,1,0,차대차 - 측면충돌,안전운전불이행,건조,맑음,교차로 - 교차로안,승용,남,60세,상해없음,승용,여,24세,경상
2020123100100039,2020년 12월 31일 07시,목요일,경상북도 영천시 금호읍,사망사고,1,0,1,0,차대차 - 추돌,안전운전불이행,건조,맑음,단일로 - 기타,화물,남,55세,사망,화물,남,51세,경상
2020123100100059,2020년 12월 31일 08시,목요일,경상북도 상주시 함창읍,경상사고,0,0,1,0,차대차 - 추돌,안전운전불이행,건조,맑음,단일로 - 기타,승용,남,24세,상해없음,승용,여,34세,경상
2020123100100072,2020년 12월 31일 09시,목요일,경상북도 포항시 북구 덕수동,경상사고,0,0,1,0,차대차 - 측면충돌,직진우회전진행방해,건조,맑음,교차로 - 교차로안,승용,남,58세,상해없음,승용,남,39세,경상
2020123100100073,2020년 12월 31일 09시,목요일,경상북도 영천시 문외동,경상사고,0,0,1,0,차대차 - 측면충돌,안전운전불이행,건조,맑음,교차로 - 교차로안,승용,남,69세,상해없음,승용,남,64세,상해없음
2020123100100096,2020년 12월 31일 10시,목요일,경상북도 영천시 금호읍,중상사고,0,1,0,0,차대사람 - 횡단중,보행자보호의무위반,건조,맑음,단일로 - 기타,화물,남,63세,상해없음,보행자,여,80세,중상
2020123100100131,2020년 12월 31일 11시,목요일,경상북도 경산시 상방동,경상사고,0,0,1,0,차대차 - 기타,기타,건조,맑음,교차로 - 교차로안,승용,여,71세,상해없음,이륜,남,25세,경상
2020123100100165,2020년 12월 31일 12시,목요일,경상북도 안동시 옥동,경상사고,0,0,1,0,차대차 - 기타,과속,건조,맑음,교차로 - 교차로안,승용,남,22세,경상,승용,남,62세,상해없음
2020123100100166,2020년 12월 31일 12시,목요일,경상북도 김천시 봉산면,중상사고,0,1,1,0,차대차 - 측면충돌,직진우회전진행방해,건조,맑음,교차로 - 교차로안,화물,여,64세,중상,화물,남,38세,경상
2020123100100167,2020년 12월 31일 12시,목요일,경상북도 경산시 백천동,중상사고,0,1,0,0,차대차 - 측면충돌,안전운전불이행,건조,맑음,교차로 - 교차로안,승용,여,36세,상해없음,이륜,남,50세,중상
2020123100100168,2020년 12월 31일 12시,목요일,경상북도 경산시 압량면,중상사고,0,1,0,0,차대차 - 측면충돌,신호위반,건조,맑음,교차로 - 교차로안,화물,남,42세,상해없음,승용,남,19세,중상
2020123100100198,2020년 12월 31일 13시,목요일,경상북도 칠곡군 왜관읍,경상사고,0,0,1,0,차대사람 - 횡단중,보행자보호의무위반,건조,맑음,단일로 - 기타,승용,여,41세,상해없음,보행자,남,50세,경상
2020123100100199,2020년 12월 31일 13시,목요일,경상북도 칠곡군 석적읍,경상사고,0,0,1,0,차대차 - 측면충돌,안전운전불이행,건조,맑음,교차로 - 교차로부근,화물,남,33세,상해없음,승용,남,38세,경상
2020123100100232,2020년 12월 31일 14시,목요일,경상북도 영덕군 영덕읍,경상사고,0,0,2,0,차대차 - 추돌,안전거리미확보,건조,맑음,단일로 - 기타,승용,남,53세,상해없음,승용,남,35세,경상
2020123100100257,2020년 12월 31일 15시,목요일,경상북도 상주시 무양동,경상사고,0,0,2,0,차대차 - 측면충돌,교차로운행방법위반,건조,맑음,교차로 - 교차로안,승용,남,53세,상해없음,승용,남,19세,경상
2020123100100258,2020년 12월 31일 15시,목요일,경상북도 칠곡군 석적읍,경상사고,0,0,1,0,차대차 - 측면충돌,안전운전불이행,건조,맑음,단일로 - 기타,승용,남,59세,상해없음,이륜,남,36세,경상
2020123100100259,2020년 12월 31일 15시,목요일,경상북도 칠곡군 왜관읍,부상신고사고,0,0,0,1,차량단독 - 공작물충돌,안전운전불이행,건조,맑음,단일로 - 기타,승용,여,48세,부상신고,,,,
2020123100100260,2020년 12월 31일 15시,목요일,경상북도 문경시 유곡동,경상사고,0,0,2,0,차대차 - 추돌,기타,건조,맑음,단일로 - 기타,승용,남,59세,경상,승용,여,57세,경상
2020123100100261,2020년 12월 31일 15시,목요일,경상북도 포항시 남구 대도동,경상사고,0,0,1,0,차대차 - 측면충돌,중앙선침범,건조,맑음,단일로 - 기타,기타불명,기타불명,미분류,기타불명,승용,여,41세,경상
2020123100100298,2020년 12월 31일 16시,목요일,경상북도 칠곡군 석적읍,중상사고,0,2,0,0,차량단독 - 공작물충돌,안전운전불이행,건조,맑음,단일로 - 기타,승용,남,55세,중상,,,,
2020123100100347,2020년 12월 31일 17시,목요일,경상북도 포항시 북구 장성동,경상사고,0,0,1,0,차대차 - 기타,안전운전불이행,건조,맑음,단일로 - 기타,화물,남,61세,상해없음,승용,여,58세,경상
2020123100100348,2020년 12월 31일 17시,목요일,경상북도 포항시 북구 동빈2가,경상사고,0,0,1,0,차대차 - 측면충돌,신호위반,건조,맑음,교차로 - 교차로안,승용,남,68세,상해없음,승용,남,27세,경상
2020123100100349,2020년 12월 31일 17시,목요일,경상북도 구미시 옥계동,경상사고,0,0,1,0,차대차 - 측면충돌,안전운전불이행,건조,맑음,교차로 - 교차로안,화물,남,56세,상해없음,자전거,남,57세,경상
2020123100100412,2020년 12월 31일 18시,목요일,경상북도 경주시 충효동,중상사고,0,1,0,0,차대차 - 기타,신호위반,건조,맑음,교차로 - 교차로안,승용,여,56세,상해없음,이륜,남,50세,중상
2020123100100413,2020년 12월 31일 18시,목요일,경상북도 칠곡군 왜관읍,부상신고사고,0,0,0,1,차대차 - 기타,안전운전불이행,젖음/습기,흐림,교차로 - 교차로안,이륜,남,23세,부상신고,이륜,남,46세,상해없음
2020123100100414,2020년 12월 31일 18시,목요일,경상북도 영천시 완산동,경상사고,0,0,2,0,차대차 - 측면충돌,안전거리미확보,건조,맑음,단일로 - 기타,승용,남,27세,상해없음,승용,남,40세,경상
2020123100100415,2020년 12월 31일 18시,목요일,경상북도 포항시 남구 오천읍,경상사고,0,0,1,0,차대차 - 기타,안전운전불이행,건조,맑음,단일로 - 기타,승용,남,51세,상해없음,이륜,남,37세,경상
2020123100100475,2020년 12월 31일 19시,목요일,경상북도 경주시 안강읍,경상사고,0,0,1,0,차대차 - 측면충돌,중앙선침범,건조,맑음,단일로 - 기타,화물,남,51세,상해없음,승용,여,55세,경상
2020123100100476,2020년 12월 31일 19시,목요일,경상북도 경산시 삼남동,경상사고,0,0,1,0,차대차 - 정면충돌,안전운전불이행,건조,맑음,단일로 - 기타,이륜,남,48세,상해없음,이륜,남,23세,경상
2020123100100477,2020년 12월 31일 19시,목요일,경상북도 군위군 효령면,경상사고,0,0,1,0,차대차 - 기타,중앙선침범,건조,맑음,단일로 - 기타,승용,여,56세,상해없음,승합,남,55세,경상
2020123100100536,2020년 12월 31일 21시,목요일,경상북도 경주시 외동읍,중상사고,0,1,1,0,차대차 - 추돌,안전운전불이행,건조,맑음,단일로 - 기타,승용,남,20세,상해없음,화물,남,42세,중상
2020123100100554,2020년 12월 31일 21시,목요일,경상북도 안동시 옥동,경상사고,0,0,1,0,차대차 - 기타,안전운전불이행,건조,맑음,교차로 - 교차로안,승용,남,21세,상해없음,이륜,남,49세,경상
2020123100100555,2020년 12월 31일 21시,목요일,경상북도 영천시 망정동,경상사고,0,0,1,0,차대사람 - 횡단중,보행자보호의무위반,건조,맑음,단일로 - 기타,승용,여,53세,상해없음,보행자,여,57세,경상
2020123100100556,2020년 12월 31일 21시,목요일,경상북도 경산시 진량읍,경상사고,0,0,1,0,차대차 - 기타,교차로운행방법위반,건조,맑음,교차로 - 교차로안,기타불명,기타불명,미분류,기타불명,화물,남,53세,경상
2020123100100557,2020년 12월 31일 21시,목요일,경상북도 구미시 고아읍,경상사고,0,0,1,0,차대사람 - 기타,안전운전불이행,건조,맑음,기타 - 기타,승용,여,48세,상해없음,보행자,남,35세,경상
2020123100100583,2020년 12월 31일 22시,목요일,경상북도 칠곡군 석적읍,중상사고,0,2,0,1,차대차 - 측면충돌,중앙선침범,건조,맑음,교차로 - 교차로부근,승용,여,34세,부상신고,승용,남,39세,중상
2020123100100601,2020년 12월 31일 23시,목요일,경상북도 구미시 원평동,부상신고사고,0,0,0,1,차대차 - 기타,기타,건조,맑음,교차로 - 교차로부근,승용,남,24세,상해없음,승용,남,22세,부상신고
2020123100100602,2020년 12월 31일 23시,목요일,경상북도 구미시 원평동,부상신고사고,0,0,0,1,차대차 - 기타,안전운전불이행,건조,맑음,단일로 - 기타,승용,남,35세,부상신고,승용,여,42세,상해없음